label,uri
(2'->5')-dinucleotides,https://data.omgeving.vlaanderen.be/id/concept/chemical_substance/0003393
(2R)-hydroxy acids,https://data.omgeving.vlaanderen.be/id/concept/chemical_substance/0003255
(2R)-hydroxy acids and derivatives,https://data.omgeving.vlaanderen.be/id/concept/chemical_substance/0003254
(3'->5')-cyclic dinucleotide bis(carbamate) analogues,https://data.omgeving.vlaanderen.be/id/concept/chemical_substance/0004352
(3'->5')-cyclic dinucleotide bis(phosphoromonothioate) analogues,https://data.omgeving.vlaanderen.be/id/concept/chemical_substance/0003793
(3'->5')-cyclic dinucleotide phosphoromonothioate analogues,https://data.omgeving.vlaanderen.be/id/concept/chemical_substance/0003794
(3'->5')-cyclic dinucleotide phosphorotrithioate analogues,https://data.omgeving.vlaanderen.be/id/concept/chemical_substance/0003795
(3'->5')-cyclic dinucleotides and analogues,https://data.omgeving.vlaanderen.be/id/concept/chemical_substance/0003792
(3'->5')-dinucleotide phosphorodithioates,https://data.omgeving.vlaanderen.be/id/concept/chemical_substance/0003798
(3'->5')-dinucleotide phosphorothioates,https://data.omgeving.vlaanderen.be/id/concept/chemical_substance/0003797
(3'->5')-dinucleotides,https://data.omgeving.vlaanderen.be/id/concept/chemical_substance/0003394
(3'->5')-dinucleotides and analogues,https://data.omgeving.vlaanderen.be/id/concept/chemical_substance/0003796
(5'->5')-dinucleotides,https://data.omgeving.vlaanderen.be/id/concept/chemical_substance/0003468
(5L-glutamyl)-alpha-peptides,https://data.omgeving.vlaanderen.be/id/concept/chemical_substance/0004022
(R)-3-hydroxyacyl CoAs,https://data.omgeving.vlaanderen.be/id/concept/chemical_substance/0003224
(S)-3-hydroxy-3-alkylglutaryl CoAs,https://data.omgeving.vlaanderen.be/id/concept/chemical_substance/0004302
(S)-3-hydroxyacyl CoAs,https://data.omgeving.vlaanderen.be/id/concept/chemical_substance/0003225
"1'-(acyl-sn-glycero-3-phospho),3'-(acyl-sn-glycero-3-phospho)-sn-glycerols",https://data.omgeving.vlaanderen.be/id/concept/chemical_substance/0003388
"1,1'-azonaphthalenes",https://data.omgeving.vlaanderen.be/id/concept/chemical_substance/0003653
"1,1-dinitrodifluoramines",https://data.omgeving.vlaanderen.be/id/concept/chemical_substance/0004608
"1,1-diols",https://data.omgeving.vlaanderen.be/id/concept/chemical_substance/0002856
"1,1-diunsubstituted alkanesulfonic acids",https://data.omgeving.vlaanderen.be/id/concept/chemical_substance/0003312
"1,1-diunsubstituted alkanesulfonic acids and derivatives",https://data.omgeving.vlaanderen.be/id/concept/chemical_substance/0003313
"1,2,3,6-Tetrahydropyridines",https://data.omgeving.vlaanderen.be/id/concept/chemical_substance/0004533
"1,2,3-oxadiazines",https://data.omgeving.vlaanderen.be/id/concept/chemical_substance/0004737
"1,2,3-oxadiazoles",https://data.omgeving.vlaanderen.be/id/concept/chemical_substance/0003351
"1,2,3-thiadiazolopyridines",https://data.omgeving.vlaanderen.be/id/concept/chemical_substance/0004509
"1,2,3-triazinanes",https://data.omgeving.vlaanderen.be/id/concept/chemical_substance/0002796
"1,2,3-triazines",https://data.omgeving.vlaanderen.be/id/concept/chemical_substance/0004106
"1,2,4,5-tetrasubstituted imidazoles",https://data.omgeving.vlaanderen.be/id/concept/chemical_substance/0002633
"1,2,4-benzothiadiazine-1,1-dioxides",https://data.omgeving.vlaanderen.be/id/concept/chemical_substance/0004292
"1,2,4-dithiazole-3-thiones",https://data.omgeving.vlaanderen.be/id/concept/chemical_substance/0001130
"1,2,4-oxadiazines",https://data.omgeving.vlaanderen.be/id/concept/chemical_substance/0004738
"1,2,4-oxadiazoles",https://data.omgeving.vlaanderen.be/id/concept/chemical_substance/0002924
"1,2,4-triazinanes",https://data.omgeving.vlaanderen.be/id/concept/chemical_substance/0002797
"1,2,4-triazines",https://data.omgeving.vlaanderen.be/id/concept/chemical_substance/0004107
"1,2,4-triazolo[3,4-a]phthalazines",https://data.omgeving.vlaanderen.be/id/concept/chemical_substance/0004827
"1,2,4-triazolo[4,3-a][1,4]benzodiazepines",https://data.omgeving.vlaanderen.be/id/concept/chemical_substance/0004226
"1,2,4-triazolopyrimidine-2-sulfonamides",https://data.omgeving.vlaanderen.be/id/concept/chemical_substance/0004681
"1,2,4-triazolopyrimidine-2-sulfonanilides",https://data.omgeving.vlaanderen.be/id/concept/chemical_substance/0004682
"1,2,4-trisubstituted imidazoles",https://data.omgeving.vlaanderen.be/id/concept/chemical_substance/0002629
"1,2,5-oxadiazines",https://data.omgeving.vlaanderen.be/id/concept/chemical_substance/0004739
"1,2,5-trisubstituted imidazoles",https://data.omgeving.vlaanderen.be/id/concept/chemical_substance/0002630
"1,2-allenyl phenyl sulfoxides",https://data.omgeving.vlaanderen.be/id/concept/chemical_substance/0004633
"1,2-aminoalcohols",https://data.omgeving.vlaanderen.be/id/concept/chemical_substance/0001897
"1,2-benzodithiins",https://data.omgeving.vlaanderen.be/id/concept/chemical_substance/0002805
"1,2-diacyl-1-alkylhydrazines",https://data.omgeving.vlaanderen.be/id/concept/chemical_substance/0004512
"1,2-diacyl-3-O-beta-D-digalactosyl-sn-glycerols",https://data.omgeving.vlaanderen.be/id/concept/chemical_substance/0003342
"1,2-diacyl-3-O-beta-D-galactosyl-sn-glycerols",https://data.omgeving.vlaanderen.be/id/concept/chemical_substance/0003259
"1,2-diacyl-sn-glycerol-3(2'-aminoethyl)phosphonates",https://data.omgeving.vlaanderen.be/id/concept/chemical_substance/0003614
"1,2-diacyl-sn-glycerol-3(2'-aminopropyl)phosphonates",https://data.omgeving.vlaanderen.be/id/concept/chemical_substance/0003615
"1,2-diacyl-sn-glycerol-3(2'-trimethylaminoethyl)phosphonates",https://data.omgeving.vlaanderen.be/id/concept/chemical_substance/0003619
"1,2-diacylglycero-3-phosphosulfocholines",https://data.omgeving.vlaanderen.be/id/concept/chemical_substance/0003321
"1,2-diacylglycerol-3-phosphates",https://data.omgeving.vlaanderen.be/id/concept/chemical_substance/0001299
"1,2-diacylglycerols",https://data.omgeving.vlaanderen.be/id/concept/chemical_substance/0001644
"1,2-diaryl-2-propen-1-ols",https://data.omgeving.vlaanderen.be/id/concept/chemical_substance/0002900
"1,2-diazepanes",https://data.omgeving.vlaanderen.be/id/concept/chemical_substance/0002921
"1,2-diazepines",https://data.omgeving.vlaanderen.be/id/concept/chemical_substance/0001335
"1,2-dihalobenzenes",https://data.omgeving.vlaanderen.be/id/concept/chemical_substance/0003664
"1,2-diols",https://data.omgeving.vlaanderen.be/id/concept/chemical_substance/0002467
"1,2-dioxanes",https://data.omgeving.vlaanderen.be/id/concept/chemical_substance/0001312
"1,2-dioxepanes",https://data.omgeving.vlaanderen.be/id/concept/chemical_substance/0002944
"1,2-dioxepines",https://data.omgeving.vlaanderen.be/id/concept/chemical_substance/0002940
"1,2-dioxolanes",https://data.omgeving.vlaanderen.be/id/concept/chemical_substance/0001315
"1,2-dioxoles",https://data.omgeving.vlaanderen.be/id/concept/chemical_substance/0000248
"1,2-diselenins",https://data.omgeving.vlaanderen.be/id/concept/chemical_substance/0003692
"1,2-dithiolane-3-carboxylic acids",https://data.omgeving.vlaanderen.be/id/concept/chemical_substance/0003374
"1,2-dithiolane-4-carboxylic acids",https://data.omgeving.vlaanderen.be/id/concept/chemical_substance/0003375
"1,2-dithiolanecarboxylic acids",https://data.omgeving.vlaanderen.be/id/concept/chemical_substance/0003379
"1,2-dithiolanes",https://data.omgeving.vlaanderen.be/id/concept/chemical_substance/0003372
"1,2-dithiole-3-ones",https://data.omgeving.vlaanderen.be/id/concept/chemical_substance/0003623
"1,2-dithiole-3-thiones",https://data.omgeving.vlaanderen.be/id/concept/chemical_substance/0002905
"1,2-dithioles",https://data.omgeving.vlaanderen.be/id/concept/chemical_substance/0003624
"1,2-epoxy-3-oxosteroids",https://data.omgeving.vlaanderen.be/id/concept/chemical_substance/0003247
"1,2-oxazepines",https://data.omgeving.vlaanderen.be/id/concept/chemical_substance/0001338
"1,2-oxazinanes",https://data.omgeving.vlaanderen.be/id/concept/chemical_substance/0002576
"1,2-oxazines",https://data.omgeving.vlaanderen.be/id/concept/chemical_substance/0001343
"1,2-substituted cyclopentyl nucleosides",https://data.omgeving.vlaanderen.be/id/concept/chemical_substance/0003739
"1,2-substituted cyclopentyl purine nucleosides",https://data.omgeving.vlaanderen.be/id/concept/chemical_substance/0003717
"1,2-substituted cyclopentyl pyrimidine nucleosides",https://data.omgeving.vlaanderen.be/id/concept/chemical_substance/0003719
"1,2-substituted phosphonated cyclopentyl nucleosides",https://data.omgeving.vlaanderen.be/id/concept/chemical_substance/0003742
"1,2-substituted phosphonated cyclopentyl purine nucleosides",https://data.omgeving.vlaanderen.be/id/concept/chemical_substance/0003729
"1,2-substituted phosphonated cyclopentyl pyrimidine nucleosides",https://data.omgeving.vlaanderen.be/id/concept/chemical_substance/0003730
"1,2-thiazines",https://data.omgeving.vlaanderen.be/id/concept/chemical_substance/0001348
"1,3,4-oxadiazines",https://data.omgeving.vlaanderen.be/id/concept/chemical_substance/0004740
"1,3,4-oxadiazoles",https://data.omgeving.vlaanderen.be/id/concept/chemical_substance/0002925
"1,3,4-thiadiazol-2-ylureas",https://data.omgeving.vlaanderen.be/id/concept/chemical_substance/0004668
"1,3,4-thiadiazol-3-yl-organothiophosphates",https://data.omgeving.vlaanderen.be/id/concept/chemical_substance/0004770
"1,3,5-dithiazinanes",https://data.omgeving.vlaanderen.be/id/concept/chemical_substance/0004199
"1,3,5-oxadiazines",https://data.omgeving.vlaanderen.be/id/concept/chemical_substance/0004741
"1,3,5-triazinanes",https://data.omgeving.vlaanderen.be/id/concept/chemical_substance/0002798
"1,3,5-triazine ribonucleosides and ribonucleotides",https://data.omgeving.vlaanderen.be/id/concept/chemical_substance/0004104
"1,3,5-triazine-2,4-diamines",https://data.omgeving.vlaanderen.be/id/concept/chemical_substance/0004734
"1,3,5-triazines",https://data.omgeving.vlaanderen.be/id/concept/chemical_substance/0004105
"1,3-aminoalcohols",https://data.omgeving.vlaanderen.be/id/concept/chemical_substance/0001852
"1,3-benzodithiins",https://data.omgeving.vlaanderen.be/id/concept/chemical_substance/0002806
"1,3-diacylglycerol-2-phosphates",https://data.omgeving.vlaanderen.be/id/concept/chemical_substance/0001556
"1,3-diacylglycerols",https://data.omgeving.vlaanderen.be/id/concept/chemical_substance/0001647
"1,3-diazepanes",https://data.omgeving.vlaanderen.be/id/concept/chemical_substance/0002922
"1,3-diazepines",https://data.omgeving.vlaanderen.be/id/concept/chemical_substance/0001337
"1,3-dicarbonyl compounds",https://data.omgeving.vlaanderen.be/id/concept/chemical_substance/0000133
"1,3-dihalobenzenes",https://data.omgeving.vlaanderen.be/id/concept/chemical_substance/0003665
"1,3-dioxanes",https://data.omgeving.vlaanderen.be/id/concept/chemical_substance/0001314
"1,3-dioxepanes",https://data.omgeving.vlaanderen.be/id/concept/chemical_substance/0002945
"1,3-dioxepines",https://data.omgeving.vlaanderen.be/id/concept/chemical_substance/0002941
"1,3-dioxolanes",https://data.omgeving.vlaanderen.be/id/concept/chemical_substance/0001316
"1,3-dioxoles",https://data.omgeving.vlaanderen.be/id/concept/chemical_substance/0000272
"1,3-diselenins",https://data.omgeving.vlaanderen.be/id/concept/chemical_substance/0003693
"1,3-dithiolane-2-carboxylic acids",https://data.omgeving.vlaanderen.be/id/concept/chemical_substance/0003376
"1,3-dithiolane-4-carboxylic acids",https://data.omgeving.vlaanderen.be/id/concept/chemical_substance/0003377
"1,3-dithiolanecarboxylic acids",https://data.omgeving.vlaanderen.be/id/concept/chemical_substance/0003380
"1,3-dithiolanes",https://data.omgeving.vlaanderen.be/id/concept/chemical_substance/0003373
"1,3-dithioles",https://data.omgeving.vlaanderen.be/id/concept/chemical_substance/0003625
"1,3-isoquinolinediones",https://data.omgeving.vlaanderen.be/id/concept/chemical_substance/0002932
"1,3-oxazepines",https://data.omgeving.vlaanderen.be/id/concept/chemical_substance/0001340
"1,3-oxazinanes",https://data.omgeving.vlaanderen.be/id/concept/chemical_substance/0002790
"1,3-oxazines",https://data.omgeving.vlaanderen.be/id/concept/chemical_substance/0001341
"1,3-oxazolobenzo-1,4-diazepines",https://data.omgeving.vlaanderen.be/id/concept/chemical_substance/0004798
"1,3-substituted cyclopentyl nucleosides",https://data.omgeving.vlaanderen.be/id/concept/chemical_substance/0003740
"1,3-substituted cyclopentyl purine nucleosides",https://data.omgeving.vlaanderen.be/id/concept/chemical_substance/0003718
"1,3-substituted cyclopentyl pyrimidine nucleosides",https://data.omgeving.vlaanderen.be/id/concept/chemical_substance/0003720
"1,3-substituted phosphonated cyclopentyl nucleosides",https://data.omgeving.vlaanderen.be/id/concept/chemical_substance/0003743
"1,3-substituted phosphonated cyclopentyl purine nucleosides",https://data.omgeving.vlaanderen.be/id/concept/chemical_substance/0003731
"1,3-substituted phosphonated cyclopentyl pyrimidine nucleosides",https://data.omgeving.vlaanderen.be/id/concept/chemical_substance/0003732
"1,3-thiazines",https://data.omgeving.vlaanderen.be/id/concept/chemical_substance/0001347
"1,3-thiazole carboxanilides",https://data.omgeving.vlaanderen.be/id/concept/chemical_substance/0004685
"1,3-thiazolo[5,4-d]pyrimidines",https://data.omgeving.vlaanderen.be/id/concept/chemical_substance/0004401
"1,4-benzodiazepines",https://data.omgeving.vlaanderen.be/id/concept/chemical_substance/0004097
"1,4-benzodithiins",https://data.omgeving.vlaanderen.be/id/concept/chemical_substance/0002807
"1,4-diazepanes",https://data.omgeving.vlaanderen.be/id/concept/chemical_substance/0002923
"1,4-diazepines",https://data.omgeving.vlaanderen.be/id/concept/chemical_substance/0001336
"1,4-dihalobenzenes",https://data.omgeving.vlaanderen.be/id/concept/chemical_substance/0003666
"1,4-dihydroxy-2-halobenzenoids",https://data.omgeving.vlaanderen.be/id/concept/chemical_substance/0004695
"1,4-dioxanes",https://data.omgeving.vlaanderen.be/id/concept/chemical_substance/0001313
"1,4-dioxepanes",https://data.omgeving.vlaanderen.be/id/concept/chemical_substance/0002946
"1,4-dioxepines",https://data.omgeving.vlaanderen.be/id/concept/chemical_substance/0002942
"1,4-diselenins",https://data.omgeving.vlaanderen.be/id/concept/chemical_substance/0003694
"1,4-disubstituted quinolizidines",https://data.omgeving.vlaanderen.be/id/concept/chemical_substance/0003786
"1,4-isoquinolinediones",https://data.omgeving.vlaanderen.be/id/concept/chemical_substance/0002933
"1,4-oxathiin carboxamides",https://data.omgeving.vlaanderen.be/id/concept/chemical_substance/0004217
"1,4-oxazepines",https://data.omgeving.vlaanderen.be/id/concept/chemical_substance/0001339
"1,4-oxazines",https://data.omgeving.vlaanderen.be/id/concept/chemical_substance/0001342
"1,4-thiazines",https://data.omgeving.vlaanderen.be/id/concept/chemical_substance/0001349
"1,5-diarylbiguanides",https://data.omgeving.vlaanderen.be/id/concept/chemical_substance/0004535
"1,8-naphthalic anhydrides",https://data.omgeving.vlaanderen.be/id/concept/chemical_substance/0003071
"1-(1Z-alkenyl),2-acyl-glycerols",https://data.omgeving.vlaanderen.be/id/concept/chemical_substance/0003825
"1-(1Z-alkenyl),2-acyl-glycerophosphates",https://data.omgeving.vlaanderen.be/id/concept/chemical_substance/0001397
"1-(1Z-alkenyl),2-acyl-glycerophosphocholines",https://data.omgeving.vlaanderen.be/id/concept/chemical_substance/0003827
"1-(1Z-alkenyl),2-acylglycerophosphoethanolamines",https://data.omgeving.vlaanderen.be/id/concept/chemical_substance/0003832
"1-(1Z-alkenyl),2-acylglycerophosphoglycerols",https://data.omgeving.vlaanderen.be/id/concept/chemical_substance/0003840
"1-(1Z-alkenyl),2-acylglycerophosphoglycerophosphates",https://data.omgeving.vlaanderen.be/id/concept/chemical_substance/0003847
"1-(1Z-alkenyl),2-acylglycerophosphoinositols",https://data.omgeving.vlaanderen.be/id/concept/chemical_substance/0003849
"1-(1Z-alkenyl),2-acylglycerophosphoserines",https://data.omgeving.vlaanderen.be/id/concept/chemical_substance/0001407
"1-(1Z-alkenyl),3-acyl-glycerol-2-phosphocholines",https://data.omgeving.vlaanderen.be/id/concept/chemical_substance/0004228
"1-(1Z-alkenyl),3-acyl-glycerophosphates",https://data.omgeving.vlaanderen.be/id/concept/chemical_substance/0004227
"1-(1Z-alkenyl),3-acylglycerophosphoethanolamines",https://data.omgeving.vlaanderen.be/id/concept/chemical_substance/0004178
1-(1Z-alkenyl)-glycero-3-phosphates,https://data.omgeving.vlaanderen.be/id/concept/chemical_substance/0003287
1-(1Z-alkenyl)-glycero-3-phosphocholines,https://data.omgeving.vlaanderen.be/id/concept/chemical_substance/0001847
1-(1Z-alkenyl)-glycero-3-phosphoethanolamines,https://data.omgeving.vlaanderen.be/id/concept/chemical_substance/0003834
1-(1Z-alkenyl)glycerophosphoglycerols,https://data.omgeving.vlaanderen.be/id/concept/chemical_substance/0003843
1-(1Z-alkenyl)glycerophosphoinositols,https://data.omgeving.vlaanderen.be/id/concept/chemical_substance/0003852
1-O-alkyl-sn-glycerols,https://data.omgeving.vlaanderen.be/id/concept/chemical_substance/0004275
1-O-alkylglycerols,https://data.omgeving.vlaanderen.be/id/concept/chemical_substance/0004274
"1-acyl,2-(1Z-alkenyl)-glycerophosphocholines",https://data.omgeving.vlaanderen.be/id/concept/chemical_substance/0003826
"1-acyl,2-alkylglycero-3-phosphocholines",https://data.omgeving.vlaanderen.be/id/concept/chemical_substance/0003828
"1-acyl,2-alkylglycerols",https://data.omgeving.vlaanderen.be/id/concept/chemical_substance/0003812
"1-acyl,2-alkylglycerophosphoethanolamines",https://data.omgeving.vlaanderen.be/id/concept/chemical_substance/0001409
"1-acyl,2-alkylglycerophosphoglycerols",https://data.omgeving.vlaanderen.be/id/concept/chemical_substance/0001298
1-acyl-3-O-beta-D-digalactosyl-sn-glycerols,https://data.omgeving.vlaanderen.be/id/concept/chemical_substance/0003343
1-acyl-3-O-beta-D-galactosyl-sn-glycerols,https://data.omgeving.vlaanderen.be/id/concept/chemical_substance/0003341
1-acyl-glycerol-3-phosphoserines,https://data.omgeving.vlaanderen.be/id/concept/chemical_substance/0001681
1-acyl-sn-glycero-3-phosphocholines,https://data.omgeving.vlaanderen.be/id/concept/chemical_substance/0001638
1-acyl-sn-glycero-3-phosphoethanolamines,https://data.omgeving.vlaanderen.be/id/concept/chemical_substance/0001677
"1-acyl-sn-glycerol-2,3-cyclic-phosphates",https://data.omgeving.vlaanderen.be/id/concept/chemical_substance/0002688
1-acyl-sn-glycerol-3-phosphoinositols,https://data.omgeving.vlaanderen.be/id/concept/chemical_substance/0002101
1-acylglycerol-2-phosphates,https://data.omgeving.vlaanderen.be/id/concept/chemical_substance/0001684
1-acylglycerol-3-phosphates,https://data.omgeving.vlaanderen.be/id/concept/chemical_substance/0001685
"1-alkyl,2-acetylglycero-3-phosphocholines",https://data.omgeving.vlaanderen.be/id/concept/chemical_substance/0004262
"1-alkyl,2-acyl-glycerol-3-phosphoserines",https://data.omgeving.vlaanderen.be/id/concept/chemical_substance/0001395
"1-alkyl,2-acylglycero-3-phosphocholines",https://data.omgeving.vlaanderen.be/id/concept/chemical_substance/0003829
"1-alkyl,2-acylglycerols",https://data.omgeving.vlaanderen.be/id/concept/chemical_substance/0003813
"1-alkyl,2-acylglycerophosphates",https://data.omgeving.vlaanderen.be/id/concept/chemical_substance/0001404
"1-alkyl,2-acylglycerophosphoethanolamines",https://data.omgeving.vlaanderen.be/id/concept/chemical_substance/0003830
"1-alkyl,2-acylglycerophosphoglycerols",https://data.omgeving.vlaanderen.be/id/concept/chemical_substance/0003839
"1-alkyl,2-acylglycerophosphoglycerophosphates",https://data.omgeving.vlaanderen.be/id/concept/chemical_substance/0003846
"1-alkyl,2-acylglycerophosphoinositols",https://data.omgeving.vlaanderen.be/id/concept/chemical_substance/0003848
"1-alkyl,3-acylglycerols",https://data.omgeving.vlaanderen.be/id/concept/chemical_substance/0003811
"1-alpha,2-epoxy-3-oxo-5-alpha-steroids",https://data.omgeving.vlaanderen.be/id/concept/chemical_substance/0003246
1-aminocyclopropane-1-carboxylic acids,https://data.omgeving.vlaanderen.be/id/concept/chemical_substance/0002527
1-aminocyclopropane-1-carboxylic acids and derivatives,https://data.omgeving.vlaanderen.be/id/concept/chemical_substance/0002526
1-aminopyrazinium compounds,https://data.omgeving.vlaanderen.be/id/concept/chemical_substance/0003362
1-arylbiguanides,https://data.omgeving.vlaanderen.be/id/concept/chemical_substance/0004536
1-aryltetralin lactones,https://data.omgeving.vlaanderen.be/id/concept/chemical_substance/0001625
1-azafluoranthenes,https://data.omgeving.vlaanderen.be/id/concept/chemical_substance/0003607
1-azaoxoaporphines,https://data.omgeving.vlaanderen.be/id/concept/chemical_substance/0003019
1-benzopyrans,https://data.omgeving.vlaanderen.be/id/concept/chemical_substance/0003410
1-benzothiophene-2-carboxanilides,https://data.omgeving.vlaanderen.be/id/concept/chemical_substance/0004692
1-benzothiophenes,https://data.omgeving.vlaanderen.be/id/concept/chemical_substance/0004293
1-benzothiopyrans,https://data.omgeving.vlaanderen.be/id/concept/chemical_substance/0003413
1-benzoylpiperidines,https://data.omgeving.vlaanderen.be/id/concept/chemical_substance/0004110
1-benzylquinolines,https://data.omgeving.vlaanderen.be/id/concept/chemical_substance/0004083
"1-bromo,2-chlorobenzenes",https://data.omgeving.vlaanderen.be/id/concept/chemical_substance/0003603
1-carboxy-2-haloaromatic compounds,https://data.omgeving.vlaanderen.be/id/concept/chemical_substance/0003072
1-hydroxy-2-unsubstituted benzenoids,https://data.omgeving.vlaanderen.be/id/concept/chemical_substance/0004646
1-hydroxy-4-unsubstituted benzenoids,https://data.omgeving.vlaanderen.be/id/concept/chemical_substance/0004647
"1-hydroxylamino, 2-unsubstituted benzenoids",https://data.omgeving.vlaanderen.be/id/concept/chemical_substance/0004648
"1-hydroxylamino, 4-unsubstituted benzenoids",https://data.omgeving.vlaanderen.be/id/concept/chemical_substance/0004649
1-hydroxynaphthalene-2-carboxanilides,https://data.omgeving.vlaanderen.be/id/concept/chemical_substance/0004688
1-hydroxysteroids,https://data.omgeving.vlaanderen.be/id/concept/chemical_substance/0004158
1-monoacylglycerols,https://data.omgeving.vlaanderen.be/id/concept/chemical_substance/0001597
1-naphthalene sulfonamides,https://data.omgeving.vlaanderen.be/id/concept/chemical_substance/0003595
1-naphthalene sulfonates,https://data.omgeving.vlaanderen.be/id/concept/chemical_substance/0003600
1-naphthalene sulfonic acids and derivatives,https://data.omgeving.vlaanderen.be/id/concept/chemical_substance/0003598
1-phenethylisoquinolines,https://data.omgeving.vlaanderen.be/id/concept/chemical_substance/0004095
1-phenethyltetrahydroisoquinolines,https://data.omgeving.vlaanderen.be/id/concept/chemical_substance/0002189
1-phenylcoumarans,https://data.omgeving.vlaanderen.be/id/concept/chemical_substance/0004190
1-phenyltetrahydroisoquinolines,https://data.omgeving.vlaanderen.be/id/concept/chemical_substance/0002956
"1-phosphatidyl-1D-myo-inositol-3,4,5-trisphosphates",https://data.omgeving.vlaanderen.be/id/concept/chemical_substance/0004264
"1-phosphatidyl-1D-myo-inositol-3,4-bisphosphates",https://data.omgeving.vlaanderen.be/id/concept/chemical_substance/0004265
"1-phosphatidyl-1D-myo-inositol-3,5-bisphosphates",https://data.omgeving.vlaanderen.be/id/concept/chemical_substance/0004266
1-phosphatidyl-1D-myo-inositol-3-phosphates,https://data.omgeving.vlaanderen.be/id/concept/chemical_substance/0004263
"1-phosphatidyl-1D-myo-inositol-4,5-bisphosphates",https://data.omgeving.vlaanderen.be/id/concept/chemical_substance/0004250
1-phosphatidyl-1D-myo-inositols,https://data.omgeving.vlaanderen.be/id/concept/chemical_substance/0004251
1-phosphatidyl-1d-myo-inositol-4-phosphates,https://data.omgeving.vlaanderen.be/id/concept/chemical_substance/0004307
1-phosphoribosyl-imidazolecarboxamides,https://data.omgeving.vlaanderen.be/id/concept/chemical_substance/0001417
1-phosphoribosyl-imidazoles,https://data.omgeving.vlaanderen.be/id/concept/chemical_substance/0001412
1-pyranosylbenzimidazoles,https://data.omgeving.vlaanderen.be/id/concept/chemical_substance/0003708
1-pyranosylbenzotriazoles,https://data.omgeving.vlaanderen.be/id/concept/chemical_substance/0003710
1-pyranosylindazoles,https://data.omgeving.vlaanderen.be/id/concept/chemical_substance/0003713
1-pyranosylindoles,https://data.omgeving.vlaanderen.be/id/concept/chemical_substance/0003715
1-ribosyl-imidazolecarboxamides,https://data.omgeving.vlaanderen.be/id/concept/chemical_substance/0001420
"1-sulfamoyl-1,2,3-triazoles",https://data.omgeving.vlaanderen.be/id/concept/chemical_substance/0004202
"1-sulfo,2-unsubstituted aromatic compounds",https://data.omgeving.vlaanderen.be/id/concept/chemical_substance/0003075
"10,11-secoergolines",https://data.omgeving.vlaanderen.be/id/concept/chemical_substance/0002164
11-alpha-hydroxysteroids,https://data.omgeving.vlaanderen.be/id/concept/chemical_substance/0003234
11-beta-hydroxysteroids,https://data.omgeving.vlaanderen.be/id/concept/chemical_substance/0003227
11-hydroxysteroids,https://data.omgeving.vlaanderen.be/id/concept/chemical_substance/0003228
11-oxosteroids,https://data.omgeving.vlaanderen.be/id/concept/chemical_substance/0003059
"12,13-diacylphorbols and derivatives",https://data.omgeving.vlaanderen.be/id/concept/chemical_substance/0003753
12-alpha-hydroxysteroids,https://data.omgeving.vlaanderen.be/id/concept/chemical_substance/0003242
12-beta-hydroxysteroids,https://data.omgeving.vlaanderen.be/id/concept/chemical_substance/0003243
12-hydroxysteroids,https://data.omgeving.vlaanderen.be/id/concept/chemical_substance/0003241
12-oxophytodienoic acid metabolites,https://data.omgeving.vlaanderen.be/id/concept/chemical_substance/0000511
"13,28-epoxyoleananes",https://data.omgeving.vlaanderen.be/id/concept/chemical_substance/0004550
14-alpha-methylsteroids,https://data.omgeving.vlaanderen.be/id/concept/chemical_substance/0004192
14-hydroxysteroids,https://data.omgeving.vlaanderen.be/id/concept/chemical_substance/0004495
16-alpha-hydroxysteroids,https://data.omgeving.vlaanderen.be/id/concept/chemical_substance/0003230
16-beta-hydroxysteroids,https://data.omgeving.vlaanderen.be/id/concept/chemical_substance/0003231
16-hydroxysteroids,https://data.omgeving.vlaanderen.be/id/concept/chemical_substance/0003229
16-oxosteroids,https://data.omgeving.vlaanderen.be/id/concept/chemical_substance/0003060
17-azasteroids and derivatives,https://data.omgeving.vlaanderen.be/id/concept/chemical_substance/0003253
17-beta-hydroxysteroids,https://data.omgeving.vlaanderen.be/id/concept/chemical_substance/0003237
17-carboxy steroids,https://data.omgeving.vlaanderen.be/id/concept/chemical_substance/0003369
17-furanylsteroids and derivatives,https://data.omgeving.vlaanderen.be/id/concept/chemical_substance/0002381
17-hydroxysteroids,https://data.omgeving.vlaanderen.be/id/concept/chemical_substance/0003236
17-oxosteroids,https://data.omgeving.vlaanderen.be/id/concept/chemical_substance/0003558
18-hydroxysteroids,https://data.omgeving.vlaanderen.be/id/concept/chemical_substance/0004159
19-oxosteroids,https://data.omgeving.vlaanderen.be/id/concept/chemical_substance/0003557
1Z-alkenylacylglycerols,https://data.omgeving.vlaanderen.be/id/concept/chemical_substance/0003824
1Z-alkenyldiacylglycerols,https://data.omgeving.vlaanderen.be/id/concept/chemical_substance/0003816
1Z-alkenylglycero-3-phosphates,https://data.omgeving.vlaanderen.be/id/concept/chemical_substance/0001254
1Z-alkenylglycero-3-phosphoserines,https://data.omgeving.vlaanderen.be/id/concept/chemical_substance/0003838
1Z-alkenylglycerophosphocholines,https://data.omgeving.vlaanderen.be/id/concept/chemical_substance/0003823
"2',3'-cyclic purine nucleoside phosphorothioates",https://data.omgeving.vlaanderen.be/id/concept/chemical_substance/0003803
"2',3'-cyclic purine nucleotides",https://data.omgeving.vlaanderen.be/id/concept/chemical_substance/0001494
"2',3'-cyclic pyrimidine nucleoside phosphorothioates",https://data.omgeving.vlaanderen.be/id/concept/chemical_substance/0003804
"2',3'-cyclic pyrimidine nucleotides",https://data.omgeving.vlaanderen.be/id/concept/chemical_substance/0001495
"2',3'-dideoxy-3'-thionucleoside diphosphates",https://data.omgeving.vlaanderen.be/id/concept/chemical_substance/0004500
"2',3'-dideoxy-3'-thionucleoside monophosphates",https://data.omgeving.vlaanderen.be/id/concept/chemical_substance/0004501
"2',3'-dideoxy-3'-thionucleoside triphosphates",https://data.omgeving.vlaanderen.be/id/concept/chemical_substance/0004499
"2',3'-dideoxy-3'-thionucleosides",https://data.omgeving.vlaanderen.be/id/concept/chemical_substance/0004498
"2',5'-cyclic purine nucleotides",https://data.omgeving.vlaanderen.be/id/concept/chemical_substance/0001993
"2',5'-cyclic pyrimidine nucleotides",https://data.omgeving.vlaanderen.be/id/concept/chemical_substance/0002121
"2',5'-dideoxyribonucleosides",https://data.omgeving.vlaanderen.be/id/concept/chemical_substance/0004799
2'-Aminoanilides,https://data.omgeving.vlaanderen.be/id/concept/chemical_substance/0004389
2'-Hydroxy-dihydrochalcones,https://data.omgeving.vlaanderen.be/id/concept/chemical_substance/0003473
2'-Hydroxychalcones,https://data.omgeving.vlaanderen.be/id/concept/chemical_substance/0003472
2'-O-methylated flavonoids,https://data.omgeving.vlaanderen.be/id/concept/chemical_substance/0002594
2'-O-methylated isoflavonoids,https://data.omgeving.vlaanderen.be/id/concept/chemical_substance/0002604
2'-prenylated flavanones,https://data.omgeving.vlaanderen.be/id/concept/chemical_substance/0003588
2'-prenylated flavans,https://data.omgeving.vlaanderen.be/id/concept/chemical_substance/0003645
2'-prenylated flavones,https://data.omgeving.vlaanderen.be/id/concept/chemical_substance/0003587
2'-prenylated isoflavanones,https://data.omgeving.vlaanderen.be/id/concept/chemical_substance/0003579
2'-prenylated isoflavones,https://data.omgeving.vlaanderen.be/id/concept/chemical_substance/0003580
2(hydroxyphenyl)acetic acids,https://data.omgeving.vlaanderen.be/id/concept/chemical_substance/0004644
"2,2-dimethyl-1-benzopyrans",https://data.omgeving.vlaanderen.be/id/concept/chemical_substance/0003522
"2,3,4-saturated fatty acyl CoAs",https://data.omgeving.vlaanderen.be/id/concept/chemical_substance/0003208
"2,3,5-trisubstituted thiophenes",https://data.omgeving.vlaanderen.be/id/concept/chemical_substance/0003482
"2,3-Cyclopentanoindolines",https://data.omgeving.vlaanderen.be/id/concept/chemical_substance/0003476
"2,3-benzodithiins",https://data.omgeving.vlaanderen.be/id/concept/chemical_substance/0002808
"2,3-dienoyl  fatty acyl thioesters",https://data.omgeving.vlaanderen.be/id/concept/chemical_substance/0003328
"2,3-dihydro-4-pyridones",https://data.omgeving.vlaanderen.be/id/concept/chemical_substance/0003204
"2,3-diphenylfurans",https://data.omgeving.vlaanderen.be/id/concept/chemical_substance/0001126
"2,4,5-trisubstituted imidazoles",https://data.omgeving.vlaanderen.be/id/concept/chemical_substance/0002631
"2,4,5-trisubstituted oxazoles",https://data.omgeving.vlaanderen.be/id/concept/chemical_substance/0002641
"2,4,5-trisubstituted thiazoles",https://data.omgeving.vlaanderen.be/id/concept/chemical_substance/0002637
"2,4-Diaminoquinazolines",https://data.omgeving.vlaanderen.be/id/concept/chemical_substance/0004384
"2,4-Diaminothieno[2,3-d]pyrimidines",https://data.omgeving.vlaanderen.be/id/concept/chemical_substance/0004385
"2,4-dienoyl CoAs",https://data.omgeving.vlaanderen.be/id/concept/chemical_substance/0003330
"2,4-diphenylfurans",https://data.omgeving.vlaanderen.be/id/concept/chemical_substance/0003488
"2,4-disubstituted oxazoles",https://data.omgeving.vlaanderen.be/id/concept/chemical_substance/0002638
"2,4-disubstituted thiazoles",https://data.omgeving.vlaanderen.be/id/concept/chemical_substance/0002634
"2,5-dienoyl CoAs",https://data.omgeving.vlaanderen.be/id/concept/chemical_substance/0003331
"2,5-dioxopiperazines",https://data.omgeving.vlaanderen.be/id/concept/chemical_substance/0003684
"2,5-diphenylfurans",https://data.omgeving.vlaanderen.be/id/concept/chemical_substance/0003489
"2,5-disubstituted morpholines",https://data.omgeving.vlaanderen.be/id/concept/chemical_substance/0004811
"2,5-disubstituted oxazoles",https://data.omgeving.vlaanderen.be/id/concept/chemical_substance/0002639
"2,5-disubstituted thiazoles",https://data.omgeving.vlaanderen.be/id/concept/chemical_substance/0002635
"2,5-disubstituted thiophenes",https://data.omgeving.vlaanderen.be/id/concept/chemical_substance/0003481
"2,6-dimethyl-3-benzazocines",https://data.omgeving.vlaanderen.be/id/concept/chemical_substance/0004823
2-(1Z-alkenyl)-glycero-3-phosphates,https://data.omgeving.vlaanderen.be/id/concept/chemical_substance/0003288
2-Anilinoquinolines,https://data.omgeving.vlaanderen.be/id/concept/chemical_substance/0004366
2-Hydroxymercuribenzoic acids,https://data.omgeving.vlaanderen.be/id/concept/chemical_substance/0004030
2-MCPD diesters,https://data.omgeving.vlaanderen.be/id/concept/chemical_substance/0003661
2-Mercuribenzoic acids,https://data.omgeving.vlaanderen.be/id/concept/chemical_substance/0004033
2-O-methylated flavonoids,https://data.omgeving.vlaanderen.be/id/concept/chemical_substance/0002587
2-O-methylated isoflavonoids,https://data.omgeving.vlaanderen.be/id/concept/chemical_substance/0002597
2-Thiopyrimidines,https://data.omgeving.vlaanderen.be/id/concept/chemical_substance/0004171
2-acyl-glycerol-3-phosphoserines,https://data.omgeving.vlaanderen.be/id/concept/chemical_substance/0001682
2-acyl-sn-glycero-3-phosphocholines,https://data.omgeving.vlaanderen.be/id/concept/chemical_substance/0001643
2-acyl-sn-glycero-3-phosphoethanolamines,https://data.omgeving.vlaanderen.be/id/concept/chemical_substance/0001680
2-acyl-sn-glycerol-3-phosphoinositols,https://data.omgeving.vlaanderen.be/id/concept/chemical_substance/0002120
2-acylglycerol-3-phosphates,https://data.omgeving.vlaanderen.be/id/concept/chemical_substance/0001688
"2-amino-1,3,4-thiadiazoles",https://data.omgeving.vlaanderen.be/id/concept/chemical_substance/0004001
"2-amino-1,3-thiazoles",https://data.omgeving.vlaanderen.be/id/concept/chemical_substance/0004003
"2-amino-3-aroyl-4,5-alkylthiophenes",https://data.omgeving.vlaanderen.be/id/concept/chemical_substance/0003340
2-amino-3-aroylthiophenes,https://data.omgeving.vlaanderen.be/id/concept/chemical_substance/0003217
2-amino-3-benzoylthiophenes,https://data.omgeving.vlaanderen.be/id/concept/chemical_substance/0003339
"2-amino-5-substituted-1,3,4-thiadiazoles",https://data.omgeving.vlaanderen.be/id/concept/chemical_substance/0004002
"2-amino-pyrido[2,3-d]pyrimidines",https://data.omgeving.vlaanderen.be/id/concept/chemical_substance/0004420
2-aminoanthraquinones,https://data.omgeving.vlaanderen.be/id/concept/chemical_substance/0003952
2-aminobenzamides,https://data.omgeving.vlaanderen.be/id/concept/chemical_substance/0004000
2-aminopyrazinium compounds,https://data.omgeving.vlaanderen.be/id/concept/chemical_substance/0003363
"2-aminothieno[3,4-c]pyridazines",https://data.omgeving.vlaanderen.be/id/concept/chemical_substance/0003355
"2-aminothieno[3,4-d]pyridazines",https://data.omgeving.vlaanderen.be/id/concept/chemical_substance/0003356
2-aminothiophenes,https://data.omgeving.vlaanderen.be/id/concept/chemical_substance/0004004
2-aroylquinolines,https://data.omgeving.vlaanderen.be/id/concept/chemical_substance/0003910
2-arylbenzofuran flavonoids,https://data.omgeving.vlaanderen.be/id/concept/chemical_substance/0003405
2-arylethylamines,https://data.omgeving.vlaanderen.be/id/concept/chemical_substance/0004253
2-azidobenzoic acids,https://data.omgeving.vlaanderen.be/id/concept/chemical_substance/0004295
2-benzimidazolylcarbamic acid esters,https://data.omgeving.vlaanderen.be/id/concept/chemical_substance/0004711
2-benzimidazolylcarbamic acids,https://data.omgeving.vlaanderen.be/id/concept/chemical_substance/0004710
2-benzopyrans,https://data.omgeving.vlaanderen.be/id/concept/chemical_substance/0003411
2-benzothiophenes,https://data.omgeving.vlaanderen.be/id/concept/chemical_substance/0004294
2-benzothiopyrans,https://data.omgeving.vlaanderen.be/id/concept/chemical_substance/0003414
2-benzylamino-s-triazines,https://data.omgeving.vlaanderen.be/id/concept/chemical_substance/0004733
2-benzylaminopyridines,https://data.omgeving.vlaanderen.be/id/concept/chemical_substance/0004802
2-benzylpiperidines,https://data.omgeving.vlaanderen.be/id/concept/chemical_substance/0003088
2-bromoanilines,https://data.omgeving.vlaanderen.be/id/concept/chemical_substance/0003602
2-deoxystreptamine aminoglycosides,https://data.omgeving.vlaanderen.be/id/concept/chemical_substance/0003575
2-enoyl CoAs,https://data.omgeving.vlaanderen.be/id/concept/chemical_substance/0003181
2-furanilides,https://data.omgeving.vlaanderen.be/id/concept/chemical_substance/0004756
2-halobenzoic acids,https://data.omgeving.vlaanderen.be/id/concept/chemical_substance/0003101
2-halobenzoic acids and derivatives,https://data.omgeving.vlaanderen.be/id/concept/chemical_substance/0003098
2-halopyridines,https://data.omgeving.vlaanderen.be/id/concept/chemical_substance/0004532
2-halopyrimidines,https://data.omgeving.vlaanderen.be/id/concept/chemical_substance/0004531
2-heteroaryl carboxamides,https://data.omgeving.vlaanderen.be/id/concept/chemical_substance/0004817
"2-hydroxy,20-norgibberellanes",https://data.omgeving.vlaanderen.be/id/concept/chemical_substance/0004016
2-hydroxyisoflavanones,https://data.omgeving.vlaanderen.be/id/concept/chemical_substance/0002686
"2-methoxy-1,3,5-triazines",https://data.omgeving.vlaanderen.be/id/concept/chemical_substance/0004731
2-methoxychromones,https://data.omgeving.vlaanderen.be/id/concept/chemical_substance/0004772
2-monoacylglycerols,https://data.omgeving.vlaanderen.be/id/concept/chemical_substance/0001603
2-naphthalene sulfonamides,https://data.omgeving.vlaanderen.be/id/concept/chemical_substance/0003596
2-naphthalene sulfonates,https://data.omgeving.vlaanderen.be/id/concept/chemical_substance/0003601
2-naphthalene sulfonic acids and derivatives,https://data.omgeving.vlaanderen.be/id/concept/chemical_substance/0003599
2-nitrohalothiophenes,https://data.omgeving.vlaanderen.be/id/concept/chemical_substance/0004340
2-nitrothiophenes,https://data.omgeving.vlaanderen.be/id/concept/chemical_substance/0004337
2-phenoxypropionic acid esters,https://data.omgeving.vlaanderen.be/id/concept/chemical_substance/0004677
2-phenoxypropionic acids,https://data.omgeving.vlaanderen.be/id/concept/chemical_substance/0004676
2-phenylbenzofurans,https://data.omgeving.vlaanderen.be/id/concept/chemical_substance/0002613
2-phenylindoles,https://data.omgeving.vlaanderen.be/id/concept/chemical_substance/0003214
2-polyprenyl-6-methoxyphenols,https://data.omgeving.vlaanderen.be/id/concept/chemical_substance/0003083
2-prenylated xanthones,https://data.omgeving.vlaanderen.be/id/concept/chemical_substance/0003517
2-pyranosylbenzimidazoles,https://data.omgeving.vlaanderen.be/id/concept/chemical_substance/0003706
2-pyranosylbenzothiazoles,https://data.omgeving.vlaanderen.be/id/concept/chemical_substance/0003704
2-pyranosylbenzotriazoles,https://data.omgeving.vlaanderen.be/id/concept/chemical_substance/0003711
2-pyranosylbenzoxazoles,https://data.omgeving.vlaanderen.be/id/concept/chemical_substance/0003703
2-pyranosylindazoles,https://data.omgeving.vlaanderen.be/id/concept/chemical_substance/0003714
2-pyridylmethylamines,https://data.omgeving.vlaanderen.be/id/concept/chemical_substance/0004708
2-pyrimidinylthiobenzoic acids,https://data.omgeving.vlaanderen.be/id/concept/chemical_substance/0004750
2-ribofuranosylbenzimidazoles,https://data.omgeving.vlaanderen.be/id/concept/chemical_substance/0003705
2-ribofuranosylbenzotriazoles,https://data.omgeving.vlaanderen.be/id/concept/chemical_substance/0003709
2-ribofuranosylindazoles,https://data.omgeving.vlaanderen.be/id/concept/chemical_substance/0003712
2-sulfobenzoic acids,https://data.omgeving.vlaanderen.be/id/concept/chemical_substance/0000062
20-oxosteroids,https://data.omgeving.vlaanderen.be/id/concept/chemical_substance/0003058
21-hydroxysteroids,https://data.omgeving.vlaanderen.be/id/concept/chemical_substance/0003095
"22,23-secosolanidanes and derivatives",https://data.omgeving.vlaanderen.be/id/concept/chemical_substance/0002733
"22,26-epiminocholestanes",https://data.omgeving.vlaanderen.be/id/concept/chemical_substance/0002732
25-azasteroids and derivatives,https://data.omgeving.vlaanderen.be/id/concept/chemical_substance/0003053
"3',5'-cyclic purine nucleoside phosphorothioates",https://data.omgeving.vlaanderen.be/id/concept/chemical_substance/0004496
"3',5'-cyclic purine nucleotides",https://data.omgeving.vlaanderen.be/id/concept/chemical_substance/0001502
"3',5'-cyclic pyrimidine nucleoside phosphorothioates",https://data.omgeving.vlaanderen.be/id/concept/chemical_substance/0004497
"3',5'-cyclic pyrimidine nucleotides",https://data.omgeving.vlaanderen.be/id/concept/chemical_substance/0001503
3'-O-methylated flavonoids,https://data.omgeving.vlaanderen.be/id/concept/chemical_substance/0002595
3'-O-methylated isoflavonoids,https://data.omgeving.vlaanderen.be/id/concept/chemical_substance/0002605
3'-O-methylisoflavones,https://data.omgeving.vlaanderen.be/id/concept/chemical_substance/0002690
"3'-hydroxy,4'-methoxyisoflavonoids",https://data.omgeving.vlaanderen.be/id/concept/chemical_substance/0003651
3'-hydroxyflavonoids,https://data.omgeving.vlaanderen.be/id/concept/chemical_substance/0002915
3'-prenylated chalcones,https://data.omgeving.vlaanderen.be/id/concept/chemical_substance/0003510
3'-prenylated flavanones,https://data.omgeving.vlaanderen.be/id/concept/chemical_substance/0003506
3'-prenylated flavans,https://data.omgeving.vlaanderen.be/id/concept/chemical_substance/0003643
3'-prenylated flavones,https://data.omgeving.vlaanderen.be/id/concept/chemical_substance/0003502
3'-prenylated isoflavanones,https://data.omgeving.vlaanderen.be/id/concept/chemical_substance/0003525
3'-prenylated isoflavones,https://data.omgeving.vlaanderen.be/id/concept/chemical_substance/0003512
3'-quaternary ammonium cephalosporins,https://data.omgeving.vlaanderen.be/id/concept/chemical_substance/0004412
3'-thia pyrimidine nucleosides,https://data.omgeving.vlaanderen.be/id/concept/chemical_substance/0003746
3(hydroxyphenyl)acetic acids,https://data.omgeving.vlaanderen.be/id/concept/chemical_substance/0004645
"3,3'-dihalogenated benzidines",https://data.omgeving.vlaanderen.be/id/concept/chemical_substance/0003957
"3,3'-disubstituted benzidines",https://data.omgeving.vlaanderen.be/id/concept/chemical_substance/0003956
"3,4,5-trisubstituted-2-aminothiophenes",https://data.omgeving.vlaanderen.be/id/concept/chemical_substance/0004005
"3,4-dienoyl CoAs",https://data.omgeving.vlaanderen.be/id/concept/chemical_substance/0003329
"3,4-dihydrocoumarins",https://data.omgeving.vlaanderen.be/id/concept/chemical_substance/0002642
"3,4-diphenylfurans",https://data.omgeving.vlaanderen.be/id/concept/chemical_substance/0003490
3-(3-hydroxyalkanoyloxy)alkanoic acids,https://data.omgeving.vlaanderen.be/id/concept/chemical_substance/0001463
3-Acylpyruvic acids,https://data.omgeving.vlaanderen.be/id/concept/chemical_substance/0004268
3-Anilinoquinolines,https://data.omgeving.vlaanderen.be/id/concept/chemical_substance/0004367
3-Hydroxymercuribenzoic acids,https://data.omgeving.vlaanderen.be/id/concept/chemical_substance/0004031
3-MCPD diesters,https://data.omgeving.vlaanderen.be/id/concept/chemical_substance/0003657
3-MCPD monoesters,https://data.omgeving.vlaanderen.be/id/concept/chemical_substance/0001726
3-Mercuribenzoic acids,https://data.omgeving.vlaanderen.be/id/concept/chemical_substance/0004034
3-O-beta-D-digalactosyl-sn-glycerols,https://data.omgeving.vlaanderen.be/id/concept/chemical_substance/0003344
3-O-beta-D-monogalactosyl-sn-glycerols,https://data.omgeving.vlaanderen.be/id/concept/chemical_substance/0003345
3-O-methylated flavonoids,https://data.omgeving.vlaanderen.be/id/concept/chemical_substance/0002588
3-O-methylated isoflavonoids,https://data.omgeving.vlaanderen.be/id/concept/chemical_substance/0002598
3-Oxo-acyl homoserines,https://data.omgeving.vlaanderen.be/id/concept/chemical_substance/0003189
3-alkylindoles,https://data.omgeving.vlaanderen.be/id/concept/chemical_substance/0004196
3-alpha-hydroxysteroids,https://data.omgeving.vlaanderen.be/id/concept/chemical_substance/0003232
"3-amino-22,26-epiminocholestanes",https://data.omgeving.vlaanderen.be/id/concept/chemical_substance/0002736
3-aminosalicyclic acids and derivatives,https://data.omgeving.vlaanderen.be/id/concept/chemical_substance/0003037
3-aminosalicylic acids,https://data.omgeving.vlaanderen.be/id/concept/chemical_substance/0003010
3-aminospirostanes,https://data.omgeving.vlaanderen.be/id/concept/chemical_substance/0002737
3-aroylfurans,https://data.omgeving.vlaanderen.be/id/concept/chemical_substance/0003218
3-aroylthiophenes,https://data.omgeving.vlaanderen.be/id/concept/chemical_substance/0003216
3-arylcoumarin flavonoids,https://data.omgeving.vlaanderen.be/id/concept/chemical_substance/0003406
"3-arylsulfonyl-pyrazolo[1,5-a]pyrimidines",https://data.omgeving.vlaanderen.be/id/concept/chemical_substance/0004406
3-benzylpiperidines,https://data.omgeving.vlaanderen.be/id/concept/chemical_substance/0003089
3-beta-hydroxy delta-5-steroids,https://data.omgeving.vlaanderen.be/id/concept/chemical_substance/0003226
3-beta-hydroxy-6-oxo-5-alpha-steroids,https://data.omgeving.vlaanderen.be/id/concept/chemical_substance/0003248
3-beta-hydroxy-delta-7-steroids,https://data.omgeving.vlaanderen.be/id/concept/chemical_substance/0003251
3-beta-hydroxysteroid-4-alpha-carboxylates,https://data.omgeving.vlaanderen.be/id/concept/chemical_substance/0004580
3-beta-hydroxysteroids,https://data.omgeving.vlaanderen.be/id/concept/chemical_substance/0003233
3-carboxy steroids,https://data.omgeving.vlaanderen.be/id/concept/chemical_substance/0003368
3-carboxy-20-oxosteroids,https://data.omgeving.vlaanderen.be/id/concept/chemical_substance/0003367
3-chlorocatechols,https://data.omgeving.vlaanderen.be/id/concept/chemical_substance/0002698
3-cyanotriazenes,https://data.omgeving.vlaanderen.be/id/concept/chemical_substance/0004599
3-cyclopropylisoxazoles,https://data.omgeving.vlaanderen.be/id/concept/chemical_substance/0004725
3-enoyl CoAs,https://data.omgeving.vlaanderen.be/id/concept/chemical_substance/0003182
3-furanilides,https://data.omgeving.vlaanderen.be/id/concept/chemical_substance/0004757
3-halobenzoic acids,https://data.omgeving.vlaanderen.be/id/concept/chemical_substance/0003102
3-halobenzoic acids and derivatives,https://data.omgeving.vlaanderen.be/id/concept/chemical_substance/0003099
"3-hydroxy delta-1,4-steroids",https://data.omgeving.vlaanderen.be/id/concept/chemical_substance/0002969
3-hydroxy delta-1-steroids,https://data.omgeving.vlaanderen.be/id/concept/chemical_substance/0002968
3-hydroxy delta-4-steroids,https://data.omgeving.vlaanderen.be/id/concept/chemical_substance/0002970
3-hydroxy delta-5-steroids,https://data.omgeving.vlaanderen.be/id/concept/chemical_substance/0002971
3-hydroxy delta-7-steroids,https://data.omgeving.vlaanderen.be/id/concept/chemical_substance/0002985
3-hydroxy-3-alkylglutaryl CoAs,https://data.omgeving.vlaanderen.be/id/concept/chemical_substance/0004301
3-hydroxyacyl CoAs,https://data.omgeving.vlaanderen.be/id/concept/chemical_substance/0002960
3-hydroxyflavonoids,https://data.omgeving.vlaanderen.be/id/concept/chemical_substance/0002914
3-hydroxysteroids,https://data.omgeving.vlaanderen.be/id/concept/chemical_substance/0003027
3-methoxychromones,https://data.omgeving.vlaanderen.be/id/concept/chemical_substance/0004773
3-methylindoles,https://data.omgeving.vlaanderen.be/id/concept/chemical_substance/0004529
3-nitrohalothiophenes,https://data.omgeving.vlaanderen.be/id/concept/chemical_substance/0004341
3-nitrothiophenes,https://data.omgeving.vlaanderen.be/id/concept/chemical_substance/0004338
"3-oxo delta-1,4-steroids",https://data.omgeving.vlaanderen.be/id/concept/chemical_substance/0002973
3-oxo delta-1-steroids,https://data.omgeving.vlaanderen.be/id/concept/chemical_substance/0002972
3-oxo delta-4-steroids,https://data.omgeving.vlaanderen.be/id/concept/chemical_substance/0002974
3-oxo delta-5-steroids,https://data.omgeving.vlaanderen.be/id/concept/chemical_substance/0002975
3-oxo delta-7-steroids,https://data.omgeving.vlaanderen.be/id/concept/chemical_substance/0002986
"3-oxo-22,26-epiminocholestanes",https://data.omgeving.vlaanderen.be/id/concept/chemical_substance/0002735
3-oxo-4-azasteroids,https://data.omgeving.vlaanderen.be/id/concept/chemical_substance/0003252
3-oxo-5-alpha-steroids,https://data.omgeving.vlaanderen.be/id/concept/chemical_substance/0003245
3-oxo-5-beta-steroids,https://data.omgeving.vlaanderen.be/id/concept/chemical_substance/0003256
3-oxo-acyl CoAs,https://data.omgeving.vlaanderen.be/id/concept/chemical_substance/0001328
3-oxosteroids,https://data.omgeving.vlaanderen.be/id/concept/chemical_substance/0003026
3-phenoxypropionic acids,https://data.omgeving.vlaanderen.be/id/concept/chemical_substance/0004743
3-prenylated chalcones,https://data.omgeving.vlaanderen.be/id/concept/chemical_substance/0003509
3-prenylated flav-3-enes,https://data.omgeving.vlaanderen.be/id/concept/chemical_substance/0003638
3-prenylated flavanones,https://data.omgeving.vlaanderen.be/id/concept/chemical_substance/0003505
3-prenylated flavans,https://data.omgeving.vlaanderen.be/id/concept/chemical_substance/0003639
3-prenylated flavones,https://data.omgeving.vlaanderen.be/id/concept/chemical_substance/0003501
3-pyridinecarbonitriles,https://data.omgeving.vlaanderen.be/id/concept/chemical_substance/0003972
3-ribofuranosylpyrazoles,https://data.omgeving.vlaanderen.be/id/concept/chemical_substance/0003716
3-sulfated flavonoids,https://data.omgeving.vlaanderen.be/id/concept/chemical_substance/0004181
3-sulfobenzoic acids,https://data.omgeving.vlaanderen.be/id/concept/chemical_substance/0002761
3-thia fatty acids,https://data.omgeving.vlaanderen.be/id/concept/chemical_substance/0003348
30-hydroxysteroids,https://data.omgeving.vlaanderen.be/id/concept/chemical_substance/0003360
4'-O-methylated flavonoids,https://data.omgeving.vlaanderen.be/id/concept/chemical_substance/0002596
4'-O-methylated isoflavonoids,https://data.omgeving.vlaanderen.be/id/concept/chemical_substance/0002606
4'-O-methylisoflavones,https://data.omgeving.vlaanderen.be/id/concept/chemical_substance/0002687
4'-hydroxyflavonoids,https://data.omgeving.vlaanderen.be/id/concept/chemical_substance/0002989
4'-prenylated 2-arybenzofurans,https://data.omgeving.vlaanderen.be/id/concept/chemical_substance/0003516
4'-prenylated flavans,https://data.omgeving.vlaanderen.be/id/concept/chemical_substance/0003644
"4,5-dioxoaporphines",https://data.omgeving.vlaanderen.be/id/concept/chemical_substance/0003326
"4,5-disubstituted 2-deoxystreptamines",https://data.omgeving.vlaanderen.be/id/concept/chemical_substance/0003573
"4,5-disubstituted oxazoles",https://data.omgeving.vlaanderen.be/id/concept/chemical_substance/0002640
"4,5-disubstituted thiazoles",https://data.omgeving.vlaanderen.be/id/concept/chemical_substance/0002636
"4,5-epoxy-10-normorphinans",https://data.omgeving.vlaanderen.be/id/concept/chemical_substance/0003774
"4,6-disubstituted 2-deoxystreptamines",https://data.omgeving.vlaanderen.be/id/concept/chemical_substance/0003574
"4,6-disubstituted quinolizidines",https://data.omgeving.vlaanderen.be/id/concept/chemical_substance/0003785
4-Anilinoquinazolines,https://data.omgeving.vlaanderen.be/id/concept/chemical_substance/0004391
4-Anilinoquinolines,https://data.omgeving.vlaanderen.be/id/concept/chemical_substance/0004368
4-Hydrocarbylideneazlactones,https://data.omgeving.vlaanderen.be/id/concept/chemical_substance/0004303
4-Hydroxymercuribenzoic acids,https://data.omgeving.vlaanderen.be/id/concept/chemical_substance/0004032
4-Mercuribenzoic acids,https://data.omgeving.vlaanderen.be/id/concept/chemical_substance/0004035
4-O-methylated flavonoids,https://data.omgeving.vlaanderen.be/id/concept/chemical_substance/0002589
4-O-methylated isoflavonoids,https://data.omgeving.vlaanderen.be/id/concept/chemical_substance/0002599
4-Thiopyrimidines,https://data.omgeving.vlaanderen.be/id/concept/chemical_substance/0004172
4-alkoxyphenols,https://data.omgeving.vlaanderen.be/id/concept/chemical_substance/0004628
4-aminoquinolines,https://data.omgeving.vlaanderen.be/id/concept/chemical_substance/0004537
4-aminosalicyclic acids and derivatives,https://data.omgeving.vlaanderen.be/id/concept/chemical_substance/0003038
4-aminosalicylic acids,https://data.omgeving.vlaanderen.be/id/concept/chemical_substance/0003011
4-aroylquinolines,https://data.omgeving.vlaanderen.be/id/concept/chemical_substance/0003912
4-arylsulfanyl-substituted kainoids,https://data.omgeving.vlaanderen.be/id/concept/chemical_substance/0004082
4-azaandrostanes,https://data.omgeving.vlaanderen.be/id/concept/chemical_substance/0004824
4-azasteroids and derivatives,https://data.omgeving.vlaanderen.be/id/concept/chemical_substance/0003056
4-benzylpiperidines,https://data.omgeving.vlaanderen.be/id/concept/chemical_substance/0003090
4-carboxy steroids,https://data.omgeving.vlaanderen.be/id/concept/chemical_substance/0003492
4-chlorocatechols,https://data.omgeving.vlaanderen.be/id/concept/chemical_substance/0002697
4-cyclopropylisoxazoles,https://data.omgeving.vlaanderen.be/id/concept/chemical_substance/0004726
4-halobenzoic acids,https://data.omgeving.vlaanderen.be/id/concept/chemical_substance/0003103
4-halobenzoic acids and derivatives,https://data.omgeving.vlaanderen.be/id/concept/chemical_substance/0003100
4-halophenylacetic acids,https://data.omgeving.vlaanderen.be/id/concept/chemical_substance/0004697
4-hydroxy-2-alkylquinolines,https://data.omgeving.vlaanderen.be/id/concept/chemical_substance/0001464
4-hydroxy-3-polyprenylbenzoic acids,https://data.omgeving.vlaanderen.be/id/concept/chemical_substance/0004021
"4-hydroxy-6,7-benzomorphans",https://data.omgeving.vlaanderen.be/id/concept/chemical_substance/0004822
4-hydroxycoumarins,https://data.omgeving.vlaanderen.be/id/concept/chemical_substance/0002907
4-hydroxyflavonoids,https://data.omgeving.vlaanderen.be/id/concept/chemical_substance/0002988
"4-methoxy-1,2,3-triazines",https://data.omgeving.vlaanderen.be/id/concept/chemical_substance/0004732
4-nitroquinoline N-oxides,https://data.omgeving.vlaanderen.be/id/concept/chemical_substance/0002779
4-phenyltetrahydroisoquinolines,https://data.omgeving.vlaanderen.be/id/concept/chemical_substance/0002957
4-prenylated 2-arybenzofurans,https://data.omgeving.vlaanderen.be/id/concept/chemical_substance/0003511
4-prenylated flavanones,https://data.omgeving.vlaanderen.be/id/concept/chemical_substance/0003648
4-prenylated flavans,https://data.omgeving.vlaanderen.be/id/concept/chemical_substance/0003640
4-prenylated xanthones,https://data.omgeving.vlaanderen.be/id/concept/chemical_substance/0003518
4-quinolinemethanols,https://data.omgeving.vlaanderen.be/id/concept/chemical_substance/0004538
4-sulfobenzoic acids,https://data.omgeving.vlaanderen.be/id/concept/chemical_substance/0002762
4-thia fatty acids,https://data.omgeving.vlaanderen.be/id/concept/chemical_substance/0003349
4a-homomorphinans,https://data.omgeving.vlaanderen.be/id/concept/chemical_substance/0003772
5'-O-tritylated nucleosides and derivatives,https://data.omgeving.vlaanderen.be/id/concept/chemical_substance/0004232
5'-S-alkylthio-5'-deoxyribonucleosides,https://data.omgeving.vlaanderen.be/id/concept/chemical_substance/0004800
5'-acylphosphoadenosines,https://data.omgeving.vlaanderen.be/id/concept/chemical_substance/0004547
5'-azido-5'-deoxyribonucleosides,https://data.omgeving.vlaanderen.be/id/concept/chemical_substance/0004801
5'-deoxy-5'-thionucleosides,https://data.omgeving.vlaanderen.be/id/concept/chemical_substance/0004503
5'-deoxyribonucleosides,https://data.omgeving.vlaanderen.be/id/concept/chemical_substance/0004502
5'-phospho-(2'->5')-dinucleotides,https://data.omgeving.vlaanderen.be/id/concept/chemical_substance/0003395
5'-phospho-(3'->5')-dinucleotides,https://data.omgeving.vlaanderen.be/id/concept/chemical_substance/0003396
"5,10-cycloaromadendrane sesquiterpenoids",https://data.omgeving.vlaanderen.be/id/concept/chemical_substance/0003562
"5,6,7,8-tetrahydropteridines",https://data.omgeving.vlaanderen.be/id/concept/chemical_substance/0004270
"5,6-epoxysteroids",https://data.omgeving.vlaanderen.be/id/concept/chemical_substance/0003250
"5-Benzylpyrimidine-2,4-diamines",https://data.omgeving.vlaanderen.be/id/concept/chemical_substance/0004386
5-O-methylated flavonoids,https://data.omgeving.vlaanderen.be/id/concept/chemical_substance/0002590
5-O-methylated isoflavonoids,https://data.omgeving.vlaanderen.be/id/concept/chemical_substance/0002600
5-alkoxy-2-carboxypyrimidines,https://data.omgeving.vlaanderen.be/id/concept/chemical_substance/0004626
5-alkyl-2-carboxypyrimidines,https://data.omgeving.vlaanderen.be/id/concept/chemical_substance/0004627
5-amino-2-aroylquinolines,https://data.omgeving.vlaanderen.be/id/concept/chemical_substance/0003911
5-cyclopropylisoxazoles,https://data.omgeving.vlaanderen.be/id/concept/chemical_substance/0004727
5-hydroxyflavonoids,https://data.omgeving.vlaanderen.be/id/concept/chemical_substance/0002992
5-hydroxypsoralens,https://data.omgeving.vlaanderen.be/id/concept/chemical_substance/0002830
5-methoxypsoralens,https://data.omgeving.vlaanderen.be/id/concept/chemical_substance/0002832
5-monosubstituted hydantoins,https://data.omgeving.vlaanderen.be/id/concept/chemical_substance/0003210
"5-piperazinylimidazo[1,2-a]pyridines",https://data.omgeving.vlaanderen.be/id/concept/chemical_substance/0004397
5-prenylated 2-arybenzofurans,https://data.omgeving.vlaanderen.be/id/concept/chemical_substance/0003649
5-unsubstituted pyrrogallols,https://data.omgeving.vlaanderen.be/id/concept/chemical_substance/0004657
5L-glutamyl alpha-amino-acids,https://data.omgeving.vlaanderen.be/id/concept/chemical_substance/0004023
"6,6a-secoaporphines",https://data.omgeving.vlaanderen.be/id/concept/chemical_substance/0003332
"6,7-benzomorphans",https://data.omgeving.vlaanderen.be/id/concept/chemical_substance/0004131
"6,7-dihydropteridines",https://data.omgeving.vlaanderen.be/id/concept/chemical_substance/0004269
"6,7-dihydroxycoumarins",https://data.omgeving.vlaanderen.be/id/concept/chemical_substance/0002643
"6,7-secoergolines",https://data.omgeving.vlaanderen.be/id/concept/chemical_substance/0002192
6-Amino-4-phenyltetrahydroquinolines,https://data.omgeving.vlaanderen.be/id/concept/chemical_substance/0004393
6-O-methylated flavonoids,https://data.omgeving.vlaanderen.be/id/concept/chemical_substance/0002591
6-O-methylated isoflavonoids,https://data.omgeving.vlaanderen.be/id/concept/chemical_substance/0002601
6-Thiathiophenes,https://data.omgeving.vlaanderen.be/id/concept/chemical_substance/0004236
6-alkylaminopurines,https://data.omgeving.vlaanderen.be/id/concept/chemical_substance/0003454
6-aminopurines,https://data.omgeving.vlaanderen.be/id/concept/chemical_substance/0002987
6-azasteroids and derivatives,https://data.omgeving.vlaanderen.be/id/concept/chemical_substance/0003055
6-beta-hydroxysteroids,https://data.omgeving.vlaanderen.be/id/concept/chemical_substance/0003577
6-hydroxyflavonoids,https://data.omgeving.vlaanderen.be/id/concept/chemical_substance/0002990
6-hydroxynaphthalene-2-carboxanilides,https://data.omgeving.vlaanderen.be/id/concept/chemical_substance/0004690
6-hydroxysteroids,https://data.omgeving.vlaanderen.be/id/concept/chemical_substance/0003578
6-oxopurines,https://data.omgeving.vlaanderen.be/id/concept/chemical_substance/0001505
6-oxosteroids,https://data.omgeving.vlaanderen.be/id/concept/chemical_substance/0003249
"6-piperazinylimidazo[1,2-a]pyridines",https://data.omgeving.vlaanderen.be/id/concept/chemical_substance/0004398
6-prenylated flavanones,https://data.omgeving.vlaanderen.be/id/concept/chemical_substance/0003507
6-prenylated flavans,https://data.omgeving.vlaanderen.be/id/concept/chemical_substance/0003646
6-prenylated flavones,https://data.omgeving.vlaanderen.be/id/concept/chemical_substance/0003503
6-prenylated isoflavanones,https://data.omgeving.vlaanderen.be/id/concept/chemical_substance/0003526
6-prenylated isoflavones,https://data.omgeving.vlaanderen.be/id/concept/chemical_substance/0003513
6-substituted-2-pyridinylmethylamines,https://data.omgeving.vlaanderen.be/id/concept/chemical_substance/0004709
6-thiopurines,https://data.omgeving.vlaanderen.be/id/concept/chemical_substance/0003453
"7,7'-epoxylignans",https://data.omgeving.vlaanderen.be/id/concept/chemical_substance/0003423
"7,8'-epoxylignans",https://data.omgeving.vlaanderen.be/id/concept/chemical_substance/0003421
"7,8-dihydrofolic acids",https://data.omgeving.vlaanderen.be/id/concept/chemical_substance/0003043
"7,8-dihydrofolic acids and derivatives",https://data.omgeving.vlaanderen.be/id/concept/chemical_substance/0003044
"7,8-dihydropteroic acids",https://data.omgeving.vlaanderen.be/id/concept/chemical_substance/0003046
"7,8-dihydropteroic acids and derivatives",https://data.omgeving.vlaanderen.be/id/concept/chemical_substance/0003047
"7,8-dihydroxycoumarins",https://data.omgeving.vlaanderen.be/id/concept/chemical_substance/0002644
"7,9'-epoxylignans",https://data.omgeving.vlaanderen.be/id/concept/chemical_substance/0003422
7-O-methylated flavonoids,https://data.omgeving.vlaanderen.be/id/concept/chemical_substance/0002592
7-O-methylated isoflavonoids,https://data.omgeving.vlaanderen.be/id/concept/chemical_substance/0002602
7-O-methylisoflavones,https://data.omgeving.vlaanderen.be/id/concept/chemical_substance/0002689
7-alkoxylcoumarins,https://data.omgeving.vlaanderen.be/id/concept/chemical_substance/0004510
7-alpha-hydroxysteroids,https://data.omgeving.vlaanderen.be/id/concept/chemical_substance/0003239
7-benzofuranyl methylcarbamates,https://data.omgeving.vlaanderen.be/id/concept/chemical_substance/0004764
7-beta-hydroxysteroids,https://data.omgeving.vlaanderen.be/id/concept/chemical_substance/0003240
7-hydroxycoumarins,https://data.omgeving.vlaanderen.be/id/concept/chemical_substance/0002909
7-hydroxyflavonoids,https://data.omgeving.vlaanderen.be/id/concept/chemical_substance/0002993
7-hydroxysteroids,https://data.omgeving.vlaanderen.be/id/concept/chemical_substance/0003238
"7-oxo-1,3-thiazolo[5,4-d]pyrimidines",https://data.omgeving.vlaanderen.be/id/concept/chemical_substance/0004402
7-oxosteroids,https://data.omgeving.vlaanderen.be/id/concept/chemical_substance/0003244
"7-piperazinylimidazo[1,2-a]pyridines",https://data.omgeving.vlaanderen.be/id/concept/chemical_substance/0004399
7-prenylated 2-arybenzofurans,https://data.omgeving.vlaanderen.be/id/concept/chemical_substance/0003515
7-prenylated flavanones,https://data.omgeving.vlaanderen.be/id/concept/chemical_substance/0003647
7-prenylated flavans,https://data.omgeving.vlaanderen.be/id/concept/chemical_substance/0003641
"8,2'-cyclic purine nucleotides",https://data.omgeving.vlaanderen.be/id/concept/chemical_substance/0001752
"8,2'-cyclic pyrimidine nucleotides",https://data.omgeving.vlaanderen.be/id/concept/chemical_substance/0002244
8-O-methylated flavonoids,https://data.omgeving.vlaanderen.be/id/concept/chemical_substance/0002593
8-O-methylated isoflavonoids,https://data.omgeving.vlaanderen.be/id/concept/chemical_substance/0002603
8-azasteroids and derivatives,https://data.omgeving.vlaanderen.be/id/concept/chemical_substance/0003054
8-hydroxyflavonoids,https://data.omgeving.vlaanderen.be/id/concept/chemical_substance/0002994
8-hydroxynaphthalene-2-carboxanilides,https://data.omgeving.vlaanderen.be/id/concept/chemical_substance/0004689
8-hydroxypsoralens,https://data.omgeving.vlaanderen.be/id/concept/chemical_substance/0002831
8-hydroxyquinolines,https://data.omgeving.vlaanderen.be/id/concept/chemical_substance/0003953
8-methoxypsoralens,https://data.omgeving.vlaanderen.be/id/concept/chemical_substance/0002833
"8-piperazinylimidazo[1,2-a]pyridines",https://data.omgeving.vlaanderen.be/id/concept/chemical_substance/0004400
8-prenylated flavanones,https://data.omgeving.vlaanderen.be/id/concept/chemical_substance/0003508
8-prenylated flavans,https://data.omgeving.vlaanderen.be/id/concept/chemical_substance/0003642
8-prenylated flavones,https://data.omgeving.vlaanderen.be/id/concept/chemical_substance/0003504
8-prenylated isoflavanones,https://data.omgeving.vlaanderen.be/id/concept/chemical_substance/0003527
8-prenylated isoflavones,https://data.omgeving.vlaanderen.be/id/concept/chemical_substance/0003514
8-prenylated xanthones,https://data.omgeving.vlaanderen.be/id/concept/chemical_substance/0003519
"9,9'-epoxylignans",https://data.omgeving.vlaanderen.be/id/concept/chemical_substance/0003424
"9,9p-dihydroxyaryltetralin lignans",https://data.omgeving.vlaanderen.be/id/concept/chemical_substance/0003426
9b-azaphenalenes,https://data.omgeving.vlaanderen.be/id/concept/chemical_substance/0002824
A-type proanthocyanidins,https://data.omgeving.vlaanderen.be/id/concept/chemical_substance/0004828
Abscisic acids and derivatives,https://data.omgeving.vlaanderen.be/id/concept/chemical_substance/0002245
Acenaphthenes and derivatives,https://data.omgeving.vlaanderen.be/id/concept/chemical_substance/0002043
Acenaphthylenes,https://data.omgeving.vlaanderen.be/id/concept/chemical_substance/0004812
Acetals,https://data.omgeving.vlaanderen.be/id/concept/chemical_substance/0001656
Acetamides,https://data.omgeving.vlaanderen.be/id/concept/chemical_substance/0003922
Acetanilides,https://data.omgeving.vlaanderen.be/id/concept/chemical_substance/0001846
Acetate salts,https://data.omgeving.vlaanderen.be/id/concept/chemical_substance/0003919
Acetohydroxamic acids,https://data.omgeving.vlaanderen.be/id/concept/chemical_substance/0003223
Acetohydroximates,https://data.omgeving.vlaanderen.be/id/concept/chemical_substance/0003286
Acetophenones,https://data.omgeving.vlaanderen.be/id/concept/chemical_substance/0000119
Acetylenedicarboxylates,https://data.omgeving.vlaanderen.be/id/concept/chemical_substance/0000464
Acetylenes,https://data.omgeving.vlaanderen.be/id/concept/chemical_substance/0002843
Acetylenic peroxides,https://data.omgeving.vlaanderen.be/id/concept/chemical_substance/0004567
Acetylides,https://data.omgeving.vlaanderen.be/id/concept/chemical_substance/0004478
Aconitane-type diterpenoid alkaloids,https://data.omgeving.vlaanderen.be/id/concept/chemical_substance/0003788
Acridines,https://data.omgeving.vlaanderen.be/id/concept/chemical_substance/0000274
Acridones,https://data.omgeving.vlaanderen.be/id/concept/chemical_substance/0001811
Acrylic acid esters,https://data.omgeving.vlaanderen.be/id/concept/chemical_substance/0004452
Acrylic acids,https://data.omgeving.vlaanderen.be/id/concept/chemical_substance/0004451
Acrylic acids and derivatives,https://data.omgeving.vlaanderen.be/id/concept/chemical_substance/0004450
Acryloyl compounds,https://data.omgeving.vlaanderen.be/id/concept/chemical_substance/0000275
Actinide aluminates,https://data.omgeving.vlaanderen.be/id/concept/chemical_substance/0000869
Actinide antimonates,https://data.omgeving.vlaanderen.be/id/concept/chemical_substance/0000870
Actinide antimonites,https://data.omgeving.vlaanderen.be/id/concept/chemical_substance/0000871
Actinide arsenates,https://data.omgeving.vlaanderen.be/id/concept/chemical_substance/0000872
Actinide arsenites,https://data.omgeving.vlaanderen.be/id/concept/chemical_substance/0000873
Actinide astatides,https://data.omgeving.vlaanderen.be/id/concept/chemical_substance/0000556
Actinide bisulfites,https://data.omgeving.vlaanderen.be/id/concept/chemical_substance/0000874
Actinide borates,https://data.omgeving.vlaanderen.be/id/concept/chemical_substance/0000875
Actinide bromates,https://data.omgeving.vlaanderen.be/id/concept/chemical_substance/0000591
Actinide bromides,https://data.omgeving.vlaanderen.be/id/concept/chemical_substance/0000557
Actinide chlorates,https://data.omgeving.vlaanderen.be/id/concept/chemical_substance/0000592
Actinide chlorides,https://data.omgeving.vlaanderen.be/id/concept/chemical_substance/0000558
Actinide chlorites,https://data.omgeving.vlaanderen.be/id/concept/chemical_substance/0000593
Actinide chromates,https://data.omgeving.vlaanderen.be/id/concept/chemical_substance/0000594
Actinide chromites,https://data.omgeving.vlaanderen.be/id/concept/chemical_substance/0000595
Actinide cyanates,https://data.omgeving.vlaanderen.be/id/concept/chemical_substance/0000596
Actinide dithionites,https://data.omgeving.vlaanderen.be/id/concept/chemical_substance/0000629
Actinide dithiophosphates,https://data.omgeving.vlaanderen.be/id/concept/chemical_substance/0002292
Actinide ferrates,https://data.omgeving.vlaanderen.be/id/concept/chemical_substance/0000876
Actinide fluorides,https://data.omgeving.vlaanderen.be/id/concept/chemical_substance/0000559
Actinide hydrides,https://data.omgeving.vlaanderen.be/id/concept/chemical_substance/0000520
Actinide hydroxides,https://data.omgeving.vlaanderen.be/id/concept/chemical_substance/0000598
Actinide hypobromites,https://data.omgeving.vlaanderen.be/id/concept/chemical_substance/0000599
Actinide hypochlorites,https://data.omgeving.vlaanderen.be/id/concept/chemical_substance/0000600
Actinide hyponitrites,https://data.omgeving.vlaanderen.be/id/concept/chemical_substance/0000601
Actinide hypophosphites,https://data.omgeving.vlaanderen.be/id/concept/chemical_substance/0000602
Actinide hyposulfites,https://data.omgeving.vlaanderen.be/id/concept/chemical_substance/0000630
Actinide iodates,https://data.omgeving.vlaanderen.be/id/concept/chemical_substance/0000603
Actinide iodides,https://data.omgeving.vlaanderen.be/id/concept/chemical_substance/0000560
Actinide manganates,https://data.omgeving.vlaanderen.be/id/concept/chemical_substance/0000877
Actinide metavanadates,https://data.omgeving.vlaanderen.be/id/concept/chemical_substance/0002891
Actinide molybdates,https://data.omgeving.vlaanderen.be/id/concept/chemical_substance/0000878
Actinide nitrates,https://data.omgeving.vlaanderen.be/id/concept/chemical_substance/0000605
Actinide nitrides,https://data.omgeving.vlaanderen.be/id/concept/chemical_substance/0000521
Actinide nitrites,https://data.omgeving.vlaanderen.be/id/concept/chemical_substance/0000604
Actinide organides,https://data.omgeving.vlaanderen.be/id/concept/chemical_substance/0000455
Actinide orthonitrates,https://data.omgeving.vlaanderen.be/id/concept/chemical_substance/0000606
Actinide orthovanadates,https://data.omgeving.vlaanderen.be/id/concept/chemical_substance/0000888
Actinide oxides,https://data.omgeving.vlaanderen.be/id/concept/chemical_substance/0000522
Actinide oxoanionic compounds,https://data.omgeving.vlaanderen.be/id/concept/chemical_substance/0000448
Actinide perbromates,https://data.omgeving.vlaanderen.be/id/concept/chemical_substance/0000607
Actinide perchlorates,https://data.omgeving.vlaanderen.be/id/concept/chemical_substance/0000608
Actinide periodates,https://data.omgeving.vlaanderen.be/id/concept/chemical_substance/0000609
Actinide permanganates,https://data.omgeving.vlaanderen.be/id/concept/chemical_substance/0000610
Actinide peroxodisulfates,https://data.omgeving.vlaanderen.be/id/concept/chemical_substance/0000625
Actinide peroxomonosulfates,https://data.omgeving.vlaanderen.be/id/concept/chemical_substance/0000624
Actinide peroxynitrates,https://data.omgeving.vlaanderen.be/id/concept/chemical_substance/0000611
Actinide peroxynitrites,https://data.omgeving.vlaanderen.be/id/concept/chemical_substance/0000612
Actinide perrhenates,https://data.omgeving.vlaanderen.be/id/concept/chemical_substance/0000613
Actinide pertechnetates,https://data.omgeving.vlaanderen.be/id/concept/chemical_substance/0000614
Actinide phosphates,https://data.omgeving.vlaanderen.be/id/concept/chemical_substance/0000616
Actinide phosphites,https://data.omgeving.vlaanderen.be/id/concept/chemical_substance/0000615
Actinide phosphonates,https://data.omgeving.vlaanderen.be/id/concept/chemical_substance/0002367
Actinide plumbates,https://data.omgeving.vlaanderen.be/id/concept/chemical_substance/0000879
Actinide plumbites,https://data.omgeving.vlaanderen.be/id/concept/chemical_substance/0000880
Actinide pyrophosphates,https://data.omgeving.vlaanderen.be/id/concept/chemical_substance/0000617
Actinide pyrosulfates,https://data.omgeving.vlaanderen.be/id/concept/chemical_substance/0000626
Actinide salts,https://data.omgeving.vlaanderen.be/id/concept/chemical_substance/0000441
Actinide selenates,https://data.omgeving.vlaanderen.be/id/concept/chemical_substance/0000618
Actinide selenites,https://data.omgeving.vlaanderen.be/id/concept/chemical_substance/0000619
Actinide selenophosphates,https://data.omgeving.vlaanderen.be/id/concept/chemical_substance/0002266
Actinide silicates,https://data.omgeving.vlaanderen.be/id/concept/chemical_substance/0000881
Actinide stannates,https://data.omgeving.vlaanderen.be/id/concept/chemical_substance/0000882
Actinide stannites,https://data.omgeving.vlaanderen.be/id/concept/chemical_substance/0000883
Actinide sulfates,https://data.omgeving.vlaanderen.be/id/concept/chemical_substance/0000620
Actinide sulfides,https://data.omgeving.vlaanderen.be/id/concept/chemical_substance/0000523
Actinide sulfites,https://data.omgeving.vlaanderen.be/id/concept/chemical_substance/0000621
Actinide superoxides,https://data.omgeving.vlaanderen.be/id/concept/chemical_substance/0000622
Actinide tellurates,https://data.omgeving.vlaanderen.be/id/concept/chemical_substance/0000884
Actinide tellurites,https://data.omgeving.vlaanderen.be/id/concept/chemical_substance/0000885
Actinide tetrahydroxyborates,https://data.omgeving.vlaanderen.be/id/concept/chemical_substance/0000886
Actinide tetrathionates,https://data.omgeving.vlaanderen.be/id/concept/chemical_substance/0000627
Actinide thiophosphates,https://data.omgeving.vlaanderen.be/id/concept/chemical_substance/0002293
Actinide thiosulfates,https://data.omgeving.vlaanderen.be/id/concept/chemical_substance/0000628
Actinide tungstates,https://data.omgeving.vlaanderen.be/id/concept/chemical_substance/0000887
Acutumine and related alkaloids,https://data.omgeving.vlaanderen.be/id/concept/chemical_substance/0002791
"Acyclic 2,4-diaminopyrimidine nucleoside phosphonates",https://data.omgeving.vlaanderen.be/id/concept/chemical_substance/0003725
Acyclic acetylenes,https://data.omgeving.vlaanderen.be/id/concept/chemical_substance/0002847
Acyclic allenes,https://data.omgeving.vlaanderen.be/id/concept/chemical_substance/0001678
Acyclic diterpenoids,https://data.omgeving.vlaanderen.be/id/concept/chemical_substance/0001357
Acyclic monoterpenoids,https://data.omgeving.vlaanderen.be/id/concept/chemical_substance/0001127
Acyclic olefins,https://data.omgeving.vlaanderen.be/id/concept/chemical_substance/0002839
Acyclic purine nucleoside phosphonates,https://data.omgeving.vlaanderen.be/id/concept/chemical_substance/0003726
Acyclic pyrimidine nucleoside phosphonates,https://data.omgeving.vlaanderen.be/id/concept/chemical_substance/0004349
Acyclic sesquiterpenoids,https://data.omgeving.vlaanderen.be/id/concept/chemical_substance/0000477
Acyclic sesterterpenoids,https://data.omgeving.vlaanderen.be/id/concept/chemical_substance/0001596
Acyclic triterpenoids,https://data.omgeving.vlaanderen.be/id/concept/chemical_substance/0001351
Acyl CoAs,https://data.omgeving.vlaanderen.be/id/concept/chemical_substance/0001090
Acyl D-homoserines,https://data.omgeving.vlaanderen.be/id/concept/chemical_substance/0003452
Acyl L-homoserines,https://data.omgeving.vlaanderen.be/id/concept/chemical_substance/0003451
Acyl astatides,https://data.omgeving.vlaanderen.be/id/concept/chemical_substance/0001519
Acyl bromides,https://data.omgeving.vlaanderen.be/id/concept/chemical_substance/0001017
Acyl carbenes,https://data.omgeving.vlaanderen.be/id/concept/chemical_substance/0003634
Acyl carnitines,https://data.omgeving.vlaanderen.be/id/concept/chemical_substance/0001095
Acyl chlorides,https://data.omgeving.vlaanderen.be/id/concept/chemical_substance/0001022
Acyl cholines,https://data.omgeving.vlaanderen.be/id/concept/chemical_substance/0000386
Acyl cyanides,https://data.omgeving.vlaanderen.be/id/concept/chemical_substance/0001660
Acyl fluorides,https://data.omgeving.vlaanderen.be/id/concept/chemical_substance/0001023
Acyl glucuronides,https://data.omgeving.vlaanderen.be/id/concept/chemical_substance/0002812
Acyl glycines,https://data.omgeving.vlaanderen.be/id/concept/chemical_substance/0000276
Acyl halides,https://data.omgeving.vlaanderen.be/id/concept/chemical_substance/0002865
Acyl homoserine lactones,https://data.omgeving.vlaanderen.be/id/concept/chemical_substance/0001102
Acyl homoserines,https://data.omgeving.vlaanderen.be/id/concept/chemical_substance/0003188
Acyl iodides,https://data.omgeving.vlaanderen.be/id/concept/chemical_substance/0001024
Acyl monophosphates,https://data.omgeving.vlaanderen.be/id/concept/chemical_substance/0000237
Acyl nitrates,https://data.omgeving.vlaanderen.be/id/concept/chemical_substance/0004087
Acyl nitrites,https://data.omgeving.vlaanderen.be/id/concept/chemical_substance/0004092
Acyl phosphates,https://data.omgeving.vlaanderen.be/id/concept/chemical_substance/0004781
Acyl-L-homoserine lactones,https://data.omgeving.vlaanderen.be/id/concept/chemical_substance/0003450
Acylals,https://data.omgeving.vlaanderen.be/id/concept/chemical_substance/0003989
Acylamino oligosaccharides,https://data.omgeving.vlaanderen.be/id/concept/chemical_substance/0003304
Acylaminobenzoic acid and derivatives,https://data.omgeving.vlaanderen.be/id/concept/chemical_substance/0004361
Acylaminosugars,https://data.omgeving.vlaanderen.be/id/concept/chemical_substance/0000146
Acyldolichols,https://data.omgeving.vlaanderen.be/id/concept/chemical_substance/0003857
Acylguanidines,https://data.omgeving.vlaanderen.be/id/concept/chemical_substance/0002983
Acyloins,https://data.omgeving.vlaanderen.be/id/concept/chemical_substance/0002088
Acylphloroglucinols and derivatives,https://data.omgeving.vlaanderen.be/id/concept/chemical_substance/0002519
Acylsalicylamides,https://data.omgeving.vlaanderen.be/id/concept/chemical_substance/0004578
Acylsalicylic acids,https://data.omgeving.vlaanderen.be/id/concept/chemical_substance/0004577
Acylsalicylic acids and derivatives,https://data.omgeving.vlaanderen.be/id/concept/chemical_substance/0004576
Acylsulfonic acids,https://data.omgeving.vlaanderen.be/id/concept/chemical_substance/0003082
Acylsulfonic acids and derivatives,https://data.omgeving.vlaanderen.be/id/concept/chemical_substance/0003081
Acyltrehaloses,https://data.omgeving.vlaanderen.be/id/concept/chemical_substance/0001522
Adamantanones,https://data.omgeving.vlaanderen.be/id/concept/chemical_substance/0000156
"Adianane, fernane, filicane, and neohopane triterpenoids",https://data.omgeving.vlaanderen.be/id/concept/chemical_substance/0002400
Aflatoxins,https://data.omgeving.vlaanderen.be/id/concept/chemical_substance/0000149
Agarofurans,https://data.omgeving.vlaanderen.be/id/concept/chemical_substance/0002051
Ajmaline-sarpagine alkaloids,https://data.omgeving.vlaanderen.be/id/concept/chemical_substance/0001794
Akageran and related alkaloids,https://data.omgeving.vlaanderen.be/id/concept/chemical_substance/0003754
Akuammilan and related alkaloids,https://data.omgeving.vlaanderen.be/id/concept/chemical_substance/0002783
Alachalasins,https://data.omgeving.vlaanderen.be/id/concept/chemical_substance/0003769
Alanine and derivatives,https://data.omgeving.vlaanderen.be/id/concept/chemical_substance/0004314
Alcohols and polyols,https://data.omgeving.vlaanderen.be/id/concept/chemical_substance/0000129
Aldazines,https://data.omgeving.vlaanderen.be/id/concept/chemical_substance/0002233
Aldehydes,https://data.omgeving.vlaanderen.be/id/concept/chemical_substance/0000124
Aldimines,https://data.omgeving.vlaanderen.be/id/concept/chemical_substance/0001267
Aldoxime carbamates,https://data.omgeving.vlaanderen.be/id/concept/chemical_substance/0004753
Aldoximes,https://data.omgeving.vlaanderen.be/id/concept/chemical_substance/0003078
Alkadienes,https://data.omgeving.vlaanderen.be/id/concept/chemical_substance/0001019
Alkadiynes,https://data.omgeving.vlaanderen.be/id/concept/chemical_substance/0002844
Alkali metal aluminates,https://data.omgeving.vlaanderen.be/id/concept/chemical_substance/0000889
Alkali metal antimonates,https://data.omgeving.vlaanderen.be/id/concept/chemical_substance/0000890
Alkali metal antimonites,https://data.omgeving.vlaanderen.be/id/concept/chemical_substance/0000891
Alkali metal arsenates,https://data.omgeving.vlaanderen.be/id/concept/chemical_substance/0000892
Alkali metal arsenites,https://data.omgeving.vlaanderen.be/id/concept/chemical_substance/0000893
Alkali metal astatides,https://data.omgeving.vlaanderen.be/id/concept/chemical_substance/0000561
Alkali metal bisulfites,https://data.omgeving.vlaanderen.be/id/concept/chemical_substance/0000894
Alkali metal borates,https://data.omgeving.vlaanderen.be/id/concept/chemical_substance/0000895
Alkali metal bromates,https://data.omgeving.vlaanderen.be/id/concept/chemical_substance/0000631
Alkali metal bromides,https://data.omgeving.vlaanderen.be/id/concept/chemical_substance/0000562
Alkali metal carbonate salts,https://data.omgeving.vlaanderen.be/id/concept/chemical_substance/0004448
Alkali metal chlorates,https://data.omgeving.vlaanderen.be/id/concept/chemical_substance/0000632
Alkali metal chlorides,https://data.omgeving.vlaanderen.be/id/concept/chemical_substance/0000563
Alkali metal chlorites,https://data.omgeving.vlaanderen.be/id/concept/chemical_substance/0000633
Alkali metal chromates,https://data.omgeving.vlaanderen.be/id/concept/chemical_substance/0000634
Alkali metal chromites,https://data.omgeving.vlaanderen.be/id/concept/chemical_substance/0000635
Alkali metal cyanates,https://data.omgeving.vlaanderen.be/id/concept/chemical_substance/0000636
Alkali metal dithionites,https://data.omgeving.vlaanderen.be/id/concept/chemical_substance/0000669
Alkali metal dithiophosphates,https://data.omgeving.vlaanderen.be/id/concept/chemical_substance/0002295
Alkali metal ferrates,https://data.omgeving.vlaanderen.be/id/concept/chemical_substance/0000896
Alkali metal fluorides,https://data.omgeving.vlaanderen.be/id/concept/chemical_substance/0000564
Alkali metal hydrides,https://data.omgeving.vlaanderen.be/id/concept/chemical_substance/0000524
Alkali metal hydroxides,https://data.omgeving.vlaanderen.be/id/concept/chemical_substance/0000638
Alkali metal hypobromites,https://data.omgeving.vlaanderen.be/id/concept/chemical_substance/0000639
Alkali metal hypochlorites,https://data.omgeving.vlaanderen.be/id/concept/chemical_substance/0000640
Alkali metal hyponitrites,https://data.omgeving.vlaanderen.be/id/concept/chemical_substance/0000641
Alkali metal hypophosphites,https://data.omgeving.vlaanderen.be/id/concept/chemical_substance/0000642
Alkali metal hyposulfites,https://data.omgeving.vlaanderen.be/id/concept/chemical_substance/0000670
Alkali metal iodates,https://data.omgeving.vlaanderen.be/id/concept/chemical_substance/0000643
Alkali metal iodides,https://data.omgeving.vlaanderen.be/id/concept/chemical_substance/0000565
Alkali metal manganates,https://data.omgeving.vlaanderen.be/id/concept/chemical_substance/0000897
Alkali metal metavanadates,https://data.omgeving.vlaanderen.be/id/concept/chemical_substance/0003285
Alkali metal molybdates,https://data.omgeving.vlaanderen.be/id/concept/chemical_substance/0000898
Alkali metal nitrates,https://data.omgeving.vlaanderen.be/id/concept/chemical_substance/0000645
Alkali metal nitrides,https://data.omgeving.vlaanderen.be/id/concept/chemical_substance/0000525
Alkali metal nitrites,https://data.omgeving.vlaanderen.be/id/concept/chemical_substance/0000644
Alkali metal organides,https://data.omgeving.vlaanderen.be/id/concept/chemical_substance/0000456
Alkali metal orthonitrates,https://data.omgeving.vlaanderen.be/id/concept/chemical_substance/0000646
Alkali metal orthovanadates,https://data.omgeving.vlaanderen.be/id/concept/chemical_substance/0000908
Alkali metal oxides,https://data.omgeving.vlaanderen.be/id/concept/chemical_substance/0000526
Alkali metal oxoanionic compounds,https://data.omgeving.vlaanderen.be/id/concept/chemical_substance/0000445
Alkali metal perbromates,https://data.omgeving.vlaanderen.be/id/concept/chemical_substance/0000647
Alkali metal perchlorates,https://data.omgeving.vlaanderen.be/id/concept/chemical_substance/0000648
Alkali metal periodates,https://data.omgeving.vlaanderen.be/id/concept/chemical_substance/0000649
Alkali metal permanganates,https://data.omgeving.vlaanderen.be/id/concept/chemical_substance/0000650
Alkali metal peroxodisulfates,https://data.omgeving.vlaanderen.be/id/concept/chemical_substance/0000665
Alkali metal peroxomonosulfates,https://data.omgeving.vlaanderen.be/id/concept/chemical_substance/0000664
Alkali metal peroxynitrates,https://data.omgeving.vlaanderen.be/id/concept/chemical_substance/0000651
Alkali metal peroxynitrites,https://data.omgeving.vlaanderen.be/id/concept/chemical_substance/0000652
Alkali metal perrhenates,https://data.omgeving.vlaanderen.be/id/concept/chemical_substance/0000653
Alkali metal pertechnetates,https://data.omgeving.vlaanderen.be/id/concept/chemical_substance/0000654
Alkali metal phosphates,https://data.omgeving.vlaanderen.be/id/concept/chemical_substance/0000656
Alkali metal phosphites,https://data.omgeving.vlaanderen.be/id/concept/chemical_substance/0000655
Alkali metal phosphonates,https://data.omgeving.vlaanderen.be/id/concept/chemical_substance/0002368
Alkali metal plumbates,https://data.omgeving.vlaanderen.be/id/concept/chemical_substance/0000899
Alkali metal plumbites,https://data.omgeving.vlaanderen.be/id/concept/chemical_substance/0000900
Alkali metal pyrophosphates,https://data.omgeving.vlaanderen.be/id/concept/chemical_substance/0000657
Alkali metal pyrosulfates,https://data.omgeving.vlaanderen.be/id/concept/chemical_substance/0000666
Alkali metal salts,https://data.omgeving.vlaanderen.be/id/concept/chemical_substance/0000438
Alkali metal selenates,https://data.omgeving.vlaanderen.be/id/concept/chemical_substance/0000658
Alkali metal selenites,https://data.omgeving.vlaanderen.be/id/concept/chemical_substance/0000659
Alkali metal selenophosphates,https://data.omgeving.vlaanderen.be/id/concept/chemical_substance/0002267
Alkali metal silicates,https://data.omgeving.vlaanderen.be/id/concept/chemical_substance/0000901
Alkali metal stannates,https://data.omgeving.vlaanderen.be/id/concept/chemical_substance/0000902
Alkali metal stannites,https://data.omgeving.vlaanderen.be/id/concept/chemical_substance/0000903
Alkali metal sulfates,https://data.omgeving.vlaanderen.be/id/concept/chemical_substance/0000660
Alkali metal sulfides,https://data.omgeving.vlaanderen.be/id/concept/chemical_substance/0000527
Alkali metal sulfites,https://data.omgeving.vlaanderen.be/id/concept/chemical_substance/0000661
Alkali metal superoxides,https://data.omgeving.vlaanderen.be/id/concept/chemical_substance/0000662
Alkali metal tellurates,https://data.omgeving.vlaanderen.be/id/concept/chemical_substance/0000904
Alkali metal tellurites,https://data.omgeving.vlaanderen.be/id/concept/chemical_substance/0000905
Alkali metal tetrahydroxyborates,https://data.omgeving.vlaanderen.be/id/concept/chemical_substance/0000906
Alkali metal tetrathionates,https://data.omgeving.vlaanderen.be/id/concept/chemical_substance/0000667
Alkali metal thiophosphates,https://data.omgeving.vlaanderen.be/id/concept/chemical_substance/0002294
Alkali metal thiosulfates,https://data.omgeving.vlaanderen.be/id/concept/chemical_substance/0000668
Alkali metal tungstates,https://data.omgeving.vlaanderen.be/id/concept/chemical_substance/0000907
Alkaline earth metal aluminates,https://data.omgeving.vlaanderen.be/id/concept/chemical_substance/0000909
Alkaline earth metal antimonates,https://data.omgeving.vlaanderen.be/id/concept/chemical_substance/0000910
Alkaline earth metal antimonites,https://data.omgeving.vlaanderen.be/id/concept/chemical_substance/0000911
Alkaline earth metal arsenates,https://data.omgeving.vlaanderen.be/id/concept/chemical_substance/0000912
Alkaline earth metal arsenites,https://data.omgeving.vlaanderen.be/id/concept/chemical_substance/0000913
Alkaline earth metal astatides,https://data.omgeving.vlaanderen.be/id/concept/chemical_substance/0000566
Alkaline earth metal bisulfites,https://data.omgeving.vlaanderen.be/id/concept/chemical_substance/0000914
Alkaline earth metal borates,https://data.omgeving.vlaanderen.be/id/concept/chemical_substance/0000915
Alkaline earth metal bromates,https://data.omgeving.vlaanderen.be/id/concept/chemical_substance/0000671
Alkaline earth metal bromides,https://data.omgeving.vlaanderen.be/id/concept/chemical_substance/0000567
Alkaline earth metal chlorates,https://data.omgeving.vlaanderen.be/id/concept/chemical_substance/0000672
Alkaline earth metal chlorides,https://data.omgeving.vlaanderen.be/id/concept/chemical_substance/0000568
Alkaline earth metal chlorites,https://data.omgeving.vlaanderen.be/id/concept/chemical_substance/0000673
Alkaline earth metal chromates,https://data.omgeving.vlaanderen.be/id/concept/chemical_substance/0000674
Alkaline earth metal chromites,https://data.omgeving.vlaanderen.be/id/concept/chemical_substance/0001365
Alkaline earth metal cyanates,https://data.omgeving.vlaanderen.be/id/concept/chemical_substance/0000675
Alkaline earth metal dithionites,https://data.omgeving.vlaanderen.be/id/concept/chemical_substance/0000708
Alkaline earth metal dithiophosphates,https://data.omgeving.vlaanderen.be/id/concept/chemical_substance/0002297
Alkaline earth metal ferrates,https://data.omgeving.vlaanderen.be/id/concept/chemical_substance/0000916
Alkaline earth metal fluorides,https://data.omgeving.vlaanderen.be/id/concept/chemical_substance/0000569
Alkaline earth metal hydrides,https://data.omgeving.vlaanderen.be/id/concept/chemical_substance/0000544
Alkaline earth metal hydroxides,https://data.omgeving.vlaanderen.be/id/concept/chemical_substance/0000677
Alkaline earth metal hypobromites,https://data.omgeving.vlaanderen.be/id/concept/chemical_substance/0000678
Alkaline earth metal hypochlorites,https://data.omgeving.vlaanderen.be/id/concept/chemical_substance/0000679
Alkaline earth metal hyponitrites,https://data.omgeving.vlaanderen.be/id/concept/chemical_substance/0000680
Alkaline earth metal hypophosphites,https://data.omgeving.vlaanderen.be/id/concept/chemical_substance/0000681
Alkaline earth metal hyposulfites,https://data.omgeving.vlaanderen.be/id/concept/chemical_substance/0000709
Alkaline earth metal iodates,https://data.omgeving.vlaanderen.be/id/concept/chemical_substance/0000682
Alkaline earth metal iodides,https://data.omgeving.vlaanderen.be/id/concept/chemical_substance/0000570
Alkaline earth metal manganates,https://data.omgeving.vlaanderen.be/id/concept/chemical_substance/0000917
Alkaline earth metal molybdates,https://data.omgeving.vlaanderen.be/id/concept/chemical_substance/0000918
Alkaline earth metal nitrates,https://data.omgeving.vlaanderen.be/id/concept/chemical_substance/0000684
Alkaline earth metal nitrides,https://data.omgeving.vlaanderen.be/id/concept/chemical_substance/0000545
Alkaline earth metal nitrites,https://data.omgeving.vlaanderen.be/id/concept/chemical_substance/0000683
Alkaline earth metal organides,https://data.omgeving.vlaanderen.be/id/concept/chemical_substance/0000457
Alkaline earth metal orthonitrates,https://data.omgeving.vlaanderen.be/id/concept/chemical_substance/0000685
Alkaline earth metal orthovanadates,https://data.omgeving.vlaanderen.be/id/concept/chemical_substance/0000928
Alkaline earth metal oxides,https://data.omgeving.vlaanderen.be/id/concept/chemical_substance/0000546
Alkaline earth metal oxoanionic compounds,https://data.omgeving.vlaanderen.be/id/concept/chemical_substance/0000446
Alkaline earth metal perbromates,https://data.omgeving.vlaanderen.be/id/concept/chemical_substance/0000686
Alkaline earth metal perchlorates,https://data.omgeving.vlaanderen.be/id/concept/chemical_substance/0000687
Alkaline earth metal periodates,https://data.omgeving.vlaanderen.be/id/concept/chemical_substance/0000688
Alkaline earth metal permanganates,https://data.omgeving.vlaanderen.be/id/concept/chemical_substance/0000689
Alkaline earth metal peroxodisulfates,https://data.omgeving.vlaanderen.be/id/concept/chemical_substance/0000704
Alkaline earth metal peroxomonosulfates,https://data.omgeving.vlaanderen.be/id/concept/chemical_substance/0000703
Alkaline earth metal peroxynitrates,https://data.omgeving.vlaanderen.be/id/concept/chemical_substance/0000690
Alkaline earth metal peroxynitrites,https://data.omgeving.vlaanderen.be/id/concept/chemical_substance/0000691
Alkaline earth metal perrhenates,https://data.omgeving.vlaanderen.be/id/concept/chemical_substance/0000692
Alkaline earth metal pertechnetates,https://data.omgeving.vlaanderen.be/id/concept/chemical_substance/0000693
Alkaline earth metal phosphates,https://data.omgeving.vlaanderen.be/id/concept/chemical_substance/0000695
Alkaline earth metal phosphites,https://data.omgeving.vlaanderen.be/id/concept/chemical_substance/0000694
Alkaline earth metal phosphonates,https://data.omgeving.vlaanderen.be/id/concept/chemical_substance/0002369
Alkaline earth metal plumbates,https://data.omgeving.vlaanderen.be/id/concept/chemical_substance/0000919
Alkaline earth metal plumbites,https://data.omgeving.vlaanderen.be/id/concept/chemical_substance/0000920
Alkaline earth metal pyrophosphates,https://data.omgeving.vlaanderen.be/id/concept/chemical_substance/0000696
Alkaline earth metal pyrosulfates,https://data.omgeving.vlaanderen.be/id/concept/chemical_substance/0000705
Alkaline earth metal salts,https://data.omgeving.vlaanderen.be/id/concept/chemical_substance/0000439
Alkaline earth metal selenates,https://data.omgeving.vlaanderen.be/id/concept/chemical_substance/0000697
Alkaline earth metal selenites,https://data.omgeving.vlaanderen.be/id/concept/chemical_substance/0000698
Alkaline earth metal selenophosphates,https://data.omgeving.vlaanderen.be/id/concept/chemical_substance/0002277
Alkaline earth metal silicates,https://data.omgeving.vlaanderen.be/id/concept/chemical_substance/0000921
Alkaline earth metal stannates,https://data.omgeving.vlaanderen.be/id/concept/chemical_substance/0000922
Alkaline earth metal stannites,https://data.omgeving.vlaanderen.be/id/concept/chemical_substance/0000923
Alkaline earth metal sulfates,https://data.omgeving.vlaanderen.be/id/concept/chemical_substance/0000699
Alkaline earth metal sulfides,https://data.omgeving.vlaanderen.be/id/concept/chemical_substance/0000547
Alkaline earth metal sulfites,https://data.omgeving.vlaanderen.be/id/concept/chemical_substance/0000700
Alkaline earth metal superoxides,https://data.omgeving.vlaanderen.be/id/concept/chemical_substance/0000701
Alkaline earth metal tellurates,https://data.omgeving.vlaanderen.be/id/concept/chemical_substance/0000924
Alkaline earth metal tellurites,https://data.omgeving.vlaanderen.be/id/concept/chemical_substance/0000925
Alkaline earth metal tetrahydroxyborates,https://data.omgeving.vlaanderen.be/id/concept/chemical_substance/0000926
Alkaline earth metal tetrathionates,https://data.omgeving.vlaanderen.be/id/concept/chemical_substance/0000706
Alkaline earth metal thiophosphates,https://data.omgeving.vlaanderen.be/id/concept/chemical_substance/0002296
Alkaline earth metal thiosulfates,https://data.omgeving.vlaanderen.be/id/concept/chemical_substance/0000707
Alkaline earth metal tungstates,https://data.omgeving.vlaanderen.be/id/concept/chemical_substance/0000927
Alkaloids and derivatives,https://data.omgeving.vlaanderen.be/id/concept/chemical_substance/0000279
Alkanes,https://data.omgeving.vlaanderen.be/id/concept/chemical_substance/0002500
Alkanesulfinic acids,https://data.omgeving.vlaanderen.be/id/concept/chemical_substance/0003462
Alkanesulfinic acids and derivatives,https://data.omgeving.vlaanderen.be/id/concept/chemical_substance/0003461
Alkanesulfonic acids,https://data.omgeving.vlaanderen.be/id/concept/chemical_substance/0003311
Alkanesulfonic acids and derivatives,https://data.omgeving.vlaanderen.be/id/concept/chemical_substance/0003136
Alkanolamines,https://data.omgeving.vlaanderen.be/id/concept/chemical_substance/0002460
Alkatetraenes,https://data.omgeving.vlaanderen.be/id/concept/chemical_substance/0002842
Alkatrienes,https://data.omgeving.vlaanderen.be/id/concept/chemical_substance/0002841
Alkatriynes,https://data.omgeving.vlaanderen.be/id/concept/chemical_substance/0002845
Alkenes,https://data.omgeving.vlaanderen.be/id/concept/chemical_substance/0002501
Alkenyl azides,https://data.omgeving.vlaanderen.be/id/concept/chemical_substance/0004473
Alkoxides,https://data.omgeving.vlaanderen.be/id/concept/chemical_substance/0004806
Alkoxy-S-triazines,https://data.omgeving.vlaanderen.be/id/concept/chemical_substance/0004638
Alkoxysilanes,https://data.omgeving.vlaanderen.be/id/concept/chemical_substance/0003265
Alkyl aryl ethers,https://data.omgeving.vlaanderen.be/id/concept/chemical_substance/0000128
Alkyl azides,https://data.omgeving.vlaanderen.be/id/concept/chemical_substance/0004465
Alkyl bromides,https://data.omgeving.vlaanderen.be/id/concept/chemical_substance/0001025
Alkyl chlorides,https://data.omgeving.vlaanderen.be/id/concept/chemical_substance/0001026
Alkyl fluorides,https://data.omgeving.vlaanderen.be/id/concept/chemical_substance/0001027
Alkyl glycosides,https://data.omgeving.vlaanderen.be/id/concept/chemical_substance/0002125
Alkyl halides,https://data.omgeving.vlaanderen.be/id/concept/chemical_substance/0002867
Alkyl hydroperoxides,https://data.omgeving.vlaanderen.be/id/concept/chemical_substance/0004582
Alkyl iodides,https://data.omgeving.vlaanderen.be/id/concept/chemical_substance/0001028
Alkyl lead compounds,https://data.omgeving.vlaanderen.be/id/concept/chemical_substance/0004027
Alkyl mercury compounds,https://data.omgeving.vlaanderen.be/id/concept/chemical_substance/0004042
Alkyl nitrates,https://data.omgeving.vlaanderen.be/id/concept/chemical_substance/0004091
Alkyl nitrites,https://data.omgeving.vlaanderen.be/id/concept/chemical_substance/0004093
Alkyl perchlorates,https://data.omgeving.vlaanderen.be/id/concept/chemical_substance/0004094
Alkyl phosphates,https://data.omgeving.vlaanderen.be/id/concept/chemical_substance/0003457
Alkyl sulfates,https://data.omgeving.vlaanderen.be/id/concept/chemical_substance/0003456
Alkyl trialkyllead peroxides,https://data.omgeving.vlaanderen.be/id/concept/chemical_substance/0004598
Alkyl-2-thio-S-triazines,https://data.omgeving.vlaanderen.be/id/concept/chemical_substance/0004637
Alkyl-CoA disulfides,https://data.omgeving.vlaanderen.be/id/concept/chemical_substance/0003656
Alkyl-phenylketones,https://data.omgeving.vlaanderen.be/id/concept/chemical_substance/0004298
Alkylaluminium and derivatives,https://data.omgeving.vlaanderen.be/id/concept/chemical_substance/0004568
Alkylaluminium halides,https://data.omgeving.vlaanderen.be/id/concept/chemical_substance/0004569
Alkylarsine oxides,https://data.omgeving.vlaanderen.be/id/concept/chemical_substance/0004641
Alkylarylsilanes,https://data.omgeving.vlaanderen.be/id/concept/chemical_substance/0003196
Alkylarylthioethers,https://data.omgeving.vlaanderen.be/id/concept/chemical_substance/0003863
Alkylboranes,https://data.omgeving.vlaanderen.be/id/concept/chemical_substance/0004570
Alkylchloroformates,https://data.omgeving.vlaanderen.be/id/concept/chemical_substance/0004431
Alkyldiacylglycerols,https://data.omgeving.vlaanderen.be/id/concept/chemical_substance/0003814
Alkyldiarylamines,https://data.omgeving.vlaanderen.be/id/concept/chemical_substance/0003902
Alkyldiazohydroxides,https://data.omgeving.vlaanderen.be/id/concept/chemical_substance/0003835
Alkyldimethylbenzylammonium chlorides,https://data.omgeving.vlaanderen.be/id/concept/chemical_substance/0003977
Alkyldimethylbenzylammonium halides,https://data.omgeving.vlaanderen.be/id/concept/chemical_substance/0003976
Alkylglucosinolates,https://data.omgeving.vlaanderen.be/id/concept/chemical_substance/0003925
Alkylhaloboranes,https://data.omgeving.vlaanderen.be/id/concept/chemical_substance/0004571
Alkylhalophosphines,https://data.omgeving.vlaanderen.be/id/concept/chemical_substance/0004572
Alkylhalosilanes,https://data.omgeving.vlaanderen.be/id/concept/chemical_substance/0003273
Alkylhydrazines,https://data.omgeving.vlaanderen.be/id/concept/chemical_substance/0004511
Alkylmagnesium halides,https://data.omgeving.vlaanderen.be/id/concept/chemical_substance/0004595
Alkyloxyphenoxypropionic acid esters,https://data.omgeving.vlaanderen.be/id/concept/chemical_substance/0004679
Alkyloxyphenoxypropionic acids,https://data.omgeving.vlaanderen.be/id/concept/chemical_substance/0004678
Alkylphosphonofluoridic acids and esters,https://data.omgeving.vlaanderen.be/id/concept/chemical_substance/0004483
Alkylsilanes,https://data.omgeving.vlaanderen.be/id/concept/chemical_substance/0003195
Alkylthiols,https://data.omgeving.vlaanderen.be/id/concept/chemical_substance/0001212
Alkynes,https://data.omgeving.vlaanderen.be/id/concept/chemical_substance/0001301
Allantoins,https://data.omgeving.vlaanderen.be/id/concept/chemical_substance/0002274
Allenes,https://data.omgeving.vlaanderen.be/id/concept/chemical_substance/0000016
Allocolchicine alkaloids,https://data.omgeving.vlaanderen.be/id/concept/chemical_substance/0003776
Alloxazines and isoalloxazines,https://data.omgeving.vlaanderen.be/id/concept/chemical_substance/0000384
Allyl sulfur compounds,https://data.omgeving.vlaanderen.be/id/concept/chemical_substance/0004195
Allyl trifluoromethanesulfonates,https://data.omgeving.vlaanderen.be/id/concept/chemical_substance/0004584
"Allyl-type 1,3-dipolar inorganic compounds",https://data.omgeving.vlaanderen.be/id/concept/chemical_substance/0003668
"Allyl-type 1,3-dipolar organic compounds",https://data.omgeving.vlaanderen.be/id/concept/chemical_substance/0003631
Allylamines,https://data.omgeving.vlaanderen.be/id/concept/chemical_substance/0004218
Allylic alcohols,https://data.omgeving.vlaanderen.be/id/concept/chemical_substance/0001576
Allylic hydroperoxides,https://data.omgeving.vlaanderen.be/id/concept/chemical_substance/0004585
Aloperine and related alkaloids,https://data.omgeving.vlaanderen.be/id/concept/chemical_substance/0002823
Alpha amino acid amides,https://data.omgeving.vlaanderen.be/id/concept/chemical_substance/0002309
Alpha amino acid esters,https://data.omgeving.vlaanderen.be/id/concept/chemical_substance/0000394
Alpha amino acids,https://data.omgeving.vlaanderen.be/id/concept/chemical_substance/0002404
Alpha amino acids and derivatives,https://data.omgeving.vlaanderen.be/id/concept/chemical_substance/0000060
Alpha carbolines,https://data.omgeving.vlaanderen.be/id/concept/chemical_substance/0001913
Alpha hydroxy acids and derivatives,https://data.omgeving.vlaanderen.be/id/concept/chemical_substance/0001359
Alpha ketoaldehydes,https://data.omgeving.vlaanderen.be/id/concept/chemical_substance/0001280
"Alpha,beta-sulfonopeptides",https://data.omgeving.vlaanderen.be/id/concept/chemical_substance/0001902
"Alpha,beta-unsaturated aldehydes",https://data.omgeving.vlaanderen.be/id/concept/chemical_substance/0002433
"Alpha,beta-unsaturated carbonyl compounds",https://data.omgeving.vlaanderen.be/id/concept/chemical_substance/0003131
"Alpha,beta-unsaturated carboxylic esters",https://data.omgeving.vlaanderen.be/id/concept/chemical_substance/0003628
"Alpha,beta-unsaturated ketones",https://data.omgeving.vlaanderen.be/id/concept/chemical_substance/0003672
Alpha-acyloxy aldehydes,https://data.omgeving.vlaanderen.be/id/concept/chemical_substance/0003685
Alpha-acyloxy carbonyl compounds,https://data.omgeving.vlaanderen.be/id/concept/chemical_substance/0003677
Alpha-acyloxy ketones,https://data.omgeving.vlaanderen.be/id/concept/chemical_substance/0003420
Alpha-amino acyl ester of carbohydrates,https://data.omgeving.vlaanderen.be/id/concept/chemical_substance/0001441
Alpha-amino ketones,https://data.omgeving.vlaanderen.be/id/concept/chemical_substance/0000122
Alpha-aminonitriles,https://data.omgeving.vlaanderen.be/id/concept/chemical_substance/0004453
"Alpha-branched alpha,beta-unsaturated ketones",https://data.omgeving.vlaanderen.be/id/concept/chemical_substance/0003674
Alpha-bromoaldehydes,https://data.omgeving.vlaanderen.be/id/concept/chemical_substance/0002432
Alpha-chloroketones,https://data.omgeving.vlaanderen.be/id/concept/chemical_substance/0004809
Alpha-diazo esters,https://data.omgeving.vlaanderen.be/id/concept/chemical_substance/0003197
Alpha-diazo ketones,https://data.omgeving.vlaanderen.be/id/concept/chemical_substance/0003198
Alpha-diketones,https://data.omgeving.vlaanderen.be/id/concept/chemical_substance/0001223
Alpha-halocarboxylic acid derivatives,https://data.omgeving.vlaanderen.be/id/concept/chemical_substance/0003001
Alpha-halocarboxylic acids,https://data.omgeving.vlaanderen.be/id/concept/chemical_substance/0003000
Alpha-halocarboxylic acids and derivatives,https://data.omgeving.vlaanderen.be/id/concept/chemical_substance/0001548
Alpha-haloketones,https://data.omgeving.vlaanderen.be/id/concept/chemical_substance/0004808
Alpha-hydrogen aldehydes,https://data.omgeving.vlaanderen.be/id/concept/chemical_substance/0002434
Alpha-hydroxy ketones,https://data.omgeving.vlaanderen.be/id/concept/chemical_substance/0002912
Alpha-hydroxyaldehydes,https://data.omgeving.vlaanderen.be/id/concept/chemical_substance/0003675
Alpha-hydroxynitriles,https://data.omgeving.vlaanderen.be/id/concept/chemical_substance/0004454
Alpha-imino acid and derivatives,https://data.omgeving.vlaanderen.be/id/concept/chemical_substance/0004132
Alpha-imino acid esters,https://data.omgeving.vlaanderen.be/id/concept/chemical_substance/0004133
Alpha-imino acids,https://data.omgeving.vlaanderen.be/id/concept/chemical_substance/0004114
Alpha-keto acids and derivatives,https://data.omgeving.vlaanderen.be/id/concept/chemical_substance/0001113
Alpha-methyldeoxybenzoin flavonoids,https://data.omgeving.vlaanderen.be/id/concept/chemical_substance/0002612
Alpha-phosphonopeptides,https://data.omgeving.vlaanderen.be/id/concept/chemical_substance/0001960
Alpha-sulfonopeptides,https://data.omgeving.vlaanderen.be/id/concept/chemical_substance/0001959
Amaryllidaceae alkaloids,https://data.omgeving.vlaanderen.be/id/concept/chemical_substance/0001775
Amatoxins,https://data.omgeving.vlaanderen.be/id/concept/chemical_substance/0004045
Ambrosanolides and secoambrosanolides,https://data.omgeving.vlaanderen.be/id/concept/chemical_substance/0002046
Amidines,https://data.omgeving.vlaanderen.be/id/concept/chemical_substance/0000007
Amidoximes,https://data.omgeving.vlaanderen.be/id/concept/chemical_substance/0002760
Amidrazones,https://data.omgeving.vlaanderen.be/id/concept/chemical_substance/0001164
Aminals,https://data.omgeving.vlaanderen.be/id/concept/chemical_substance/0000497
Amine oxides and derivatives,https://data.omgeving.vlaanderen.be/id/concept/chemical_substance/0000496
Amines,https://data.omgeving.vlaanderen.be/id/concept/chemical_substance/0002449
Amino acids,https://data.omgeving.vlaanderen.be/id/concept/chemical_substance/0004176
Amino acids and derivatives,https://data.omgeving.vlaanderen.be/id/concept/chemical_substance/0000347
"Amino acids, peptides, and analogues",https://data.omgeving.vlaanderen.be/id/concept/chemical_substance/0000013
Amino fatty acids,https://data.omgeving.vlaanderen.be/id/concept/chemical_substance/0000489
Amino oligosaccharides,https://data.omgeving.vlaanderen.be/id/concept/chemical_substance/0003303
Amino sugars,https://data.omgeving.vlaanderen.be/id/concept/chemical_substance/0001148
Aminobenzamides,https://data.omgeving.vlaanderen.be/id/concept/chemical_substance/0001917
Aminobenzenesulfonamides,https://data.omgeving.vlaanderen.be/id/concept/chemical_substance/0001925
Aminobenzoic acids,https://data.omgeving.vlaanderen.be/id/concept/chemical_substance/0002948
Aminobenzoic acids and derivatives,https://data.omgeving.vlaanderen.be/id/concept/chemical_substance/0000281
Aminocyclitol glycosides,https://data.omgeving.vlaanderen.be/id/concept/chemical_substance/0001675
Aminocyclitols,https://data.omgeving.vlaanderen.be/id/concept/chemical_substance/0004343
Aminocyclitols and derivatives,https://data.omgeving.vlaanderen.be/id/concept/chemical_substance/0002510
Aminoglycosides,https://data.omgeving.vlaanderen.be/id/concept/chemical_substance/0000282
Aminohydroquinones,https://data.omgeving.vlaanderen.be/id/concept/chemical_substance/0002624
Aminoimidazoles,https://data.omgeving.vlaanderen.be/id/concept/chemical_substance/0001225
Aminophenols,https://data.omgeving.vlaanderen.be/id/concept/chemical_substance/0000140
Aminophenyl ethers,https://data.omgeving.vlaanderen.be/id/concept/chemical_substance/0004670
Aminopiperidines,https://data.omgeving.vlaanderen.be/id/concept/chemical_substance/0002357
Aminopyrazines,https://data.omgeving.vlaanderen.be/id/concept/chemical_substance/0001694
Aminopyridazines,https://data.omgeving.vlaanderen.be/id/concept/chemical_substance/0001924
Aminopyridines and derivatives,https://data.omgeving.vlaanderen.be/id/concept/chemical_substance/0000283
Aminopyrimidines and derivatives,https://data.omgeving.vlaanderen.be/id/concept/chemical_substance/0001262
Aminoquinolines and derivatives,https://data.omgeving.vlaanderen.be/id/concept/chemical_substance/0000053
Aminosaccharides,https://data.omgeving.vlaanderen.be/id/concept/chemical_substance/0003305
Aminosalicylic acids,https://data.omgeving.vlaanderen.be/id/concept/chemical_substance/0003009
Aminosalicylic acids and derivatives,https://data.omgeving.vlaanderen.be/id/concept/chemical_substance/0003008
Aminosulfinyl compounds,https://data.omgeving.vlaanderen.be/id/concept/chemical_substance/0003143
Aminosulfonodithioyl compounds,https://data.omgeving.vlaanderen.be/id/concept/chemical_substance/0003139
Aminosulfonyl compounds,https://data.omgeving.vlaanderen.be/id/concept/chemical_substance/0003137
Aminotetrazines,https://data.omgeving.vlaanderen.be/id/concept/chemical_substance/0002234
Aminothiadiazoles,https://data.omgeving.vlaanderen.be/id/concept/chemical_substance/0002562
Aminothiazoles,https://data.omgeving.vlaanderen.be/id/concept/chemical_substance/0002329
Aminothiophenes,https://data.omgeving.vlaanderen.be/id/concept/chemical_substance/0001936
Aminotoluenes,https://data.omgeving.vlaanderen.be/id/concept/chemical_substance/0003964
Aminotriazines,https://data.omgeving.vlaanderen.be/id/concept/chemical_substance/0001693
Aminoxides,https://data.omgeving.vlaanderen.be/id/concept/chemical_substance/0003993
Ammonium ylides,https://data.omgeving.vlaanderen.be/id/concept/chemical_substance/0003192
Amphetamines and derivatives,https://data.omgeving.vlaanderen.be/id/concept/chemical_substance/0000188
"Amphilectane, neoamphilectane, cycloamphilectane, and adociane diterpenoids",https://data.omgeving.vlaanderen.be/id/concept/chemical_substance/0003398
Anagyrine-type alkaloids,https://data.omgeving.vlaanderen.be/id/concept/chemical_substance/0002723
Anatoxins,https://data.omgeving.vlaanderen.be/id/concept/chemical_substance/0001465
Androcymbine alkaloids,https://data.omgeving.vlaanderen.be/id/concept/chemical_substance/0003773
Androgens and derivatives,https://data.omgeving.vlaanderen.be/id/concept/chemical_substance/0001467
Androstane steroids,https://data.omgeving.vlaanderen.be/id/concept/chemical_substance/0003568
Angucyclines,https://data.omgeving.vlaanderen.be/id/concept/chemical_substance/0003415
Angular benzodifurans,https://data.omgeving.vlaanderen.be/id/concept/chemical_substance/0002741
Angular furanocoumarins,https://data.omgeving.vlaanderen.be/id/concept/chemical_substance/0002568
Angular furanoflavonoids and dihydrofuranoflavonoids,https://data.omgeving.vlaanderen.be/id/concept/chemical_substance/0002615
Angular pyranocoumarins,https://data.omgeving.vlaanderen.be/id/concept/chemical_substance/0003485
Angular triquinanes,https://data.omgeving.vlaanderen.be/id/concept/chemical_substance/0003582
Anilides,https://data.omgeving.vlaanderen.be/id/concept/chemical_substance/0000285
Aniline and substituted anilines,https://data.omgeving.vlaanderen.be/id/concept/chemical_substance/0000284
Anilinopyrimidines,https://data.omgeving.vlaanderen.be/id/concept/chemical_substance/0004216
Anisoles,https://data.omgeving.vlaanderen.be/id/concept/chemical_substance/0000138
Annonaceous acetogenins,https://data.omgeving.vlaanderen.be/id/concept/chemical_substance/0002518
Anthocyanidin 3-O-2-p-coumaroyl glycosides,https://data.omgeving.vlaanderen.be/id/concept/chemical_substance/0002712
Anthocyanidin 3-O-6-p-coumaroyl glycosides,https://data.omgeving.vlaanderen.be/id/concept/chemical_substance/0002711
Anthocyanidin 3-O-p-coumaroyl glycosides,https://data.omgeving.vlaanderen.be/id/concept/chemical_substance/0002708
Anthocyanidin 3p-O-2-p-coumaroyl glycosides,https://data.omgeving.vlaanderen.be/id/concept/chemical_substance/0002714
Anthocyanidin 3p-O-6-p-coumaroyl glycosides,https://data.omgeving.vlaanderen.be/id/concept/chemical_substance/0002713
Anthocyanidin 3p-O-p-coumaroyl glycosides,https://data.omgeving.vlaanderen.be/id/concept/chemical_substance/0002709
Anthocyanidin 5-O-2-p-coumaroyl glycosides,https://data.omgeving.vlaanderen.be/id/concept/chemical_substance/0002716
Anthocyanidin 5-O-6-p-coumaroyl glycosides,https://data.omgeving.vlaanderen.be/id/concept/chemical_substance/0002715
Anthocyanidin 5-O-p-coumaroyl glycosides,https://data.omgeving.vlaanderen.be/id/concept/chemical_substance/0002710
Anthocyanidin 7-O-2-p-coumaroyl glycosides,https://data.omgeving.vlaanderen.be/id/concept/chemical_substance/0003553
Anthocyanidin 7-O-6-p-coumaroyl glycosides,https://data.omgeving.vlaanderen.be/id/concept/chemical_substance/0003554
Anthocyanidin 7-O-p-coumaroyl glycosides,https://data.omgeving.vlaanderen.be/id/concept/chemical_substance/0003556
Anthocyanidin-3-O-glycosides,https://data.omgeving.vlaanderen.be/id/concept/chemical_substance/0002996
Anthocyanidin-5-O-glycosides,https://data.omgeving.vlaanderen.be/id/concept/chemical_substance/0002997
Anthocyanidin-7-O-Glycosides,https://data.omgeving.vlaanderen.be/id/concept/chemical_substance/0003555
Anthocyanidins,https://data.omgeving.vlaanderen.be/id/concept/chemical_substance/0000336
Anthocyanin-3'-O-glycosides,https://data.omgeving.vlaanderen.be/id/concept/chemical_substance/0003551
Anthocyanin-4'-O-glycosides,https://data.omgeving.vlaanderen.be/id/concept/chemical_substance/0003552
Anthocyanins,https://data.omgeving.vlaanderen.be/id/concept/chemical_substance/0001361
Anthracenecarboxylic acids,https://data.omgeving.vlaanderen.be/id/concept/chemical_substance/0002424
Anthracenecarboxylic acids and derivatives,https://data.omgeving.vlaanderen.be/id/concept/chemical_substance/0001911
Anthracenes,https://data.omgeving.vlaanderen.be/id/concept/chemical_substance/0000018
Anthracyclines,https://data.omgeving.vlaanderen.be/id/concept/chemical_substance/0002106
Anthranilamides,https://data.omgeving.vlaanderen.be/id/concept/chemical_substance/0004413
Anthraquinone glycosides,https://data.omgeving.vlaanderen.be/id/concept/chemical_substance/0001600
Anthraquinones,https://data.omgeving.vlaanderen.be/id/concept/chemical_substance/0000151
Aphidicolane and stemodane diterpenoids,https://data.omgeving.vlaanderen.be/id/concept/chemical_substance/0002931
Aporphines,https://data.omgeving.vlaanderen.be/id/concept/chemical_substance/0000381
Aralkylamines,https://data.omgeving.vlaanderen.be/id/concept/chemical_substance/0003899
Arborinane and stictane triterpenoids,https://data.omgeving.vlaanderen.be/id/concept/chemical_substance/0002917
Arenediazo aryl sulfides,https://data.omgeving.vlaanderen.be/id/concept/chemical_substance/0004590
Arenediazoates,https://data.omgeving.vlaanderen.be/id/concept/chemical_substance/0004587
Arginine and derivatives,https://data.omgeving.vlaanderen.be/id/concept/chemical_substance/0004320
Aristolactams,https://data.omgeving.vlaanderen.be/id/concept/chemical_substance/0002663
Aristolane sesquiterpenoids,https://data.omgeving.vlaanderen.be/id/concept/chemical_substance/0003565
Aristolochic acids and derivatives,https://data.omgeving.vlaanderen.be/id/concept/chemical_substance/0002664
Aromadendrane sesquiterpenoids,https://data.omgeving.vlaanderen.be/id/concept/chemical_substance/0001781
Aromatic 3-cyanotriazenes,https://data.omgeving.vlaanderen.be/id/concept/chemical_substance/0004600
Aromatic alcohols,https://data.omgeving.vlaanderen.be/id/concept/chemical_substance/0003073
Aromatic amines,https://data.omgeving.vlaanderen.be/id/concept/chemical_substance/0002241
Aromatic anilides,https://data.omgeving.vlaanderen.be/id/concept/chemical_substance/0004712
Aromatic hydrocarbons,https://data.omgeving.vlaanderen.be/id/concept/chemical_substance/0004477
Aromatic monoterpenoids,https://data.omgeving.vlaanderen.be/id/concept/chemical_substance/0000051
Aromatic oligo- and polyamides,https://data.omgeving.vlaanderen.be/id/concept/chemical_substance/0001963
Aromatic urea oligo- and polyamides,https://data.omgeving.vlaanderen.be/id/concept/chemical_substance/0001962
Arsine imides,https://data.omgeving.vlaanderen.be/id/concept/chemical_substance/0003987
Arsine oxides,https://data.omgeving.vlaanderen.be/id/concept/chemical_substance/0003986
Arsine sulfides,https://data.omgeving.vlaanderen.be/id/concept/chemical_substance/0003988
Arsines,https://data.omgeving.vlaanderen.be/id/concept/chemical_substance/0003984
Arsoles,https://data.omgeving.vlaanderen.be/id/concept/chemical_substance/0000065
Arsonous acid esters,https://data.omgeving.vlaanderen.be/id/concept/chemical_substance/0004246
Artemisinins,https://data.omgeving.vlaanderen.be/id/concept/chemical_substance/0002440
"Aryl 1,2,4-triazolones",https://data.omgeving.vlaanderen.be/id/concept/chemical_substance/0004683
Aryl alkyl ketones,https://data.omgeving.vlaanderen.be/id/concept/chemical_substance/0003671
Aryl azides,https://data.omgeving.vlaanderen.be/id/concept/chemical_substance/0004466
Aryl bromides,https://data.omgeving.vlaanderen.be/id/concept/chemical_substance/0001029
Aryl chlorides,https://data.omgeving.vlaanderen.be/id/concept/chemical_substance/0001030
Aryl dialkyl phosphates,https://data.omgeving.vlaanderen.be/id/concept/chemical_substance/0004544
Aryl fluorides,https://data.omgeving.vlaanderen.be/id/concept/chemical_substance/0001031
Aryl halides,https://data.omgeving.vlaanderen.be/id/concept/chemical_substance/0002866
Aryl iodides,https://data.omgeving.vlaanderen.be/id/concept/chemical_substance/0001032
Aryl ketones,https://data.omgeving.vlaanderen.be/id/concept/chemical_substance/0003670
Aryl mercury compounds,https://data.omgeving.vlaanderen.be/id/concept/chemical_substance/0004043
Aryl phosphates,https://data.omgeving.vlaanderen.be/id/concept/chemical_substance/0004616
Aryl phosphodiesters,https://data.omgeving.vlaanderen.be/id/concept/chemical_substance/0004618
Aryl phosphomonoesters,https://data.omgeving.vlaanderen.be/id/concept/chemical_substance/0004617
Aryl phosphotriesters,https://data.omgeving.vlaanderen.be/id/concept/chemical_substance/0004619
Aryl thioethers,https://data.omgeving.vlaanderen.be/id/concept/chemical_substance/0004631
Aryl thiophosphates,https://data.omgeving.vlaanderen.be/id/concept/chemical_substance/0004623
Aryl-aldehydes,https://data.omgeving.vlaanderen.be/id/concept/chemical_substance/0003213
Aryl-phenylketones,https://data.omgeving.vlaanderen.be/id/concept/chemical_substance/0004297
Arylbiguanides,https://data.omgeving.vlaanderen.be/id/concept/chemical_substance/0004534
Arylhydroxamates,https://data.omgeving.vlaanderen.be/id/concept/chemical_substance/0004545
Arylmagnesium halides,https://data.omgeving.vlaanderen.be/id/concept/chemical_substance/0004596
Arylnaphthalene lignans,https://data.omgeving.vlaanderen.be/id/concept/chemical_substance/0001610
Aryloxyphenoxypropionic acid esters,https://data.omgeving.vlaanderen.be/id/concept/chemical_substance/0004675
Aryloxyphenoxypropionic acids,https://data.omgeving.vlaanderen.be/id/concept/chemical_substance/0004674
Arylsufonic acids,https://data.omgeving.vlaanderen.be/id/concept/chemical_substance/0003074
Arylsulfates,https://data.omgeving.vlaanderen.be/id/concept/chemical_substance/0004258
Arylsulfonic acids and derivatives,https://data.omgeving.vlaanderen.be/id/concept/chemical_substance/0002237
Aryltetralin lignans,https://data.omgeving.vlaanderen.be/id/concept/chemical_substance/0003425
Asparagine and derivatives,https://data.omgeving.vlaanderen.be/id/concept/chemical_substance/0004312
Aspartic acid and derivatives,https://data.omgeving.vlaanderen.be/id/concept/chemical_substance/0004317
Aspidofractine alkaloids,https://data.omgeving.vlaanderen.be/id/concept/chemical_substance/0003755
Aspidospermatan-type alkaloids,https://data.omgeving.vlaanderen.be/id/concept/chemical_substance/0002755
Aspochalasins,https://data.omgeving.vlaanderen.be/id/concept/chemical_substance/0003768
Atisane diterpenoids,https://data.omgeving.vlaanderen.be/id/concept/chemical_substance/0002738
Atisine-type diterpenoid alkaloids,https://data.omgeving.vlaanderen.be/id/concept/chemical_substance/0002739
Aurone O-glycosides,https://data.omgeving.vlaanderen.be/id/concept/chemical_substance/0001738
Aurone flavonoids,https://data.omgeving.vlaanderen.be/id/concept/chemical_substance/0001631
Auronols,https://data.omgeving.vlaanderen.be/id/concept/chemical_substance/0003471
Avenanthramides,https://data.omgeving.vlaanderen.be/id/concept/chemical_substance/0004559
Azaborinanes,https://data.omgeving.vlaanderen.be/id/concept/chemical_substance/0000345
Azaborines,https://data.omgeving.vlaanderen.be/id/concept/chemical_substance/0002112
Azaborinines,https://data.omgeving.vlaanderen.be/id/concept/chemical_substance/0002113
Azacyclic compounds,https://data.omgeving.vlaanderen.be/id/concept/chemical_substance/0004139
Azahomoaporphines,https://data.omgeving.vlaanderen.be/id/concept/chemical_substance/0003020
Azapeptides,https://data.omgeving.vlaanderen.be/id/concept/chemical_substance/0001942
Azaphilones,https://data.omgeving.vlaanderen.be/id/concept/chemical_substance/0003477
Azarsinanes,https://data.omgeving.vlaanderen.be/id/concept/chemical_substance/0002102
Azaspirodecane derivatives,https://data.omgeving.vlaanderen.be/id/concept/chemical_substance/0000130
Azasteroids and derivatives,https://data.omgeving.vlaanderen.be/id/concept/chemical_substance/0002340
Azatides,https://data.omgeving.vlaanderen.be/id/concept/chemical_substance/0001941
Azepanes,https://data.omgeving.vlaanderen.be/id/concept/chemical_substance/0000307
Azepines,https://data.omgeving.vlaanderen.be/id/concept/chemical_substance/0000069
Azetidinecarboxylic acids,https://data.omgeving.vlaanderen.be/id/concept/chemical_substance/0002422
Azetidinecarboxylic acids or derivatives,https://data.omgeving.vlaanderen.be/id/concept/chemical_substance/0001876
Azetidines,https://data.omgeving.vlaanderen.be/id/concept/chemical_substance/0000102
"Azetidino[1,2-d][1,4]benzodiazepines",https://data.omgeving.vlaanderen.be/id/concept/chemical_substance/0004235
Azines,https://data.omgeving.vlaanderen.be/id/concept/chemical_substance/0002392
Aziridinecarboxylic acids,https://data.omgeving.vlaanderen.be/id/concept/chemical_substance/0002423
Aziridinecarboxylic acids or derivatives,https://data.omgeving.vlaanderen.be/id/concept/chemical_substance/0001877
Aziridines,https://data.omgeving.vlaanderen.be/id/concept/chemical_substance/0000103
Aziridinones,https://data.omgeving.vlaanderen.be/id/concept/chemical_substance/0002853
Aziridinylquinones,https://data.omgeving.vlaanderen.be/id/concept/chemical_substance/0004523
Azirines,https://data.omgeving.vlaanderen.be/id/concept/chemical_substance/0000104
Azlactones,https://data.omgeving.vlaanderen.be/id/concept/chemical_substance/0002859
Azo compounds,https://data.omgeving.vlaanderen.be/id/concept/chemical_substance/0000410
Azo imides,https://data.omgeving.vlaanderen.be/id/concept/chemical_substance/0002036
Azobenzenes,https://data.omgeving.vlaanderen.be/id/concept/chemical_substance/0003370
Azoles,https://data.omgeving.vlaanderen.be/id/concept/chemical_substance/0000436
Azolidines,https://data.omgeving.vlaanderen.be/id/concept/chemical_substance/0002491
Azolines,https://data.omgeving.vlaanderen.be/id/concept/chemical_substance/0002490
Azomethine imides,https://data.omgeving.vlaanderen.be/id/concept/chemical_substance/0002396
Azomethine ylides,https://data.omgeving.vlaanderen.be/id/concept/chemical_substance/0002398
Azomethines,https://data.omgeving.vlaanderen.be/id/concept/chemical_substance/0002393
Azonic acids and derivatives,https://data.omgeving.vlaanderen.be/id/concept/chemical_substance/0002399
Azoxy compounds,https://data.omgeving.vlaanderen.be/id/concept/chemical_substance/0002037
Azulenes,https://data.omgeving.vlaanderen.be/id/concept/chemical_substance/0000290
B-type proanthocyanidins,https://data.omgeving.vlaanderen.be/id/concept/chemical_substance/0004818
Bacteriohopanoids,https://data.omgeving.vlaanderen.be/id/concept/chemical_substance/0001826
Bactoprenol diphosphates,https://data.omgeving.vlaanderen.be/id/concept/chemical_substance/0003860
Bactoprenol monophosphates,https://data.omgeving.vlaanderen.be/id/concept/chemical_substance/0003859
Bactoprenols,https://data.omgeving.vlaanderen.be/id/concept/chemical_substance/0003858
Bakkenolides,https://data.omgeving.vlaanderen.be/id/concept/chemical_substance/0002045
Barbituric acid derivatives,https://data.omgeving.vlaanderen.be/id/concept/chemical_substance/0000292
Batrachotoxins and derivatives,https://data.omgeving.vlaanderen.be/id/concept/chemical_substance/0000385
Benzacridines,https://data.omgeving.vlaanderen.be/id/concept/chemical_substance/0003017
Benzaldehydes,https://data.omgeving.vlaanderen.be/id/concept/chemical_substance/0001345
Benzamides,https://data.omgeving.vlaanderen.be/id/concept/chemical_substance/0000178
Benzanilides,https://data.omgeving.vlaanderen.be/id/concept/chemical_substance/0004713
Benzarsazines and derivatives,https://data.omgeving.vlaanderen.be/id/concept/chemical_substance/0002103
Benzarsoles,https://data.omgeving.vlaanderen.be/id/concept/chemical_substance/0000300
Benzazepines,https://data.omgeving.vlaanderen.be/id/concept/chemical_substance/0000293
Benzazocines,https://data.omgeving.vlaanderen.be/id/concept/chemical_substance/0004007
Benzene and substituted derivatives,https://data.omgeving.vlaanderen.be/id/concept/chemical_substance/0002279
Benzenecarbothioic S-acids,https://data.omgeving.vlaanderen.be/id/concept/chemical_substance/0004355
Benzenediols,https://data.omgeving.vlaanderen.be/id/concept/chemical_substance/0001286
Benzenesulfonamides,https://data.omgeving.vlaanderen.be/id/concept/chemical_substance/0000031
Benzenesulfonate esters,https://data.omgeving.vlaanderen.be/id/concept/chemical_substance/0004309
Benzenesulfonic acids and derivatives,https://data.omgeving.vlaanderen.be/id/concept/chemical_substance/0000032
Benzenesulfonyl chlorides,https://data.omgeving.vlaanderen.be/id/concept/chemical_substance/0004234
Benzenesulfonyl compounds,https://data.omgeving.vlaanderen.be/id/concept/chemical_substance/0004233
Benzenesulfonyl halides,https://data.omgeving.vlaanderen.be/id/concept/chemical_substance/0004308
Benzenetriols and derivatives,https://data.omgeving.vlaanderen.be/id/concept/chemical_substance/0001310
Benzenoids,https://data.omgeving.vlaanderen.be/id/concept/chemical_substance/0002448
Benzidines,https://data.omgeving.vlaanderen.be/id/concept/chemical_substance/0003955
Benzimidazole ribonucleosides and ribonucleotides,https://data.omgeving.vlaanderen.be/id/concept/chemical_substance/0000663
Benzimidazoles,https://data.omgeving.vlaanderen.be/id/concept/chemical_substance/0000294
Benzisoxazoles,https://data.omgeving.vlaanderen.be/id/concept/chemical_substance/0002332
Benzisoxazolones,https://data.omgeving.vlaanderen.be/id/concept/chemical_substance/0002333
"Benzo-1,2,3-triazines",https://data.omgeving.vlaanderen.be/id/concept/chemical_substance/0004659
"Benzo-1,2-dioxanes",https://data.omgeving.vlaanderen.be/id/concept/chemical_substance/0002700
"Benzo-1,3-dioxanes",https://data.omgeving.vlaanderen.be/id/concept/chemical_substance/0002701
"Benzo-1,4-dioxanes",https://data.omgeving.vlaanderen.be/id/concept/chemical_substance/0002702
"Benzo-2,3-dioxanes",https://data.omgeving.vlaanderen.be/id/concept/chemical_substance/0002703
Benzo-m-dioxins,https://data.omgeving.vlaanderen.be/id/concept/chemical_substance/0001383
Benzo-o-dioxins,https://data.omgeving.vlaanderen.be/id/concept/chemical_substance/0001382
Benzo-p-dioxins,https://data.omgeving.vlaanderen.be/id/concept/chemical_substance/0001379
Benzo[c]quinolizin-3-ones,https://data.omgeving.vlaanderen.be/id/concept/chemical_substance/0004422
Benzo[f]quinolin-3-ones,https://data.omgeving.vlaanderen.be/id/concept/chemical_substance/0004423
Benzochromones,https://data.omgeving.vlaanderen.be/id/concept/chemical_substance/0001736
Benzocycloheptapyridines,https://data.omgeving.vlaanderen.be/id/concept/chemical_substance/0002351
Benzodiazepines,https://data.omgeving.vlaanderen.be/id/concept/chemical_substance/0000295
Benzodiazines,https://data.omgeving.vlaanderen.be/id/concept/chemical_substance/0004789
Benzodifurans,https://data.omgeving.vlaanderen.be/id/concept/chemical_substance/0002740
Benzodioxanes,https://data.omgeving.vlaanderen.be/id/concept/chemical_substance/0002699
Benzodioxinopyrroles,https://data.omgeving.vlaanderen.be/id/concept/chemical_substance/0002107
Benzodioxins,https://data.omgeving.vlaanderen.be/id/concept/chemical_substance/0002100
Benzodioxoles,https://data.omgeving.vlaanderen.be/id/concept/chemical_substance/0000296
Benzodithiins,https://data.omgeving.vlaanderen.be/id/concept/chemical_substance/0002804
Benzofuran-2-C-glycosides,https://data.omgeving.vlaanderen.be/id/concept/chemical_substance/0003497
Benzofuran-2-O-glycosides,https://data.omgeving.vlaanderen.be/id/concept/chemical_substance/0003498
Benzofuran-5-C-glycosides,https://data.omgeving.vlaanderen.be/id/concept/chemical_substance/0003499
Benzofuran-5-O-glycosides,https://data.omgeving.vlaanderen.be/id/concept/chemical_substance/0003500
Benzofuranones,https://data.omgeving.vlaanderen.be/id/concept/chemical_substance/0001578
Benzofurans,https://data.omgeving.vlaanderen.be/id/concept/chemical_substance/0000301
Benzofuranyl 5-alkylsulfonates,https://data.omgeving.vlaanderen.be/id/concept/chemical_substance/0004672
Benzoic acid esters,https://data.omgeving.vlaanderen.be/id/concept/chemical_substance/0001350
Benzoic acids,https://data.omgeving.vlaanderen.be/id/concept/chemical_substance/0002565
Benzoic acids and derivatives,https://data.omgeving.vlaanderen.be/id/concept/chemical_substance/0000176
Benzoins,https://data.omgeving.vlaanderen.be/id/concept/chemical_substance/0001331
Benzoisochromanequinones,https://data.omgeving.vlaanderen.be/id/concept/chemical_substance/0002355
Benzomorpholines,https://data.omgeving.vlaanderen.be/id/concept/chemical_substance/0002108
Benzonitriles,https://data.omgeving.vlaanderen.be/id/concept/chemical_substance/0001530
Benzophenanthridine alkaloids,https://data.omgeving.vlaanderen.be/id/concept/chemical_substance/0002665
Benzophenones,https://data.omgeving.vlaanderen.be/id/concept/chemical_substance/0000120
Benzopyrans,https://data.omgeving.vlaanderen.be/id/concept/chemical_substance/0000123
Benzopyrazoles,https://data.omgeving.vlaanderen.be/id/concept/chemical_substance/0001629
Benzopyrenes,https://data.omgeving.vlaanderen.be/id/concept/chemical_substance/0000316
Benzoquinolines,https://data.omgeving.vlaanderen.be/id/concept/chemical_substance/0001908
Benzoquinones,https://data.omgeving.vlaanderen.be/id/concept/chemical_substance/0002384
Benzothiadiazines,https://data.omgeving.vlaanderen.be/id/concept/chemical_substance/0000308
Benzothiadiazoles,https://data.omgeving.vlaanderen.be/id/concept/chemical_substance/0002323
Benzothiazepines,https://data.omgeving.vlaanderen.be/id/concept/chemical_substance/0000317
Benzothiazines,https://data.omgeving.vlaanderen.be/id/concept/chemical_substance/0000309
Benzothiazoles,https://data.omgeving.vlaanderen.be/id/concept/chemical_substance/0000311
Benzothiepins,https://data.omgeving.vlaanderen.be/id/concept/chemical_substance/0000231
Benzothiophenes,https://data.omgeving.vlaanderen.be/id/concept/chemical_substance/0000312
Benzothiopyrans,https://data.omgeving.vlaanderen.be/id/concept/chemical_substance/0003412
Benzotriazine organothiophosphates,https://data.omgeving.vlaanderen.be/id/concept/chemical_substance/0004660
Benzotriazole ribonucleosides and ribonucleotides,https://data.omgeving.vlaanderen.be/id/concept/chemical_substance/0001867
Benzotriazoles,https://data.omgeving.vlaanderen.be/id/concept/chemical_substance/0000315
Benzotropolones,https://data.omgeving.vlaanderen.be/id/concept/chemical_substance/0004804
Benzoxadiazoles,https://data.omgeving.vlaanderen.be/id/concept/chemical_substance/0001930
Benzoxanthenes,https://data.omgeving.vlaanderen.be/id/concept/chemical_substance/0003483
Benzoxathiins,https://data.omgeving.vlaanderen.be/id/concept/chemical_substance/0002059
Benzoxathioles,https://data.omgeving.vlaanderen.be/id/concept/chemical_substance/0001875
Benzoxazepines,https://data.omgeving.vlaanderen.be/id/concept/chemical_substance/0000319
Benzoxazines,https://data.omgeving.vlaanderen.be/id/concept/chemical_substance/0001396
Benzoxazinones,https://data.omgeving.vlaanderen.be/id/concept/chemical_substance/0001437
Benzoxazoles,https://data.omgeving.vlaanderen.be/id/concept/chemical_substance/0000302
Benzoxazolines,https://data.omgeving.vlaanderen.be/id/concept/chemical_substance/0000006
Benzoxazolones,https://data.omgeving.vlaanderen.be/id/concept/chemical_substance/0001973
Benzoxepines,https://data.omgeving.vlaanderen.be/id/concept/chemical_substance/0001910
Benzoyl derivatives,https://data.omgeving.vlaanderen.be/id/concept/chemical_substance/0000321
Benzoyl peroxides,https://data.omgeving.vlaanderen.be/id/concept/chemical_substance/0004112
"Benzoylcyclohexane-1,3-diones",https://data.omgeving.vlaanderen.be/id/concept/chemical_substance/0004673
Benzoylindoles,https://data.omgeving.vlaanderen.be/id/concept/chemical_substance/0001753
Benzoylpyrazoles,https://data.omgeving.vlaanderen.be/id/concept/chemical_substance/0004704
Benzyl alcohols,https://data.omgeving.vlaanderen.be/id/concept/chemical_substance/0000033
Benzyl alkyl sulfoxides,https://data.omgeving.vlaanderen.be/id/concept/chemical_substance/0004630
Benzyl bromides,https://data.omgeving.vlaanderen.be/id/concept/chemical_substance/0003979
Benzyl chlorides,https://data.omgeving.vlaanderen.be/id/concept/chemical_substance/0003980
Benzyl cyanides,https://data.omgeving.vlaanderen.be/id/concept/chemical_substance/0001220
Benzyl esters,https://data.omgeving.vlaanderen.be/id/concept/chemical_substance/0001654
Benzyl fluorides,https://data.omgeving.vlaanderen.be/id/concept/chemical_substance/0003982
Benzyl halides,https://data.omgeving.vlaanderen.be/id/concept/chemical_substance/0003981
Benzyl isothiocyanates,https://data.omgeving.vlaanderen.be/id/concept/chemical_substance/0004548
Benzyl sulfoxides,https://data.omgeving.vlaanderen.be/id/concept/chemical_substance/0004629
Benzyl thiocyanates,https://data.omgeving.vlaanderen.be/id/concept/chemical_substance/0004549
Benzylamines,https://data.omgeving.vlaanderen.be/id/concept/chemical_substance/0002673
Benzylethers,https://data.omgeving.vlaanderen.be/id/concept/chemical_substance/0002542
Benzylisoquinolines,https://data.omgeving.vlaanderen.be/id/concept/chemical_substance/0000054
Benzyloxycarbonyls,https://data.omgeving.vlaanderen.be/id/concept/chemical_substance/0001097
Benzylpiperidines,https://data.omgeving.vlaanderen.be/id/concept/chemical_substance/0003087
Beta amino acids and derivatives,https://data.omgeving.vlaanderen.be/id/concept/chemical_substance/0001878
Beta carbolines,https://data.omgeving.vlaanderen.be/id/concept/chemical_substance/0001914
Beta hydroxy acids and derivatives,https://data.omgeving.vlaanderen.be/id/concept/chemical_substance/0001713
Beta ketoaldehydes,https://data.omgeving.vlaanderen.be/id/concept/chemical_substance/0001376
Beta lactams,https://data.omgeving.vlaanderen.be/id/concept/chemical_substance/0000162
Beta propiolactones,https://data.omgeving.vlaanderen.be/id/concept/chemical_substance/0001243
Beta sultams,https://data.omgeving.vlaanderen.be/id/concept/chemical_substance/0001882
Beta sultims,https://data.omgeving.vlaanderen.be/id/concept/chemical_substance/0002096
Beta sultones,https://data.omgeving.vlaanderen.be/id/concept/chemical_substance/0001887
Beta-amino ketones,https://data.omgeving.vlaanderen.be/id/concept/chemical_substance/0000280
Beta-diketones,https://data.omgeving.vlaanderen.be/id/concept/chemical_substance/0003926
Beta-hydroxy aldehydes,https://data.omgeving.vlaanderen.be/id/concept/chemical_substance/0002435
Beta-hydroxy ketones,https://data.omgeving.vlaanderen.be/id/concept/chemical_substance/0002913
Beta-keto acids and derivatives,https://data.omgeving.vlaanderen.be/id/concept/chemical_substance/0001114
Beta-sulfonopeptides,https://data.omgeving.vlaanderen.be/id/concept/chemical_substance/0001901
Betacyanins and derivatives,https://data.omgeving.vlaanderen.be/id/concept/chemical_substance/0001434
Betalains,https://data.omgeving.vlaanderen.be/id/concept/chemical_substance/0001435
Betaxanthins and derivatives,https://data.omgeving.vlaanderen.be/id/concept/chemical_substance/0000322
Bi- and oligothiophenes,https://data.omgeving.vlaanderen.be/id/concept/chemical_substance/0002021
Bicyclic amino acids and derivatives,https://data.omgeving.vlaanderen.be/id/concept/chemical_substance/0001698
Bicyclic monoterpenoids,https://data.omgeving.vlaanderen.be/id/concept/chemical_substance/0001564
Bicyclogermacrane and isolepidozane sesquiterpenoids,https://data.omgeving.vlaanderen.be/id/concept/chemical_substance/0003549
Biflavonoids and polyflavonoids,https://data.omgeving.vlaanderen.be/id/concept/chemical_substance/0001586
Biflorane and serrulatane diterpenoids,https://data.omgeving.vlaanderen.be/id/concept/chemical_substance/0000351
Biguanides,https://data.omgeving.vlaanderen.be/id/concept/chemical_substance/0000474
"Bile acids, alcohols and derivatives",https://data.omgeving.vlaanderen.be/id/concept/chemical_substance/0001445
Bilirubins,https://data.omgeving.vlaanderen.be/id/concept/chemical_substance/0001593
Biopterins and derivatives,https://data.omgeving.vlaanderen.be/id/concept/chemical_substance/0001651
Biotin and derivatives,https://data.omgeving.vlaanderen.be/id/concept/chemical_substance/0000244
Biphenols,https://data.omgeving.vlaanderen.be/id/concept/chemical_substance/0000325
Biphenylbenzimidazoles,https://data.omgeving.vlaanderen.be/id/concept/chemical_substance/0000043
Biphenylcarbonitriles,https://data.omgeving.vlaanderen.be/id/concept/chemical_substance/0001892
Biphenyls and derivatives,https://data.omgeving.vlaanderen.be/id/concept/chemical_substance/0000041
Biphenyltetrazoles and derivatives,https://data.omgeving.vlaanderen.be/id/concept/chemical_substance/0000044
Bipyridines and oligopyridines,https://data.omgeving.vlaanderen.be/id/concept/chemical_substance/0000326
Bipyrimidines and oligopyrimidines,https://data.omgeving.vlaanderen.be/id/concept/chemical_substance/0001978
Bis-arenediazo oxides,https://data.omgeving.vlaanderen.be/id/concept/chemical_substance/0004588
Bis-arenediazo sulfides,https://data.omgeving.vlaanderen.be/id/concept/chemical_substance/0004589
Bisphenols,https://data.omgeving.vlaanderen.be/id/concept/chemical_substance/0000143
Bisphosphatidic acids,https://data.omgeving.vlaanderen.be/id/concept/chemical_substance/0001751
Bisphosphonates,https://data.omgeving.vlaanderen.be/id/concept/chemical_substance/0000327
Borate esters,https://data.omgeving.vlaanderen.be/id/concept/chemical_substance/0004433
Borinanes,https://data.omgeving.vlaanderen.be/id/concept/chemical_substance/0002910
Borinic acid derivatives,https://data.omgeving.vlaanderen.be/id/concept/chemical_substance/0003219
Borinic acid esters,https://data.omgeving.vlaanderen.be/id/concept/chemical_substance/0003220
Borinic acids,https://data.omgeving.vlaanderen.be/id/concept/chemical_substance/0003221
Boronic acid derivatives,https://data.omgeving.vlaanderen.be/id/concept/chemical_substance/0000498
Boronic acid esters,https://data.omgeving.vlaanderen.be/id/concept/chemical_substance/0001369
Boronic acids,https://data.omgeving.vlaanderen.be/id/concept/chemical_substance/0000415
Branched alkanes,https://data.omgeving.vlaanderen.be/id/concept/chemical_substance/0004620
Branched cycloalkanes,https://data.omgeving.vlaanderen.be/id/concept/chemical_substance/0004621
Branched fatty acids,https://data.omgeving.vlaanderen.be/id/concept/chemical_substance/0000338
Branched unsaturated hydrocarbons,https://data.omgeving.vlaanderen.be/id/concept/chemical_substance/0004622
Brassinolides and derivatives,https://data.omgeving.vlaanderen.be/id/concept/chemical_substance/0001774
Brevetoxins and derivatives,https://data.omgeving.vlaanderen.be/id/concept/chemical_substance/0001304
Briarane diterpenoids,https://data.omgeving.vlaanderen.be/id/concept/chemical_substance/0002890
Brominated biphenyls,https://data.omgeving.vlaanderen.be/id/concept/chemical_substance/0000052
Brominated dibenzofurans,https://data.omgeving.vlaanderen.be/id/concept/chemical_substance/0004520
Bromoalkenes,https://data.omgeving.vlaanderen.be/id/concept/chemical_substance/0003904
Bromobenzenes,https://data.omgeving.vlaanderen.be/id/concept/chemical_substance/0001098
Bromodiphenyl ethers,https://data.omgeving.vlaanderen.be/id/concept/chemical_substance/0001845
Bromohydrins,https://data.omgeving.vlaanderen.be/id/concept/chemical_substance/0002607
Bromophenols,https://data.omgeving.vlaanderen.be/id/concept/chemical_substance/0002764
Bufanolide glycosides and derivatives,https://data.omgeving.vlaanderen.be/id/concept/chemical_substance/0001558
Bufanolides and derivatives,https://data.omgeving.vlaanderen.be/id/concept/chemical_substance/0001557
Butenolides,https://data.omgeving.vlaanderen.be/id/concept/chemical_substance/0002223
Butyrophenones,https://data.omgeving.vlaanderen.be/id/concept/chemical_substance/0000350
Buxus alkaloids,https://data.omgeving.vlaanderen.be/id/concept/chemical_substance/0002726
C-cinnamoyl glycosides,https://data.omgeving.vlaanderen.be/id/concept/chemical_substance/0003478
C-glucuronides,https://data.omgeving.vlaanderen.be/id/concept/chemical_substance/0002815
C-glycosyl compounds,https://data.omgeving.vlaanderen.be/id/concept/chemical_substance/0002204
C-nitro compounds,https://data.omgeving.vlaanderen.be/id/concept/chemical_substance/0004117
C-nitroso compounds,https://data.omgeving.vlaanderen.be/id/concept/chemical_substance/0003034
C-type proanthocyanidins,https://data.omgeving.vlaanderen.be/id/concept/chemical_substance/0004829
C19-gibberellin 6-carboxylic acids,https://data.omgeving.vlaanderen.be/id/concept/chemical_substance/0004013
C19-gibberellins,https://data.omgeving.vlaanderen.be/id/concept/chemical_substance/0002998
"C2-aryl pyrrolo[2,1-c][1,4]benzodiazepines",https://data.omgeving.vlaanderen.be/id/concept/chemical_substance/0004231
C2-linked imidazole ribonucleosides and ribonucleotides,https://data.omgeving.vlaanderen.be/id/concept/chemical_substance/0003735
C20-gibberellin 20-carboxylic acids,https://data.omgeving.vlaanderen.be/id/concept/chemical_substance/0004015
C20-gibberellin 6-carboxylic acids,https://data.omgeving.vlaanderen.be/id/concept/chemical_substance/0004014
C20-gibberellins,https://data.omgeving.vlaanderen.be/id/concept/chemical_substance/0002999
C24-propyl sterols and derivatives,https://data.omgeving.vlaanderen.be/id/concept/chemical_substance/0003061
C4-linked imidazole ribonucleosides and ribonucleotides,https://data.omgeving.vlaanderen.be/id/concept/chemical_substance/0003736
C8-prenylated coumarins,https://data.omgeving.vlaanderen.be/id/concept/chemical_substance/0004821
CDP-diacylglycerols,https://data.omgeving.vlaanderen.be/id/concept/chemical_substance/0001256
CDP-ethanolamines,https://data.omgeving.vlaanderen.be/id/concept/chemical_substance/0004795
CDP-glycerols,https://data.omgeving.vlaanderen.be/id/concept/chemical_substance/0001263
CDP-monoacylglycerols,https://data.omgeving.vlaanderen.be/id/concept/chemical_substance/0001264
Cadinanolides,https://data.omgeving.vlaanderen.be/id/concept/chemical_substance/0002048
Camptothecins,https://data.omgeving.vlaanderen.be/id/concept/chemical_substance/0000240
Capnellane and isocapnellane sesquiterpenoids,https://data.omgeving.vlaanderen.be/id/concept/chemical_substance/0003581
Caprolactams,https://data.omgeving.vlaanderen.be/id/concept/chemical_substance/0000163
Caprolactones,https://data.omgeving.vlaanderen.be/id/concept/chemical_substance/0001241
Carbacephems,https://data.omgeving.vlaanderen.be/id/concept/chemical_substance/0002318
Carbamate esters,https://data.omgeving.vlaanderen.be/id/concept/chemical_substance/0001162
Carbamic acid halides,https://data.omgeving.vlaanderen.be/id/concept/chemical_substance/0001192
Carbamic acids,https://data.omgeving.vlaanderen.be/id/concept/chemical_substance/0000271
Carbamic acids and derivatives,https://data.omgeving.vlaanderen.be/id/concept/chemical_substance/0000318
Carbapenams,https://data.omgeving.vlaanderen.be/id/concept/chemical_substance/0003066
Carbapenems,https://data.omgeving.vlaanderen.be/id/concept/chemical_substance/0000167
Carbazoles,https://data.omgeving.vlaanderen.be/id/concept/chemical_substance/0000210
"Carbene-type 1,3-dipolar compounds",https://data.omgeving.vlaanderen.be/id/concept/chemical_substance/0003632
Carbenes,https://data.omgeving.vlaanderen.be/id/concept/chemical_substance/0003629
Carbides,https://data.omgeving.vlaanderen.be/id/concept/chemical_substance/0004469
Carbo-azosulfones,https://data.omgeving.vlaanderen.be/id/concept/chemical_substance/0003209
Carbocyclic fatty acids,https://data.omgeving.vlaanderen.be/id/concept/chemical_substance/0000495
Carbodiimides,https://data.omgeving.vlaanderen.be/id/concept/chemical_substance/0000157
Carbodiselenoic acids,https://data.omgeving.vlaanderen.be/id/concept/chemical_substance/0003169
Carbodithioic acid esters,https://data.omgeving.vlaanderen.be/id/concept/chemical_substance/0003877
Carbodithioic acids,https://data.omgeving.vlaanderen.be/id/concept/chemical_substance/0002541
Carbodithiolactones,https://data.omgeving.vlaanderen.be/id/concept/chemical_substance/0003878
Carbohydrates and carbohydrate conjugates,https://data.omgeving.vlaanderen.be/id/concept/chemical_substance/0000011
Carbonate salts,https://data.omgeving.vlaanderen.be/id/concept/chemical_substance/0004447
Carbonic acid diesters,https://data.omgeving.vlaanderen.be/id/concept/chemical_substance/0001611
Carbonic acid ester halides,https://data.omgeving.vlaanderen.be/id/concept/chemical_substance/0001652
Carbonic acid monoesters,https://data.omgeving.vlaanderen.be/id/concept/chemical_substance/0001655
Carbonucleotoids,https://data.omgeving.vlaanderen.be/id/concept/chemical_substance/0001848
Carbonyl compounds,https://data.omgeving.vlaanderen.be/id/concept/chemical_substance/0001831
Carbonyl hydrates,https://data.omgeving.vlaanderen.be/id/concept/chemical_substance/0001605
Carbonyl imides,https://data.omgeving.vlaanderen.be/id/concept/chemical_substance/0002033
Carbonyl oxides,https://data.omgeving.vlaanderen.be/id/concept/chemical_substance/0002034
Carbonyl ylides,https://data.omgeving.vlaanderen.be/id/concept/chemical_substance/0003622
Carbonylimidazoles,https://data.omgeving.vlaanderen.be/id/concept/chemical_substance/0002529
Carbonylnitrenes,https://data.omgeving.vlaanderen.be/id/concept/chemical_substance/0003974
Carbopeptoids,https://data.omgeving.vlaanderen.be/id/concept/chemical_substance/0001849
Carboperoxoic acids,https://data.omgeving.vlaanderen.be/id/concept/chemical_substance/0003164
Carboperoxoselenoic acids,https://data.omgeving.vlaanderen.be/id/concept/chemical_substance/0003165
Carboperoxothioic OO-acids,https://data.omgeving.vlaanderen.be/id/concept/chemical_substance/0003166
Carboselenoamides,https://data.omgeving.vlaanderen.be/id/concept/chemical_substance/0003127
Carboselenoic acids,https://data.omgeving.vlaanderen.be/id/concept/chemical_substance/0003126
Carboselenoic acids and derivatives,https://data.omgeving.vlaanderen.be/id/concept/chemical_substance/0002427
Carboselenothioic S-acids,https://data.omgeving.vlaanderen.be/id/concept/chemical_substance/0003167
Carboselenothioic Se-acids,https://data.omgeving.vlaanderen.be/id/concept/chemical_substance/0003168
Carbotelluroamides,https://data.omgeving.vlaanderen.be/id/concept/chemical_substance/0003129
Carbotelluroic acids and derivatives,https://data.omgeving.vlaanderen.be/id/concept/chemical_substance/0003128
Carbothioic O-acids,https://data.omgeving.vlaanderen.be/id/concept/chemical_substance/0003108
Carbothioic O-esters,https://data.omgeving.vlaanderen.be/id/concept/chemical_substance/0003874
Carbothioic O-lactones,https://data.omgeving.vlaanderen.be/id/concept/chemical_substance/0003875
Carbothioic S-acids,https://data.omgeving.vlaanderen.be/id/concept/chemical_substance/0003107
Carbothioic S-esters,https://data.omgeving.vlaanderen.be/id/concept/chemical_substance/0003872
Carbothioic S-lactones,https://data.omgeving.vlaanderen.be/id/concept/chemical_substance/0003873
Carbothioic halides,https://data.omgeving.vlaanderen.be/id/concept/chemical_substance/0003876
Carboxamidines,https://data.omgeving.vlaanderen.be/id/concept/chemical_substance/0001045
Carboximidamides,https://data.omgeving.vlaanderen.be/id/concept/chemical_substance/0003152
Carboximidic acids,https://data.omgeving.vlaanderen.be/id/concept/chemical_substance/0002484
Carboximidic acids and derivatives,https://data.omgeving.vlaanderen.be/id/concept/chemical_substance/0002285
Carboximidohydrazides,https://data.omgeving.vlaanderen.be/id/concept/chemical_substance/0003153
Carboxylic acid amide acetals,https://data.omgeving.vlaanderen.be/id/concept/chemical_substance/0001667
Carboxylic acid amides,https://data.omgeving.vlaanderen.be/id/concept/chemical_substance/0000475
Carboxylic acid anhydrides,https://data.omgeving.vlaanderen.be/id/concept/chemical_substance/0001240
Carboxylic acid azides,https://data.omgeving.vlaanderen.be/id/concept/chemical_substance/0001239
Carboxylic acid derivatives,https://data.omgeving.vlaanderen.be/id/concept/chemical_substance/0001093
Carboxylic acid esters,https://data.omgeving.vlaanderen.be/id/concept/chemical_substance/0001238
Carboxylic acid hydrazides,https://data.omgeving.vlaanderen.be/id/concept/chemical_substance/0001165
Carboxylic acid imides,https://data.omgeving.vlaanderen.be/id/concept/chemical_substance/0001657
Carboxylic acid orthoesters,https://data.omgeving.vlaanderen.be/id/concept/chemical_substance/0001237
Carboxylic acid salts,https://data.omgeving.vlaanderen.be/id/concept/chemical_substance/0001166
Carboxylic acids,https://data.omgeving.vlaanderen.be/id/concept/chemical_substance/0001205
Carboxylic acids and derivatives,https://data.omgeving.vlaanderen.be/id/concept/chemical_substance/0000265
Cardenolide glycosides and derivatives,https://data.omgeving.vlaanderen.be/id/concept/chemical_substance/0001559
Cardenolides and derivatives,https://data.omgeving.vlaanderen.be/id/concept/chemical_substance/0001555
Cardiolipins,https://data.omgeving.vlaanderen.be/id/concept/chemical_substance/0001233
Carnitines,https://data.omgeving.vlaanderen.be/id/concept/chemical_substance/0001609
Carotenes,https://data.omgeving.vlaanderen.be/id/concept/chemical_substance/0001411
Carotenoids,https://data.omgeving.vlaanderen.be/id/concept/chemical_substance/0001277
Catechin gallates,https://data.omgeving.vlaanderen.be/id/concept/chemical_substance/0001587
Catechins,https://data.omgeving.vlaanderen.be/id/concept/chemical_substance/0001584
Catecholamines and derivatives,https://data.omgeving.vlaanderen.be/id/concept/chemical_substance/0000182
Catechols,https://data.omgeving.vlaanderen.be/id/concept/chemical_substance/0000135
Cedrane and isocedrane sesquiterpenoids,https://data.omgeving.vlaanderen.be/id/concept/chemical_substance/0003752
Cembrane diterpenoids,https://data.omgeving.vlaanderen.be/id/concept/chemical_substance/0000008
Cembranolides,https://data.omgeving.vlaanderen.be/id/concept/chemical_substance/0002502
Cephalosporin 3'-carbamates,https://data.omgeving.vlaanderen.be/id/concept/chemical_substance/0004410
Cephalosporin 3'-esters,https://data.omgeving.vlaanderen.be/id/concept/chemical_substance/0004411
Cephalosporins,https://data.omgeving.vlaanderen.be/id/concept/chemical_substance/0000173
Cephalotaxus alkaloids,https://data.omgeving.vlaanderen.be/id/concept/chemical_substance/0003778
Cephams,https://data.omgeving.vlaanderen.be/id/concept/chemical_substance/0001456
Cephamycins,https://data.omgeving.vlaanderen.be/id/concept/chemical_substance/0001458
Cephems,https://data.omgeving.vlaanderen.be/id/concept/chemical_substance/0000168
Ceramide 2-N-methylaminoethylphosphonates,https://data.omgeving.vlaanderen.be/id/concept/chemical_substance/0003604
Ceramide aminoethylphosphonates,https://data.omgeving.vlaanderen.be/id/concept/chemical_substance/0003605
Ceramide phosphoethanolamines,https://data.omgeving.vlaanderen.be/id/concept/chemical_substance/0001394
Ceramide phosphoinositols,https://data.omgeving.vlaanderen.be/id/concept/chemical_substance/0001399
Ceramide-1-phosphates,https://data.omgeving.vlaanderen.be/id/concept/chemical_substance/0003390
Ceramides,https://data.omgeving.vlaanderen.be/id/concept/chemical_substance/0001418
Cerveratrum-type alkaloids,https://data.omgeving.vlaanderen.be/id/concept/chemical_substance/0002729
Chaetoglobosins,https://data.omgeving.vlaanderen.be/id/concept/chemical_substance/0003767
Chalcone- and dihydrochalcone O-glycosides,https://data.omgeving.vlaanderen.be/id/concept/chemical_substance/0001739
Chalcones and dihydrochalcones,https://data.omgeving.vlaanderen.be/id/concept/chemical_substance/0001630
Chamigranes,https://data.omgeving.vlaanderen.be/id/concept/chemical_substance/0002517
Cheilanthane sesterterpenoids,https://data.omgeving.vlaanderen.be/id/concept/chemical_substance/0002881
Chemical entities,https://data.omgeving.vlaanderen.be/id/concept/chemical_substance/9999999
Chlorinated biphenyls,https://data.omgeving.vlaanderen.be/id/concept/chemical_substance/0000500
Chlorinated dibenzo-p-dioxins,https://data.omgeving.vlaanderen.be/id/concept/chemical_substance/0000420
Chlorinated dibenzofurans,https://data.omgeving.vlaanderen.be/id/concept/chemical_substance/0001378
Chlorins,https://data.omgeving.vlaanderen.be/id/concept/chemical_substance/0000716
Chloro-s-triazines,https://data.omgeving.vlaanderen.be/id/concept/chemical_substance/0004721
Chloroacetamides,https://data.omgeving.vlaanderen.be/id/concept/chemical_substance/0004527
Chloroalkenes,https://data.omgeving.vlaanderen.be/id/concept/chemical_substance/0003905
Chloroanilines,https://data.omgeving.vlaanderen.be/id/concept/chemical_substance/0004526
Chlorobenzenes,https://data.omgeving.vlaanderen.be/id/concept/chemical_substance/0001099
Chlorocatechols,https://data.omgeving.vlaanderen.be/id/concept/chemical_substance/0002696
Chloroethylnitrosoureas,https://data.omgeving.vlaanderen.be/id/concept/chemical_substance/0004508
Chlorofluorocarbons,https://data.omgeving.vlaanderen.be/id/concept/chemical_substance/0004521
Chloroformic acid esters,https://data.omgeving.vlaanderen.be/id/concept/chemical_substance/0004430
Chlorogenic acids and derivatives,https://data.omgeving.vlaanderen.be/id/concept/chemical_substance/0003004
Chlorohydrins,https://data.omgeving.vlaanderen.be/id/concept/chemical_substance/0002608
Chlorohydroquinones,https://data.omgeving.vlaanderen.be/id/concept/chemical_substance/0003084
Chloronaphthalenes,https://data.omgeving.vlaanderen.be/id/concept/chemical_substance/0004794
Chlorophenols,https://data.omgeving.vlaanderen.be/id/concept/chemical_substance/0002766
Chlorophenoxyacetates,https://data.omgeving.vlaanderen.be/id/concept/chemical_substance/0004525
Chloropropanol esters,https://data.omgeving.vlaanderen.be/id/concept/chemical_substance/0001725
Chloroquinolines,https://data.omgeving.vlaanderen.be/id/concept/chemical_substance/0004008
Cholestane steroids,https://data.omgeving.vlaanderen.be/id/concept/chemical_substance/0003566
Cholesterols and derivatives,https://data.omgeving.vlaanderen.be/id/concept/chemical_substance/0001469
Cholesteryl esters,https://data.omgeving.vlaanderen.be/id/concept/chemical_substance/0001490
Cholines,https://data.omgeving.vlaanderen.be/id/concept/chemical_substance/0001012
"Chromeno[2,3-b]pyridine-5-ones",https://data.omgeving.vlaanderen.be/id/concept/chemical_substance/0004775
"Chromeno[2,3-b]pyridines",https://data.omgeving.vlaanderen.be/id/concept/chemical_substance/0004774
Chromenopyridines,https://data.omgeving.vlaanderen.be/id/concept/chemical_substance/0002339
Chromones,https://data.omgeving.vlaanderen.be/id/concept/chemical_substance/0000144
Chrysenes,https://data.omgeving.vlaanderen.be/id/concept/chemical_substance/0001142
Ciguatera toxins,https://data.omgeving.vlaanderen.be/id/concept/chemical_substance/0001808
Cinchona alkaloids,https://data.omgeving.vlaanderen.be/id/concept/chemical_substance/0002246
Cinnamaldehydes,https://data.omgeving.vlaanderen.be/id/concept/chemical_substance/0000029
Cinnamic acid amides,https://data.omgeving.vlaanderen.be/id/concept/chemical_substance/0002810
Cinnamic acid esters,https://data.omgeving.vlaanderen.be/id/concept/chemical_substance/0003480
Cinnamic acids,https://data.omgeving.vlaanderen.be/id/concept/chemical_substance/0002504
Cinnamic acids and derivatives,https://data.omgeving.vlaanderen.be/id/concept/chemical_substance/0000476
Cinnamyl alcohols,https://data.omgeving.vlaanderen.be/id/concept/chemical_substance/0002754
Cinnamylphenols,https://data.omgeving.vlaanderen.be/id/concept/chemical_substance/0003496
Cinnolines,https://data.omgeving.vlaanderen.be/id/concept/chemical_substance/0000206
Cladiellane diterpenoids,https://data.omgeving.vlaanderen.be/id/concept/chemical_substance/0004153
Clavams,https://data.omgeving.vlaanderen.be/id/concept/chemical_substance/0000169
Clavines and derivatives,https://data.omgeving.vlaanderen.be/id/concept/chemical_substance/0002747
Clavulones and derivatives,https://data.omgeving.vlaanderen.be/id/concept/chemical_substance/0001021
Cobalamin derivatives,https://data.omgeving.vlaanderen.be/id/concept/chemical_substance/0000352
Coenzyme A and derivatives,https://data.omgeving.vlaanderen.be/id/concept/chemical_substance/0001143
Colchicines,https://data.omgeving.vlaanderen.be/id/concept/chemical_substance/0001390
Colensane and clerodane diterpenoids,https://data.omgeving.vlaanderen.be/id/concept/chemical_substance/0001757
Complex tannins,https://data.omgeving.vlaanderen.be/id/concept/chemical_substance/0001712
Conanine-type alkaloids,https://data.omgeving.vlaanderen.be/id/concept/chemical_substance/0002731
Condylocarpan alkaloids,https://data.omgeving.vlaanderen.be/id/concept/chemical_substance/0003756
Correantan alkaloids,https://data.omgeving.vlaanderen.be/id/concept/chemical_substance/0003764
Corrinoids,https://data.omgeving.vlaanderen.be/id/concept/chemical_substance/0000353
Corroles,https://data.omgeving.vlaanderen.be/id/concept/chemical_substance/0001182
Corynanthean-type alkaloids,https://data.omgeving.vlaanderen.be/id/concept/chemical_substance/0002750
Coumarans,https://data.omgeving.vlaanderen.be/id/concept/chemical_substance/0004189
Coumaric acid esters,https://data.omgeving.vlaanderen.be/id/concept/chemical_substance/0000465
Coumaric acids,https://data.omgeving.vlaanderen.be/id/concept/chemical_substance/0002505
Coumaric acids and derivatives,https://data.omgeving.vlaanderen.be/id/concept/chemical_substance/0000059
Coumarin glycosides,https://data.omgeving.vlaanderen.be/id/concept/chemical_substance/0001743
Coumarino-alpha-pyrones,https://data.omgeving.vlaanderen.be/id/concept/chemical_substance/0003190
Coumarino-gamma-pyrones,https://data.omgeving.vlaanderen.be/id/concept/chemical_substance/0003191
Coumarinolignans,https://data.omgeving.vlaanderen.be/id/concept/chemical_substance/0002545
Coumarins and derivatives,https://data.omgeving.vlaanderen.be/id/concept/chemical_substance/0000145
Coumaronochromenes,https://data.omgeving.vlaanderen.be/id/concept/chemical_substance/0003470
Coumaronochromones,https://data.omgeving.vlaanderen.be/id/concept/chemical_substance/0001742
Coumaroyl glycosides,https://data.omgeving.vlaanderen.be/id/concept/chemical_substance/0002682
Coumestans,https://data.omgeving.vlaanderen.be/id/concept/chemical_substance/0000354
Cresols,https://data.omgeving.vlaanderen.be/id/concept/chemical_substance/0001272
Crinine- and Haemanthamine-type amaryllidaceae alkaloids,https://data.omgeving.vlaanderen.be/id/concept/chemical_substance/0004123
Croomine-type alkaloids,https://data.omgeving.vlaanderen.be/id/concept/chemical_substance/0003428
Cucurbitacin glycosides,https://data.omgeving.vlaanderen.be/id/concept/chemical_substance/0001687
Cucurbitacins,https://data.omgeving.vlaanderen.be/id/concept/chemical_substance/0001686
Cularin alkaloids and derivatives,https://data.omgeving.vlaanderen.be/id/concept/chemical_substance/0002657
Cumenes,https://data.omgeving.vlaanderen.be/id/concept/chemical_substance/0000355
Cumulenes,https://data.omgeving.vlaanderen.be/id/concept/chemical_substance/0004553
Curan alkaloids,https://data.omgeving.vlaanderen.be/id/concept/chemical_substance/0001783
Curcuminoids,https://data.omgeving.vlaanderen.be/id/concept/chemical_substance/0000356
Cyanate esters,https://data.omgeving.vlaanderen.be/id/concept/chemical_substance/0004560
Cyanates,https://data.omgeving.vlaanderen.be/id/concept/chemical_substance/0000363
Cyanide salts,https://data.omgeving.vlaanderen.be/id/concept/chemical_substance/0004026
Cyanoacrylates,https://data.omgeving.vlaanderen.be/id/concept/chemical_substance/0004768
Cyanogenic glycosides,https://data.omgeving.vlaanderen.be/id/concept/chemical_substance/0002365
Cyanogens,https://data.omgeving.vlaanderen.be/id/concept/chemical_substance/0004084
Cyanohydrins,https://data.omgeving.vlaanderen.be/id/concept/chemical_substance/0001375
Cyanolipids,https://data.omgeving.vlaanderen.be/id/concept/chemical_substance/0001744
Cyathane diterpenoids,https://data.omgeving.vlaanderen.be/id/concept/chemical_substance/0002876
Cyclamates,https://data.omgeving.vlaanderen.be/id/concept/chemical_substance/0000365
Cyclic acetylenes,https://data.omgeving.vlaanderen.be/id/concept/chemical_substance/0002846
Cyclic alcohols and derivatives,https://data.omgeving.vlaanderen.be/id/concept/chemical_substance/0001292
Cyclic allenes,https://data.omgeving.vlaanderen.be/id/concept/chemical_substance/0001679
Cyclic carboximidic acids,https://data.omgeving.vlaanderen.be/id/concept/chemical_substance/0003881
Cyclic depsipeptides,https://data.omgeving.vlaanderen.be/id/concept/chemical_substance/0001994
Cyclic diarylheptanoids,https://data.omgeving.vlaanderen.be/id/concept/chemical_substance/0002652
Cyclic dithiocarbamates,https://data.omgeving.vlaanderen.be/id/concept/chemical_substance/0003937
Cyclic dithiocarbamic acid esters,https://data.omgeving.vlaanderen.be/id/concept/chemical_substance/0004722
Cyclic glycodepsipeptides,https://data.omgeving.vlaanderen.be/id/concept/chemical_substance/0002250
Cyclic glycopeptides and derivatives,https://data.omgeving.vlaanderen.be/id/concept/chemical_substance/0001996
Cyclic glycosylpeptides and derivatives,https://data.omgeving.vlaanderen.be/id/concept/chemical_substance/0003333
Cyclic imidothioic acids,https://data.omgeving.vlaanderen.be/id/concept/chemical_substance/0003884
Cyclic imidoyl halides,https://data.omgeving.vlaanderen.be/id/concept/chemical_substance/0003887
Cyclic ketones,https://data.omgeving.vlaanderen.be/id/concept/chemical_substance/0003487
Cyclic olefins,https://data.omgeving.vlaanderen.be/id/concept/chemical_substance/0002840
Cyclic peptides,https://data.omgeving.vlaanderen.be/id/concept/chemical_substance/0001995
Cyclic purine nucleotides,https://data.omgeving.vlaanderen.be/id/concept/chemical_substance/0001491
Cyclic pyrimidine nucleotides,https://data.omgeving.vlaanderen.be/id/concept/chemical_substance/0001492
Cyclic sulfite esters,https://data.omgeving.vlaanderen.be/id/concept/chemical_substance/0004751
Cyclitols,https://data.omgeving.vlaanderen.be/id/concept/chemical_substance/0004344
Cyclitols and derivatives,https://data.omgeving.vlaanderen.be/id/concept/chemical_substance/0002509
Cycloalkanes,https://data.omgeving.vlaanderen.be/id/concept/chemical_substance/0001016
Cycloalkenes,https://data.omgeving.vlaanderen.be/id/concept/chemical_substance/0000017
Cycloalkynes,https://data.omgeving.vlaanderen.be/id/concept/chemical_substance/0002850
Cycloartanols and derivatives,https://data.omgeving.vlaanderen.be/id/concept/chemical_substance/0002321
Cyclobutane lignans,https://data.omgeving.vlaanderen.be/id/concept/chemical_substance/0003419
Cyclobutyl nucleosides,https://data.omgeving.vlaanderen.be/id/concept/chemical_substance/0003723
Cycloheptafurans,https://data.omgeving.vlaanderen.be/id/concept/chemical_substance/0002936
Cycloheptapyrans,https://data.omgeving.vlaanderen.be/id/concept/chemical_substance/0002937
Cycloheptathiophenes,https://data.omgeving.vlaanderen.be/id/concept/chemical_substance/0002338
Cyclohexane sesterterpenes,https://data.omgeving.vlaanderen.be/id/concept/chemical_substance/0003399
Cyclohexanols,https://data.omgeving.vlaanderen.be/id/concept/chemical_substance/0002647
Cyclohexanones,https://data.omgeving.vlaanderen.be/id/concept/chemical_substance/0002646
Cyclohexene oximes,https://data.omgeving.vlaanderen.be/id/concept/chemical_substance/0004723
Cyclohexenones,https://data.omgeving.vlaanderen.be/id/concept/chemical_substance/0004325
Cyclohexyl halides,https://data.omgeving.vlaanderen.be/id/concept/chemical_substance/0004485
Cyclohexylamines,https://data.omgeving.vlaanderen.be/id/concept/chemical_substance/0002674
Cyclohexylphenols,https://data.omgeving.vlaanderen.be/id/concept/chemical_substance/0002099
Cyclopentanols,https://data.omgeving.vlaanderen.be/id/concept/chemical_substance/0002938
Cyclopentyl nucleosides,https://data.omgeving.vlaanderen.be/id/concept/chemical_substance/0003738
Cyclopropanecarboxylic acids,https://data.omgeving.vlaanderen.be/id/concept/chemical_substance/0002525
Cyclopropanecarboxylic acids and derivatives,https://data.omgeving.vlaanderen.be/id/concept/chemical_substance/0002524
Cyclopropyl nucleosides,https://data.omgeving.vlaanderen.be/id/concept/chemical_substance/0003741
Cyclopropyl purine nucleosides,https://data.omgeving.vlaanderen.be/id/concept/chemical_substance/0003721
Cyclopropyl pyrimidine nucleosides,https://data.omgeving.vlaanderen.be/id/concept/chemical_substance/0003722
Cyclopropylisoxazoles,https://data.omgeving.vlaanderen.be/id/concept/chemical_substance/0004724
Cyclopyrrolones,https://data.omgeving.vlaanderen.be/id/concept/chemical_substance/0000192
Cyclosporins,https://data.omgeving.vlaanderen.be/id/concept/chemical_substance/0001601
Cylindrospermopsins,https://data.omgeving.vlaanderen.be/id/concept/chemical_substance/0001899
Cysteine and derivatives,https://data.omgeving.vlaanderen.be/id/concept/chemical_substance/0004313
Cytisine and derivatives,https://data.omgeving.vlaanderen.be/id/concept/chemical_substance/0002722
Cytochalasans,https://data.omgeving.vlaanderen.be/id/concept/chemical_substance/0001821
Cytochalasins,https://data.omgeving.vlaanderen.be/id/concept/chemical_substance/0002852
D-alpha-amino acids,https://data.omgeving.vlaanderen.be/id/concept/chemical_substance/0004145
D-glucosyl-N-acylsphinganines,https://data.omgeving.vlaanderen.be/id/concept/chemical_substance/0004304
D-glucosyl-N-acylsphingosines,https://data.omgeving.vlaanderen.be/id/concept/chemical_substance/0004300
Dalbergiones,https://data.omgeving.vlaanderen.be/id/concept/chemical_substance/0001758
Dalbergiquinols,https://data.omgeving.vlaanderen.be/id/concept/chemical_substance/0002583
Dammarane triterpenoids,https://data.omgeving.vlaanderen.be/id/concept/chemical_substance/0002888
Danudatine-type diterpenoid alkaloids,https://data.omgeving.vlaanderen.be/id/concept/chemical_substance/0003781
Daphniphylline-type alkaloids,https://data.omgeving.vlaanderen.be/id/concept/chemical_substance/0004324
Decamethonium compounds,https://data.omgeving.vlaanderen.be/id/concept/chemical_substance/0001281
Delta amino acids and derivatives,https://data.omgeving.vlaanderen.be/id/concept/chemical_substance/0001879
Delta carbolines,https://data.omgeving.vlaanderen.be/id/concept/chemical_substance/0001915
Delta lactams,https://data.omgeving.vlaanderen.be/id/concept/chemical_substance/0000164
Delta sultams,https://data.omgeving.vlaanderen.be/id/concept/chemical_substance/0001885
Delta sultims,https://data.omgeving.vlaanderen.be/id/concept/chemical_substance/0002098
Delta sultones,https://data.omgeving.vlaanderen.be/id/concept/chemical_substance/0002236
Delta valerolactones,https://data.omgeving.vlaanderen.be/id/concept/chemical_substance/0001244
"Delta-1,4-steroids",https://data.omgeving.vlaanderen.be/id/concept/chemical_substance/0002977
Delta-1-steroids,https://data.omgeving.vlaanderen.be/id/concept/chemical_substance/0002976
Delta-11-acyl CoAs,https://data.omgeving.vlaanderen.be/id/concept/chemical_substance/0003235
Delta-4-steroids,https://data.omgeving.vlaanderen.be/id/concept/chemical_substance/0002978
Delta-5-steroids,https://data.omgeving.vlaanderen.be/id/concept/chemical_substance/0002979
Delta-7-steroids,https://data.omgeving.vlaanderen.be/id/concept/chemical_substance/0002984
Deoxyribo- and ribonucleoside phosphonates,https://data.omgeving.vlaanderen.be/id/concept/chemical_substance/0004350
Depsides and depsidones,https://data.omgeving.vlaanderen.be/id/concept/chemical_substance/0001645
Depsipeptides,https://data.omgeving.vlaanderen.be/id/concept/chemical_substance/0001961
Desulfoglucosinolates,https://data.omgeving.vlaanderen.be/id/concept/chemical_substance/0004135
Di-rhamnolipids,https://data.omgeving.vlaanderen.be/id/concept/chemical_substance/0003366
Diacyl peroxides,https://data.omgeving.vlaanderen.be/id/concept/chemical_substance/0004579
Diacylglycerols,https://data.omgeving.vlaanderen.be/id/concept/chemical_substance/0001129
Diacylglycerophosphates,https://data.omgeving.vlaanderen.be/id/concept/chemical_substance/0001504
Diacylglycerophosphodiradylglycerols,https://data.omgeving.vlaanderen.be/id/concept/chemical_substance/0001719
Diacylglycerophosphomonoradylglycerols,https://data.omgeving.vlaanderen.be/id/concept/chemical_substance/0003845
Diacylglycosylglycerophospholipids,https://data.omgeving.vlaanderen.be/id/concept/chemical_substance/0001727
Diacylhydrazines,https://data.omgeving.vlaanderen.be/id/concept/chemical_substance/0004684
Dialkyl alkylphosphonates,https://data.omgeving.vlaanderen.be/id/concept/chemical_substance/0004482
Dialkyl ethers,https://data.omgeving.vlaanderen.be/id/concept/chemical_substance/0001167
Dialkyl hyponitrites,https://data.omgeving.vlaanderen.be/id/concept/chemical_substance/0004601
Dialkyl peroxides,https://data.omgeving.vlaanderen.be/id/concept/chemical_substance/0003951
Dialkyl phosphates,https://data.omgeving.vlaanderen.be/id/concept/chemical_substance/0003459
Dialkylamines,https://data.omgeving.vlaanderen.be/id/concept/chemical_substance/0002228
Dialkylarylamines,https://data.omgeving.vlaanderen.be/id/concept/chemical_substance/0003901
Dialkylboranes,https://data.omgeving.vlaanderen.be/id/concept/chemical_substance/0004574
Dialkyldisulfides,https://data.omgeving.vlaanderen.be/id/concept/chemical_substance/0004089
Dialkylglycerol-3-phosphocholines,https://data.omgeving.vlaanderen.be/id/concept/chemical_substance/0001289
Dialkylglycerolphosphoglycerols,https://data.omgeving.vlaanderen.be/id/concept/chemical_substance/0003841
Dialkylglycerols,https://data.omgeving.vlaanderen.be/id/concept/chemical_substance/0003810
Dialkylglycerophosphates,https://data.omgeving.vlaanderen.be/id/concept/chemical_substance/0001288
Dialkylglycerophosphoethanolamines,https://data.omgeving.vlaanderen.be/id/concept/chemical_substance/0003831
Dialkylglycerophosphoglycerophosphates,https://data.omgeving.vlaanderen.be/id/concept/chemical_substance/0002343
Dialkylglycerophosphoinositols,https://data.omgeving.vlaanderen.be/id/concept/chemical_substance/0003850
Dialkylglycerophosphoserines,https://data.omgeving.vlaanderen.be/id/concept/chemical_substance/0003836
Dialkylmagnesiums,https://data.omgeving.vlaanderen.be/id/concept/chemical_substance/0004597
Dialkylmonoacylglycerols,https://data.omgeving.vlaanderen.be/id/concept/chemical_substance/0003817
Dialkylsilanediols,https://data.omgeving.vlaanderen.be/id/concept/chemical_substance/0003271
Dialkylsilanols,https://data.omgeving.vlaanderen.be/id/concept/chemical_substance/0003267
Dialkylthioethers,https://data.omgeving.vlaanderen.be/id/concept/chemical_substance/0003862
Dialkyltin dicarboxylates,https://data.omgeving.vlaanderen.be/id/concept/chemical_substance/0004085
Dialkyltin salts,https://data.omgeving.vlaanderen.be/id/concept/chemical_substance/0004090
Dialkyltins,https://data.omgeving.vlaanderen.be/id/concept/chemical_substance/0004071
Dialkylzincs,https://data.omgeving.vlaanderen.be/id/concept/chemical_substance/0004593
Diaminotoluenes,https://data.omgeving.vlaanderen.be/id/concept/chemical_substance/0003965
Diarsolanes,https://data.omgeving.vlaanderen.be/id/concept/chemical_substance/0003985
Diarylamines,https://data.omgeving.vlaanderen.be/id/concept/chemical_substance/0002455
Diarylethers,https://data.omgeving.vlaanderen.be/id/concept/chemical_substance/0002463
Diarylheptanoids,https://data.omgeving.vlaanderen.be/id/concept/chemical_substance/0002650
Diarylthioethers,https://data.omgeving.vlaanderen.be/id/concept/chemical_substance/0003864
Diazanaphthalenes,https://data.omgeving.vlaanderen.be/id/concept/chemical_substance/0004788
Diazaphospholanes,https://data.omgeving.vlaanderen.be/id/concept/chemical_substance/0002061
Diazaphospholes,https://data.omgeving.vlaanderen.be/id/concept/chemical_substance/0002063
Diazaphospholines,https://data.omgeving.vlaanderen.be/id/concept/chemical_substance/0002062
Diazaspirononane derivatives,https://data.omgeving.vlaanderen.be/id/concept/chemical_substance/0000191
Diazepanes,https://data.omgeving.vlaanderen.be/id/concept/chemical_substance/0002920
Diazepines,https://data.omgeving.vlaanderen.be/id/concept/chemical_substance/0000071
Diazetidines,https://data.omgeving.vlaanderen.be/id/concept/chemical_substance/0002546
Diazinanes,https://data.omgeving.vlaanderen.be/id/concept/chemical_substance/0002389
Diazines,https://data.omgeving.vlaanderen.be/id/concept/chemical_substance/0001346
Diazirines,https://data.omgeving.vlaanderen.be/id/concept/chemical_substance/0002691
Diazo compounds,https://data.omgeving.vlaanderen.be/id/concept/chemical_substance/0003688
Diazoethers,https://data.omgeving.vlaanderen.be/id/concept/chemical_substance/0004586
Diazonium perchlorates,https://data.omgeving.vlaanderen.be/id/concept/chemical_substance/0004602
Diazonium sulfates,https://data.omgeving.vlaanderen.be/id/concept/chemical_substance/0004604
Diazonium tetrahaloborates,https://data.omgeving.vlaanderen.be/id/concept/chemical_substance/0004605
Dibenzazecins,https://data.omgeving.vlaanderen.be/id/concept/chemical_substance/0001008
Dibenzazepines,https://data.omgeving.vlaanderen.be/id/concept/chemical_substance/0000320
Dibenzo-p-dioxins,https://data.omgeving.vlaanderen.be/id/concept/chemical_substance/0001381
Dibenzocycloheptenes,https://data.omgeving.vlaanderen.be/id/concept/chemical_substance/0000019
Dibenzocyclooctadiene lignans,https://data.omgeving.vlaanderen.be/id/concept/chemical_substance/0001623
Dibenzodiazepines,https://data.omgeving.vlaanderen.be/id/concept/chemical_substance/0000072
Dibenzofurans,https://data.omgeving.vlaanderen.be/id/concept/chemical_substance/0000015
Dibenzopyrans,https://data.omgeving.vlaanderen.be/id/concept/chemical_substance/0002817
Dibenzothiazepines,https://data.omgeving.vlaanderen.be/id/concept/chemical_substance/0000055
Dibenzothiepins,https://data.omgeving.vlaanderen.be/id/concept/chemical_substance/0000232
"Dibenzothiophene-5,5-dioxides",https://data.omgeving.vlaanderen.be/id/concept/chemical_substance/0004636
Dibenzothiophene-5-oxides,https://data.omgeving.vlaanderen.be/id/concept/chemical_substance/0004635
Dibenzothiophenes,https://data.omgeving.vlaanderen.be/id/concept/chemical_substance/0002818
Dibenzoxazepines,https://data.omgeving.vlaanderen.be/id/concept/chemical_substance/0000150
Dibenzoxepines,https://data.omgeving.vlaanderen.be/id/concept/chemical_substance/0001988
Dibenzylbutane lignans,https://data.omgeving.vlaanderen.be/id/concept/chemical_substance/0001969
Dibenzylbutanediol lignans,https://data.omgeving.vlaanderen.be/id/concept/chemical_substance/0001624
Dibenzylbutyrolactols,https://data.omgeving.vlaanderen.be/id/concept/chemical_substance/0001968
Dibenzylbutyrolactone lignans,https://data.omgeving.vlaanderen.be/id/concept/chemical_substance/0001613
Dicarbonic acids and derivatives,https://data.omgeving.vlaanderen.be/id/concept/chemical_substance/0000468
Dicarboxdiimides,https://data.omgeving.vlaanderen.be/id/concept/chemical_substance/0002483
Dicarboximides,https://data.omgeving.vlaanderen.be/id/concept/chemical_substance/0003033
Dicarboxylic acids and derivatives,https://data.omgeving.vlaanderen.be/id/concept/chemical_substance/0000346
Dichlorobenzenes,https://data.omgeving.vlaanderen.be/id/concept/chemical_substance/0002564
Dichlorobenzoic acids,https://data.omgeving.vlaanderen.be/id/concept/chemical_substance/0002611
Dichlorophenyl dicarboximides,https://data.omgeving.vlaanderen.be/id/concept/chemical_substance/0004728
Difluoroamino compounds,https://data.omgeving.vlaanderen.be/id/concept/chemical_substance/0004606
Difurocoumarins,https://data.omgeving.vlaanderen.be/id/concept/chemical_substance/0001536
Difurocoumarocyclopentenones,https://data.omgeving.vlaanderen.be/id/concept/chemical_substance/0001532
Difurocoumarolactones,https://data.omgeving.vlaanderen.be/id/concept/chemical_substance/0001533
Dihaloarsines,https://data.omgeving.vlaanderen.be/id/concept/chemical_substance/0004282
Dihydrobenzofuran and benzofuran lignans,https://data.omgeving.vlaanderen.be/id/concept/chemical_substance/0003418
Dihydrobenzophenanthridine alkaloids,https://data.omgeving.vlaanderen.be/id/concept/chemical_substance/0002667
Dihydrofolic acids and derivatives,https://data.omgeving.vlaanderen.be/id/concept/chemical_substance/0002619
Dihydrofuranoquinolines,https://data.omgeving.vlaanderen.be/id/concept/chemical_substance/0001780
Dihydrofurans,https://data.omgeving.vlaanderen.be/id/concept/chemical_substance/0001983
Dihydroisoquinolines,https://data.omgeving.vlaanderen.be/id/concept/chemical_substance/0002958
Dihydropteroic acids and derivatives,https://data.omgeving.vlaanderen.be/id/concept/chemical_substance/0003041
Dihydropyranones,https://data.omgeving.vlaanderen.be/id/concept/chemical_substance/0001211
Dihydropyridinecarboxylic acids and derivatives,https://data.omgeving.vlaanderen.be/id/concept/chemical_substance/0001562
Dihydropyridines,https://data.omgeving.vlaanderen.be/id/concept/chemical_substance/0000367
Dihydrothiophenes,https://data.omgeving.vlaanderen.be/id/concept/chemical_substance/0002091
"Dihydroxy bile acids, alcohols and derivatives",https://data.omgeving.vlaanderen.be/id/concept/chemical_substance/0000516
Dihydroxyphosphanes,https://data.omgeving.vlaanderen.be/id/concept/chemical_substance/0002540
Diketopiperazines,https://data.omgeving.vlaanderen.be/id/concept/chemical_substance/0002356
Dimethoxybenzenes,https://data.omgeving.vlaanderen.be/id/concept/chemical_substance/0004111
Dimethoxybenzyl-N-methylpiperazines,https://data.omgeving.vlaanderen.be/id/concept/chemical_substance/0003663
Dimethylphosphatidylethanolamines,https://data.omgeving.vlaanderen.be/id/concept/chemical_substance/0003403
"Dinaphtho[2,1-b;2',3'-d]furans",https://data.omgeving.vlaanderen.be/id/concept/chemical_substance/0003537
Dinaphthofurans,https://data.omgeving.vlaanderen.be/id/concept/chemical_substance/0003536
Dinitroanilines,https://data.omgeving.vlaanderen.be/id/concept/chemical_substance/0003968
Dinitrophenols,https://data.omgeving.vlaanderen.be/id/concept/chemical_substance/0004505
Dinitrotoluenes,https://data.omgeving.vlaanderen.be/id/concept/chemical_substance/0003969
Diorganotrihaloarsoranes,https://data.omgeving.vlaanderen.be/id/concept/chemical_substance/0004244
Dioxaborolanes,https://data.omgeving.vlaanderen.be/id/concept/chemical_substance/0002225
Dioxaboroles,https://data.omgeving.vlaanderen.be/id/concept/chemical_substance/0002226
Dioxanes,https://data.omgeving.vlaanderen.be/id/concept/chemical_substance/0000368
Dioxaphospholanes,https://data.omgeving.vlaanderen.be/id/concept/chemical_substance/0000822
Dioxathiolanes,https://data.omgeving.vlaanderen.be/id/concept/chemical_substance/0002486
Dioxepanes,https://data.omgeving.vlaanderen.be/id/concept/chemical_substance/0002943
Dioxepines,https://data.omgeving.vlaanderen.be/id/concept/chemical_substance/0002939
Dioxetanes,https://data.omgeving.vlaanderen.be/id/concept/chemical_substance/0000412
Dioxins,https://data.omgeving.vlaanderen.be/id/concept/chemical_substance/0001384
Dioxiranes,https://data.omgeving.vlaanderen.be/id/concept/chemical_substance/0002109
Dioxoisoquinoline-4-carboxanilides,https://data.omgeving.vlaanderen.be/id/concept/chemical_substance/0004691
Dioxolanes,https://data.omgeving.vlaanderen.be/id/concept/chemical_substance/0000105
Dioxoles,https://data.omgeving.vlaanderen.be/id/concept/chemical_substance/0000193
Dioxolopyrans,https://data.omgeving.vlaanderen.be/id/concept/chemical_substance/0001985
Dioxopiperazines,https://data.omgeving.vlaanderen.be/id/concept/chemical_substance/0001731
Dipeptides,https://data.omgeving.vlaanderen.be/id/concept/chemical_substance/0004830
Diphenhydramines,https://data.omgeving.vlaanderen.be/id/concept/chemical_substance/0000042
Diphenylacetonitriles,https://data.omgeving.vlaanderen.be/id/concept/chemical_substance/0001527
Diphenylethers,https://data.omgeving.vlaanderen.be/id/concept/chemical_substance/0004155
Diphenylfurans,https://data.omgeving.vlaanderen.be/id/concept/chemical_substance/0003491
Diphenylmethanes,https://data.omgeving.vlaanderen.be/id/concept/chemical_substance/0000369
Diphenylpyrroles,https://data.omgeving.vlaanderen.be/id/concept/chemical_substance/0002695
Diphenyltetrazoles and derivatives,https://data.omgeving.vlaanderen.be/id/concept/chemical_substance/0001217
Diphosphenes,https://data.omgeving.vlaanderen.be/id/concept/chemical_substance/0002489
"Dipyrido[1,4]diazepines",https://data.omgeving.vlaanderen.be/id/concept/chemical_substance/0004346
Dipyrrins,https://data.omgeving.vlaanderen.be/id/concept/chemical_substance/0002028
Diradylglycerols,https://data.omgeving.vlaanderen.be/id/concept/chemical_substance/0003809
Disaccharide phosphates,https://data.omgeving.vlaanderen.be/id/concept/chemical_substance/0001599
Disaccharide sulfates,https://data.omgeving.vlaanderen.be/id/concept/chemical_substance/0003307
Disaccharides,https://data.omgeving.vlaanderen.be/id/concept/chemical_substance/0001542
Diselenides,https://data.omgeving.vlaanderen.be/id/concept/chemical_substance/0002472
Diselenins,https://data.omgeving.vlaanderen.be/id/concept/chemical_substance/0003691
Disiloxanes,https://data.omgeving.vlaanderen.be/id/concept/chemical_substance/0003205
Disubstituted amine oxides and derivatives,https://data.omgeving.vlaanderen.be/id/concept/chemical_substance/0003069
Ditellurides,https://data.omgeving.vlaanderen.be/id/concept/chemical_substance/0002478
Diterpene glycosides,https://data.omgeving.vlaanderen.be/id/concept/chemical_substance/0001755
Diterpene lactones,https://data.omgeving.vlaanderen.be/id/concept/chemical_substance/0001538
Diterpenoids,https://data.omgeving.vlaanderen.be/id/concept/chemical_substance/0001551
Dithianes,https://data.omgeving.vlaanderen.be/id/concept/chemical_substance/0001863
Dithiazinanes,https://data.omgeving.vlaanderen.be/id/concept/chemical_substance/0004198
Dithiazoles,https://data.omgeving.vlaanderen.be/id/concept/chemical_substance/0000148
Dithiazolethiones,https://data.omgeving.vlaanderen.be/id/concept/chemical_substance/0001128
Dithietanes,https://data.omgeving.vlaanderen.be/id/concept/chemical_substance/0000378
Dithiins,https://data.omgeving.vlaanderen.be/id/concept/chemical_substance/0002055
Dithioacetals,https://data.omgeving.vlaanderen.be/id/concept/chemical_substance/0002132
Dithiocarbamate salts,https://data.omgeving.vlaanderen.be/id/concept/chemical_substance/0004429
Dithiocarbamic acid esters,https://data.omgeving.vlaanderen.be/id/concept/chemical_substance/0003936
Dithiocarbamic acids,https://data.omgeving.vlaanderen.be/id/concept/chemical_substance/0003935
Dithiocarbamic acids and derivatives,https://data.omgeving.vlaanderen.be/id/concept/chemical_substance/0003934
Dithiocarboxylic acid amides,https://data.omgeving.vlaanderen.be/id/concept/chemical_substance/0003438
Dithiocarboxylic acid esters,https://data.omgeving.vlaanderen.be/id/concept/chemical_substance/0003439
Dithiocarboxylic acids,https://data.omgeving.vlaanderen.be/id/concept/chemical_substance/0003437
Dithiocarboxylic acids and derivatives,https://data.omgeving.vlaanderen.be/id/concept/chemical_substance/0003436
Dithiohemiacetals,https://data.omgeving.vlaanderen.be/id/concept/chemical_substance/0002026
Dithioketals,https://data.omgeving.vlaanderen.be/id/concept/chemical_substance/0002133
Dithiolanecarboxylic acids,https://data.omgeving.vlaanderen.be/id/concept/chemical_substance/0003378
Dithiolanes,https://data.omgeving.vlaanderen.be/id/concept/chemical_substance/0000484
Dithioles,https://data.omgeving.vlaanderen.be/id/concept/chemical_substance/0002090
Dithiophosphate O-esters,https://data.omgeving.vlaanderen.be/id/concept/chemical_substance/0004164
"Dithiophosphate S,S-diesters",https://data.omgeving.vlaanderen.be/id/concept/chemical_substance/0004793
Dithiophosphate S-esters,https://data.omgeving.vlaanderen.be/id/concept/chemical_substance/0003387
Dithiosulfonic O-acids,https://data.omgeving.vlaanderen.be/id/concept/chemical_substance/0002543
Dithiosulfonic S-acids,https://data.omgeving.vlaanderen.be/id/concept/chemical_substance/0002544
Dithioxanthines,https://data.omgeving.vlaanderen.be/id/concept/chemical_substance/0001999
Dolabellane and neodolabellane diterpenoids,https://data.omgeving.vlaanderen.be/id/concept/chemical_substance/0001760
Dolichols,https://data.omgeving.vlaanderen.be/id/concept/chemical_substance/0003854
Dolichyl diphosphates,https://data.omgeving.vlaanderen.be/id/concept/chemical_substance/0003856
Dolichyl monophosphates,https://data.omgeving.vlaanderen.be/id/concept/chemical_substance/0003855
Eburnan-type alkaloids,https://data.omgeving.vlaanderen.be/id/concept/chemical_substance/0002671
Ecdysteroids,https://data.omgeving.vlaanderen.be/id/concept/chemical_substance/0004813
Eicosanoids,https://data.omgeving.vlaanderen.be/id/concept/chemical_substance/0000513
Elemane sesquiterpenoids,https://data.omgeving.vlaanderen.be/id/concept/chemical_substance/0002872
Elemanolides,https://data.omgeving.vlaanderen.be/id/concept/chemical_substance/0002242
Elisabethane diterpenoids,https://data.omgeving.vlaanderen.be/id/concept/chemical_substance/0003559
"Elisapterane, elisabane, cumbiane or colombiane diterpenoids",https://data.omgeving.vlaanderen.be/id/concept/chemical_substance/0003560
Ellagic acids and derivatives,https://data.omgeving.vlaanderen.be/id/concept/chemical_substance/0000236
Ellipticine alkaloids,https://data.omgeving.vlaanderen.be/id/concept/chemical_substance/0001793
Emetine alkaloids,https://data.omgeving.vlaanderen.be/id/concept/chemical_substance/0002659
Enals,https://data.omgeving.vlaanderen.be/id/concept/chemical_substance/0002436
Enamines,https://data.omgeving.vlaanderen.be/id/concept/chemical_substance/0000470
Endocannabinoids,https://data.omgeving.vlaanderen.be/id/concept/chemical_substance/0001103
Enediols,https://data.omgeving.vlaanderen.be/id/concept/chemical_substance/0000131
Enoate esters,https://data.omgeving.vlaanderen.be/id/concept/chemical_substance/0003626
Enol ester epoxides,https://data.omgeving.vlaanderen.be/id/concept/chemical_substance/0003676
Enol esters,https://data.omgeving.vlaanderen.be/id/concept/chemical_substance/0002354
Enol ethers,https://data.omgeving.vlaanderen.be/id/concept/chemical_substance/0001009
Enolates,https://data.omgeving.vlaanderen.be/id/concept/chemical_substance/0001665
Enols,https://data.omgeving.vlaanderen.be/id/concept/chemical_substance/0000132
Enones,https://data.omgeving.vlaanderen.be/id/concept/chemical_substance/0001363
Enoyl CoAs,https://data.omgeving.vlaanderen.be/id/concept/chemical_substance/0003180
Enynes,https://data.omgeving.vlaanderen.be/id/concept/chemical_substance/0001566
Epibatidine analogues,https://data.omgeving.vlaanderen.be/id/concept/chemical_substance/0001493
Epigallocatechins,https://data.omgeving.vlaanderen.be/id/concept/chemical_substance/0001594
Epipolythiodioxopiperazines,https://data.omgeving.vlaanderen.be/id/concept/chemical_substance/0001790
Episulfones,https://data.omgeving.vlaanderen.be/id/concept/chemical_substance/0004783
Epithionitriles,https://data.omgeving.vlaanderen.be/id/concept/chemical_substance/0004134
Epothilones and analogues,https://data.omgeving.vlaanderen.be/id/concept/chemical_substance/0000161
Epoxide amino acids and derivatives,https://data.omgeving.vlaanderen.be/id/concept/chemical_substance/0001170
Epoxides,https://data.omgeving.vlaanderen.be/id/concept/chemical_substance/0000159
Epoxy fatty acids,https://data.omgeving.vlaanderen.be/id/concept/chemical_substance/0001537
Epoxyeicosatrienoic acids,https://data.omgeving.vlaanderen.be/id/concept/chemical_substance/0001015
Epoxypiperidines,https://data.omgeving.vlaanderen.be/id/concept/chemical_substance/0002530
"Eremophilane, 8,9-secoeremophilane and furoeremophilane sesquiterpenoids",https://data.omgeving.vlaanderen.be/id/concept/chemical_substance/0003655
Eremophilanolides and secoeremophilanolides,https://data.omgeving.vlaanderen.be/id/concept/chemical_substance/0002047
Ergoline and derivatives,https://data.omgeving.vlaanderen.be/id/concept/chemical_substance/0002679
Ergopeptams,https://data.omgeving.vlaanderen.be/id/concept/chemical_substance/0002193
Ergopeptines,https://data.omgeving.vlaanderen.be/id/concept/chemical_substance/0002030
Ergostane steroids,https://data.omgeving.vlaanderen.be/id/concept/chemical_substance/0003567
Ergosterols and derivatives,https://data.omgeving.vlaanderen.be/id/concept/chemical_substance/0001403
"Ergotamines, dihydroergotamines, and derivatives",https://data.omgeving.vlaanderen.be/id/concept/chemical_substance/0000371
Ervatamia alkaloids,https://data.omgeving.vlaanderen.be/id/concept/chemical_substance/0003757
Erythrina alkaloids,https://data.omgeving.vlaanderen.be/id/concept/chemical_substance/0001782
Erythrinanes,https://data.omgeving.vlaanderen.be/id/concept/chemical_substance/0002780
Estrane steroids,https://data.omgeving.vlaanderen.be/id/concept/chemical_substance/0001466
Estrogens and derivatives,https://data.omgeving.vlaanderen.be/id/concept/chemical_substance/0003570
Ethers,https://data.omgeving.vlaanderen.be/id/concept/chemical_substance/0000254
Ethoxyethynyl alcohols,https://data.omgeving.vlaanderen.be/id/concept/chemical_substance/0004564
Ethylene bisdithiocarbamates,https://data.omgeving.vlaanderen.be/id/concept/chemical_substance/0004177
"Eudesmane, isoeudesmane or cycloeudesmane sesquiterpenoids",https://data.omgeving.vlaanderen.be/id/concept/chemical_substance/0000101
"Eudesmanolides, secoeudesmanolides, and derivatives",https://data.omgeving.vlaanderen.be/id/concept/chemical_substance/0001772
Eunicellane and asbestinane diterpenoids,https://data.omgeving.vlaanderen.be/id/concept/chemical_substance/0002916
Fatty Acyls,https://data.omgeving.vlaanderen.be/id/concept/chemical_substance/0003909
Fatty N-acylethanolamines,https://data.omgeving.vlaanderen.be/id/concept/chemical_substance/0003908
Fatty acid esters,https://data.omgeving.vlaanderen.be/id/concept/chemical_substance/0000324
Fatty acid methyl esters,https://data.omgeving.vlaanderen.be/id/concept/chemical_substance/0003417
Fatty acids and conjugates,https://data.omgeving.vlaanderen.be/id/concept/chemical_substance/0000262
Fatty acyl glycosides,https://data.omgeving.vlaanderen.be/id/concept/chemical_substance/0001766
Fatty acyl glycosides of mono- and disaccharides,https://data.omgeving.vlaanderen.be/id/concept/chemical_substance/0003861
Fatty acyl thioesters,https://data.omgeving.vlaanderen.be/id/concept/chemical_substance/0003327
Fatty alcohol esters,https://data.omgeving.vlaanderen.be/id/concept/chemical_substance/0001722
Fatty alcohols,https://data.omgeving.vlaanderen.be/id/concept/chemical_substance/0001334
Fatty aldehydes,https://data.omgeving.vlaanderen.be/id/concept/chemical_substance/0000298
Fatty amides,https://data.omgeving.vlaanderen.be/id/concept/chemical_substance/0000331
Fentanyls,https://data.omgeving.vlaanderen.be/id/concept/chemical_substance/0000372
Flav-3-enes,https://data.omgeving.vlaanderen.be/id/concept/chemical_substance/0003637
Flavaglines,https://data.omgeving.vlaanderen.be/id/concept/chemical_substance/0003109
Flavan-3-ols,https://data.omgeving.vlaanderen.be/id/concept/chemical_substance/0003012
Flavan-4-ols,https://data.omgeving.vlaanderen.be/id/concept/chemical_substance/0003013
Flavanones,https://data.omgeving.vlaanderen.be/id/concept/chemical_substance/0001632
Flavanonols,https://data.omgeving.vlaanderen.be/id/concept/chemical_substance/0001362
Flavans,https://data.omgeving.vlaanderen.be/id/concept/chemical_substance/0000337
Flavin nucleotides,https://data.omgeving.vlaanderen.be/id/concept/chemical_substance/0001329
Flavins,https://data.omgeving.vlaanderen.be/id/concept/chemical_substance/0001249
Flavones,https://data.omgeving.vlaanderen.be/id/concept/chemical_substance/0001615
Flavonoid 3-O-p-coumaroyl glycosides,https://data.omgeving.vlaanderen.be/id/concept/chemical_substance/0003678
Flavonoid 3-phosphates,https://data.omgeving.vlaanderen.be/id/concept/chemical_substance/0004182
Flavonoid 3p-O-p-coumaroyl glycosides,https://data.omgeving.vlaanderen.be/id/concept/chemical_substance/0003681
Flavonoid 5-O-p-coumaroyl glycosides,https://data.omgeving.vlaanderen.be/id/concept/chemical_substance/0003679
Flavonoid 7-O-p-coumaroyl glycosides,https://data.omgeving.vlaanderen.be/id/concept/chemical_substance/0003680
Flavonoid 8-C-glycosides,https://data.omgeving.vlaanderen.be/id/concept/chemical_substance/0003535
Flavonoid C-glycosides,https://data.omgeving.vlaanderen.be/id/concept/chemical_substance/0001737
Flavonoid O-glucuronides,https://data.omgeving.vlaanderen.be/id/concept/chemical_substance/0002934
Flavonoid O-glycosides,https://data.omgeving.vlaanderen.be/id/concept/chemical_substance/0001583
Flavonoid glycosides,https://data.omgeving.vlaanderen.be/id/concept/chemical_substance/0001111
Flavonoid-3-O-glucuronides,https://data.omgeving.vlaanderen.be/id/concept/chemical_substance/0003532
Flavonoid-3-O-glycosides,https://data.omgeving.vlaanderen.be/id/concept/chemical_substance/0003531
Flavonoid-7-O-glucuronides,https://data.omgeving.vlaanderen.be/id/concept/chemical_substance/0003534
Flavonoid-7-O-glycosides,https://data.omgeving.vlaanderen.be/id/concept/chemical_substance/0003533
Flavonoid-8-O-glucuronides,https://data.omgeving.vlaanderen.be/id/concept/chemical_substance/0003541
Flavonoid-8-O-glycosides,https://data.omgeving.vlaanderen.be/id/concept/chemical_substance/0003540
Flavonoids,https://data.omgeving.vlaanderen.be/id/concept/chemical_substance/0000334
Flavonolignans,https://data.omgeving.vlaanderen.be/id/concept/chemical_substance/0001844
Flavonols,https://data.omgeving.vlaanderen.be/id/concept/chemical_substance/0001136
Fluorenes,https://data.omgeving.vlaanderen.be/id/concept/chemical_substance/0000020
Fluoroalkenes,https://data.omgeving.vlaanderen.be/id/concept/chemical_substance/0003906
Fluorobenzenes,https://data.omgeving.vlaanderen.be/id/concept/chemical_substance/0001100
Fluorodinitromethyl compounds,https://data.omgeving.vlaanderen.be/id/concept/chemical_substance/0004607
Fluorohydrins,https://data.omgeving.vlaanderen.be/id/concept/chemical_substance/0002609
Fluoromethoxy benzamides,https://data.omgeving.vlaanderen.be/id/concept/chemical_substance/0004815
Fluorophenols,https://data.omgeving.vlaanderen.be/id/concept/chemical_substance/0002765
Fluoroquinolones,https://data.omgeving.vlaanderen.be/id/concept/chemical_substance/0001144
Fluorotelomer alcohols,https://data.omgeving.vlaanderen.be/id/concept/chemical_substance/0003967
Folic acids,https://data.omgeving.vlaanderen.be/id/concept/chemical_substance/0003039
Folic acids and derivatives,https://data.omgeving.vlaanderen.be/id/concept/chemical_substance/0000255
Formamides,https://data.omgeving.vlaanderen.be/id/concept/chemical_substance/0004530
Formamidine disulfides,https://data.omgeving.vlaanderen.be/id/concept/chemical_substance/0004730
Formamidines,https://data.omgeving.vlaanderen.be/id/concept/chemical_substance/0004729
Formazans,https://data.omgeving.vlaanderen.be/id/concept/chemical_substance/0002038
Fulminates,https://data.omgeving.vlaanderen.be/id/concept/chemical_substance/0000466
Fumonisins,https://data.omgeving.vlaanderen.be/id/concept/chemical_substance/0001792
Furan lignans,https://data.omgeving.vlaanderen.be/id/concept/chemical_substance/0001970
Furan-3-carboxylic acid amides,https://data.omgeving.vlaanderen.be/id/concept/chemical_substance/0004761
Furan-3-carboxylic acid and derivatives,https://data.omgeving.vlaanderen.be/id/concept/chemical_substance/0004759
Furan-3-carboxylic acid esters,https://data.omgeving.vlaanderen.be/id/concept/chemical_substance/0004762
Furan-3-carboxylic acids,https://data.omgeving.vlaanderen.be/id/concept/chemical_substance/0004760
Furancarboxamides,https://data.omgeving.vlaanderen.be/id/concept/chemical_substance/0004205
Furanilides,https://data.omgeving.vlaanderen.be/id/concept/chemical_substance/0004755
Furanochalcones,https://data.omgeving.vlaanderen.be/id/concept/chemical_substance/0003542
Furanochromones,https://data.omgeving.vlaanderen.be/id/concept/chemical_substance/0001735
Furanocoumarins,https://data.omgeving.vlaanderen.be/id/concept/chemical_substance/0000358
Furanoflavones,https://data.omgeving.vlaanderen.be/id/concept/chemical_substance/0001759
Furanoflavonoids and dihydrofuranoflavonoids,https://data.omgeving.vlaanderen.be/id/concept/chemical_substance/0002614
Furanoid amino acids and derivatives,https://data.omgeving.vlaanderen.be/id/concept/chemical_substance/0001696
Furanoid fatty acids,https://data.omgeving.vlaanderen.be/id/concept/chemical_substance/0001528
Furanoid lignans,https://data.omgeving.vlaanderen.be/id/concept/chemical_substance/0003686
Furanoisoflavonoids,https://data.omgeving.vlaanderen.be/id/concept/chemical_substance/0002617
Furanonaphthodioxoles,https://data.omgeving.vlaanderen.be/id/concept/chemical_substance/0004792
Furanones,https://data.omgeving.vlaanderen.be/id/concept/chemical_substance/0001982
Furanoquinolines,https://data.omgeving.vlaanderen.be/id/concept/chemical_substance/0002374
Furans,https://data.omgeving.vlaanderen.be/id/concept/chemical_substance/0000076
Furazans,https://data.omgeving.vlaanderen.be/id/concept/chemical_substance/0002056
"Furo[2,3-b]chromones",https://data.omgeving.vlaanderen.be/id/concept/chemical_substance/0003529
"Furo[2,3-c]pyridines",https://data.omgeving.vlaanderen.be/id/concept/chemical_substance/0004408
"Furo[2,3-d]pyrimidines",https://data.omgeving.vlaanderen.be/id/concept/chemical_substance/0004416
"Furo[3,2-c]pyridines",https://data.omgeving.vlaanderen.be/id/concept/chemical_substance/0004409
"Furo[3,2-d]pyrimidine glycosides",https://data.omgeving.vlaanderen.be/id/concept/chemical_substance/0003707
"Furo[3,4-d]pyrimidine glycosides",https://data.omgeving.vlaanderen.be/id/concept/chemical_substance/0003747
Furofuran lignans,https://data.omgeving.vlaanderen.be/id/concept/chemical_substance/0001971
Furofurans,https://data.omgeving.vlaanderen.be/id/concept/chemical_substance/0001816
Furoic acid and derivatives,https://data.omgeving.vlaanderen.be/id/concept/chemical_substance/0004758
Furoic acid esters,https://data.omgeving.vlaanderen.be/id/concept/chemical_substance/0004805
Furoic acids,https://data.omgeving.vlaanderen.be/id/concept/chemical_substance/0001448
Furoindazoles,https://data.omgeving.vlaanderen.be/id/concept/chemical_substance/0002110
Furopyrans,https://data.omgeving.vlaanderen.be/id/concept/chemical_substance/0001818
Furopyridines,https://data.omgeving.vlaanderen.be/id/concept/chemical_substance/0004407
Furopyrroles,https://data.omgeving.vlaanderen.be/id/concept/chemical_substance/0001918
Furospirostanes and derivatives,https://data.omgeving.vlaanderen.be/id/concept/chemical_substance/0001702
Furostanes and derivatives,https://data.omgeving.vlaanderen.be/id/concept/chemical_substance/0001701
Furoxans,https://data.omgeving.vlaanderen.be/id/concept/chemical_substance/0002057
Fusicoccane diterpenoids,https://data.omgeving.vlaanderen.be/id/concept/chemical_substance/0003547
Gal- (Gala series),https://data.omgeving.vlaanderen.be/id/concept/chemical_substance/0001089
GalNAcb1-3Gala1-3Galb1-4Glc- (Isoglobo series),https://data.omgeving.vlaanderen.be/id/concept/chemical_substance/0001433
GalNAcb1-3Gala1-4Galb1-4Glc- (Globo series),https://data.omgeving.vlaanderen.be/id/concept/chemical_substance/0001429
GalNAcb1-4Galb1-4Glc- (Ganglio series),https://data.omgeving.vlaanderen.be/id/concept/chemical_substance/0003257
GalNAcb1-4GlcNAcb1-3Manb1-4Glc- (Arthro series),https://data.omgeving.vlaanderen.be/id/concept/chemical_substance/0001430
Galanthamine-type amaryllidaceae alkaloids,https://data.omgeving.vlaanderen.be/id/concept/chemical_substance/0004128
Galanthindole-type amaryllidaceae alkaloids,https://data.omgeving.vlaanderen.be/id/concept/chemical_substance/0004127
Galb1-3GlcNAcb1-3Galb1-4Glc- (Lacto series),https://data.omgeving.vlaanderen.be/id/concept/chemical_substance/0001431
Galb1-4GlcNAcb1-3Galb1-4Glc- (Neolacto series),https://data.omgeving.vlaanderen.be/id/concept/chemical_substance/0001432
Gallic acid and derivatives,https://data.omgeving.vlaanderen.be/id/concept/chemical_substance/0001251
Gallic acids,https://data.omgeving.vlaanderen.be/id/concept/chemical_substance/0003538
Galloyl esters,https://data.omgeving.vlaanderen.be/id/concept/chemical_substance/0003539
Gamma amino acids and derivatives,https://data.omgeving.vlaanderen.be/id/concept/chemical_substance/0001880
Gamma butyrolactones,https://data.omgeving.vlaanderen.be/id/concept/chemical_substance/0001245
Gamma carbolines,https://data.omgeving.vlaanderen.be/id/concept/chemical_substance/0001916
Gamma lactams,https://data.omgeving.vlaanderen.be/id/concept/chemical_substance/0000165
Gamma sultams,https://data.omgeving.vlaanderen.be/id/concept/chemical_substance/0001883
Gamma sultims,https://data.omgeving.vlaanderen.be/id/concept/chemical_substance/0002097
Gamma sultones,https://data.omgeving.vlaanderen.be/id/concept/chemical_substance/0001888
Gamma-amino ketones,https://data.omgeving.vlaanderen.be/id/concept/chemical_substance/0001118
Gamma-glutamyl amino acids,https://data.omgeving.vlaanderen.be/id/concept/chemical_substance/0003024
Gamma-glutamyl peptides,https://data.omgeving.vlaanderen.be/id/concept/chemical_substance/0003025
Gamma-keto acids and derivatives,https://data.omgeving.vlaanderen.be/id/concept/chemical_substance/0001115
Gangliosides,https://data.omgeving.vlaanderen.be/id/concept/chemical_substance/0001439
Gelsemium alkaloids,https://data.omgeving.vlaanderen.be/id/concept/chemical_substance/0003758
Geminal diols,https://data.omgeving.vlaanderen.be/id/concept/chemical_substance/0003104
Germacrane sesquiterpenoids,https://data.omgeving.vlaanderen.be/id/concept/chemical_substance/0002456
Germacranolides and derivatives,https://data.omgeving.vlaanderen.be/id/concept/chemical_substance/0001771
Gibberellins,https://data.omgeving.vlaanderen.be/id/concept/chemical_substance/0001767
Gingerdiols,https://data.omgeving.vlaanderen.be/id/concept/chemical_substance/0001706
Gingerdiones,https://data.omgeving.vlaanderen.be/id/concept/chemical_substance/0001707
Gingerols,https://data.omgeving.vlaanderen.be/id/concept/chemical_substance/0001705
Ginkgolides and bilobalides,https://data.omgeving.vlaanderen.be/id/concept/chemical_substance/0001768
GlcNAcb1-2Mana1-3Manb1-4Glc- (Mollu series),https://data.omgeving.vlaanderen.be/id/concept/chemical_substance/0001436
Gliotoxins,https://data.omgeving.vlaanderen.be/id/concept/chemical_substance/0001791
"Gluco/mineralocorticoids, progestogins and derivatives",https://data.omgeving.vlaanderen.be/id/concept/chemical_substance/0001468
Gluconolactones,https://data.omgeving.vlaanderen.be/id/concept/chemical_substance/0002262
Glucosinolates,https://data.omgeving.vlaanderen.be/id/concept/chemical_substance/0000373
Glucosylceramides,https://data.omgeving.vlaanderen.be/id/concept/chemical_substance/0004299
Glucuronic acid derivatives,https://data.omgeving.vlaanderen.be/id/concept/chemical_substance/0002094
Glucuronides,https://data.omgeving.vlaanderen.be/id/concept/chemical_substance/0000374
Glucuronosphingolipids,https://data.omgeving.vlaanderen.be/id/concept/chemical_substance/0001388
Glutamic acid and derivatives,https://data.omgeving.vlaanderen.be/id/concept/chemical_substance/0004323
Glutamine and derivatives,https://data.omgeving.vlaanderen.be/id/concept/chemical_substance/0004315
Glyceraldehyde-3-phosphates,https://data.omgeving.vlaanderen.be/id/concept/chemical_substance/0002255
Glycero-3-dithiophosphocholines,https://data.omgeving.vlaanderen.be/id/concept/chemical_substance/0001980
Glycero-3-phospho-N-acyl-ethanolamines,https://data.omgeving.vlaanderen.be/id/concept/chemical_substance/0003187
Glycero-3-phosphosulfocholines,https://data.omgeving.vlaanderen.be/id/concept/chemical_substance/0003853
Glycero-3-pyrophosphates,https://data.omgeving.vlaanderen.be/id/concept/chemical_substance/0003807
Glycero-3-thiophosphocholines,https://data.omgeving.vlaanderen.be/id/concept/chemical_substance/0001981
Glycerol ethers,https://data.omgeving.vlaanderen.be/id/concept/chemical_substance/0002391
Glycerol vinyl ethers,https://data.omgeving.vlaanderen.be/id/concept/chemical_substance/0003264
Glycerol-3-phosphonocholines,https://data.omgeving.vlaanderen.be/id/concept/chemical_substance/0003617
Glycerol-3-phosphonoethanolamines,https://data.omgeving.vlaanderen.be/id/concept/chemical_substance/0003618
Glycerolipids,https://data.omgeving.vlaanderen.be/id/concept/chemical_substance/0000175
Glycerone and derivatives,https://data.omgeving.vlaanderen.be/id/concept/chemical_substance/0003444
Glycerone phosphates,https://data.omgeving.vlaanderen.be/id/concept/chemical_substance/0003446
Glycerophosphates,https://data.omgeving.vlaanderen.be/id/concept/chemical_substance/0002214
Glycerophosphocholines,https://data.omgeving.vlaanderen.be/id/concept/chemical_substance/0002213
Glycerophosphoethanolamines,https://data.omgeving.vlaanderen.be/id/concept/chemical_substance/0002215
Glycerophosphoglycerols,https://data.omgeving.vlaanderen.be/id/concept/chemical_substance/0002216
Glycerophosphoglycerophosphates,https://data.omgeving.vlaanderen.be/id/concept/chemical_substance/0002217
Glycerophosphoglycerophosphoglycerols,https://data.omgeving.vlaanderen.be/id/concept/chemical_substance/0003389
Glycerophosphoinositol phosphates,https://data.omgeving.vlaanderen.be/id/concept/chemical_substance/0002220
Glycerophosphoinositols,https://data.omgeving.vlaanderen.be/id/concept/chemical_substance/0002219
Glycerophospholipids,https://data.omgeving.vlaanderen.be/id/concept/chemical_substance/0000256
Glycerophosphonocholines,https://data.omgeving.vlaanderen.be/id/concept/chemical_substance/0003620
Glycerophosphonoethanolamines,https://data.omgeving.vlaanderen.be/id/concept/chemical_substance/0003621
Glycerophosphonolipids,https://data.omgeving.vlaanderen.be/id/concept/chemical_substance/0003616
Glycerophosphoserines,https://data.omgeving.vlaanderen.be/id/concept/chemical_substance/0002218
Glycidol esters,https://data.omgeving.vlaanderen.be/id/concept/chemical_substance/0001421
Glycinamide ribonucleotides,https://data.omgeving.vlaanderen.be/id/concept/chemical_substance/0001014
Glycinated bile acids and derivatives,https://data.omgeving.vlaanderen.be/id/concept/chemical_substance/0001124
Glycine and derivatives,https://data.omgeving.vlaanderen.be/id/concept/chemical_substance/0004318
Glyco-alpha-amino acids,https://data.omgeving.vlaanderen.be/id/concept/chemical_substance/0003335
Glycodepsipeptides,https://data.omgeving.vlaanderen.be/id/concept/chemical_substance/0001964
Glycopeptides and derivatives,https://data.omgeving.vlaanderen.be/id/concept/chemical_substance/0001699
Glycopeptidomimetics,https://data.omgeving.vlaanderen.be/id/concept/chemical_substance/0001815
Glycosphingolipids,https://data.omgeving.vlaanderen.be/id/concept/chemical_substance/0003258
Glycosyl compounds,https://data.omgeving.vlaanderen.be/id/concept/chemical_substance/0002105
Glycosyl-N-acylsphingosines,https://data.omgeving.vlaanderen.be/id/concept/chemical_substance/0004305
Glycosyl-alpha-amino acids,https://data.omgeving.vlaanderen.be/id/concept/chemical_substance/0003336
Glycosyl-amino acids,https://data.omgeving.vlaanderen.be/id/concept/chemical_substance/0001812
Glycosylalkylacylglycerols,https://data.omgeving.vlaanderen.be/id/concept/chemical_substance/0003821
Glycosylamines,https://data.omgeving.vlaanderen.be/id/concept/chemical_substance/0002203
Glycosyldiacylglycerols,https://data.omgeving.vlaanderen.be/id/concept/chemical_substance/0003067
Glycosyldialkylglycerols,https://data.omgeving.vlaanderen.be/id/concept/chemical_substance/0003820
Glycosyldiradylglycerols,https://data.omgeving.vlaanderen.be/id/concept/chemical_substance/0003822
Glycosylglycerols,https://data.omgeving.vlaanderen.be/id/concept/chemical_substance/0000637
Glycosylglycerophospholipids,https://data.omgeving.vlaanderen.be/id/concept/chemical_substance/0001459
Glycosylmonoacylglycerols,https://data.omgeving.vlaanderen.be/id/concept/chemical_substance/0001773
Glycosylmonoalkylglycerols,https://data.omgeving.vlaanderen.be/id/concept/chemical_substance/0003818
Glycosylmonoradylglycerols,https://data.omgeving.vlaanderen.be/id/concept/chemical_substance/0003819
Glycosylpeptides and derivatives,https://data.omgeving.vlaanderen.be/id/concept/chemical_substance/0003334
Gorgostanes and derivatives,https://data.omgeving.vlaanderen.be/id/concept/chemical_substance/0002039
Gracilline-type amaryllidaceae alkaloids,https://data.omgeving.vlaanderen.be/id/concept/chemical_substance/0004130
Grayanoids,https://data.omgeving.vlaanderen.be/id/concept/chemical_substance/0002871
Guaianes,https://data.omgeving.vlaanderen.be/id/concept/chemical_substance/0002874
Guaianolides and derivatives,https://data.omgeving.vlaanderen.be/id/concept/chemical_substance/0001770
Guanidines,https://data.omgeving.vlaanderen.be/id/concept/chemical_substance/0000375
Guanidinobenzoic acids,https://data.omgeving.vlaanderen.be/id/concept/chemical_substance/0002947
Guanidinobenzoic acids and derivatives,https://data.omgeving.vlaanderen.be/id/concept/chemical_substance/0001779
Guanidinoglycosides,https://data.omgeving.vlaanderen.be/id/concept/chemical_substance/0003572
Halo-S-triazines,https://data.omgeving.vlaanderen.be/id/concept/chemical_substance/0004639
Haloacetanilides,https://data.omgeving.vlaanderen.be/id/concept/chemical_substance/0004716
Haloacetylenes and derivatives,https://data.omgeving.vlaanderen.be/id/concept/chemical_substance/0004565
Haloalkenes,https://data.omgeving.vlaanderen.be/id/concept/chemical_substance/0003903
Halobenzenes,https://data.omgeving.vlaanderen.be/id/concept/chemical_substance/0000035
Halobenzoic acids,https://data.omgeving.vlaanderen.be/id/concept/chemical_substance/0003097
Halobenzoic acids and derivatives,https://data.omgeving.vlaanderen.be/id/concept/chemical_substance/0003096
Halogen hydrides,https://data.omgeving.vlaanderen.be/id/concept/chemical_substance/0000548
Halogen nitrides,https://data.omgeving.vlaanderen.be/id/concept/chemical_substance/0000549
Halogen organides,https://data.omgeving.vlaanderen.be/id/concept/chemical_substance/0000454
Halogen oxides,https://data.omgeving.vlaanderen.be/id/concept/chemical_substance/0000550
Halogen sulfides,https://data.omgeving.vlaanderen.be/id/concept/chemical_substance/0000551
Halogenated fatty acids,https://data.omgeving.vlaanderen.be/id/concept/chemical_substance/0000483
Halogenated steroids,https://data.omgeving.vlaanderen.be/id/concept/chemical_substance/0002645
Halohydrins,https://data.omgeving.vlaanderen.be/id/concept/chemical_substance/0002528
Halomethanes,https://data.omgeving.vlaanderen.be/id/concept/chemical_substance/0004157
Halonitrobenzenes,https://data.omgeving.vlaanderen.be/id/concept/chemical_substance/0004541
Halophenols,https://data.omgeving.vlaanderen.be/id/concept/chemical_substance/0002320
Halopyridines,https://data.omgeving.vlaanderen.be/id/concept/chemical_substance/0003970
Halopyrimidines,https://data.omgeving.vlaanderen.be/id/concept/chemical_substance/0001893
Haloquinolines,https://data.omgeving.vlaanderen.be/id/concept/chemical_substance/0004403
Halotoluenes,https://data.omgeving.vlaanderen.be/id/concept/chemical_substance/0004528
Harmala alkaloids,https://data.omgeving.vlaanderen.be/id/concept/chemical_substance/0001140
Hasubanan alkaloids,https://data.omgeving.vlaanderen.be/id/concept/chemical_substance/0002792
Hemiacetals,https://data.omgeving.vlaanderen.be/id/concept/chemical_substance/0001092
Hemiaminals,https://data.omgeving.vlaanderen.be/id/concept/chemical_substance/0001088
Hemiketals,https://data.omgeving.vlaanderen.be/id/concept/chemical_substance/0002539
Hepoxilins,https://data.omgeving.vlaanderen.be/id/concept/chemical_substance/0001020
Heptoses,https://data.omgeving.vlaanderen.be/id/concept/chemical_substance/0001499
Heteroaromatic compounds,https://data.omgeving.vlaanderen.be/id/concept/chemical_substance/0004144
Heterocyclic diaryl ethers,https://data.omgeving.vlaanderen.be/id/concept/chemical_substance/0001215
Heterocyclic fatty acids,https://data.omgeving.vlaanderen.be/id/concept/chemical_substance/0001989
Hetidine-type diterpenoid alkaloids,https://data.omgeving.vlaanderen.be/id/concept/chemical_substance/0003779
Hetisine-type diterpenoid alkaloids,https://data.omgeving.vlaanderen.be/id/concept/chemical_substance/0003780
Hexacarboxylic acids and derivatives,https://data.omgeving.vlaanderen.be/id/concept/chemical_substance/0002967
Hexahydrobenzophenanthridine alkaloids,https://data.omgeving.vlaanderen.be/id/concept/chemical_substance/0002666
Hexamethonium compounds,https://data.omgeving.vlaanderen.be/id/concept/chemical_substance/0001282
Hexose phosphates,https://data.omgeving.vlaanderen.be/id/concept/chemical_substance/0002260
Hexoses,https://data.omgeving.vlaanderen.be/id/concept/chemical_substance/0001498
Himachalane and lippifoliane sesquiterpenoids,https://data.omgeving.vlaanderen.be/id/concept/chemical_substance/0003545
Hippuric acids,https://data.omgeving.vlaanderen.be/id/concept/chemical_substance/0001318
Hippuric acids and derivatives,https://data.omgeving.vlaanderen.be/id/concept/chemical_substance/0000179
Histidine and derivatives,https://data.omgeving.vlaanderen.be/id/concept/chemical_substance/0004311
Histrionicotoxins,https://data.omgeving.vlaanderen.be/id/concept/chemical_substance/0002064
Holostanes,https://data.omgeving.vlaanderen.be/id/concept/chemical_substance/0002904
Homoaporphines,https://data.omgeving.vlaanderen.be/id/concept/chemical_substance/0002661
Homocyclic diaryl ethers,https://data.omgeving.vlaanderen.be/id/concept/chemical_substance/0001216
Homoerythrinane alkaloids,https://data.omgeving.vlaanderen.be/id/concept/chemical_substance/0002781
Homogeneous actinide compounds,https://data.omgeving.vlaanderen.be/id/concept/chemical_substance/0000430
Homogeneous alkali metal compounds,https://data.omgeving.vlaanderen.be/id/concept/chemical_substance/0000425
Homogeneous alkaline earth metal compounds,https://data.omgeving.vlaanderen.be/id/concept/chemical_substance/0000428
Homogeneous halogens,https://data.omgeving.vlaanderen.be/id/concept/chemical_substance/0000432
Homogeneous lanthanide compounds,https://data.omgeving.vlaanderen.be/id/concept/chemical_substance/0000429
Homogeneous metal compounds,https://data.omgeving.vlaanderen.be/id/concept/chemical_substance/0000422
Homogeneous metalloid compounds,https://data.omgeving.vlaanderen.be/id/concept/chemical_substance/0000431
Homogeneous noble gases,https://data.omgeving.vlaanderen.be/id/concept/chemical_substance/0000433
Homogeneous non-metal compounds,https://data.omgeving.vlaanderen.be/id/concept/chemical_substance/0000423
Homogeneous other non-metal compounds,https://data.omgeving.vlaanderen.be/id/concept/chemical_substance/0000434
Homogeneous post-transition metal compounds,https://data.omgeving.vlaanderen.be/id/concept/chemical_substance/0000427
Homogeneous transition metal compounds,https://data.omgeving.vlaanderen.be/id/concept/chemical_substance/0000426
Homoisoflavanones,https://data.omgeving.vlaanderen.be/id/concept/chemical_substance/0002898
Homoisoflavans,https://data.omgeving.vlaanderen.be/id/concept/chemical_substance/0002508
Homoisoflavones,https://data.omgeving.vlaanderen.be/id/concept/chemical_substance/0001633
Homoisoflavonoids,https://data.omgeving.vlaanderen.be/id/concept/chemical_substance/0002507
Homolycorine-type amaryllidaceae alkaloids,https://data.omgeving.vlaanderen.be/id/concept/chemical_substance/0004122
Homoproaporphines,https://data.omgeving.vlaanderen.be/id/concept/chemical_substance/0002662
Hopane triterpenoids,https://data.omgeving.vlaanderen.be/id/concept/chemical_substance/0001824
Hopanoids,https://data.omgeving.vlaanderen.be/id/concept/chemical_substance/0001823
Hybrid glycopeptides,https://data.omgeving.vlaanderen.be/id/concept/chemical_substance/0002009
Hybrid peptides,https://data.omgeving.vlaanderen.be/id/concept/chemical_substance/0002010
Hydantoins,https://data.omgeving.vlaanderen.be/id/concept/chemical_substance/0002273
Hydrazidines,https://data.omgeving.vlaanderen.be/id/concept/chemical_substance/0002464
Hydrazinecarboxamides,https://data.omgeving.vlaanderen.be/id/concept/chemical_substance/0003134
Hydrazinecarboxylic acid esters,https://data.omgeving.vlaanderen.be/id/concept/chemical_substance/0004715
Hydrazinecarboxylic acids,https://data.omgeving.vlaanderen.be/id/concept/chemical_substance/0003133
Hydrazinecarboxylic acids and derivatives,https://data.omgeving.vlaanderen.be/id/concept/chemical_substance/0003132
Hydrazines and derivatives,https://data.omgeving.vlaanderen.be/id/concept/chemical_substance/0000112
Hydrazineselenoamides,https://data.omgeving.vlaanderen.be/id/concept/chemical_substance/0003149
Hydrazinesulfinic acids,https://data.omgeving.vlaanderen.be/id/concept/chemical_substance/0003111
Hydrazinopeptides,https://data.omgeving.vlaanderen.be/id/concept/chemical_substance/0001958
Hydrazinosulfonyl compounds,https://data.omgeving.vlaanderen.be/id/concept/chemical_substance/0003138
Hydrazones,https://data.omgeving.vlaanderen.be/id/concept/chemical_substance/0000116
Hydrobromides,https://data.omgeving.vlaanderen.be/id/concept/chemical_substance/0003920
Hydrocarbon derivatives,https://data.omgeving.vlaanderen.be/id/concept/chemical_substance/0004150
Hydrocarbons,https://data.omgeving.vlaanderen.be/id/concept/chemical_substance/0002837
Hydrochlorides,https://data.omgeving.vlaanderen.be/id/concept/chemical_substance/0003921
Hydrofluorocarbons,https://data.omgeving.vlaanderen.be/id/concept/chemical_substance/0004522
Hydrolyzable tannins,https://data.omgeving.vlaanderen.be/id/concept/chemical_substance/0001710
Hydroperoxy fatty acids,https://data.omgeving.vlaanderen.be/id/concept/chemical_substance/0000340
Hydroperoxyeicosapentaenoic acids,https://data.omgeving.vlaanderen.be/id/concept/chemical_substance/0001011
Hydroperoxyeicosatetraenoic acids,https://data.omgeving.vlaanderen.be/id/concept/chemical_substance/0000387
Hydroperoxyeicosatrienoic acids,https://data.omgeving.vlaanderen.be/id/concept/chemical_substance/0000383
Hydrophenanthrenes,https://data.omgeving.vlaanderen.be/id/concept/chemical_substance/0000223
Hydropyridines,https://data.omgeving.vlaanderen.be/id/concept/chemical_substance/0002224
Hydropyrimidine carboxylic acids and derivatives,https://data.omgeving.vlaanderen.be/id/concept/chemical_substance/0002222
Hydropyrimidines,https://data.omgeving.vlaanderen.be/id/concept/chemical_substance/0002202
Hydroquinolines,https://data.omgeving.vlaanderen.be/id/concept/chemical_substance/0001715
Hydroquinolones,https://data.omgeving.vlaanderen.be/id/concept/chemical_substance/0001716
Hydroquinones,https://data.omgeving.vlaanderen.be/id/concept/chemical_substance/0000136
Hydroxamic acid esters,https://data.omgeving.vlaanderen.be/id/concept/chemical_substance/0003880
Hydroxamic acids,https://data.omgeving.vlaanderen.be/id/concept/chemical_substance/0000376
Hydroxy acids and derivatives,https://data.omgeving.vlaanderen.be/id/concept/chemical_substance/0000472
"Hydroxy bile acids, alcohols and derivatives",https://data.omgeving.vlaanderen.be/id/concept/chemical_substance/0002194
Hydroxy fatty acids,https://data.omgeving.vlaanderen.be/id/concept/chemical_substance/0000341
Hydroxy-7-aporphines,https://data.omgeving.vlaanderen.be/id/concept/chemical_substance/0003021
Hydroxyanilides,https://data.omgeving.vlaanderen.be/id/concept/chemical_substance/0004200
Hydroxyanthraquinones,https://data.omgeving.vlaanderen.be/id/concept/chemical_substance/0001598
Hydroxybenzaldehydes,https://data.omgeving.vlaanderen.be/id/concept/chemical_substance/0003978
Hydroxybenzoic acid derivatives,https://data.omgeving.vlaanderen.be/id/concept/chemical_substance/0001248
Hydroxybenzonitriles,https://data.omgeving.vlaanderen.be/id/concept/chemical_substance/0004680
Hydroxycinnamic acid esters,https://data.omgeving.vlaanderen.be/id/concept/chemical_substance/0003002
Hydroxycinnamic acid glycosides,https://data.omgeving.vlaanderen.be/id/concept/chemical_substance/0003003
Hydroxycinnamic acids,https://data.omgeving.vlaanderen.be/id/concept/chemical_substance/0002503
Hydroxycinnamic acids and derivatives,https://data.omgeving.vlaanderen.be/id/concept/chemical_substance/0001391
Hydroxycoumarins,https://data.omgeving.vlaanderen.be/id/concept/chemical_substance/0002908
Hydroxyeicosapentaenoic acids,https://data.omgeving.vlaanderen.be/id/concept/chemical_substance/0000214
Hydroxyeicosatetraenoic acids,https://data.omgeving.vlaanderen.be/id/concept/chemical_substance/0000046
Hydroxyeicosatrienoic acids,https://data.omgeving.vlaanderen.be/id/concept/chemical_substance/0000030
Hydroxyflavonoids,https://data.omgeving.vlaanderen.be/id/concept/chemical_substance/0002991
Hydroxyindoles,https://data.omgeving.vlaanderen.be/id/concept/chemical_substance/0004162
Hydroxyisoflavonoids,https://data.omgeving.vlaanderen.be/id/concept/chemical_substance/0004154
Hydroxylamine O-sulfonic acids,https://data.omgeving.vlaanderen.be/id/concept/chemical_substance/0003110
Hydroxymercuribenzoic acids,https://data.omgeving.vlaanderen.be/id/concept/chemical_substance/0004028
Hydroxypyridines,https://data.omgeving.vlaanderen.be/id/concept/chemical_substance/0004151
Hydroxypyrimidines,https://data.omgeving.vlaanderen.be/id/concept/chemical_substance/0004161
Hydroxyquinolines,https://data.omgeving.vlaanderen.be/id/concept/chemical_substance/0000057
Hydroxyquinolones,https://data.omgeving.vlaanderen.be/id/concept/chemical_substance/0001714
Hydroxyquinols and derivatives,https://data.omgeving.vlaanderen.be/id/concept/chemical_substance/0000380
Hydroxysteroids,https://data.omgeving.vlaanderen.be/id/concept/chemical_substance/0001295
Hypoxanthines,https://data.omgeving.vlaanderen.be/id/concept/chemical_substance/0000246
Ibogan-type alkaloids,https://data.omgeving.vlaanderen.be/id/concept/chemical_substance/0002748
Idoso compounds,https://data.omgeving.vlaanderen.be/id/concept/chemical_substance/0003274
Idoxy compounds,https://data.omgeving.vlaanderen.be/id/concept/chemical_substance/0003275
"Ileabethane, pseudopterane or nor-sandresane diterpenoids",https://data.omgeving.vlaanderen.be/id/concept/chemical_substance/0003561
Illudanes and illudins,https://data.omgeving.vlaanderen.be/id/concept/chemical_substance/0001777
"Imidazo-[4,5-c]pyridines",https://data.omgeving.vlaanderen.be/id/concept/chemical_substance/0003590
"Imidazo[1,2-a][1,2,4]triazines",https://data.omgeving.vlaanderen.be/id/concept/chemical_substance/0004378
"Imidazo[1,2-a]pyrazin-8-ones",https://data.omgeving.vlaanderen.be/id/concept/chemical_substance/0004376
"Imidazo[1,2-a]pyridines",https://data.omgeving.vlaanderen.be/id/concept/chemical_substance/0004396
"Imidazo[1,2-a]pyrimidines",https://data.omgeving.vlaanderen.be/id/concept/chemical_substance/0004377
"Imidazo[1,2-d][1,2,4]triazines",https://data.omgeving.vlaanderen.be/id/concept/chemical_substance/0004379
"Imidazo[1,5-a][1,4]benzodiazepines",https://data.omgeving.vlaanderen.be/id/concept/chemical_substance/0004098
"Imidazo[1,5-a]pyrazines",https://data.omgeving.vlaanderen.be/id/concept/chemical_substance/0004388
"Imidazo[2,1-b]benzothiazoles",https://data.omgeving.vlaanderen.be/id/concept/chemical_substance/0004332
"Imidazo[2,1-c][1,2,4]triazines",https://data.omgeving.vlaanderen.be/id/concept/chemical_substance/0004380
"Imidazo[4,3-c][1,2,4]triazines",https://data.omgeving.vlaanderen.be/id/concept/chemical_substance/0004381
"Imidazo[5,1-d]-1,2,3,5-tetrazines",https://data.omgeving.vlaanderen.be/id/concept/chemical_substance/0003771
Imidazodiazepines,https://data.omgeving.vlaanderen.be/id/concept/chemical_substance/0001979
Imidazodithiazoles,https://data.omgeving.vlaanderen.be/id/concept/chemical_substance/0000796
Imidazodithiazolethiones,https://data.omgeving.vlaanderen.be/id/concept/chemical_substance/0000836
Imidazole carboxamides,https://data.omgeving.vlaanderen.be/id/concept/chemical_substance/0001255
Imidazole carboxylic acids,https://data.omgeving.vlaanderen.be/id/concept/chemical_substance/0002405
Imidazole carboxylic acids and derivatives,https://data.omgeving.vlaanderen.be/id/concept/chemical_substance/0001226
Imidazole oligoamides,https://data.omgeving.vlaanderen.be/id/concept/chemical_substance/0001947
Imidazole ribonucleosides and ribonucleotides,https://data.omgeving.vlaanderen.be/id/concept/chemical_substance/0001997
Imidazole-pyrrole oligo- and polyamides,https://data.omgeving.vlaanderen.be/id/concept/chemical_substance/0001957
"Imidazole[4,5-c]pyridine ribonucleosides and ribonucleotides",https://data.omgeving.vlaanderen.be/id/concept/chemical_substance/0004353
Imidazoles,https://data.omgeving.vlaanderen.be/id/concept/chemical_substance/0000078
Imidazolethiones,https://data.omgeving.vlaanderen.be/id/concept/chemical_substance/0002337
Imidazolidinediones,https://data.omgeving.vlaanderen.be/id/concept/chemical_substance/0001150
Imidazolidines,https://data.omgeving.vlaanderen.be/id/concept/chemical_substance/0000250
Imidazolidinones,https://data.omgeving.vlaanderen.be/id/concept/chemical_substance/0001149
Imidazolines,https://data.omgeving.vlaanderen.be/id/concept/chemical_substance/0000079
Imidazolinones,https://data.omgeving.vlaanderen.be/id/concept/chemical_substance/0001402
Imidazolyl carboxylic acids and derivatives,https://data.omgeving.vlaanderen.be/id/concept/chemical_substance/0001227
Imidazopiperidines,https://data.omgeving.vlaanderen.be/id/concept/chemical_substance/0002627
Imidazopyrazines,https://data.omgeving.vlaanderen.be/id/concept/chemical_substance/0003589
Imidazopyridines,https://data.omgeving.vlaanderen.be/id/concept/chemical_substance/0000328
Imidazopyridinones,https://data.omgeving.vlaanderen.be/id/concept/chemical_substance/0000177
Imidazopyrimidines,https://data.omgeving.vlaanderen.be/id/concept/chemical_substance/0001797
Imidazoquinolines,https://data.omgeving.vlaanderen.be/id/concept/chemical_substance/0004331
Imidazotetrazines,https://data.omgeving.vlaanderen.be/id/concept/chemical_substance/0002001
Imidazothiazoles,https://data.omgeving.vlaanderen.be/id/concept/chemical_substance/0000756
Imidocarbonyl compounds,https://data.omgeving.vlaanderen.be/id/concept/chemical_substance/0003125
Imidoesters,https://data.omgeving.vlaanderen.be/id/concept/chemical_substance/0000499
Imidolactams,https://data.omgeving.vlaanderen.be/id/concept/chemical_substance/0003886
Imidolactones,https://data.omgeving.vlaanderen.be/id/concept/chemical_substance/0003882
Imidothioesters,https://data.omgeving.vlaanderen.be/id/concept/chemical_substance/0001094
Imidothioic acids,https://data.omgeving.vlaanderen.be/id/concept/chemical_substance/0003883
Imidothioic acids and derivatives,https://data.omgeving.vlaanderen.be/id/concept/chemical_substance/0002462
Imidothiolactones,https://data.omgeving.vlaanderen.be/id/concept/chemical_substance/0003885
Imidoyl bromides,https://data.omgeving.vlaanderen.be/id/concept/chemical_substance/0001033
Imidoyl carbenes,https://data.omgeving.vlaanderen.be/id/concept/chemical_substance/0003635
Imidoyl chlorides,https://data.omgeving.vlaanderen.be/id/concept/chemical_substance/0001034
Imidoyl fluorides,https://data.omgeving.vlaanderen.be/id/concept/chemical_substance/0001035
Imidoyl halides,https://data.omgeving.vlaanderen.be/id/concept/chemical_substance/0002870
Imidoyl iodides,https://data.omgeving.vlaanderen.be/id/concept/chemical_substance/0001036
Imines,https://data.omgeving.vlaanderen.be/id/concept/chemical_substance/0000117
Iminoquinones,https://data.omgeving.vlaanderen.be/id/concept/chemical_substance/0002851
Indan-1-spirocyclohexanes,https://data.omgeving.vlaanderen.be/id/concept/chemical_substance/0003065
Indanediones,https://data.omgeving.vlaanderen.be/id/concept/chemical_substance/0000040
Indanes,https://data.omgeving.vlaanderen.be/id/concept/chemical_substance/0000027
Indanones,https://data.omgeving.vlaanderen.be/id/concept/chemical_substance/0001151
Indazole ribonucleosides and ribonucleotides,https://data.omgeving.vlaanderen.be/id/concept/chemical_substance/0001868
Indazole-3-carboxamides,https://data.omgeving.vlaanderen.be/id/concept/chemical_substance/0004552
Indazoles,https://data.omgeving.vlaanderen.be/id/concept/chemical_substance/0000080
Indenes and isoindenes,https://data.omgeving.vlaanderen.be/id/concept/chemical_substance/0000021
"Indeno[1,2-c]pyrazoles",https://data.omgeving.vlaanderen.be/id/concept/chemical_substance/0004345
Indenoazepines,https://data.omgeving.vlaanderen.be/id/concept/chemical_substance/0002677
Indole ribonucleosides and ribonucleotides,https://data.omgeving.vlaanderen.be/id/concept/chemical_substance/0001869
Indole-3-acetic acid derivatives,https://data.omgeving.vlaanderen.be/id/concept/chemical_substance/0001252
Indole-3-carbinol and derivatives,https://data.omgeving.vlaanderen.be/id/concept/chemical_substance/0004810
Indole-3-glycerol-3-phosphates,https://data.omgeving.vlaanderen.be/id/concept/chemical_substance/0002280
Indolecarboxamides and derivatives,https://data.omgeving.vlaanderen.be/id/concept/chemical_substance/0002014
Indolecarboxylic acids,https://data.omgeving.vlaanderen.be/id/concept/chemical_substance/0002406
Indolecarboxylic acids and derivatives,https://data.omgeving.vlaanderen.be/id/concept/chemical_substance/0002013
Indolequinones,https://data.omgeving.vlaanderen.be/id/concept/chemical_substance/0000390
Indoles,https://data.omgeving.vlaanderen.be/id/concept/chemical_substance/0002497
Indoles and derivatives,https://data.omgeving.vlaanderen.be/id/concept/chemical_substance/0000211
Indolines,https://data.omgeving.vlaanderen.be/id/concept/chemical_substance/0001146
Indolizidines,https://data.omgeving.vlaanderen.be/id/concept/chemical_substance/0000251
Indolizidinones,https://data.omgeving.vlaanderen.be/id/concept/chemical_substance/0001332
Indolizines,https://data.omgeving.vlaanderen.be/id/concept/chemical_substance/0000216
Indolizinoquinolines,https://data.omgeving.vlaanderen.be/id/concept/chemical_substance/0000239
"Indolo[2,3-b]quinoxalines",https://data.omgeving.vlaanderen.be/id/concept/chemical_substance/0004365
Indolocarbazoles,https://data.omgeving.vlaanderen.be/id/concept/chemical_substance/0001866
Indolonaphthyridine alkaloids,https://data.omgeving.vlaanderen.be/id/concept/chemical_substance/0003805
Indoloquinazolines,https://data.omgeving.vlaanderen.be/id/concept/chemical_substance/0002087
Indoloquinolines,https://data.omgeving.vlaanderen.be/id/concept/chemical_substance/0000061
Indolyl carboxylic acids and derivatives,https://data.omgeving.vlaanderen.be/id/concept/chemical_substance/0001290
"Inorganic 1,3-dipolar compounds",https://data.omgeving.vlaanderen.be/id/concept/chemical_substance/0003667
Inorganic 3-nitrosotriazenes,https://data.omgeving.vlaanderen.be/id/concept/chemical_substance/0004563
Inorganic anions,https://data.omgeving.vlaanderen.be/id/concept/chemical_substance/0003611
Inorganic antimony salts,https://data.omgeving.vlaanderen.be/id/concept/chemical_substance/0004077
Inorganic arsenic compounds,https://data.omgeving.vlaanderen.be/id/concept/chemical_substance/0004057
Inorganic arsenides,https://data.omgeving.vlaanderen.be/id/concept/chemical_substance/0003941
Inorganic azides,https://data.omgeving.vlaanderen.be/id/concept/chemical_substance/0004464
Inorganic beryllium salts,https://data.omgeving.vlaanderen.be/id/concept/chemical_substance/0004490
Inorganic cadmium salts,https://data.omgeving.vlaanderen.be/id/concept/chemical_substance/0004076
Inorganic calcium salts,https://data.omgeving.vlaanderen.be/id/concept/chemical_substance/0004494
Inorganic cations,https://data.omgeving.vlaanderen.be/id/concept/chemical_substance/0003612
Inorganic chloride salts,https://data.omgeving.vlaanderen.be/id/concept/chemical_substance/0004103
Inorganic chromium (VI) compounds,https://data.omgeving.vlaanderen.be/id/concept/chemical_substance/0004074
Inorganic chromium trioxides,https://data.omgeving.vlaanderen.be/id/concept/chemical_substance/0004819
Inorganic cobalt salts,https://data.omgeving.vlaanderen.be/id/concept/chemical_substance/0003996
Inorganic compounds,https://data.omgeving.vlaanderen.be/id/concept/chemical_substance/0000001
Inorganic copper salts,https://data.omgeving.vlaanderen.be/id/concept/chemical_substance/0004019
Inorganic cyanides,https://data.omgeving.vlaanderen.be/id/concept/chemical_substance/0001018
Inorganic hydrides,https://data.omgeving.vlaanderen.be/id/concept/chemical_substance/0003945
Inorganic hydroxylamines,https://data.omgeving.vlaanderen.be/id/concept/chemical_substance/0003949
Inorganic isocyanides,https://data.omgeving.vlaanderen.be/id/concept/chemical_substance/0001218
Inorganic lead salts,https://data.omgeving.vlaanderen.be/id/concept/chemical_substance/0004052
Inorganic lithium salts,https://data.omgeving.vlaanderen.be/id/concept/chemical_substance/0004487
Inorganic mercury compounds,https://data.omgeving.vlaanderen.be/id/concept/chemical_substance/0004060
Inorganic nickel compounds,https://data.omgeving.vlaanderen.be/id/concept/chemical_substance/0004061
Inorganic nitrides,https://data.omgeving.vlaanderen.be/id/concept/chemical_substance/0004470
Inorganic nitrites,https://data.omgeving.vlaanderen.be/id/concept/chemical_substance/0004471
Inorganic nitrosamines,https://data.omgeving.vlaanderen.be/id/concept/chemical_substance/0003948
Inorganic oxides,https://data.omgeving.vlaanderen.be/id/concept/chemical_substance/0003944
Inorganic phosphides,https://data.omgeving.vlaanderen.be/id/concept/chemical_substance/0003943
Inorganic phosphorotrithioic acids and derivatives,https://data.omgeving.vlaanderen.be/id/concept/chemical_substance/0001569
Inorganic pnictogen compounds,https://data.omgeving.vlaanderen.be/id/concept/chemical_substance/0004558
Inorganic salts,https://data.omgeving.vlaanderen.be/id/concept/chemical_substance/0003866
Inorganic selenides,https://data.omgeving.vlaanderen.be/id/concept/chemical_substance/0003946
Inorganic silicides,https://data.omgeving.vlaanderen.be/id/concept/chemical_substance/0004432
Inorganic silver salts,https://data.omgeving.vlaanderen.be/id/concept/chemical_substance/0004062
Inorganic sodium salts,https://data.omgeving.vlaanderen.be/id/concept/chemical_substance/0004102
Inorganic sulfides,https://data.omgeving.vlaanderen.be/id/concept/chemical_substance/0003942
Inorganic sulfuryl bromides,https://data.omgeving.vlaanderen.be/id/concept/chemical_substance/0001591
Inorganic sulfuryl chlorides,https://data.omgeving.vlaanderen.be/id/concept/chemical_substance/0001636
Inorganic sulfuryl fluorides,https://data.omgeving.vlaanderen.be/id/concept/chemical_substance/0001642
Inorganic sulfuryl halides,https://data.omgeving.vlaanderen.be/id/concept/chemical_substance/0001333
Inorganic sulfuryl iodides,https://data.omgeving.vlaanderen.be/id/concept/chemical_substance/0001830
Inorganic thalium compounds,https://data.omgeving.vlaanderen.be/id/concept/chemical_substance/0004540
Inorganic thionylimides,https://data.omgeving.vlaanderen.be/id/concept/chemical_substance/0003700
Inorganic tin salts,https://data.omgeving.vlaanderen.be/id/concept/chemical_substance/0004039
Inorganic zwitterions,https://data.omgeving.vlaanderen.be/id/concept/chemical_substance/0003613
Inositol phosphates,https://data.omgeving.vlaanderen.be/id/concept/chemical_substance/0002511
Intermetallic actinide compounds,https://data.omgeving.vlaanderen.be/id/concept/chemical_substance/0001451
Intermetallic alkali metal compounds,https://data.omgeving.vlaanderen.be/id/concept/chemical_substance/0001360
Intermetallic alkaline earth metal compounds,https://data.omgeving.vlaanderen.be/id/concept/chemical_substance/0001449
Intermetallic lanthanide compounds,https://data.omgeving.vlaanderen.be/id/concept/chemical_substance/0001450
Intermetallic metalloid compounds,https://data.omgeving.vlaanderen.be/id/concept/chemical_substance/0001452
Intermetallic post-transition metal compounds,https://data.omgeving.vlaanderen.be/id/concept/chemical_substance/0001454
Intermetallic transition metal compounds,https://data.omgeving.vlaanderen.be/id/concept/chemical_substance/0001453
Internal alkynes,https://data.omgeving.vlaanderen.be/id/concept/chemical_substance/0002439
Iodoalkenes,https://data.omgeving.vlaanderen.be/id/concept/chemical_substance/0003907
Iodobenzenes,https://data.omgeving.vlaanderen.be/id/concept/chemical_substance/0001101
Iodohydrins,https://data.omgeving.vlaanderen.be/id/concept/chemical_substance/0002610
Iodophenols,https://data.omgeving.vlaanderen.be/id/concept/chemical_substance/0002763
Iridoid O-glycosides,https://data.omgeving.vlaanderen.be/id/concept/chemical_substance/0004081
Iridoids and derivatives,https://data.omgeving.vlaanderen.be/id/concept/chemical_substance/0001565
Isoaporphines,https://data.omgeving.vlaanderen.be/id/concept/chemical_substance/0003018
Isoatisine-type diterpenoid alkaloids,https://data.omgeving.vlaanderen.be/id/concept/chemical_substance/0004119
Isobenzofuranones,https://data.omgeving.vlaanderen.be/id/concept/chemical_substance/0003409
Isobenzofurans,https://data.omgeving.vlaanderen.be/id/concept/chemical_substance/0003408
Isochromanequinones,https://data.omgeving.vlaanderen.be/id/concept/chemical_substance/0001649
Isocopalane and spongiane diterpenoids,https://data.omgeving.vlaanderen.be/id/concept/chemical_substance/0002550
Isocoumarans,https://data.omgeving.vlaanderen.be/id/concept/chemical_substance/0004191
Isocoumarins and derivatives,https://data.omgeving.vlaanderen.be/id/concept/chemical_substance/0001890
Isocyanates,https://data.omgeving.vlaanderen.be/id/concept/chemical_substance/0000501
Isocyanide dichlorides,https://data.omgeving.vlaanderen.be/id/concept/chemical_substance/0003272
Isodiazenes,https://data.omgeving.vlaanderen.be/id/concept/chemical_substance/0003371
Isofamides,https://data.omgeving.vlaanderen.be/id/concept/chemical_substance/0002858
Isoflav-2-enes,https://data.omgeving.vlaanderen.be/id/concept/chemical_substance/0002901
Isoflav-3-enes,https://data.omgeving.vlaanderen.be/id/concept/chemical_substance/0002819
Isoflav-3-enones,https://data.omgeving.vlaanderen.be/id/concept/chemical_substance/0002820
Isoflavanols,https://data.omgeving.vlaanderen.be/id/concept/chemical_substance/0001828
Isoflavanones,https://data.omgeving.vlaanderen.be/id/concept/chemical_substance/0001827
Isoflavanquinones,https://data.omgeving.vlaanderen.be/id/concept/chemical_substance/0002523
Isoflavans,https://data.omgeving.vlaanderen.be/id/concept/chemical_substance/0001612
Isoflavone epoxides,https://data.omgeving.vlaanderen.be/id/concept/chemical_substance/0002821
Isoflavonequinones,https://data.omgeving.vlaanderen.be/id/concept/chemical_substance/0002580
Isoflavones,https://data.omgeving.vlaanderen.be/id/concept/chemical_substance/0000494
Isoflavonoid C-glycosides,https://data.omgeving.vlaanderen.be/id/concept/chemical_substance/0002896
Isoflavonoid O-glycosides,https://data.omgeving.vlaanderen.be/id/concept/chemical_substance/0000507
Isoflavonoids,https://data.omgeving.vlaanderen.be/id/concept/chemical_substance/0002506
Isoindole organothiophosphates,https://data.omgeving.vlaanderen.be/id/concept/chemical_substance/0004658
Isoindoles,https://data.omgeving.vlaanderen.be/id/concept/chemical_substance/0000127
Isoindoles and derivatives,https://data.omgeving.vlaanderen.be/id/concept/chemical_substance/0001819
Isoindolines,https://data.omgeving.vlaanderen.be/id/concept/chemical_substance/0002496
"Isoindolo[2,1-a]quinoxalines",https://data.omgeving.vlaanderen.be/id/concept/chemical_substance/0004421
Isoindolones,https://data.omgeving.vlaanderen.be/id/concept/chemical_substance/0001820
Isoleucine and derivatives,https://data.omgeving.vlaanderen.be/id/concept/chemical_substance/0004330
Isopavine alkaloids,https://data.omgeving.vlaanderen.be/id/concept/chemical_substance/0002794
Isoprenoid phosphates,https://data.omgeving.vlaanderen.be/id/concept/chemical_substance/0001311
Isoquinoline quinones,https://data.omgeving.vlaanderen.be/id/concept/chemical_substance/0002567
Isoquinolines and derivatives,https://data.omgeving.vlaanderen.be/id/concept/chemical_substance/0002566
Isoquinolones and derivatives,https://data.omgeving.vlaanderen.be/id/concept/chemical_substance/0002054
Isoselenocyanates,https://data.omgeving.vlaanderen.be/id/concept/chemical_substance/0002032
Isosorbides,https://data.omgeving.vlaanderen.be/id/concept/chemical_substance/0001987
Isothiochromanes,https://data.omgeving.vlaanderen.be/id/concept/chemical_substance/0002835
Isothiochromenes,https://data.omgeving.vlaanderen.be/id/concept/chemical_substance/0002498
Isothiocyanate acids,https://data.omgeving.vlaanderen.be/id/concept/chemical_substance/0002537
Isothiocyanates,https://data.omgeving.vlaanderen.be/id/concept/chemical_substance/0001234
Isothiosemicarbazones,https://data.omgeving.vlaanderen.be/id/concept/chemical_substance/0004693
Isothioureas,https://data.omgeving.vlaanderen.be/id/concept/chemical_substance/0001232
Isoureas,https://data.omgeving.vlaanderen.be/id/concept/chemical_substance/0001231
Isoxazoles,https://data.omgeving.vlaanderen.be/id/concept/chemical_substance/0000081
Isoxazolidinediones,https://data.omgeving.vlaanderen.be/id/concept/chemical_substance/0002328
Isoxazolidines,https://data.omgeving.vlaanderen.be/id/concept/chemical_substance/0002083
Isoxazolidinones,https://data.omgeving.vlaanderen.be/id/concept/chemical_substance/0002084
Isoxazolines,https://data.omgeving.vlaanderen.be/id/concept/chemical_substance/0002211
Isoxazolinones,https://data.omgeving.vlaanderen.be/id/concept/chemical_substance/0002232
Isoxazolopyrazines,https://data.omgeving.vlaanderen.be/id/concept/chemical_substance/0002331
Isoxazolopyridines,https://data.omgeving.vlaanderen.be/id/concept/chemical_substance/0002330
Isporenylated bicyclo [2.2.2] alkaloids,https://data.omgeving.vlaanderen.be/id/concept/chemical_substance/0003950
Jasmonic acids,https://data.omgeving.vlaanderen.be/id/concept/chemical_substance/0000512
Jatrophane and cyclojatrophane diterpenoids,https://data.omgeving.vlaanderen.be/id/concept/chemical_substance/0002877
Jatropholane and crotopholane diterpenoids,https://data.omgeving.vlaanderen.be/id/concept/chemical_substance/0003546
Jerveratrum-type alkaloids,https://data.omgeving.vlaanderen.be/id/concept/chemical_substance/0002728
Kainoids,https://data.omgeving.vlaanderen.be/id/concept/chemical_substance/0001801
"Kalmanes and 1,5-seco-kalmanes",https://data.omgeving.vlaanderen.be/id/concept/chemical_substance/0004142
Kaurane diterpenoids,https://data.omgeving.vlaanderen.be/id/concept/chemical_substance/0003782
Kavalactones,https://data.omgeving.vlaanderen.be/id/concept/chemical_substance/0001761
Ketals,https://data.omgeving.vlaanderen.be/id/concept/chemical_substance/0004472
Ketazines,https://data.omgeving.vlaanderen.be/id/concept/chemical_substance/0002235
Ketene acetals,https://data.omgeving.vlaanderen.be/id/concept/chemical_substance/0001168
Ketene silyl acetals,https://data.omgeving.vlaanderen.be/id/concept/chemical_substance/0003895
Ketenes,https://data.omgeving.vlaanderen.be/id/concept/chemical_substance/0000388
Ketimines,https://data.omgeving.vlaanderen.be/id/concept/chemical_substance/0001673
Keto acids and derivatives,https://data.omgeving.vlaanderen.be/id/concept/chemical_substance/0000389
Keto fatty acids,https://data.omgeving.vlaanderen.be/id/concept/chemical_substance/0000409
Ketones,https://data.omgeving.vlaanderen.be/id/concept/chemical_substance/0000118
Ketoxime carbamates,https://data.omgeving.vlaanderen.be/id/concept/chemical_substance/0004754
Ketoximes,https://data.omgeving.vlaanderen.be/id/concept/chemical_substance/0003079
Kopsane alkaloids,https://data.omgeving.vlaanderen.be/id/concept/chemical_substance/0003765
L-alpha-amino acids,https://data.omgeving.vlaanderen.be/id/concept/chemical_substance/0004146
L-cysteine-S-conjugates,https://data.omgeving.vlaanderen.be/id/concept/chemical_substance/0004555
Lactams,https://data.omgeving.vlaanderen.be/id/concept/chemical_substance/0000160
Lactims,https://data.omgeving.vlaanderen.be/id/concept/chemical_substance/0002854
Lactones,https://data.omgeving.vlaanderen.be/id/concept/chemical_substance/0000050
Lanthanide aluminates,https://data.omgeving.vlaanderen.be/id/concept/chemical_substance/0000949
Lanthanide antimonates,https://data.omgeving.vlaanderen.be/id/concept/chemical_substance/0000950
Lanthanide antimonites,https://data.omgeving.vlaanderen.be/id/concept/chemical_substance/0000951
Lanthanide arsenates,https://data.omgeving.vlaanderen.be/id/concept/chemical_substance/0000952
Lanthanide arsenites,https://data.omgeving.vlaanderen.be/id/concept/chemical_substance/0000953
Lanthanide astatides,https://data.omgeving.vlaanderen.be/id/concept/chemical_substance/0000576
Lanthanide bisulfites,https://data.omgeving.vlaanderen.be/id/concept/chemical_substance/0000954
Lanthanide borates,https://data.omgeving.vlaanderen.be/id/concept/chemical_substance/0000955
Lanthanide bromates,https://data.omgeving.vlaanderen.be/id/concept/chemical_substance/0000750
Lanthanide bromides,https://data.omgeving.vlaanderen.be/id/concept/chemical_substance/0000577
Lanthanide chlorates,https://data.omgeving.vlaanderen.be/id/concept/chemical_substance/0000751
Lanthanide chlorides,https://data.omgeving.vlaanderen.be/id/concept/chemical_substance/0000578
Lanthanide chlorites,https://data.omgeving.vlaanderen.be/id/concept/chemical_substance/0000752
Lanthanide chromates,https://data.omgeving.vlaanderen.be/id/concept/chemical_substance/0000753
Lanthanide chromites,https://data.omgeving.vlaanderen.be/id/concept/chemical_substance/0000754
Lanthanide cyanates,https://data.omgeving.vlaanderen.be/id/concept/chemical_substance/0000755
Lanthanide dithionites,https://data.omgeving.vlaanderen.be/id/concept/chemical_substance/0000788
Lanthanide dithiophosphates,https://data.omgeving.vlaanderen.be/id/concept/chemical_substance/0002299
Lanthanide ferrates,https://data.omgeving.vlaanderen.be/id/concept/chemical_substance/0000956
Lanthanide fluorides,https://data.omgeving.vlaanderen.be/id/concept/chemical_substance/0000579
Lanthanide hydrides,https://data.omgeving.vlaanderen.be/id/concept/chemical_substance/0000540
Lanthanide hydroxides,https://data.omgeving.vlaanderen.be/id/concept/chemical_substance/0000757
Lanthanide hypobromites,https://data.omgeving.vlaanderen.be/id/concept/chemical_substance/0000758
Lanthanide hypochlorites,https://data.omgeving.vlaanderen.be/id/concept/chemical_substance/0000759
Lanthanide hyponitrites,https://data.omgeving.vlaanderen.be/id/concept/chemical_substance/0000760
Lanthanide hypophosphites,https://data.omgeving.vlaanderen.be/id/concept/chemical_substance/0000761
Lanthanide hyposulfites,https://data.omgeving.vlaanderen.be/id/concept/chemical_substance/0000789
Lanthanide iodates,https://data.omgeving.vlaanderen.be/id/concept/chemical_substance/0000762
Lanthanide iodides,https://data.omgeving.vlaanderen.be/id/concept/chemical_substance/0000580
Lanthanide manganates,https://data.omgeving.vlaanderen.be/id/concept/chemical_substance/0000957
Lanthanide molybdates,https://data.omgeving.vlaanderen.be/id/concept/chemical_substance/0000958
Lanthanide nitrates,https://data.omgeving.vlaanderen.be/id/concept/chemical_substance/0000764
Lanthanide nitrides,https://data.omgeving.vlaanderen.be/id/concept/chemical_substance/0000541
Lanthanide nitrites,https://data.omgeving.vlaanderen.be/id/concept/chemical_substance/0000763
Lanthanide organides,https://data.omgeving.vlaanderen.be/id/concept/chemical_substance/0000459
Lanthanide orthonitrates,https://data.omgeving.vlaanderen.be/id/concept/chemical_substance/0000765
Lanthanide orthovanadates,https://data.omgeving.vlaanderen.be/id/concept/chemical_substance/0000968
Lanthanide oxides,https://data.omgeving.vlaanderen.be/id/concept/chemical_substance/0000542
Lanthanide oxoanionic compounds,https://data.omgeving.vlaanderen.be/id/concept/chemical_substance/0000447
Lanthanide perbromates,https://data.omgeving.vlaanderen.be/id/concept/chemical_substance/0000766
Lanthanide perchlorates,https://data.omgeving.vlaanderen.be/id/concept/chemical_substance/0000767
Lanthanide periodates,https://data.omgeving.vlaanderen.be/id/concept/chemical_substance/0000768
Lanthanide permanganates,https://data.omgeving.vlaanderen.be/id/concept/chemical_substance/0000769
Lanthanide peroxodisulfates,https://data.omgeving.vlaanderen.be/id/concept/chemical_substance/0000784
Lanthanide peroxomonosulfates,https://data.omgeving.vlaanderen.be/id/concept/chemical_substance/0000783
Lanthanide peroxynitrates,https://data.omgeving.vlaanderen.be/id/concept/chemical_substance/0000770
Lanthanide peroxynitrites,https://data.omgeving.vlaanderen.be/id/concept/chemical_substance/0000771
Lanthanide perrhenates,https://data.omgeving.vlaanderen.be/id/concept/chemical_substance/0000772
Lanthanide pertechnetates,https://data.omgeving.vlaanderen.be/id/concept/chemical_substance/0000773
Lanthanide phosphates,https://data.omgeving.vlaanderen.be/id/concept/chemical_substance/0000775
Lanthanide phosphites,https://data.omgeving.vlaanderen.be/id/concept/chemical_substance/0000774
Lanthanide phosphonates,https://data.omgeving.vlaanderen.be/id/concept/chemical_substance/0002370
Lanthanide plumbates,https://data.omgeving.vlaanderen.be/id/concept/chemical_substance/0000959
Lanthanide plumbites,https://data.omgeving.vlaanderen.be/id/concept/chemical_substance/0000960
Lanthanide pyrophosphates,https://data.omgeving.vlaanderen.be/id/concept/chemical_substance/0000776
Lanthanide pyrosulfates,https://data.omgeving.vlaanderen.be/id/concept/chemical_substance/0000785
Lanthanide salts,https://data.omgeving.vlaanderen.be/id/concept/chemical_substance/0000440
Lanthanide selenates,https://data.omgeving.vlaanderen.be/id/concept/chemical_substance/0000777
Lanthanide selenites,https://data.omgeving.vlaanderen.be/id/concept/chemical_substance/0000778
Lanthanide selenophosphates,https://data.omgeving.vlaanderen.be/id/concept/chemical_substance/0002268
Lanthanide silicates,https://data.omgeving.vlaanderen.be/id/concept/chemical_substance/0000961
Lanthanide stannates,https://data.omgeving.vlaanderen.be/id/concept/chemical_substance/0000962
Lanthanide stannites,https://data.omgeving.vlaanderen.be/id/concept/chemical_substance/0000963
Lanthanide sulfates,https://data.omgeving.vlaanderen.be/id/concept/chemical_substance/0000779
Lanthanide sulfides,https://data.omgeving.vlaanderen.be/id/concept/chemical_substance/0000543
Lanthanide sulfites,https://data.omgeving.vlaanderen.be/id/concept/chemical_substance/0000780
Lanthanide superoxides,https://data.omgeving.vlaanderen.be/id/concept/chemical_substance/0000781
Lanthanide tellurates,https://data.omgeving.vlaanderen.be/id/concept/chemical_substance/0000964
Lanthanide tellurites,https://data.omgeving.vlaanderen.be/id/concept/chemical_substance/0000965
Lanthanide tetrahydroxyborates,https://data.omgeving.vlaanderen.be/id/concept/chemical_substance/0000966
Lanthanide tetrathionates,https://data.omgeving.vlaanderen.be/id/concept/chemical_substance/0000786
Lanthanide thiophosphates,https://data.omgeving.vlaanderen.be/id/concept/chemical_substance/0002298
Lanthanide thiosulfates,https://data.omgeving.vlaanderen.be/id/concept/chemical_substance/0000787
Lanthanide tungstates,https://data.omgeving.vlaanderen.be/id/concept/chemical_substance/0000967
Lappaconitine-type diterpenoid alkaloids,https://data.omgeving.vlaanderen.be/id/concept/chemical_substance/0003789
Leontidine-type alkaloids,https://data.omgeving.vlaanderen.be/id/concept/chemical_substance/0002822
Leucine and derivatives,https://data.omgeving.vlaanderen.be/id/concept/chemical_substance/0004329
Leucoanthocyanidins,https://data.omgeving.vlaanderen.be/id/concept/chemical_substance/0001138
Leucothol and grayanotoxane diterpenoids,https://data.omgeving.vlaanderen.be/id/concept/chemical_substance/0002878
Leukotrienes,https://data.omgeving.vlaanderen.be/id/concept/chemical_substance/0000515
Lignan glycosides,https://data.omgeving.vlaanderen.be/id/concept/chemical_substance/0001511
Lignan lactones,https://data.omgeving.vlaanderen.be/id/concept/chemical_substance/0001510
"Lignans, neolignans and related compounds",https://data.omgeving.vlaanderen.be/id/concept/chemical_substance/0001392
Limonoids,https://data.omgeving.vlaanderen.be/id/concept/chemical_substance/0002380
"Linear 1,3-diarylpropanoids",https://data.omgeving.vlaanderen.be/id/concept/chemical_substance/0003467
Linear benzodifurans,https://data.omgeving.vlaanderen.be/id/concept/chemical_substance/0002742
Linear diarylheptanoids,https://data.omgeving.vlaanderen.be/id/concept/chemical_substance/0002651
Linear furanocoumarins,https://data.omgeving.vlaanderen.be/id/concept/chemical_substance/0002569
Linear furanoflavonoids and dihydrofuranoflavonoids,https://data.omgeving.vlaanderen.be/id/concept/chemical_substance/0002616
Linear pyranocoumarins,https://data.omgeving.vlaanderen.be/id/concept/chemical_substance/0003486
Linear triquinanes,https://data.omgeving.vlaanderen.be/id/concept/chemical_substance/0003583
Lineolic acids and derivatives,https://data.omgeving.vlaanderen.be/id/concept/chemical_substance/0000504
Lipids and lipid-like molecules,https://data.omgeving.vlaanderen.be/id/concept/chemical_substance/0000012
Lipoamides,https://data.omgeving.vlaanderen.be/id/concept/chemical_substance/0001154
Lipoic acids and derivatives,https://data.omgeving.vlaanderen.be/id/concept/chemical_substance/0001116
Lipoxins,https://data.omgeving.vlaanderen.be/id/concept/chemical_substance/0001007
Loline alkaloids and derivatives,https://data.omgeving.vlaanderen.be/id/concept/chemical_substance/0002656
Long-chain (3R)-3-hydroxyacyl CoAs,https://data.omgeving.vlaanderen.be/id/concept/chemical_substance/0004179
Long-chain 1-acylglycerol-3-phosphates,https://data.omgeving.vlaanderen.be/id/concept/chemical_substance/0001689
Long-chain 1-monoacylglycerols,https://data.omgeving.vlaanderen.be/id/concept/chemical_substance/0003170
Long-chain 2-enoyl CoAs,https://data.omgeving.vlaanderen.be/id/concept/chemical_substance/0003184
Long-chain 2-monoacylglycerols,https://data.omgeving.vlaanderen.be/id/concept/chemical_substance/0003172
Long-chain 3-enoyl CoAs,https://data.omgeving.vlaanderen.be/id/concept/chemical_substance/0003185
Long-chain 3-hydroxyacyl CoAs,https://data.omgeving.vlaanderen.be/id/concept/chemical_substance/0003178
Long-chain 3-oxoacyl CoAs,https://data.omgeving.vlaanderen.be/id/concept/chemical_substance/0003176
Long-chain N-acylserotonins,https://data.omgeving.vlaanderen.be/id/concept/chemical_substance/0004273
Long-chain alkyl amine oxides,https://data.omgeving.vlaanderen.be/id/concept/chemical_substance/0004183
Long-chain ceramides,https://data.omgeving.vlaanderen.be/id/concept/chemical_substance/0001669
Long-chain enoyl CoAs,https://data.omgeving.vlaanderen.be/id/concept/chemical_substance/0003183
Long-chain fatty acids,https://data.omgeving.vlaanderen.be/id/concept/chemical_substance/0002949
Long-chain fatty acyl CoAs,https://data.omgeving.vlaanderen.be/id/concept/chemical_substance/0001653
Long-chain fatty alcohols,https://data.omgeving.vlaanderen.be/id/concept/chemical_substance/0002951
Long-chain fatty aldehydes,https://data.omgeving.vlaanderen.be/id/concept/chemical_substance/0002952
Lumicolchicine alkaloids,https://data.omgeving.vlaanderen.be/id/concept/chemical_substance/0003777
Lupane triterpenoids,https://data.omgeving.vlaanderen.be/id/concept/chemical_substance/0002884
Lupin alkaloids,https://data.omgeving.vlaanderen.be/id/concept/chemical_substance/0002719
Lupinine-type alkaloids,https://data.omgeving.vlaanderen.be/id/concept/chemical_substance/0002721
Lycoctonine alkaloids,https://data.omgeving.vlaanderen.be/id/concept/chemical_substance/0002678
Lycorine-type amaryllidaceae alkaloids,https://data.omgeving.vlaanderen.be/id/concept/chemical_substance/0004120
Lysergamides,https://data.omgeving.vlaanderen.be/id/concept/chemical_substance/0002746
Lysergic acids,https://data.omgeving.vlaanderen.be/id/concept/chemical_substance/0002745
Lysergic acids and derivatives,https://data.omgeving.vlaanderen.be/id/concept/chemical_substance/0002680
Lysobisphosphatidic acids,https://data.omgeving.vlaanderen.be/id/concept/chemical_substance/0001749
Lysophosphatidic acids,https://data.omgeving.vlaanderen.be/id/concept/chemical_substance/0001320
Lysophosphatidylcholines,https://data.omgeving.vlaanderen.be/id/concept/chemical_substance/0001413
Lysophosphatidylethanolamines,https://data.omgeving.vlaanderen.be/id/concept/chemical_substance/0001405
Lysophosphatidylglycerols,https://data.omgeving.vlaanderen.be/id/concept/chemical_substance/0000297
Lysophosphatidylglycerophosphates,https://data.omgeving.vlaanderen.be/id/concept/chemical_substance/0001720
Lysophosphatidylinositol monophosphates,https://data.omgeving.vlaanderen.be/id/concept/chemical_substance/0001330
Lysophosphatidylinositols,https://data.omgeving.vlaanderen.be/id/concept/chemical_substance/0001355
Lysophosphatidylserines,https://data.omgeving.vlaanderen.be/id/concept/chemical_substance/0001377
Lysosphingomyelins and lysoglycosphingolipids,https://data.omgeving.vlaanderen.be/id/concept/chemical_substance/0001424
M-benzoquinones,https://data.omgeving.vlaanderen.be/id/concept/chemical_substance/0002493
M-bromophenols,https://data.omgeving.vlaanderen.be/id/concept/chemical_substance/0002767
M-chlorophenols,https://data.omgeving.vlaanderen.be/id/concept/chemical_substance/0002770
M-coumaroyl glycosides,https://data.omgeving.vlaanderen.be/id/concept/chemical_substance/0002683
M-fluorophenols,https://data.omgeving.vlaanderen.be/id/concept/chemical_substance/0002773
M-haloacetanilides,https://data.omgeving.vlaanderen.be/id/concept/chemical_substance/0004717
M-iminoquinones,https://data.omgeving.vlaanderen.be/id/concept/chemical_substance/0000152
M-iodophenols,https://data.omgeving.vlaanderen.be/id/concept/chemical_substance/0002776
M-methoxybenzoic acids and derivatives,https://data.omgeving.vlaanderen.be/id/concept/chemical_substance/0002347
M-phenylenediamines,https://data.omgeving.vlaanderen.be/id/concept/chemical_substance/0004745
M-phthalic acid and derivatives,https://data.omgeving.vlaanderen.be/id/concept/chemical_substance/0001106
M-quinodimethanes,https://data.omgeving.vlaanderen.be/id/concept/chemical_substance/0001602
M-quinomethanes,https://data.omgeving.vlaanderen.be/id/concept/chemical_substance/0002075
M-quinones,https://data.omgeving.vlaanderen.be/id/concept/chemical_substance/0002386
M-quinonimines,https://data.omgeving.vlaanderen.be/id/concept/chemical_substance/0002893
M-sulfanylbenzoic acids,https://data.omgeving.vlaanderen.be/id/concept/chemical_substance/0002788
M-sulfanylbenzoic acids and derivatives,https://data.omgeving.vlaanderen.be/id/concept/chemical_substance/0002786
M-terphenyls,https://data.omgeving.vlaanderen.be/id/concept/chemical_substance/0001829
Maaliane sesquiterpenoids,https://data.omgeving.vlaanderen.be/id/concept/chemical_substance/0003564
Macrolactams,https://data.omgeving.vlaanderen.be/id/concept/chemical_substance/0000064
Macrolide lactams,https://data.omgeving.vlaanderen.be/id/concept/chemical_substance/0001900
Macrolides and analogues,https://data.omgeving.vlaanderen.be/id/concept/chemical_substance/0000147
Macroline alkaloids,https://data.omgeving.vlaanderen.be/id/concept/chemical_substance/0003759
Maleimides,https://data.omgeving.vlaanderen.be/id/concept/chemical_substance/0003203
Mannosylerythritol lipids,https://data.omgeving.vlaanderen.be/id/concept/chemical_substance/0001462
Matrine alkaloids,https://data.omgeving.vlaanderen.be/id/concept/chemical_substance/0002720
Medium-chain 2-enoyl CoAs,https://data.omgeving.vlaanderen.be/id/concept/chemical_substance/0003207
Medium-chain aldehydes,https://data.omgeving.vlaanderen.be/id/concept/chemical_substance/0002229
Medium-chain fatty acids,https://data.omgeving.vlaanderen.be/id/concept/chemical_substance/0003086
Medium-chain fatty acyl CoAs,https://data.omgeving.vlaanderen.be/id/concept/chemical_substance/0003206
Medium-chain hydroxy acids and derivatives,https://data.omgeving.vlaanderen.be/id/concept/chemical_substance/0000299
Medium-chain keto acids and derivatives,https://data.omgeving.vlaanderen.be/id/concept/chemical_substance/0001415
Melleolides and analogues,https://data.omgeving.vlaanderen.be/id/concept/chemical_substance/0001776
Melodinus alkaloids,https://data.omgeving.vlaanderen.be/id/concept/chemical_substance/0003761
Menaquinones,https://data.omgeving.vlaanderen.be/id/concept/chemical_substance/0004109
Menthane monoterpenoids,https://data.omgeving.vlaanderen.be/id/concept/chemical_substance/0001401
Mercuribenzoic acids,https://data.omgeving.vlaanderen.be/id/concept/chemical_substance/0004029
Meta cresols,https://data.omgeving.vlaanderen.be/id/concept/chemical_substance/0001273
Meta thiazepines,https://data.omgeving.vlaanderen.be/id/concept/chemical_substance/0001352
"Meta,meta-bridged biphenyls",https://data.omgeving.vlaanderen.be/id/concept/chemical_substance/0003524
"Meta,para-diphenylether diarylheptanoids",https://data.omgeving.vlaanderen.be/id/concept/chemical_substance/0003523
Metal acetylides,https://data.omgeving.vlaanderen.be/id/concept/chemical_substance/0004566
Metal alkyl halides,https://data.omgeving.vlaanderen.be/id/concept/chemical_substance/0004442
Metal alkyls,https://data.omgeving.vlaanderen.be/id/concept/chemical_substance/0004436
Metal allyls,https://data.omgeving.vlaanderen.be/id/concept/chemical_substance/0004441
Metal aryls,https://data.omgeving.vlaanderen.be/id/concept/chemical_substance/0004440
Metal carbonate salts,https://data.omgeving.vlaanderen.be/id/concept/chemical_substance/0004449
Metal cyanates,https://data.omgeving.vlaanderen.be/id/concept/chemical_substance/0004562
Metal p-nitrophenoxides,https://data.omgeving.vlaanderen.be/id/concept/chemical_substance/0004610
Metal thiocyanates,https://data.omgeving.vlaanderen.be/id/concept/chemical_substance/0004611
Metallobisdithiocarbamates,https://data.omgeving.vlaanderen.be/id/concept/chemical_substance/0004306
Metalloheterocyclic compounds,https://data.omgeving.vlaanderen.be/id/concept/chemical_substance/0002052
Metalloid aluminates,https://data.omgeving.vlaanderen.be/id/concept/chemical_substance/0000969
Metalloid antimonates,https://data.omgeving.vlaanderen.be/id/concept/chemical_substance/0000970
Metalloid antimonites,https://data.omgeving.vlaanderen.be/id/concept/chemical_substance/0000971
Metalloid arsenates,https://data.omgeving.vlaanderen.be/id/concept/chemical_substance/0000972
Metalloid arsenites,https://data.omgeving.vlaanderen.be/id/concept/chemical_substance/0000973
Metalloid astatides,https://data.omgeving.vlaanderen.be/id/concept/chemical_substance/0000581
Metalloid bisulfites,https://data.omgeving.vlaanderen.be/id/concept/chemical_substance/0000974
Metalloid borates,https://data.omgeving.vlaanderen.be/id/concept/chemical_substance/0000975
Metalloid bromates,https://data.omgeving.vlaanderen.be/id/concept/chemical_substance/0000790
Metalloid bromides,https://data.omgeving.vlaanderen.be/id/concept/chemical_substance/0000582
Metalloid chlorates,https://data.omgeving.vlaanderen.be/id/concept/chemical_substance/0000791
Metalloid chlorides,https://data.omgeving.vlaanderen.be/id/concept/chemical_substance/0000583
Metalloid chlorites,https://data.omgeving.vlaanderen.be/id/concept/chemical_substance/0000792
Metalloid chromates,https://data.omgeving.vlaanderen.be/id/concept/chemical_substance/0000793
Metalloid chromites,https://data.omgeving.vlaanderen.be/id/concept/chemical_substance/0000794
Metalloid cyanates,https://data.omgeving.vlaanderen.be/id/concept/chemical_substance/0000795
Metalloid dithionites,https://data.omgeving.vlaanderen.be/id/concept/chemical_substance/0000828
Metalloid dithiophosphates,https://data.omgeving.vlaanderen.be/id/concept/chemical_substance/0002301
Metalloid ferrates,https://data.omgeving.vlaanderen.be/id/concept/chemical_substance/0000976
Metalloid fluorides,https://data.omgeving.vlaanderen.be/id/concept/chemical_substance/0000584
Metalloid hydrides,https://data.omgeving.vlaanderen.be/id/concept/chemical_substance/0000532
Metalloid hydroxides,https://data.omgeving.vlaanderen.be/id/concept/chemical_substance/0000797
Metalloid hypobromites,https://data.omgeving.vlaanderen.be/id/concept/chemical_substance/0000798
Metalloid hypochlorites,https://data.omgeving.vlaanderen.be/id/concept/chemical_substance/0000799
Metalloid hyponitrites,https://data.omgeving.vlaanderen.be/id/concept/chemical_substance/0000800
Metalloid hypophosphites,https://data.omgeving.vlaanderen.be/id/concept/chemical_substance/0000801
Metalloid hyposulfites,https://data.omgeving.vlaanderen.be/id/concept/chemical_substance/0000829
Metalloid iodates,https://data.omgeving.vlaanderen.be/id/concept/chemical_substance/0000802
Metalloid iodides,https://data.omgeving.vlaanderen.be/id/concept/chemical_substance/0000585
Metalloid manganates,https://data.omgeving.vlaanderen.be/id/concept/chemical_substance/0000977
Metalloid molybdates,https://data.omgeving.vlaanderen.be/id/concept/chemical_substance/0000978
Metalloid nitrates,https://data.omgeving.vlaanderen.be/id/concept/chemical_substance/0000804
Metalloid nitrides,https://data.omgeving.vlaanderen.be/id/concept/chemical_substance/0000533
Metalloid nitrites,https://data.omgeving.vlaanderen.be/id/concept/chemical_substance/0000803
Metalloid organides,https://data.omgeving.vlaanderen.be/id/concept/chemical_substance/0000460
Metalloid orthonitrates,https://data.omgeving.vlaanderen.be/id/concept/chemical_substance/0000805
Metalloid orthovanadates,https://data.omgeving.vlaanderen.be/id/concept/chemical_substance/0000987
Metalloid oxides,https://data.omgeving.vlaanderen.be/id/concept/chemical_substance/0000534
Metalloid oxoanionic compounds,https://data.omgeving.vlaanderen.be/id/concept/chemical_substance/0000449
Metalloid perbromates,https://data.omgeving.vlaanderen.be/id/concept/chemical_substance/0000806
Metalloid perchlorates,https://data.omgeving.vlaanderen.be/id/concept/chemical_substance/0000807
Metalloid periodates,https://data.omgeving.vlaanderen.be/id/concept/chemical_substance/0000808
Metalloid permanganates,https://data.omgeving.vlaanderen.be/id/concept/chemical_substance/0000809
Metalloid peroxodisulfates,https://data.omgeving.vlaanderen.be/id/concept/chemical_substance/0000824
Metalloid peroxomonosulfates,https://data.omgeving.vlaanderen.be/id/concept/chemical_substance/0000823
Metalloid peroxynitrates,https://data.omgeving.vlaanderen.be/id/concept/chemical_substance/0000810
Metalloid peroxynitrites,https://data.omgeving.vlaanderen.be/id/concept/chemical_substance/0000811
Metalloid perrhenates,https://data.omgeving.vlaanderen.be/id/concept/chemical_substance/0000812
Metalloid pertechnetates,https://data.omgeving.vlaanderen.be/id/concept/chemical_substance/0000813
Metalloid phosphates,https://data.omgeving.vlaanderen.be/id/concept/chemical_substance/0000815
Metalloid phosphites,https://data.omgeving.vlaanderen.be/id/concept/chemical_substance/0000814
Metalloid phosphonates,https://data.omgeving.vlaanderen.be/id/concept/chemical_substance/0002371
Metalloid plumbates,https://data.omgeving.vlaanderen.be/id/concept/chemical_substance/0000979
Metalloid plumbites,https://data.omgeving.vlaanderen.be/id/concept/chemical_substance/0001246
Metalloid pyrophosphates,https://data.omgeving.vlaanderen.be/id/concept/chemical_substance/0000816
Metalloid pyrosulfates,https://data.omgeving.vlaanderen.be/id/concept/chemical_substance/0000825
Metalloid salts,https://data.omgeving.vlaanderen.be/id/concept/chemical_substance/0000442
Metalloid selenates,https://data.omgeving.vlaanderen.be/id/concept/chemical_substance/0000817
Metalloid selenites,https://data.omgeving.vlaanderen.be/id/concept/chemical_substance/0000818
Metalloid selenophosphates,https://data.omgeving.vlaanderen.be/id/concept/chemical_substance/0002269
Metalloid silicates,https://data.omgeving.vlaanderen.be/id/concept/chemical_substance/0000980
Metalloid stannates,https://data.omgeving.vlaanderen.be/id/concept/chemical_substance/0000981
Metalloid stannites,https://data.omgeving.vlaanderen.be/id/concept/chemical_substance/0000982
Metalloid sulfates,https://data.omgeving.vlaanderen.be/id/concept/chemical_substance/0000819
Metalloid sulfides,https://data.omgeving.vlaanderen.be/id/concept/chemical_substance/0000535
Metalloid sulfites,https://data.omgeving.vlaanderen.be/id/concept/chemical_substance/0000820
Metalloid superoxides,https://data.omgeving.vlaanderen.be/id/concept/chemical_substance/0000821
Metalloid tellurates,https://data.omgeving.vlaanderen.be/id/concept/chemical_substance/0000983
Metalloid tellurites,https://data.omgeving.vlaanderen.be/id/concept/chemical_substance/0000984
Metalloid tetrahydroxyborates,https://data.omgeving.vlaanderen.be/id/concept/chemical_substance/0000985
Metalloid tetrathionates,https://data.omgeving.vlaanderen.be/id/concept/chemical_substance/0000826
Metalloid thiophosphates,https://data.omgeving.vlaanderen.be/id/concept/chemical_substance/0002300
Metalloid thiosulfates,https://data.omgeving.vlaanderen.be/id/concept/chemical_substance/0000827
Metalloid tungstates,https://data.omgeving.vlaanderen.be/id/concept/chemical_substance/0000986
Metalloporphyrins,https://data.omgeving.vlaanderen.be/id/concept/chemical_substance/0000452
Metallotetrapyrroles,https://data.omgeving.vlaanderen.be/id/concept/chemical_substance/0001926
Methanesulfonates,https://data.omgeving.vlaanderen.be/id/concept/chemical_substance/0002095
Methionine and derivatives,https://data.omgeving.vlaanderen.be/id/concept/chemical_substance/0004143
Methoxides,https://data.omgeving.vlaanderen.be/id/concept/chemical_substance/0004807
Methoxy fatty acids,https://data.omgeving.vlaanderen.be/id/concept/chemical_substance/0000421
Methoxyanilines,https://data.omgeving.vlaanderen.be/id/concept/chemical_substance/0003999
Methoxybenzenes,https://data.omgeving.vlaanderen.be/id/concept/chemical_substance/0004113
Methoxybenzoic acids and derivatives,https://data.omgeving.vlaanderen.be/id/concept/chemical_substance/0002344
Methoxylated amphetamines,https://data.omgeving.vlaanderen.be/id/concept/chemical_substance/0004784
Methoxyphenols,https://data.omgeving.vlaanderen.be/id/concept/chemical_substance/0000190
Methoxyphenylisopropylamines,https://data.omgeving.vlaanderen.be/id/concept/chemical_substance/0004797
Methoxypyrazines,https://data.omgeving.vlaanderen.be/id/concept/chemical_substance/0002563
Methyl esters,https://data.omgeving.vlaanderen.be/id/concept/chemical_substance/0003416
Methyl-7-aporphines,https://data.omgeving.vlaanderen.be/id/concept/chemical_substance/0003022
Methyl-branched fatty acids,https://data.omgeving.vlaanderen.be/id/concept/chemical_substance/0003544
Methylated trivalent arsenic compounds,https://data.omgeving.vlaanderen.be/id/concept/chemical_substance/0004058
Methylcarbamates,https://data.omgeving.vlaanderen.be/id/concept/chemical_substance/0004787
Methylpyridines,https://data.omgeving.vlaanderen.be/id/concept/chemical_substance/0004152
Methylthio-s-triazines,https://data.omgeving.vlaanderen.be/id/concept/chemical_substance/0004735
Milbemycins,https://data.omgeving.vlaanderen.be/id/concept/chemical_substance/0002902
Miscellaneous aluminates,https://data.omgeving.vlaanderen.be/id/concept/chemical_substance/0001471
Miscellaneous antimonates,https://data.omgeving.vlaanderen.be/id/concept/chemical_substance/0001472
Miscellaneous antimonites,https://data.omgeving.vlaanderen.be/id/concept/chemical_substance/0001473
Miscellaneous arsenates,https://data.omgeving.vlaanderen.be/id/concept/chemical_substance/0001474
Miscellaneous arsenites,https://data.omgeving.vlaanderen.be/id/concept/chemical_substance/0001475
Miscellaneous borates,https://data.omgeving.vlaanderen.be/id/concept/chemical_substance/0001476
Miscellaneous chromates,https://data.omgeving.vlaanderen.be/id/concept/chemical_substance/0000273
Miscellaneous chromites,https://data.omgeving.vlaanderen.be/id/concept/chemical_substance/0000404
Miscellaneous ferrates,https://data.omgeving.vlaanderen.be/id/concept/chemical_substance/0001477
Miscellaneous inorganic compounds,https://data.omgeving.vlaanderen.be/id/concept/chemical_substance/0001568
Miscellaneous manganates,https://data.omgeving.vlaanderen.be/id/concept/chemical_substance/0001478
Miscellaneous metallic oxoanionic compounds,https://data.omgeving.vlaanderen.be/id/concept/chemical_substance/0001470
Miscellaneous metavanadates,https://data.omgeving.vlaanderen.be/id/concept/chemical_substance/0003289
Miscellaneous mixed metal/non-metals,https://data.omgeving.vlaanderen.be/id/concept/chemical_substance/0001270
Miscellaneous molybdates,https://data.omgeving.vlaanderen.be/id/concept/chemical_substance/0001479
Miscellaneous orthovanadates,https://data.omgeving.vlaanderen.be/id/concept/chemical_substance/0001489
Miscellaneous plumbates,https://data.omgeving.vlaanderen.be/id/concept/chemical_substance/0001480
Miscellaneous plumbites,https://data.omgeving.vlaanderen.be/id/concept/chemical_substance/0001481
Miscellaneous silicates,https://data.omgeving.vlaanderen.be/id/concept/chemical_substance/0001482
Miscellaneous stannates,https://data.omgeving.vlaanderen.be/id/concept/chemical_substance/0001483
Miscellaneous stannites,https://data.omgeving.vlaanderen.be/id/concept/chemical_substance/0001484
Miscellaneous tellurates,https://data.omgeving.vlaanderen.be/id/concept/chemical_substance/0001485
Miscellaneous tellurites,https://data.omgeving.vlaanderen.be/id/concept/chemical_substance/0001486
Miscellaneous tetrahydroxyborates,https://data.omgeving.vlaanderen.be/id/concept/chemical_substance/0001487
Miscellaneous tungstates,https://data.omgeving.vlaanderen.be/id/concept/chemical_substance/0001488
Mitomycins,https://data.omgeving.vlaanderen.be/id/concept/chemical_substance/0000391
"Mitomycins, mitosane and mitosene derivatives",https://data.omgeving.vlaanderen.be/id/concept/chemical_substance/0004096
Mixed metal/non-metal compounds,https://data.omgeving.vlaanderen.be/id/concept/chemical_substance/0000424
Molybdopterin dinucleotides,https://data.omgeving.vlaanderen.be/id/concept/chemical_substance/0003654
Molybdopterins,https://data.omgeving.vlaanderen.be/id/concept/chemical_substance/0002694
Mono-(1Z-alkenyl)-glycerols,https://data.omgeving.vlaanderen.be/id/concept/chemical_substance/0003806
Mono-rhamnolipids,https://data.omgeving.vlaanderen.be/id/concept/chemical_substance/0003365
Monoacylglycerols,https://data.omgeving.vlaanderen.be/id/concept/chemical_substance/0001133
Monoacylglycerophosphates,https://data.omgeving.vlaanderen.be/id/concept/chemical_substance/0001683
Monoacylglycerophosphomonoradylglycerols,https://data.omgeving.vlaanderen.be/id/concept/chemical_substance/0003844
Monoalkyl phosphates,https://data.omgeving.vlaanderen.be/id/concept/chemical_substance/0003458
Monoalkylamines,https://data.omgeving.vlaanderen.be/id/concept/chemical_substance/0000469
Monoalkylboranes,https://data.omgeving.vlaanderen.be/id/concept/chemical_substance/0004573
Monoalkylglycerol-3-phosphoserines,https://data.omgeving.vlaanderen.be/id/concept/chemical_substance/0003837
Monoalkylglycerols,https://data.omgeving.vlaanderen.be/id/concept/chemical_substance/0003263
Monoalkylglycerophosphates,https://data.omgeving.vlaanderen.be/id/concept/chemical_substance/0001406
Monoalkylglycerophosphocholines,https://data.omgeving.vlaanderen.be/id/concept/chemical_substance/0001414
Monoalkylglycerophosphoethanolamines,https://data.omgeving.vlaanderen.be/id/concept/chemical_substance/0003833
Monoalkylglycerophosphoglycerols,https://data.omgeving.vlaanderen.be/id/concept/chemical_substance/0003842
Monoalkylglycerophosphoinositols,https://data.omgeving.vlaanderen.be/id/concept/chemical_substance/0003851
Monoalkylsilanediols,https://data.omgeving.vlaanderen.be/id/concept/chemical_substance/0003269
Monoalkylsilanetriols,https://data.omgeving.vlaanderen.be/id/concept/chemical_substance/0003270
Monoalkylsilanols,https://data.omgeving.vlaanderen.be/id/concept/chemical_substance/0003266
Monoalkyltins,https://data.omgeving.vlaanderen.be/id/concept/chemical_substance/0004070
Monobactams,https://data.omgeving.vlaanderen.be/id/concept/chemical_substance/0000170
Monocarboxylic acids and derivatives,https://data.omgeving.vlaanderen.be/id/concept/chemical_substance/0001137
Monocyclic acetylenes,https://data.omgeving.vlaanderen.be/id/concept/chemical_substance/0002848
Monocyclic monoterpenoids,https://data.omgeving.vlaanderen.be/id/concept/chemical_substance/0001563
Monohaloarsines,https://data.omgeving.vlaanderen.be/id/concept/chemical_substance/0004281
"Monohydroxy bile acids, alcohols and derivatives",https://data.omgeving.vlaanderen.be/id/concept/chemical_substance/0000260
Monohydroxyflavonoids,https://data.omgeving.vlaanderen.be/id/concept/chemical_substance/0003006
Monomethylphosphatidylethanolamines,https://data.omgeving.vlaanderen.be/id/concept/chemical_substance/0003402
Monoradylglycerols,https://data.omgeving.vlaanderen.be/id/concept/chemical_substance/0003808
Monosaccharide phosphates,https://data.omgeving.vlaanderen.be/id/concept/chemical_substance/0001541
Monosaccharide sulfates,https://data.omgeving.vlaanderen.be/id/concept/chemical_substance/0003306
Monosaccharides,https://data.omgeving.vlaanderen.be/id/concept/chemical_substance/0001540
Monosubstituted amine oxides and derivatives,https://data.omgeving.vlaanderen.be/id/concept/chemical_substance/0003068
Monoterpenoids,https://data.omgeving.vlaanderen.be/id/concept/chemical_substance/0001549
Monothioacetals,https://data.omgeving.vlaanderen.be/id/concept/chemical_substance/0002131
Monothioketals,https://data.omgeving.vlaanderen.be/id/concept/chemical_substance/0002130
Montanine-type amaryllidaceae alkaloids,https://data.omgeving.vlaanderen.be/id/concept/chemical_substance/0004125
Morphinans,https://data.omgeving.vlaanderen.be/id/concept/chemical_substance/0000058
Morpholine carboxylic acids,https://data.omgeving.vlaanderen.be/id/concept/chemical_substance/0002407
Morpholine carboxylic acids and derivatives,https://data.omgeving.vlaanderen.be/id/concept/chemical_substance/0002307
Morpholines,https://data.omgeving.vlaanderen.be/id/concept/chemical_substance/0000392
Mutilane diterpenoids,https://data.omgeving.vlaanderen.be/id/concept/chemical_substance/0002930
Mutilin derivatives,https://data.omgeving.vlaanderen.be/id/concept/chemical_substance/0002002
"N'-substituted-N,N'-diacylhydrazines",https://data.omgeving.vlaanderen.be/id/concept/chemical_substance/0004816
"N,N'-diacyl ureas",https://data.omgeving.vlaanderen.be/id/concept/chemical_substance/0002024
"N,N-dialkyl-m-toluamides",https://data.omgeving.vlaanderen.be/id/concept/chemical_substance/0004223
"N,N-dialkyl-p-toluamides",https://data.omgeving.vlaanderen.be/id/concept/chemical_substance/0004224
"N,N-diphenylcarbamic acids",https://data.omgeving.vlaanderen.be/id/concept/chemical_substance/0000623
"N,N-disubstituted p-toluenesulfonamides",https://data.omgeving.vlaanderen.be/id/concept/chemical_substance/0004518
"N,S-acetals",https://data.omgeving.vlaanderen.be/id/concept/chemical_substance/0004116
N-acetoxyarylamines,https://data.omgeving.vlaanderen.be/id/concept/chemical_substance/0003900
N-acetyl-2-arylethylamines,https://data.omgeving.vlaanderen.be/id/concept/chemical_substance/0004252
N-acetylarylamines,https://data.omgeving.vlaanderen.be/id/concept/chemical_substance/0004506
N-acyl amines,https://data.omgeving.vlaanderen.be/id/concept/chemical_substance/0001096
N-acyl ureas,https://data.omgeving.vlaanderen.be/id/concept/chemical_substance/0002023
N-acyl-L-alpha-amino acids,https://data.omgeving.vlaanderen.be/id/concept/chemical_substance/0004148
N-acyl-L-glutamines,https://data.omgeving.vlaanderen.be/id/concept/chemical_substance/0004267
N-acyl-aliphatic L-alpha-amino-acids,https://data.omgeving.vlaanderen.be/id/concept/chemical_substance/0004278
N-acyl-aliphatic-alpha amino acids,https://data.omgeving.vlaanderen.be/id/concept/chemical_substance/0003211
N-acyl-alpha amino acids,https://data.omgeving.vlaanderen.be/id/concept/chemical_substance/0002402
N-acyl-alpha amino acids and derivatives,https://data.omgeving.vlaanderen.be/id/concept/chemical_substance/0001189
N-acyl-alpha-hexosamine-1-phosphates,https://data.omgeving.vlaanderen.be/id/concept/chemical_substance/0001380
N-acyl-alpha-hexosamine-6-phosphates,https://data.omgeving.vlaanderen.be/id/concept/chemical_substance/0002281
N-acyl-alpha-hexosamines,https://data.omgeving.vlaanderen.be/id/concept/chemical_substance/0002276
N-acyl-aromatic L-alpha-amino-acids,https://data.omgeving.vlaanderen.be/id/concept/chemical_substance/0004279
N-acyl-aromatic-alpha amino acids,https://data.omgeving.vlaanderen.be/id/concept/chemical_substance/0003212
N-acyl-phenylthioureas,https://data.omgeving.vlaanderen.be/id/concept/chemical_substance/0002981
N-acyl-phenylureas,https://data.omgeving.vlaanderen.be/id/concept/chemical_substance/0002982
N-acyl-phosphatidylethanolamines,https://data.omgeving.vlaanderen.be/id/concept/chemical_substance/0003186
N-acylcarbazoles,https://data.omgeving.vlaanderen.be/id/concept/chemical_substance/0004720
N-acyldopamines,https://data.omgeving.vlaanderen.be/id/concept/chemical_substance/0004272
N-acylethanolamines,https://data.omgeving.vlaanderen.be/id/concept/chemical_substance/0001145
N-acylglutathiones,https://data.omgeving.vlaanderen.be/id/concept/chemical_substance/0003051
N-acylimidazoles,https://data.omgeving.vlaanderen.be/id/concept/chemical_substance/0004786
N-acylimines,https://data.omgeving.vlaanderen.be/id/concept/chemical_substance/0003091
N-acylneuraminate-9-phosphates,https://data.omgeving.vlaanderen.be/id/concept/chemical_substance/0004261
N-acylneuraminic acids,https://data.omgeving.vlaanderen.be/id/concept/chemical_substance/0003048
N-acylneuraminic acids and derivatives,https://data.omgeving.vlaanderen.be/id/concept/chemical_substance/0003049
N-acylphosphoramidothioic acid and derivatives,https://data.omgeving.vlaanderen.be/id/concept/chemical_substance/0004666
N-acylpiperidines,https://data.omgeving.vlaanderen.be/id/concept/chemical_substance/0000335
N-acylpyrrolidines,https://data.omgeving.vlaanderen.be/id/concept/chemical_substance/0003023
N-acylserotonins,https://data.omgeving.vlaanderen.be/id/concept/chemical_substance/0004271
N-acylsphinganines,https://data.omgeving.vlaanderen.be/id/concept/chemical_substance/0002962
N-acylsphingosines,https://data.omgeving.vlaanderen.be/id/concept/chemical_substance/0002961
N-aliphatic s-triazines,https://data.omgeving.vlaanderen.be/id/concept/chemical_substance/0003080
N-alkyl sulfonyl hydrazones,https://data.omgeving.vlaanderen.be/id/concept/chemical_substance/0003296
N-alkyl-O-phenylhydroxylamines,https://data.omgeving.vlaanderen.be/id/concept/chemical_substance/0004652
N-alkylated hydrazones,https://data.omgeving.vlaanderen.be/id/concept/chemical_substance/0003295
N-alkylindoles,https://data.omgeving.vlaanderen.be/id/concept/chemical_substance/0004197
N-alkylpiperazines,https://data.omgeving.vlaanderen.be/id/concept/chemical_substance/0003357
N-alkylpyrrolidines,https://data.omgeving.vlaanderen.be/id/concept/chemical_substance/0003449
N-amidino-alpha amino acids,https://data.omgeving.vlaanderen.be/id/concept/chemical_substance/0002186
N-aryl-N-hydroxylamides,https://data.omgeving.vlaanderen.be/id/concept/chemical_substance/0003283
N-aryl-N-phenylhydroxylamines,https://data.omgeving.vlaanderen.be/id/concept/chemical_substance/0004653
N-arylamides,https://data.omgeving.vlaanderen.be/id/concept/chemical_substance/0003282
N-arylated-2-aminothiophenes,https://data.omgeving.vlaanderen.be/id/concept/chemical_substance/0004006
N-arylpiperazines,https://data.omgeving.vlaanderen.be/id/concept/chemical_substance/0003359
N-benzoyl-N'-phenylureas,https://data.omgeving.vlaanderen.be/id/concept/chemical_substance/0004513
N-benzoylpiperidines,https://data.omgeving.vlaanderen.be/id/concept/chemical_substance/0002621
N-benzoylpyrazoles,https://data.omgeving.vlaanderen.be/id/concept/chemical_substance/0004414
N-benzylalanines,https://data.omgeving.vlaanderen.be/id/concept/chemical_substance/0002620
N-benzylbenzamides,https://data.omgeving.vlaanderen.be/id/concept/chemical_substance/0003469
N-benzylpiperidines,https://data.omgeving.vlaanderen.be/id/concept/chemical_substance/0002622
N-carbamoyl-alpha amino acids,https://data.omgeving.vlaanderen.be/id/concept/chemical_substance/0002403
N-carbamoyl-alpha amino acids and derivatives,https://data.omgeving.vlaanderen.be/id/concept/chemical_substance/0001224
N-cinnamoylanthranilic acids,https://data.omgeving.vlaanderen.be/id/concept/chemical_substance/0004561
N-demethylbenzophenanthridine alkaloids,https://data.omgeving.vlaanderen.be/id/concept/chemical_substance/0002668
N-epsilon-acyl lysines,https://data.omgeving.vlaanderen.be/id/concept/chemical_substance/0001588
N-formyl-alpha amino acids,https://data.omgeving.vlaanderen.be/id/concept/chemical_substance/0002964
N-formyl-alpha amino acids and derivatives,https://data.omgeving.vlaanderen.be/id/concept/chemical_substance/0002965
N-glucuronides,https://data.omgeving.vlaanderen.be/id/concept/chemical_substance/0002814
N-hydroxyguanidines,https://data.omgeving.vlaanderen.be/id/concept/chemical_substance/0003280
N-hydroxyl-alpha-amino acids,https://data.omgeving.vlaanderen.be/id/concept/chemical_substance/0003350
N-linked disaccharides,https://data.omgeving.vlaanderen.be/id/concept/chemical_substance/0004101
N-methylnitrosoureas,https://data.omgeving.vlaanderen.be/id/concept/chemical_substance/0002444
N-methylpiperazines,https://data.omgeving.vlaanderen.be/id/concept/chemical_substance/0003358
N-methylpyridinium compounds,https://data.omgeving.vlaanderen.be/id/concept/chemical_substance/0004543
N-methylpyrroles,https://data.omgeving.vlaanderen.be/id/concept/chemical_substance/0002809
N-nitrosated N-hydroxyguanidines,https://data.omgeving.vlaanderen.be/id/concept/chemical_substance/0003281
N-organohydroxylamines,https://data.omgeving.vlaanderen.be/id/concept/chemical_substance/0000158
N-phenylhydroxylamines,https://data.omgeving.vlaanderen.be/id/concept/chemical_substance/0004650
N-phenylthioureas,https://data.omgeving.vlaanderen.be/id/concept/chemical_substance/0002980
N-phenylureas,https://data.omgeving.vlaanderen.be/id/concept/chemical_substance/0001935
N-piperazineacetamides,https://data.omgeving.vlaanderen.be/id/concept/chemical_substance/0002516
N-silyl compounds,https://data.omgeving.vlaanderen.be/id/concept/chemical_substance/0004698
N-substituted N'-hydroxyguanidines,https://data.omgeving.vlaanderen.be/id/concept/chemical_substance/0003571
N-substituted alpha-imino acids,https://data.omgeving.vlaanderen.be/id/concept/chemical_substance/0004115
N-substituted carboxylic acid imides,https://data.omgeving.vlaanderen.be/id/concept/chemical_substance/0001658
N-substituted imidazoles,https://data.omgeving.vlaanderen.be/id/concept/chemical_substance/0002311
N-substituted nicotinamides,https://data.omgeving.vlaanderen.be/id/concept/chemical_substance/0002254
N-substituted phenoxazines,https://data.omgeving.vlaanderen.be/id/concept/chemical_substance/0002558
N-substituted pyrroles,https://data.omgeving.vlaanderen.be/id/concept/chemical_substance/0002258
N-sulfenyl-N'-sulfonyl-ureas,https://data.omgeving.vlaanderen.be/id/concept/chemical_substance/0004514
N-sulfinylhydrazines,https://data.omgeving.vlaanderen.be/id/concept/chemical_substance/0001265
"N-sulfonyl-1,2,3-triazoles",https://data.omgeving.vlaanderen.be/id/concept/chemical_substance/0001121
"N-sulfonyl-1,2,4-triazoles",https://data.omgeving.vlaanderen.be/id/concept/chemical_substance/0002093
N-sulfonyloxaziridines,https://data.omgeving.vlaanderen.be/id/concept/chemical_substance/0003093
N-unsubstituted carboxylic acid imides,https://data.omgeving.vlaanderen.be/id/concept/chemical_substance/0001659
N-vinylaziridines,https://data.omgeving.vlaanderen.be/id/concept/chemical_substance/0004080
Napelline-type diterpenoid alkaloids,https://data.omgeving.vlaanderen.be/id/concept/chemical_substance/0003784
Naphthacenes,https://data.omgeving.vlaanderen.be/id/concept/chemical_substance/0000022
Naphthalene sulfonamides,https://data.omgeving.vlaanderen.be/id/concept/chemical_substance/0003593
Naphthalene sulfonates,https://data.omgeving.vlaanderen.be/id/concept/chemical_substance/0003310
Naphthalene sulfonic acids and derivatives,https://data.omgeving.vlaanderen.be/id/concept/chemical_substance/0003597
Naphthalene-1-carboxanilides,https://data.omgeving.vlaanderen.be/id/concept/chemical_substance/0004686
Naphthalene-2-carboxanilides,https://data.omgeving.vlaanderen.be/id/concept/chemical_substance/0004687
Naphthalenecarboxamides,https://data.omgeving.vlaanderen.be/id/concept/chemical_substance/0002349
Naphthalenecarboxylic acids,https://data.omgeving.vlaanderen.be/id/concept/chemical_substance/0002421
Naphthalenecarboxylic acids and derivatives,https://data.omgeving.vlaanderen.be/id/concept/chemical_substance/0001871
Naphthalenes,https://data.omgeving.vlaanderen.be/id/concept/chemical_substance/0000023
Naphthofurans,https://data.omgeving.vlaanderen.be/id/concept/chemical_substance/0001634
Naphthohydroquinones,https://data.omgeving.vlaanderen.be/id/concept/chemical_substance/0001870
Naphthols and derivatives,https://data.omgeving.vlaanderen.be/id/concept/chemical_substance/0002441
Naphthopyranone glycosides,https://data.omgeving.vlaanderen.be/id/concept/chemical_substance/0001646
Naphthopyranones,https://data.omgeving.vlaanderen.be/id/concept/chemical_substance/0001641
Naphthopyrans,https://data.omgeving.vlaanderen.be/id/concept/chemical_substance/0001640
Naphthoquinones,https://data.omgeving.vlaanderen.be/id/concept/chemical_substance/0000153
Naphthothiazoles,https://data.omgeving.vlaanderen.be/id/concept/chemical_substance/0002114
Naphthothiophenes,https://data.omgeving.vlaanderen.be/id/concept/chemical_substance/0002572
Naphthoylindoles,https://data.omgeving.vlaanderen.be/id/concept/chemical_substance/0002247
Naphthylisoquinolines,https://data.omgeving.vlaanderen.be/id/concept/chemical_substance/0002195
Naphthylquinolines,https://data.omgeving.vlaanderen.be/id/concept/chemical_substance/0002196
Naphthyridine carboxylic acids and derivatives,https://data.omgeving.vlaanderen.be/id/concept/chemical_substance/0001858
Naphthyridines,https://data.omgeving.vlaanderen.be/id/concept/chemical_substance/0001857
Neoflavans,https://data.omgeving.vlaanderen.be/id/concept/chemical_substance/0002581
Neoflavenes,https://data.omgeving.vlaanderen.be/id/concept/chemical_substance/0002582
Neoflavones,https://data.omgeving.vlaanderen.be/id/concept/chemical_substance/0001389
Neoflavonoid 5-O-glycosides,https://data.omgeving.vlaanderen.be/id/concept/chemical_substance/0002897
Neoflavonoid 7-O-glycosides,https://data.omgeving.vlaanderen.be/id/concept/chemical_substance/0002935
Neoflavonoids,https://data.omgeving.vlaanderen.be/id/concept/chemical_substance/0001614
Neuraminic acids,https://data.omgeving.vlaanderen.be/id/concept/chemical_substance/0003050
Neuraminic acids and derivatives,https://data.omgeving.vlaanderen.be/id/concept/chemical_substance/0001258
Neutral glycosphingolipids,https://data.omgeving.vlaanderen.be/id/concept/chemical_substance/0001419
Nicotinamide nucleotides,https://data.omgeving.vlaanderen.be/id/concept/chemical_substance/0001268
Nicotinamides,https://data.omgeving.vlaanderen.be/id/concept/chemical_substance/0002253
Nicotinic acid nucleotides,https://data.omgeving.vlaanderen.be/id/concept/chemical_substance/0001300
Nitramines,https://data.omgeving.vlaanderen.be/id/concept/chemical_substance/0002459
Nitrate esters,https://data.omgeving.vlaanderen.be/id/concept/chemical_substance/0000063
Nitrile imides,https://data.omgeving.vlaanderen.be/id/concept/chemical_substance/0002461
Nitrile oxides,https://data.omgeving.vlaanderen.be/id/concept/chemical_substance/0003687
Nitrile selenides,https://data.omgeving.vlaanderen.be/id/concept/chemical_substance/0003695
Nitrile sulfides,https://data.omgeving.vlaanderen.be/id/concept/chemical_substance/0003689
Nitrile ylides,https://data.omgeving.vlaanderen.be/id/concept/chemical_substance/0003193
Nitriles,https://data.omgeving.vlaanderen.be/id/concept/chemical_substance/0000362
Nitrimines,https://data.omgeving.vlaanderen.be/id/concept/chemical_substance/0004554
Nitrite esters,https://data.omgeving.vlaanderen.be/id/concept/chemical_substance/0002376
Nitro fatty acids,https://data.omgeving.vlaanderen.be/id/concept/chemical_substance/0000471
Nitroaromatic compounds,https://data.omgeving.vlaanderen.be/id/concept/chemical_substance/0004612
Nitrobenzaldehydes,https://data.omgeving.vlaanderen.be/id/concept/chemical_substance/0004613
Nitrobenzenes,https://data.omgeving.vlaanderen.be/id/concept/chemical_substance/0000036
Nitrobenzoic acids and derivatives,https://data.omgeving.vlaanderen.be/id/concept/chemical_substance/0001992
Nitrofurans,https://data.omgeving.vlaanderen.be/id/concept/chemical_substance/0000194
Nitrogen mustard compounds,https://data.omgeving.vlaanderen.be/id/concept/chemical_substance/0000398
Nitroguanidines,https://data.omgeving.vlaanderen.be/id/concept/chemical_substance/0004667
Nitrohalothiophenes,https://data.omgeving.vlaanderen.be/id/concept/chemical_substance/0004339
Nitroimidazoles,https://data.omgeving.vlaanderen.be/id/concept/chemical_substance/0000242
Nitronaphthalenes,https://data.omgeving.vlaanderen.be/id/concept/chemical_substance/0002275
Nitrones,https://data.omgeving.vlaanderen.be/id/concept/chemical_substance/0002397
Nitronic acids,https://data.omgeving.vlaanderen.be/id/concept/chemical_substance/0002538
Nitrophenols,https://data.omgeving.vlaanderen.be/id/concept/chemical_substance/0000141
Nitrophenyl ethers,https://data.omgeving.vlaanderen.be/id/concept/chemical_substance/0004671
Nitropyrimidines,https://data.omgeving.vlaanderen.be/id/concept/chemical_substance/0001927
Nitroquinolines and derivatives,https://data.omgeving.vlaanderen.be/id/concept/chemical_substance/0001155
Nitrosamides,https://data.omgeving.vlaanderen.be/id/concept/chemical_substance/0003947
Nitrosimines,https://data.omgeving.vlaanderen.be/id/concept/chemical_substance/0000366
Nitrosopiperidines,https://data.omgeving.vlaanderen.be/id/concept/chemical_substance/0002442
Nitrosothiols,https://data.omgeving.vlaanderen.be/id/concept/chemical_substance/0002443
Nitrosoureas,https://data.omgeving.vlaanderen.be/id/concept/chemical_substance/0001229
Nitrothiazoles,https://data.omgeving.vlaanderen.be/id/concept/chemical_substance/0000225
Nitrothiophenes,https://data.omgeving.vlaanderen.be/id/concept/chemical_substance/0004336
Nitrotoluenes,https://data.omgeving.vlaanderen.be/id/concept/chemical_substance/0004108
Non-metal bisulfites,https://data.omgeving.vlaanderen.be/id/concept/chemical_substance/0001398
Non-metal bromates,https://data.omgeving.vlaanderen.be/id/concept/chemical_substance/0001048
Non-metal chlorates,https://data.omgeving.vlaanderen.be/id/concept/chemical_substance/0001049
Non-metal chlorites,https://data.omgeving.vlaanderen.be/id/concept/chemical_substance/0001050
Non-metal chromates,https://data.omgeving.vlaanderen.be/id/concept/chemical_substance/0001051
Non-metal chromites,https://data.omgeving.vlaanderen.be/id/concept/chemical_substance/0001052
Non-metal cyanates,https://data.omgeving.vlaanderen.be/id/concept/chemical_substance/0001053
Non-metal dithionites,https://data.omgeving.vlaanderen.be/id/concept/chemical_substance/0001086
Non-metal dithiophosphates,https://data.omgeving.vlaanderen.be/id/concept/chemical_substance/0002290
Non-metal hydroxides,https://data.omgeving.vlaanderen.be/id/concept/chemical_substance/0001055
Non-metal hypobromites,https://data.omgeving.vlaanderen.be/id/concept/chemical_substance/0001056
Non-metal hypochlorites,https://data.omgeving.vlaanderen.be/id/concept/chemical_substance/0001057
Non-metal hyponitrites,https://data.omgeving.vlaanderen.be/id/concept/chemical_substance/0001058
Non-metal hypophosphites,https://data.omgeving.vlaanderen.be/id/concept/chemical_substance/0001059
Non-metal hyposulfites,https://data.omgeving.vlaanderen.be/id/concept/chemical_substance/0001087
Non-metal iodates,https://data.omgeving.vlaanderen.be/id/concept/chemical_substance/0001060
Non-metal metavanadates,https://data.omgeving.vlaanderen.be/id/concept/chemical_substance/0003291
Non-metal nitrates,https://data.omgeving.vlaanderen.be/id/concept/chemical_substance/0001062
Non-metal nitrites,https://data.omgeving.vlaanderen.be/id/concept/chemical_substance/0001061
Non-metal orthonitrates,https://data.omgeving.vlaanderen.be/id/concept/chemical_substance/0001063
Non-metal orthovanadates,https://data.omgeving.vlaanderen.be/id/concept/chemical_substance/0003290
Non-metal oxoanionic compounds,https://data.omgeving.vlaanderen.be/id/concept/chemical_substance/0000435
Non-metal perbromates,https://data.omgeving.vlaanderen.be/id/concept/chemical_substance/0001064
Non-metal perchlorates,https://data.omgeving.vlaanderen.be/id/concept/chemical_substance/0001065
Non-metal periodates,https://data.omgeving.vlaanderen.be/id/concept/chemical_substance/0001066
Non-metal permanganates,https://data.omgeving.vlaanderen.be/id/concept/chemical_substance/0001067
Non-metal peroxodisulfates,https://data.omgeving.vlaanderen.be/id/concept/chemical_substance/0001082
Non-metal peroxomonosulfates,https://data.omgeving.vlaanderen.be/id/concept/chemical_substance/0001081
Non-metal peroxynitrates,https://data.omgeving.vlaanderen.be/id/concept/chemical_substance/0001068
Non-metal peroxynitrites,https://data.omgeving.vlaanderen.be/id/concept/chemical_substance/0001069
Non-metal perrhenates,https://data.omgeving.vlaanderen.be/id/concept/chemical_substance/0001070
Non-metal pertechnetates,https://data.omgeving.vlaanderen.be/id/concept/chemical_substance/0001071
Non-metal phosphates,https://data.omgeving.vlaanderen.be/id/concept/chemical_substance/0001073
Non-metal phosphites,https://data.omgeving.vlaanderen.be/id/concept/chemical_substance/0001072
Non-metal phosphonates,https://data.omgeving.vlaanderen.be/id/concept/chemical_substance/0002366
Non-metal pyrophosphates,https://data.omgeving.vlaanderen.be/id/concept/chemical_substance/0001074
Non-metal pyrosulfates,https://data.omgeving.vlaanderen.be/id/concept/chemical_substance/0001083
Non-metal selenates,https://data.omgeving.vlaanderen.be/id/concept/chemical_substance/0001075
Non-metal selenites,https://data.omgeving.vlaanderen.be/id/concept/chemical_substance/0001076
Non-metal selenophosphates,https://data.omgeving.vlaanderen.be/id/concept/chemical_substance/0002270
Non-metal sulfates,https://data.omgeving.vlaanderen.be/id/concept/chemical_substance/0001077
Non-metal sulfites,https://data.omgeving.vlaanderen.be/id/concept/chemical_substance/0001078
Non-metal superoxides,https://data.omgeving.vlaanderen.be/id/concept/chemical_substance/0001079
Non-metal tetrathionates,https://data.omgeving.vlaanderen.be/id/concept/chemical_substance/0001084
Non-metal thiophosphates,https://data.omgeving.vlaanderen.be/id/concept/chemical_substance/0002291
Non-metal thiosulfates,https://data.omgeving.vlaanderen.be/id/concept/chemical_substance/0001085
Nonoses,https://data.omgeving.vlaanderen.be/id/concept/chemical_substance/0001501
Norbelladine-type amaryllidaceae alkaloids,https://data.omgeving.vlaanderen.be/id/concept/chemical_substance/0004121
Nucleoside and nucleotide analogues,https://data.omgeving.vlaanderen.be/id/concept/chemical_substance/0003737
"Nucleosides, nucleotides, and analogues",https://data.omgeving.vlaanderen.be/id/concept/chemical_substance/0000289
O-acylglycerone-phosphates,https://data.omgeving.vlaanderen.be/id/concept/chemical_substance/0003448
O-alkylglycerone phosphates,https://data.omgeving.vlaanderen.be/id/concept/chemical_substance/0003447
O-alkylglycerones,https://data.omgeving.vlaanderen.be/id/concept/chemical_substance/0003445
O-alkylpyrimidines,https://data.omgeving.vlaanderen.be/id/concept/chemical_substance/0004486
O-benzoquinones,https://data.omgeving.vlaanderen.be/id/concept/chemical_substance/0002492
O-bromophenols,https://data.omgeving.vlaanderen.be/id/concept/chemical_substance/0002768
O-chlorophenols,https://data.omgeving.vlaanderen.be/id/concept/chemical_substance/0002771
O-cinnamoyl glycosides,https://data.omgeving.vlaanderen.be/id/concept/chemical_substance/0003479
O-coumaroyl glycosides,https://data.omgeving.vlaanderen.be/id/concept/chemical_substance/0002684
O-fluorophenols,https://data.omgeving.vlaanderen.be/id/concept/chemical_substance/0002774
O-galloylquinic acids and derivatives,https://data.omgeving.vlaanderen.be/id/concept/chemical_substance/0002513
O-glucuronides,https://data.omgeving.vlaanderen.be/id/concept/chemical_substance/0002813
O-glycosyl compounds,https://data.omgeving.vlaanderen.be/id/concept/chemical_substance/0002207
O-haloacetanilides,https://data.omgeving.vlaanderen.be/id/concept/chemical_substance/0004718
O-iminoquinones,https://data.omgeving.vlaanderen.be/id/concept/chemical_substance/0002388
O-iodophenols,https://data.omgeving.vlaanderen.be/id/concept/chemical_substance/0002777
O-methoxybenzoic acids and derivatives,https://data.omgeving.vlaanderen.be/id/concept/chemical_substance/0002345
O-methylated flavonoids,https://data.omgeving.vlaanderen.be/id/concept/chemical_substance/0002585
O-methylated isoflavonoids,https://data.omgeving.vlaanderen.be/id/concept/chemical_substance/0002586
O-phenylenediamines,https://data.omgeving.vlaanderen.be/id/concept/chemical_substance/0004746
O-phenylhydroxylamines,https://data.omgeving.vlaanderen.be/id/concept/chemical_substance/0004651
O-phthalic acid and derivatives,https://data.omgeving.vlaanderen.be/id/concept/chemical_substance/0001107
O-quinodimethanes,https://data.omgeving.vlaanderen.be/id/concept/chemical_substance/0001778
O-quinomethanes,https://data.omgeving.vlaanderen.be/id/concept/chemical_substance/0002122
O-quinones,https://data.omgeving.vlaanderen.be/id/concept/chemical_substance/0002385
O-quinonimines,https://data.omgeving.vlaanderen.be/id/concept/chemical_substance/0002894
O-sulfanylbenzoic acids,https://data.omgeving.vlaanderen.be/id/concept/chemical_substance/0003106
O-sulfanylbenzoic acids and derivatives,https://data.omgeving.vlaanderen.be/id/concept/chemical_substance/0003105
O-terphenyls,https://data.omgeving.vlaanderen.be/id/concept/chemical_substance/0001836
O-thiocarbamates,https://data.omgeving.vlaanderen.be/id/concept/chemical_substance/0004425
OS-thioperoxols,https://data.omgeving.vlaanderen.be/id/concept/chemical_substance/0003157
Ochratoxins and related substances,https://data.omgeving.vlaanderen.be/id/concept/chemical_substance/0001787
Octoses,https://data.omgeving.vlaanderen.be/id/concept/chemical_substance/0001500
Okadaic acids and derivatives,https://data.omgeving.vlaanderen.be/id/concept/chemical_substance/0001802
Oleanane triterpenoids,https://data.omgeving.vlaanderen.be/id/concept/chemical_substance/0000180
Olefins,https://data.omgeving.vlaanderen.be/id/concept/chemical_substance/0002838
Oligoanthrilamides,https://data.omgeving.vlaanderen.be/id/concept/chemical_substance/0001956
Oligocarbamates,https://data.omgeving.vlaanderen.be/id/concept/chemical_substance/0001955
Oligonucleotides,https://data.omgeving.vlaanderen.be/id/concept/chemical_substance/0004351
Oligopeptides,https://data.omgeving.vlaanderen.be/id/concept/chemical_substance/0004831
Oligophosphenes,https://data.omgeving.vlaanderen.be/id/concept/chemical_substance/0002488
Oligosaccharide phosphates,https://data.omgeving.vlaanderen.be/id/concept/chemical_substance/0002191
Oligosaccharide sulfates,https://data.omgeving.vlaanderen.be/id/concept/chemical_substance/0003308
Oligosaccharides,https://data.omgeving.vlaanderen.be/id/concept/chemical_substance/0000198
Oligosulfones,https://data.omgeving.vlaanderen.be/id/concept/chemical_substance/0001954
Oligosulfoxides,https://data.omgeving.vlaanderen.be/id/concept/chemical_substance/0001953
Oligothioureas,https://data.omgeving.vlaanderen.be/id/concept/chemical_substance/0001944
Oligourea amides,https://data.omgeving.vlaanderen.be/id/concept/chemical_substance/0001952
Oligoureas,https://data.omgeving.vlaanderen.be/id/concept/chemical_substance/0001951
Ophiobolane sesterterpenoids,https://data.omgeving.vlaanderen.be/id/concept/chemical_substance/0002882
"Organic 1,3-dipolar compounds",https://data.omgeving.vlaanderen.be/id/concept/chemical_substance/0003630
Organic N-nitroso compounds,https://data.omgeving.vlaanderen.be/id/concept/chemical_substance/0004777
Organic O-nitroso compounds,https://data.omgeving.vlaanderen.be/id/concept/chemical_substance/0004778
Organic Polymers,https://data.omgeving.vlaanderen.be/id/concept/chemical_substance/0003297
Organic S-nitroso compounds,https://data.omgeving.vlaanderen.be/id/concept/chemical_substance/0004779
Organic acids and derivatives,https://data.omgeving.vlaanderen.be/id/concept/chemical_substance/0000264
Organic alkali metal salts,https://data.omgeving.vlaanderen.be/id/concept/chemical_substance/0004099
Organic aluminates,https://data.omgeving.vlaanderen.be/id/concept/chemical_substance/0001839
Organic aluminium salts,https://data.omgeving.vlaanderen.be/id/concept/chemical_substance/0004041
Organic anions,https://data.omgeving.vlaanderen.be/id/concept/chemical_substance/0003608
Organic antimonates,https://data.omgeving.vlaanderen.be/id/concept/chemical_substance/0001740
Organic antimony salts,https://data.omgeving.vlaanderen.be/id/concept/chemical_substance/0004078
Organic arsenates,https://data.omgeving.vlaanderen.be/id/concept/chemical_substance/0001806
Organic azides,https://data.omgeving.vlaanderen.be/id/concept/chemical_substance/0000126
Organic beryllium salts,https://data.omgeving.vlaanderen.be/id/concept/chemical_substance/0004489
Organic bromate salts,https://data.omgeving.vlaanderen.be/id/concept/chemical_substance/0004458
Organic bromates,https://data.omgeving.vlaanderen.be/id/concept/chemical_substance/0001259
Organic bromide salts,https://data.omgeving.vlaanderen.be/id/concept/chemical_substance/0003930
Organic cadmium salts,https://data.omgeving.vlaanderen.be/id/concept/chemical_substance/0004075
Organic calcium salts,https://data.omgeving.vlaanderen.be/id/concept/chemical_substance/0004493
Organic carbonic acids,https://data.omgeving.vlaanderen.be/id/concept/chemical_substance/0001521
Organic carbonic acids and derivatives,https://data.omgeving.vlaanderen.be/id/concept/chemical_substance/0000364
Organic cations,https://data.omgeving.vlaanderen.be/id/concept/chemical_substance/0003609
Organic chlorates,https://data.omgeving.vlaanderen.be/id/concept/chemical_substance/0001260
Organic chloride salts,https://data.omgeving.vlaanderen.be/id/concept/chemical_substance/0003931
Organic chlorite salts,https://data.omgeving.vlaanderen.be/id/concept/chemical_substance/0004462
Organic chlorites,https://data.omgeving.vlaanderen.be/id/concept/chemical_substance/0001261
Organic chromates,https://data.omgeving.vlaanderen.be/id/concept/chemical_substance/0001278
Organic chromites,https://data.omgeving.vlaanderen.be/id/concept/chemical_substance/0001307
Organic chromium salts,https://data.omgeving.vlaanderen.be/id/concept/chemical_substance/0004369
Organic chromium trioxides,https://data.omgeving.vlaanderen.be/id/concept/chemical_substance/0004820
Organic cobalt salts,https://data.omgeving.vlaanderen.be/id/concept/chemical_substance/0003995
Organic compounds,https://data.omgeving.vlaanderen.be/id/concept/chemical_substance/0000000
Organic copper salts,https://data.omgeving.vlaanderen.be/id/concept/chemical_substance/0004018
Organic cyanamides,https://data.omgeving.vlaanderen.be/id/concept/chemical_substance/0000361
Organic cyanides,https://data.omgeving.vlaanderen.be/id/concept/chemical_substance/0004504
Organic diazonium salts,https://data.omgeving.vlaanderen.be/id/concept/chemical_substance/0001668
Organic dichromates,https://data.omgeving.vlaanderen.be/id/concept/chemical_substance/0004803
Organic disulfides,https://data.omgeving.vlaanderen.be/id/concept/chemical_substance/0002800
Organic dithionites,https://data.omgeving.vlaanderen.be/id/concept/chemical_substance/0002081
Organic dithiophosphoric acids and derivatives,https://data.omgeving.vlaanderen.be/id/concept/chemical_substance/0003385
Organic fluorophosphonic acids and derivatives,https://data.omgeving.vlaanderen.be/id/concept/chemical_substance/0001247
Organic hydroperoxides,https://data.omgeving.vlaanderen.be/id/concept/chemical_substance/0001308
Organic hydroxides,https://data.omgeving.vlaanderen.be/id/concept/chemical_substance/0001364
Organic hypobromites,https://data.omgeving.vlaanderen.be/id/concept/chemical_substance/0001444
Organic hypochlorites,https://data.omgeving.vlaanderen.be/id/concept/chemical_substance/0001526
Organic hyponitrites,https://data.omgeving.vlaanderen.be/id/concept/chemical_substance/0001577
Organic hypophosphites,https://data.omgeving.vlaanderen.be/id/concept/chemical_substance/0001589
Organic hyposulfites,https://data.omgeving.vlaanderen.be/id/concept/chemical_substance/0002082
Organic iodate salts,https://data.omgeving.vlaanderen.be/id/concept/chemical_substance/0004460
Organic iodates,https://data.omgeving.vlaanderen.be/id/concept/chemical_substance/0001590
Organic iodide salts,https://data.omgeving.vlaanderen.be/id/concept/chemical_substance/0003932
Organic isocyanides,https://data.omgeving.vlaanderen.be/id/concept/chemical_substance/0001306
Organic lead salts,https://data.omgeving.vlaanderen.be/id/concept/chemical_substance/0004051
Organic lithium salts,https://data.omgeving.vlaanderen.be/id/concept/chemical_substance/0004488
Organic metal bromide salts,https://data.omgeving.vlaanderen.be/id/concept/chemical_substance/0004037
Organic metal halides,https://data.omgeving.vlaanderen.be/id/concept/chemical_substance/0004491
Organic metal salts,https://data.omgeving.vlaanderen.be/id/concept/chemical_substance/0004036
Organic metalloid salts,https://data.omgeving.vlaanderen.be/id/concept/chemical_substance/0003998
Organic metavanadates,https://data.omgeving.vlaanderen.be/id/concept/chemical_substance/0003294
Organic nitrates,https://data.omgeving.vlaanderen.be/id/concept/chemical_substance/0000395
Organic nitrenes,https://data.omgeving.vlaanderen.be/id/concept/chemical_substance/0003973
Organic nitric acids,https://data.omgeving.vlaanderen.be/id/concept/chemical_substance/0002487
Organic nitric acids and derivatives,https://data.omgeving.vlaanderen.be/id/concept/chemical_substance/0000488
Organic nitrites,https://data.omgeving.vlaanderen.be/id/concept/chemical_substance/0000396
Organic nitro compounds,https://data.omgeving.vlaanderen.be/id/concept/chemical_substance/0001152
Organic nitrogen compounds,https://data.omgeving.vlaanderen.be/id/concept/chemical_substance/0004707
Organic nitrosamines,https://data.omgeving.vlaanderen.be/id/concept/chemical_substance/0001400
Organic nitroso compounds,https://data.omgeving.vlaanderen.be/id/concept/chemical_substance/0004776
Organic nitrosonium compounds,https://data.omgeving.vlaanderen.be/id/concept/chemical_substance/0001520
Organic orthonitrates,https://data.omgeving.vlaanderen.be/id/concept/chemical_substance/0002065
Organic orthovanadates,https://data.omgeving.vlaanderen.be/id/concept/chemical_substance/0001841
Organic oxides,https://data.omgeving.vlaanderen.be/id/concept/chemical_substance/0003940
Organic oxoanionic compounds,https://data.omgeving.vlaanderen.be/id/concept/chemical_substance/0000463
Organic oxoazanium compounds,https://data.omgeving.vlaanderen.be/id/concept/chemical_substance/0001508
Organic oxygen compounds,https://data.omgeving.vlaanderen.be/id/concept/chemical_substance/0004603
Organic perbromates,https://data.omgeving.vlaanderen.be/id/concept/chemical_substance/0002066
Organic perchlorate salts,https://data.omgeving.vlaanderen.be/id/concept/chemical_substance/0003933
Organic perchlorates,https://data.omgeving.vlaanderen.be/id/concept/chemical_substance/0002067
Organic periodates,https://data.omgeving.vlaanderen.be/id/concept/chemical_substance/0002068
Organic permanganates,https://data.omgeving.vlaanderen.be/id/concept/chemical_substance/0002069
Organic peroxides,https://data.omgeving.vlaanderen.be/id/concept/chemical_substance/0000414
Organic peroxodisulfates,https://data.omgeving.vlaanderen.be/id/concept/chemical_substance/0002077
Organic peroxomonosulfates,https://data.omgeving.vlaanderen.be/id/concept/chemical_substance/0002076
Organic peroxynitrates,https://data.omgeving.vlaanderen.be/id/concept/chemical_substance/0001837
Organic peroxynitrites,https://data.omgeving.vlaanderen.be/id/concept/chemical_substance/0001838
Organic perrhenates,https://data.omgeving.vlaanderen.be/id/concept/chemical_substance/0001222
Organic pertechnetates,https://data.omgeving.vlaanderen.be/id/concept/chemical_substance/0002070
Organic phosphines and derivatives,https://data.omgeving.vlaanderen.be/id/concept/chemical_substance/0000401
Organic phosphite salts,https://data.omgeving.vlaanderen.be/id/concept/chemical_substance/0004463
Organic phosphites,https://data.omgeving.vlaanderen.be/id/concept/chemical_substance/0002071
Organic phosphonic acid diamides,https://data.omgeving.vlaanderen.be/id/concept/chemical_substance/0003892
Organic phosphonic acids,https://data.omgeving.vlaanderen.be/id/concept/chemical_substance/0001302
Organic phosphonic acids and derivatives,https://data.omgeving.vlaanderen.be/id/concept/chemical_substance/0000419
Organic phosphoramides,https://data.omgeving.vlaanderen.be/id/concept/chemical_substance/0001204
Organic phosphoric acid diamides,https://data.omgeving.vlaanderen.be/id/concept/chemical_substance/0003662
Organic phosphoric acid halides,https://data.omgeving.vlaanderen.be/id/concept/chemical_substance/0001206
Organic phosphoric acid monoamides,https://data.omgeving.vlaanderen.be/id/concept/chemical_substance/0002857
Organic phosphoric acid triamides,https://data.omgeving.vlaanderen.be/id/concept/chemical_substance/0003871
Organic phosphoric acids,https://data.omgeving.vlaanderen.be/id/concept/chemical_substance/0001574
Organic phosphoric acids and derivatives,https://data.omgeving.vlaanderen.be/id/concept/chemical_substance/0000402
Organic plumbates,https://data.omgeving.vlaanderen.be/id/concept/chemical_substance/0001153
Organic post-transition metal salts,https://data.omgeving.vlaanderen.be/id/concept/chemical_substance/0004040
Organic potassium salts,https://data.omgeving.vlaanderen.be/id/concept/chemical_substance/0003927
Organic pyrophosphates,https://data.omgeving.vlaanderen.be/id/concept/chemical_substance/0001804
Organic pyrosulfates,https://data.omgeving.vlaanderen.be/id/concept/chemical_substance/0002078
Organic salts,https://data.omgeving.vlaanderen.be/id/concept/chemical_substance/0003865
Organic selenates,https://data.omgeving.vlaanderen.be/id/concept/chemical_substance/0002072
Organic selenite salts,https://data.omgeving.vlaanderen.be/id/concept/chemical_substance/0004459
Organic selenites,https://data.omgeving.vlaanderen.be/id/concept/chemical_substance/0002073
Organic silver salts,https://data.omgeving.vlaanderen.be/id/concept/chemical_substance/0004063
Organic sodium salts,https://data.omgeving.vlaanderen.be/id/concept/chemical_substance/0003928
Organic stannates,https://data.omgeving.vlaanderen.be/id/concept/chemical_substance/0001840
Organic sulfate salts,https://data.omgeving.vlaanderen.be/id/concept/chemical_substance/0003929
Organic sulfite salts,https://data.omgeving.vlaanderen.be/id/concept/chemical_substance/0004455
Organic sulfites,https://data.omgeving.vlaanderen.be/id/concept/chemical_substance/0004456
Organic sulfonamides,https://data.omgeving.vlaanderen.be/id/concept/chemical_substance/0004439
Organic sulfonic acids,https://data.omgeving.vlaanderen.be/id/concept/chemical_substance/0004438
Organic sulfonic acids and derivatives,https://data.omgeving.vlaanderen.be/id/concept/chemical_substance/0004434
Organic sulfonic anhydrides,https://data.omgeving.vlaanderen.be/id/concept/chemical_substance/0004437
Organic sulfonium compounds,https://data.omgeving.vlaanderen.be/id/concept/chemical_substance/0000508
Organic sulfuric acids,https://data.omgeving.vlaanderen.be/id/concept/chemical_substance/0001180
Organic sulfuric acids and derivatives,https://data.omgeving.vlaanderen.be/id/concept/chemical_substance/0000403
Organic sulfuryl bromides,https://data.omgeving.vlaanderen.be/id/concept/chemical_substance/0001037
Organic sulfuryl chlorides,https://data.omgeving.vlaanderen.be/id/concept/chemical_substance/0001038
Organic sulfuryl fluorides,https://data.omgeving.vlaanderen.be/id/concept/chemical_substance/0001039
Organic sulfuryl halides,https://data.omgeving.vlaanderen.be/id/concept/chemical_substance/0002869
Organic sulfuryl iodides,https://data.omgeving.vlaanderen.be/id/concept/chemical_substance/0001040
Organic superoxides,https://data.omgeving.vlaanderen.be/id/concept/chemical_substance/0000230
Organic tetrathionates,https://data.omgeving.vlaanderen.be/id/concept/chemical_substance/0002079
Organic thiocarbonic acid derivatives,https://data.omgeving.vlaanderen.be/id/concept/chemical_substance/0001672
Organic thiocarbonic acids,https://data.omgeving.vlaanderen.be/id/concept/chemical_substance/0001193
Organic thionitrous acids,https://data.omgeving.vlaanderen.be/id/concept/chemical_substance/0004780
Organic thionylimides,https://data.omgeving.vlaanderen.be/id/concept/chemical_substance/0003699
Organic thioperoxides,https://data.omgeving.vlaanderen.be/id/concept/chemical_substance/0003135
Organic thiophosphonic acid derivatives,https://data.omgeving.vlaanderen.be/id/concept/chemical_substance/0001163
Organic thiophosphoric acid amides,https://data.omgeving.vlaanderen.be/id/concept/chemical_substance/0001571
Organic thiophosphoric acid halides,https://data.omgeving.vlaanderen.be/id/concept/chemical_substance/0001573
Organic thiophosphoric acids,https://data.omgeving.vlaanderen.be/id/concept/chemical_substance/0001219
Organic thiophosphoric acids and derivatives,https://data.omgeving.vlaanderen.be/id/concept/chemical_substance/0001303
Organic thiosulfate salts,https://data.omgeving.vlaanderen.be/id/concept/chemical_substance/0004457
Organic thiosulfates,https://data.omgeving.vlaanderen.be/id/concept/chemical_substance/0002080
Organic thiosulfinic acids,https://data.omgeving.vlaanderen.be/id/concept/chemical_substance/0004703
Organic thiosulfuric acids and derivatives,https://data.omgeving.vlaanderen.be/id/concept/chemical_substance/0002035
Organic tin salts,https://data.omgeving.vlaanderen.be/id/concept/chemical_substance/0004038
Organic transition metal salts,https://data.omgeving.vlaanderen.be/id/concept/chemical_substance/0003997
Organic triazanes,https://data.omgeving.vlaanderen.be/id/concept/chemical_substance/0003992
Organic triazenes,https://data.omgeving.vlaanderen.be/id/concept/chemical_substance/0001898
Organic trisulfides,https://data.omgeving.vlaanderen.be/id/concept/chemical_substance/0002799
Organic zwitterions,https://data.omgeving.vlaanderen.be/id/concept/chemical_substance/0003610
Organo-alkali-metal compounds,https://data.omgeving.vlaanderen.be/id/concept/chemical_substance/0001372
Organo-post-transition metal compounds,https://data.omgeving.vlaanderen.be/id/concept/chemical_substance/0001523
Organoalkaline-earth metal compounds,https://data.omgeving.vlaanderen.be/id/concept/chemical_substance/0000277
Organoaluminium compounds,https://data.omgeving.vlaanderen.be/id/concept/chemical_substance/0001529
Organoantimony compounds,https://data.omgeving.vlaanderen.be/id/concept/chemical_substance/0000349
Organoarsenic compounds,https://data.omgeving.vlaanderen.be/id/concept/chemical_substance/0000405
Organoarsenic sulfides,https://data.omgeving.vlaanderen.be/id/concept/chemical_substance/0004241
Organoarsinous acid esters,https://data.omgeving.vlaanderen.be/id/concept/chemical_substance/0004247
Organoarsinous acids,https://data.omgeving.vlaanderen.be/id/concept/chemical_substance/0004248
Organoarsonous acids,https://data.omgeving.vlaanderen.be/id/concept/chemical_substance/0003337
Organoastatides,https://data.omgeving.vlaanderen.be/id/concept/chemical_substance/0001514
Organoazides,https://data.omgeving.vlaanderen.be/id/concept/chemical_substance/0004467
Organoboron compounds,https://data.omgeving.vlaanderen.be/id/concept/chemical_substance/0002795
Organoboroxines,https://data.omgeving.vlaanderen.be/id/concept/chemical_substance/0003222
Organobromides,https://data.omgeving.vlaanderen.be/id/concept/chemical_substance/0001515
Organochlorides,https://data.omgeving.vlaanderen.be/id/concept/chemical_substance/0001516
Organochlorosilanes,https://data.omgeving.vlaanderen.be/id/concept/chemical_substance/0004444
Organochromium compounds,https://data.omgeving.vlaanderen.be/id/concept/chemical_substance/0004073
Organocopper compounds,https://data.omgeving.vlaanderen.be/id/concept/chemical_substance/0004017
Organofluorides,https://data.omgeving.vlaanderen.be/id/concept/chemical_substance/0001517
Organogold compounds,https://data.omgeving.vlaanderen.be/id/concept/chemical_substance/0000473
Organohalogen compounds,https://data.omgeving.vlaanderen.be/id/concept/chemical_substance/0000267
Organoheterocyclic compounds,https://data.omgeving.vlaanderen.be/id/concept/chemical_substance/0000002
Organoheterosilanes,https://data.omgeving.vlaanderen.be/id/concept/chemical_substance/0004445
Organoiodides,https://data.omgeving.vlaanderen.be/id/concept/chemical_substance/0001518
Organolead compounds,https://data.omgeving.vlaanderen.be/id/concept/chemical_substance/0004024
Organolead sulfides,https://data.omgeving.vlaanderen.be/id/concept/chemical_substance/0004288
Organolithium compounds,https://data.omgeving.vlaanderen.be/id/concept/chemical_substance/0000406
Organomagnesium compounds,https://data.omgeving.vlaanderen.be/id/concept/chemical_substance/0000287
Organomagnesium halides,https://data.omgeving.vlaanderen.be/id/concept/chemical_substance/0004594
Organomercurial compounds,https://data.omgeving.vlaanderen.be/id/concept/chemical_substance/0000407
Organometallic compounds,https://data.omgeving.vlaanderen.be/id/concept/chemical_substance/0000462
Organometallic peroxides,https://data.omgeving.vlaanderen.be/id/concept/chemical_substance/0004614
Organometalloid compounds,https://data.omgeving.vlaanderen.be/id/concept/chemical_substance/0001370
Organonickel compounds,https://data.omgeving.vlaanderen.be/id/concept/chemical_substance/0004492
Organonitrogen compounds,https://data.omgeving.vlaanderen.be/id/concept/chemical_substance/0000278
Organooxygen compounds,https://data.omgeving.vlaanderen.be/id/concept/chemical_substance/0000323
Organophosphine oxides,https://data.omgeving.vlaanderen.be/id/concept/chemical_substance/0001309
Organophosphinic acids and derivatives,https://data.omgeving.vlaanderen.be/id/concept/chemical_substance/0003014
Organophosphorotrithioic acids and derivatives,https://data.omgeving.vlaanderen.be/id/concept/chemical_substance/0001570
Organophosphorus compounds,https://data.omgeving.vlaanderen.be/id/concept/chemical_substance/0000400
Organopnictogen compounds,https://data.omgeving.vlaanderen.be/id/concept/chemical_substance/0004557
Organoselenium compounds,https://data.omgeving.vlaanderen.be/id/concept/chemical_substance/0002468
Organosilicon compounds,https://data.omgeving.vlaanderen.be/id/concept/chemical_substance/0003194
Organosilver compounds,https://data.omgeving.vlaanderen.be/id/concept/chemical_substance/0004025
Organosulfenic acid amides,https://data.omgeving.vlaanderen.be/id/concept/chemical_substance/0001172
Organosulfenic acid halides,https://data.omgeving.vlaanderen.be/id/concept/chemical_substance/0001174
Organosulfenic acids,https://data.omgeving.vlaanderen.be/id/concept/chemical_substance/0001235
Organosulfenic acids and derivatives,https://data.omgeving.vlaanderen.be/id/concept/chemical_substance/0000268
Organosulfonamides,https://data.omgeving.vlaanderen.be/id/concept/chemical_substance/0001585
Organosulfonic acid esters,https://data.omgeving.vlaanderen.be/id/concept/chemical_substance/0001178
Organosulfonic acids,https://data.omgeving.vlaanderen.be/id/concept/chemical_substance/0001179
Organosulfonic acids and derivatives,https://data.omgeving.vlaanderen.be/id/concept/chemical_substance/0000270
Organosulfonic anhydrides,https://data.omgeving.vlaanderen.be/id/concept/chemical_substance/0003990
Organosulfur compounds,https://data.omgeving.vlaanderen.be/id/concept/chemical_substance/0000004
Organotellurium compounds,https://data.omgeving.vlaanderen.be/id/concept/chemical_substance/0002469
Organotetrahaloarsoranes,https://data.omgeving.vlaanderen.be/id/concept/chemical_substance/0004243
Organothalium compounds,https://data.omgeving.vlaanderen.be/id/concept/chemical_substance/0004539
Organothiophosphorus compounds,https://data.omgeving.vlaanderen.be/id/concept/chemical_substance/0001438
Organotin compounds,https://data.omgeving.vlaanderen.be/id/concept/chemical_substance/0001524
Organotin selenides,https://data.omgeving.vlaanderen.be/id/concept/chemical_substance/0004285
Organotin sulfides,https://data.omgeving.vlaanderen.be/id/concept/chemical_substance/0004286
Organotin tellurides,https://data.omgeving.vlaanderen.be/id/concept/chemical_substance/0004287
Organotransition metal compounds,https://data.omgeving.vlaanderen.be/id/concept/chemical_substance/0001371
Organozinc compounds,https://data.omgeving.vlaanderen.be/id/concept/chemical_substance/0004592
Ormosia-type alkaloids,https://data.omgeving.vlaanderen.be/id/concept/chemical_substance/0002825
Ortho acids,https://data.omgeving.vlaanderen.be/id/concept/chemical_substance/0002928
Ortho amides,https://data.omgeving.vlaanderen.be/id/concept/chemical_substance/0002927
Ortho cresols,https://data.omgeving.vlaanderen.be/id/concept/chemical_substance/0001274
Ortho dioxins,https://data.omgeving.vlaanderen.be/id/concept/chemical_substance/0001385
Ortho esters,https://data.omgeving.vlaanderen.be/id/concept/chemical_substance/0002926
Ortho thiazepines,https://data.omgeving.vlaanderen.be/id/concept/chemical_substance/0001353
Orthocarboxylic acid derivatives,https://data.omgeving.vlaanderen.be/id/concept/chemical_substance/0001236
Other glycerolipids,https://data.omgeving.vlaanderen.be/id/concept/chemical_substance/0001512
Other glycerophosphoinositol phosphates,https://data.omgeving.vlaanderen.be/id/concept/chemical_substance/0001718
Other hydroperoxyeicosapolyenoic acids,https://data.omgeving.vlaanderen.be/id/concept/chemical_substance/0001525
Other hydroxyeicosapolyenoic acids,https://data.omgeving.vlaanderen.be/id/concept/chemical_substance/0001422
Other mixed metal/non-metal oxoanionic compounds,https://data.omgeving.vlaanderen.be/id/concept/chemical_substance/0001442
Other non-metal halides,https://data.omgeving.vlaanderen.be/id/concept/chemical_substance/0000437
Other non-metal hydrides,https://data.omgeving.vlaanderen.be/id/concept/chemical_substance/0000552
Other non-metal nitrides,https://data.omgeving.vlaanderen.be/id/concept/chemical_substance/0000553
Other non-metal organides,https://data.omgeving.vlaanderen.be/id/concept/chemical_substance/0000453
Other non-metal oxides,https://data.omgeving.vlaanderen.be/id/concept/chemical_substance/0000554
Other non-metal sulfides,https://data.omgeving.vlaanderen.be/id/concept/chemical_substance/0000555
Oxaborine derivatives,https://data.omgeving.vlaanderen.be/id/concept/chemical_substance/0001717
Oxaborole derivatives,https://data.omgeving.vlaanderen.be/id/concept/chemical_substance/0002227
Oxacephems,https://data.omgeving.vlaanderen.be/id/concept/chemical_substance/0000171
Oxacyclic compounds,https://data.omgeving.vlaanderen.be/id/concept/chemical_substance/0004140
Oxadiazines,https://data.omgeving.vlaanderen.be/id/concept/chemical_substance/0004736
Oxadiazoles,https://data.omgeving.vlaanderen.be/id/concept/chemical_substance/0001822
Oxadiazolidines,https://data.omgeving.vlaanderen.be/id/concept/chemical_substance/0001933
Oxaergolines,https://data.omgeving.vlaanderen.be/id/concept/chemical_substance/0002681
Oxamorphinans,https://data.omgeving.vlaanderen.be/id/concept/chemical_substance/0001785
Oxanes,https://data.omgeving.vlaanderen.be/id/concept/chemical_substance/0002012
Oxaphospholanes,https://data.omgeving.vlaanderen.be/id/concept/chemical_substance/0000782
Oxasteroids and derivatives,https://data.omgeving.vlaanderen.be/id/concept/chemical_substance/0002382
Oxathianes,https://data.omgeving.vlaanderen.be/id/concept/chemical_substance/0001889
Oxathiaphospholanes,https://data.omgeving.vlaanderen.be/id/concept/chemical_substance/0002649
Oxathiazolidines,https://data.omgeving.vlaanderen.be/id/concept/chemical_substance/0002578
Oxathietanes,https://data.omgeving.vlaanderen.be/id/concept/chemical_substance/0001886
Oxathiins,https://data.omgeving.vlaanderen.be/id/concept/chemical_substance/0002058
Oxathiolanes,https://data.omgeving.vlaanderen.be/id/concept/chemical_substance/0000106
Oxathioles,https://data.omgeving.vlaanderen.be/id/concept/chemical_substance/0002261
Oxatriazoles,https://data.omgeving.vlaanderen.be/id/concept/chemical_substance/0001931
Oxatriazolidines,https://data.omgeving.vlaanderen.be/id/concept/chemical_substance/0001932
Oxazaphosphinanes,https://data.omgeving.vlaanderen.be/id/concept/chemical_substance/0002466
Oxazepines,https://data.omgeving.vlaanderen.be/id/concept/chemical_substance/0000066
Oxazinanes,https://data.omgeving.vlaanderen.be/id/concept/chemical_substance/0000107
Oxazines,https://data.omgeving.vlaanderen.be/id/concept/chemical_substance/0000082
Oxaziridines,https://data.omgeving.vlaanderen.be/id/concept/chemical_substance/0003092
Oxazoles,https://data.omgeving.vlaanderen.be/id/concept/chemical_substance/0000083
Oxazolidinediones,https://data.omgeving.vlaanderen.be/id/concept/chemical_substance/0000197
Oxazolidines,https://data.omgeving.vlaanderen.be/id/concept/chemical_substance/0000108
Oxazolidinones,https://data.omgeving.vlaanderen.be/id/concept/chemical_substance/0000196
Oxazolines,https://data.omgeving.vlaanderen.be/id/concept/chemical_substance/0000084
Oxazolopyrazines,https://data.omgeving.vlaanderen.be/id/concept/chemical_substance/0002197
Oxazolopyridines,https://data.omgeving.vlaanderen.be/id/concept/chemical_substance/0002118
Oxepanes,https://data.omgeving.vlaanderen.be/id/concept/chemical_substance/0001729
Oxetane amino acids and derivatives,https://data.omgeving.vlaanderen.be/id/concept/chemical_substance/0001695
Oxetanes,https://data.omgeving.vlaanderen.be/id/concept/chemical_substance/0000070
Oxetenes,https://data.omgeving.vlaanderen.be/id/concept/chemical_substance/0000073
Oxime carbamates,https://data.omgeving.vlaanderen.be/id/concept/chemical_substance/0004752
Oxime esters,https://data.omgeving.vlaanderen.be/id/concept/chemical_substance/0003879
Oxime ethers,https://data.omgeving.vlaanderen.be/id/concept/chemical_substance/0001010
Oxime organothiophosphates,https://data.omgeving.vlaanderen.be/id/concept/chemical_substance/0004765
Oximes,https://data.omgeving.vlaanderen.be/id/concept/chemical_substance/0000411
Oxirane carboxylic acids,https://data.omgeving.vlaanderen.be/id/concept/chemical_substance/0002409
Oxirane carboxylic acids and derivatives,https://data.omgeving.vlaanderen.be/id/concept/chemical_substance/0001864
Oxirenes,https://data.omgeving.vlaanderen.be/id/concept/chemical_substance/0004170
Oxocins,https://data.omgeving.vlaanderen.be/id/concept/chemical_substance/0001796
Oxoeicosapolyenoic acids,https://data.omgeving.vlaanderen.be/id/concept/chemical_substance/0000393
Oxoisoaporphines,https://data.omgeving.vlaanderen.be/id/concept/chemical_substance/0004118
Oxolanes,https://data.omgeving.vlaanderen.be/id/concept/chemical_substance/0001967
Oxonium ylides,https://data.omgeving.vlaanderen.be/id/concept/chemical_substance/0003701
Oxoprolines,https://data.omgeving.vlaanderen.be/id/concept/chemical_substance/0002089
Oxosteroids,https://data.omgeving.vlaanderen.be/id/concept/chemical_substance/0001194
Oxygen-containing organoarsenic compounds,https://data.omgeving.vlaanderen.be/id/concept/chemical_substance/0004280
P-benzoquinones,https://data.omgeving.vlaanderen.be/id/concept/chemical_substance/0002494
P-bromophenols,https://data.omgeving.vlaanderen.be/id/concept/chemical_substance/0002769
P-chlorophenols,https://data.omgeving.vlaanderen.be/id/concept/chemical_substance/0002772
P-coumaroyl glycosides,https://data.omgeving.vlaanderen.be/id/concept/chemical_substance/0002685
P-fluorophenols,https://data.omgeving.vlaanderen.be/id/concept/chemical_substance/0002775
P-haloacetanilides,https://data.omgeving.vlaanderen.be/id/concept/chemical_substance/0004719
P-iminoquinones,https://data.omgeving.vlaanderen.be/id/concept/chemical_substance/0002390
P-iodophenols,https://data.omgeving.vlaanderen.be/id/concept/chemical_substance/0002778
P-methoxybenzoic acids and derivatives,https://data.omgeving.vlaanderen.be/id/concept/chemical_substance/0002346
P-phenylenediamines,https://data.omgeving.vlaanderen.be/id/concept/chemical_substance/0004747
P-phthalic acid and derivatives,https://data.omgeving.vlaanderen.be/id/concept/chemical_substance/0001108
P-quinodimethanes,https://data.omgeving.vlaanderen.be/id/concept/chemical_substance/0001872
P-quinomethanes,https://data.omgeving.vlaanderen.be/id/concept/chemical_substance/0002123
P-quinones,https://data.omgeving.vlaanderen.be/id/concept/chemical_substance/0002387
P-quinonimines,https://data.omgeving.vlaanderen.be/id/concept/chemical_substance/0002895
P-sulfanylbenzoic acids,https://data.omgeving.vlaanderen.be/id/concept/chemical_substance/0002789
P-sulfanylbenzoic acids and derivatives,https://data.omgeving.vlaanderen.be/id/concept/chemical_substance/0002787
P-terphenyls,https://data.omgeving.vlaanderen.be/id/concept/chemical_substance/0002126
P-toluenesulfonamides,https://data.omgeving.vlaanderen.be/id/concept/chemical_substance/0004517
P-toluquinols,https://data.omgeving.vlaanderen.be/id/concept/chemical_substance/0002521
P-toluquinols and derivatives,https://data.omgeving.vlaanderen.be/id/concept/chemical_substance/0002520
P-toluquinones,https://data.omgeving.vlaanderen.be/id/concept/chemical_substance/0002522
Pachydictyane and cneorubin diterpenoids,https://data.omgeving.vlaanderen.be/id/concept/chemical_substance/0003550
Pachysanane triterpenoids,https://data.omgeving.vlaanderen.be/id/concept/chemical_substance/0002190
Pandoline alkaloids,https://data.omgeving.vlaanderen.be/id/concept/chemical_substance/0003760
Para cresols,https://data.omgeving.vlaanderen.be/id/concept/chemical_substance/0001275
Para dioxins,https://data.omgeving.vlaanderen.be/id/concept/chemical_substance/0001386
Para thiazepines,https://data.omgeving.vlaanderen.be/id/concept/chemical_substance/0001354
Paradols,https://data.omgeving.vlaanderen.be/id/concept/chemical_substance/0001709
Parvistemoline-type alkaloids,https://data.omgeving.vlaanderen.be/id/concept/chemical_substance/0003917
Pavine alkaloids,https://data.omgeving.vlaanderen.be/id/concept/chemical_substance/0002793
Pectenotoxins and derivatives,https://data.omgeving.vlaanderen.be/id/concept/chemical_substance/0001803
Peltogynoid flavonoids,https://data.omgeving.vlaanderen.be/id/concept/chemical_substance/0003407
Penams,https://data.omgeving.vlaanderen.be/id/concept/chemical_substance/0000172
Penems,https://data.omgeving.vlaanderen.be/id/concept/chemical_substance/0001457
Penicillins,https://data.omgeving.vlaanderen.be/id/concept/chemical_substance/0000174
Pentacarboxylic acids and derivatives,https://data.omgeving.vlaanderen.be/id/concept/chemical_substance/0002995
Pentacenequinones,https://data.omgeving.vlaanderen.be/id/concept/chemical_substance/0000154
Pentacenes,https://data.omgeving.vlaanderen.be/id/concept/chemical_substance/0000024
"Pentahydroxy bile acids, alcohols and derivatives",https://data.omgeving.vlaanderen.be/id/concept/chemical_substance/0002198
Pentalenane and rearranged pentalenane sesquiterpenoids,https://data.omgeving.vlaanderen.be/id/concept/chemical_substance/0003586
Pentalenes,https://data.omgeving.vlaanderen.be/id/concept/chemical_substance/0000413
Pentaorganoarsanes,https://data.omgeving.vlaanderen.be/id/concept/chemical_substance/0004239
Pentavalent inorganic arsenic compounds,https://data.omgeving.vlaanderen.be/id/concept/chemical_substance/0004054
Pentavalent organic arsenic compounds,https://data.omgeving.vlaanderen.be/id/concept/chemical_substance/0004056
Pentose phosphates,https://data.omgeving.vlaanderen.be/id/concept/chemical_substance/0002259
Pentoses,https://data.omgeving.vlaanderen.be/id/concept/chemical_substance/0001497
Peptides,https://data.omgeving.vlaanderen.be/id/concept/chemical_substance/0000348
Peptidomimetics,https://data.omgeving.vlaanderen.be/id/concept/chemical_substance/0001813
Peptidosulfonamides,https://data.omgeving.vlaanderen.be/id/concept/chemical_substance/0002199
Peptoid-peptide hybrids,https://data.omgeving.vlaanderen.be/id/concept/chemical_substance/0001939
Peptoids,https://data.omgeving.vlaanderen.be/id/concept/chemical_substance/0001938
"Perfluoroalkane N,N-alkylsulfonamides",https://data.omgeving.vlaanderen.be/id/concept/chemical_substance/0004047
Perfluoroalkane N-alkylsulfonamides,https://data.omgeving.vlaanderen.be/id/concept/chemical_substance/0004046
Perfluoroalkane sulfonamidoacetals,https://data.omgeving.vlaanderen.be/id/concept/chemical_substance/0004049
Perfluoroalkane sulfonamidoethanols,https://data.omgeving.vlaanderen.be/id/concept/chemical_substance/0004048
Perfluoroalkanesulfonyl fluorides,https://data.omgeving.vlaanderen.be/id/concept/chemical_substance/0004050
Perfluoroalkyl carboxylic acid and derivatives,https://data.omgeving.vlaanderen.be/id/concept/chemical_substance/0003962
Perfluoroalkyl phosphonic acid and derivatives,https://data.omgeving.vlaanderen.be/id/concept/chemical_substance/0003963
Perfluoroalkyl sulfonamides,https://data.omgeving.vlaanderen.be/id/concept/chemical_substance/0003966
Perfluoroalkyl sulfonic acid and derivatives,https://data.omgeving.vlaanderen.be/id/concept/chemical_substance/0003961
Perfluorooctane phosphonic acid and derivatives,https://data.omgeving.vlaanderen.be/id/concept/chemical_substance/0003959
Perfluorooctane sulfonic acid and derivatives,https://data.omgeving.vlaanderen.be/id/concept/chemical_substance/0003960
Perfluorooctanoic acid and derivatives,https://data.omgeving.vlaanderen.be/id/concept/chemical_substance/0003958
Perimidines,https://data.omgeving.vlaanderen.be/id/concept/chemical_substance/0004167
Peroxols,https://data.omgeving.vlaanderen.be/id/concept/chemical_substance/0002676
Peroxyacyl nitrates,https://data.omgeving.vlaanderen.be/id/concept/chemical_substance/0004088
Peroxybenzoic acids and derivatives,https://data.omgeving.vlaanderen.be/id/concept/chemical_substance/0003085
Peroxycarboxylic acids,https://data.omgeving.vlaanderen.be/id/concept/chemical_substance/0002446
Peroxycarboxylic acids and derivatives,https://data.omgeving.vlaanderen.be/id/concept/chemical_substance/0002445
Perselenic acids,https://data.omgeving.vlaanderen.be/id/concept/chemical_substance/0002474
Perselenic acids and derivatives,https://data.omgeving.vlaanderen.be/id/concept/chemical_substance/0002475
Perylenequinones,https://data.omgeving.vlaanderen.be/id/concept/chemical_substance/0002903
Phallotoxins,https://data.omgeving.vlaanderen.be/id/concept/chemical_substance/0004044
Phenalanes,https://data.omgeving.vlaanderen.be/id/concept/chemical_substance/0002655
Phenalenes,https://data.omgeving.vlaanderen.be/id/concept/chemical_substance/0002653
Phenalenones,https://data.omgeving.vlaanderen.be/id/concept/chemical_substance/0002654
Phenanthraquinones,https://data.omgeving.vlaanderen.be/id/concept/chemical_substance/0002571
Phenanthrenes and derivatives,https://data.omgeving.vlaanderen.be/id/concept/chemical_substance/0000025
Phenanthridine- and phenanthridone-type amaryllidaceae alkaloids,https://data.omgeving.vlaanderen.be/id/concept/chemical_substance/0004129
Phenanthridines and derivatives,https://data.omgeving.vlaanderen.be/id/concept/chemical_substance/0000100
Phenanthro-perylenequinones,https://data.omgeving.vlaanderen.be/id/concept/chemical_substance/0003592
Phenanthroindolizidines,https://data.omgeving.vlaanderen.be/id/concept/chemical_substance/0001906
Phenanthrolines,https://data.omgeving.vlaanderen.be/id/concept/chemical_substance/0001626
Phenanthrols,https://data.omgeving.vlaanderen.be/id/concept/chemical_substance/0003007
Phenanthroquinolizidines,https://data.omgeving.vlaanderen.be/id/concept/chemical_substance/0001907
Phenarsazines and derivatives,https://data.omgeving.vlaanderen.be/id/concept/chemical_substance/0002104
Phenazines and derivatives,https://data.omgeving.vlaanderen.be/id/concept/chemical_substance/0000416
Phenethylamines,https://data.omgeving.vlaanderen.be/id/concept/chemical_substance/0000186
Phenethylisoquinoline alkaloids,https://data.omgeving.vlaanderen.be/id/concept/chemical_substance/0003775
Pheniramines,https://data.omgeving.vlaanderen.be/id/concept/chemical_substance/0000184
Phenol esters,https://data.omgeving.vlaanderen.be/id/concept/chemical_substance/0002319
Phenol ethers,https://data.omgeving.vlaanderen.be/id/concept/chemical_substance/0002341
Phenolic glycosides,https://data.omgeving.vlaanderen.be/id/concept/chemical_substance/0004165
Phenols,https://data.omgeving.vlaanderen.be/id/concept/chemical_substance/0000134
Phenoselenazines,https://data.omgeving.vlaanderen.be/id/concept/chemical_substance/0004166
Phenothiazines,https://data.omgeving.vlaanderen.be/id/concept/chemical_substance/0000310
Phenoxathiins,https://data.omgeving.vlaanderen.be/id/concept/chemical_substance/0002060
Phenoxazines,https://data.omgeving.vlaanderen.be/id/concept/chemical_substance/0001855
Phenoxides,https://data.omgeving.vlaanderen.be/id/concept/chemical_substance/0002536
Phenoxy compounds,https://data.omgeving.vlaanderen.be/id/concept/chemical_substance/0004742
Phenoxyacetic acid derivatives,https://data.omgeving.vlaanderen.be/id/concept/chemical_substance/0000417
Phenyl ethylphosphonothioates,https://data.omgeving.vlaanderen.be/id/concept/chemical_substance/0004769
Phenyl methylcarbamates,https://data.omgeving.vlaanderen.be/id/concept/chemical_substance/0004640
Phenyl phenylphosphonothioates,https://data.omgeving.vlaanderen.be/id/concept/chemical_substance/0004767
Phenyl phosphates,https://data.omgeving.vlaanderen.be/id/concept/chemical_substance/0004696
Phenyl sulfides,https://data.omgeving.vlaanderen.be/id/concept/chemical_substance/0004634
Phenyl sulfoxides,https://data.omgeving.vlaanderen.be/id/concept/chemical_substance/0004632
Phenyl thiophosphates,https://data.omgeving.vlaanderen.be/id/concept/chemical_substance/0004748
"Phenyl-1,2,3-triazoles",https://data.omgeving.vlaanderen.be/id/concept/chemical_substance/0003315
"Phenyl-1,2,4-triazoles",https://data.omgeving.vlaanderen.be/id/concept/chemical_substance/0003314
"Phenyl-1,3-oxazoles",https://data.omgeving.vlaanderen.be/id/concept/chemical_substance/0004342
Phenyl-beta-methoxyacrylates,https://data.omgeving.vlaanderen.be/id/concept/chemical_substance/0004203
Phenylacetaldehydes,https://data.omgeving.vlaanderen.be/id/concept/chemical_substance/0001257
Phenylacetamides,https://data.omgeving.vlaanderen.be/id/concept/chemical_substance/0002363
Phenylacetic acid esters,https://data.omgeving.vlaanderen.be/id/concept/chemical_substance/0004643
Phenylacetic acids,https://data.omgeving.vlaanderen.be/id/concept/chemical_substance/0000418
Phenylacetylindoles,https://data.omgeving.vlaanderen.be/id/concept/chemical_substance/0002243
Phenylalanine and derivatives,https://data.omgeving.vlaanderen.be/id/concept/chemical_substance/0004321
Phenylalkylamines,https://data.omgeving.vlaanderen.be/id/concept/chemical_substance/0003924
Phenylazetidines,https://data.omgeving.vlaanderen.be/id/concept/chemical_substance/0002200
Phenylazides,https://data.omgeving.vlaanderen.be/id/concept/chemical_substance/0000399
Phenylaziridines,https://data.omgeving.vlaanderen.be/id/concept/chemical_substance/0001156
Phenylazirines,https://data.omgeving.vlaanderen.be/id/concept/chemical_substance/0000329
Phenylbenzamines,https://data.omgeving.vlaanderen.be/id/concept/chemical_substance/0004204
Phenylbenzimidazoles,https://data.omgeving.vlaanderen.be/id/concept/chemical_substance/0000330
"Phenylbenzo-1,3-dioxanes",https://data.omgeving.vlaanderen.be/id/concept/chemical_substance/0002705
"Phenylbenzo-1,4-dioxanes",https://data.omgeving.vlaanderen.be/id/concept/chemical_substance/0002707
"Phenylbenzo-2,3-dioxanes",https://data.omgeving.vlaanderen.be/id/concept/chemical_substance/0002706
Phenylbenzodioxanes,https://data.omgeving.vlaanderen.be/id/concept/chemical_substance/0002704
Phenylbenzofurans,https://data.omgeving.vlaanderen.be/id/concept/chemical_substance/0002584
Phenylboronic acids,https://data.omgeving.vlaanderen.be/id/concept/chemical_substance/0004615
Phenylbutylamines,https://data.omgeving.vlaanderen.be/id/concept/chemical_substance/0000014
Phenylcarbamic acid esters,https://data.omgeving.vlaanderen.be/id/concept/chemical_substance/0004714
Phenylcarbamic acids,https://data.omgeving.vlaanderen.be/id/concept/chemical_substance/0000467
Phenyldithiazoles,https://data.omgeving.vlaanderen.be/id/concept/chemical_substance/0001054
Phenyldithiazolethiones,https://data.omgeving.vlaanderen.be/id/concept/chemical_substance/0001203
Phenylenediamines,https://data.omgeving.vlaanderen.be/id/concept/chemical_substance/0004744
Phenylhydantoins,https://data.omgeving.vlaanderen.be/id/concept/chemical_substance/0002282
Phenylhydrazines,https://data.omgeving.vlaanderen.be/id/concept/chemical_substance/0000113
Phenylimidazoles,https://data.omgeving.vlaanderen.be/id/concept/chemical_substance/0002327
Phenylimidazolidines,https://data.omgeving.vlaanderen.be/id/concept/chemical_substance/0002547
Phenylisopropylamines,https://data.omgeving.vlaanderen.be/id/concept/chemical_substance/0004796
Phenylisoxazolidines,https://data.omgeving.vlaanderen.be/id/concept/chemical_substance/0002575
Phenylketones,https://data.omgeving.vlaanderen.be/id/concept/chemical_substance/0004296
Phenylmethylamines,https://data.omgeving.vlaanderen.be/id/concept/chemical_substance/0000185
Phenylmorpholines,https://data.omgeving.vlaanderen.be/id/concept/chemical_substance/0000370
Phenylnaphthalenes,https://data.omgeving.vlaanderen.be/id/concept/chemical_substance/0002044
Phenyloxadiazoles,https://data.omgeving.vlaanderen.be/id/concept/chemical_substance/0004354
Phenyloxazolidines,https://data.omgeving.vlaanderen.be/id/concept/chemical_substance/0002574
Phenylphosphines and derivatives,https://data.omgeving.vlaanderen.be/id/concept/chemical_substance/0001814
Phenylphosphonothioates,https://data.omgeving.vlaanderen.be/id/concept/chemical_substance/0004766
Phenylpiperazines,https://data.omgeving.vlaanderen.be/id/concept/chemical_substance/0001984
Phenylpiperazinyl-cyclohexylsulfonamides,https://data.omgeving.vlaanderen.be/id/concept/chemical_substance/0004395
Phenylpiperazinyl-cyclohexylureas,https://data.omgeving.vlaanderen.be/id/concept/chemical_substance/0004394
Phenylpiperidines,https://data.omgeving.vlaanderen.be/id/concept/chemical_substance/0000303
Phenylpropanes,https://data.omgeving.vlaanderen.be/id/concept/chemical_substance/0002811
Phenylpropanoic acids,https://data.omgeving.vlaanderen.be/id/concept/chemical_substance/0002551
Phenylpropanoids and polyketides,https://data.omgeving.vlaanderen.be/id/concept/chemical_substance/0000261
Phenylpropenes,https://data.omgeving.vlaanderen.be/id/concept/chemical_substance/0000045
Phenylpropylamines,https://data.omgeving.vlaanderen.be/id/concept/chemical_substance/0000187
Phenylpyrazoles,https://data.omgeving.vlaanderen.be/id/concept/chemical_substance/0002019
Phenylpyridazines,https://data.omgeving.vlaanderen.be/id/concept/chemical_substance/0004147
Phenylpyridines,https://data.omgeving.vlaanderen.be/id/concept/chemical_substance/0002317
Phenylpyrimidines,https://data.omgeving.vlaanderen.be/id/concept/chemical_substance/0002308
Phenylpyrroles,https://data.omgeving.vlaanderen.be/id/concept/chemical_substance/0002334
Phenylpyrrolidines,https://data.omgeving.vlaanderen.be/id/concept/chemical_substance/0002336
Phenylpyrrolines,https://data.omgeving.vlaanderen.be/id/concept/chemical_substance/0002335
Phenylpyruvic acid derivatives,https://data.omgeving.vlaanderen.be/id/concept/chemical_substance/0001276
Phenylquinolines,https://data.omgeving.vlaanderen.be/id/concept/chemical_substance/0002348
Phenylsulfates,https://data.omgeving.vlaanderen.be/id/concept/chemical_substance/0002626
Phenyltetrazoles and derivatives,https://data.omgeving.vlaanderen.be/id/concept/chemical_substance/0000306
Phenyltetrazolines and derivatives,https://data.omgeving.vlaanderen.be/id/concept/chemical_substance/0001843
Phenylthiazetidines,https://data.omgeving.vlaanderen.be/id/concept/chemical_substance/0002579
Phenylthiazoles,https://data.omgeving.vlaanderen.be/id/concept/chemical_substance/0001242
Phenylthiomorpholines,https://data.omgeving.vlaanderen.be/id/concept/chemical_substance/0002577
Phenyltriazoles,https://data.omgeving.vlaanderen.be/id/concept/chemical_substance/0002183
Phenyltropanes,https://data.omgeving.vlaanderen.be/id/concept/chemical_substance/0002919
Phloroglucinols and derivatives,https://data.omgeving.vlaanderen.be/id/concept/chemical_substance/0000382
Phlorotannins,https://data.omgeving.vlaanderen.be/id/concept/chemical_substance/0001711
Phorbines,https://data.omgeving.vlaanderen.be/id/concept/chemical_substance/0004187
Phorbol esters,https://data.omgeving.vlaanderen.be/id/concept/chemical_substance/0002906
Phosphacyclic compounds,https://data.omgeving.vlaanderen.be/id/concept/chemical_substance/0004141
Phosphate esters,https://data.omgeving.vlaanderen.be/id/concept/chemical_substance/0000408
Phosphatidylcholines,https://data.omgeving.vlaanderen.be/id/concept/chemical_substance/0001408
Phosphatidylethanolamines,https://data.omgeving.vlaanderen.be/id/concept/chemical_substance/0001393
Phosphatidylethanols,https://data.omgeving.vlaanderen.be/id/concept/chemical_substance/0003404
Phosphatidylglycerols,https://data.omgeving.vlaanderen.be/id/concept/chemical_substance/0001358
Phosphatidylglycerophosphates,https://data.omgeving.vlaanderen.be/id/concept/chemical_substance/0000332
Phosphatidylinositol dimannosides,https://data.omgeving.vlaanderen.be/id/concept/chemical_substance/0003346
Phosphatidylinositol monomannosides,https://data.omgeving.vlaanderen.be/id/concept/chemical_substance/0003347
Phosphatidylinositol monophosphates,https://data.omgeving.vlaanderen.be/id/concept/chemical_substance/0001324
Phosphatidylinositol phosphates,https://data.omgeving.vlaanderen.be/id/concept/chemical_substance/0001139
"Phosphatidylinositol-3,4,5-trisphosphates",https://data.omgeving.vlaanderen.be/id/concept/chemical_substance/0004254
"Phosphatidylinositol-4,5-bisphosphates",https://data.omgeving.vlaanderen.be/id/concept/chemical_substance/0001676
Phosphatidylinositols,https://data.omgeving.vlaanderen.be/id/concept/chemical_substance/0001344
Phosphatidylserines,https://data.omgeving.vlaanderen.be/id/concept/chemical_substance/0001367
Phosphinamidines,https://data.omgeving.vlaanderen.be/id/concept/chemical_substance/0001047
Phosphine imides,https://data.omgeving.vlaanderen.be/id/concept/chemical_substance/0003939
Phosphine sulfides,https://data.omgeving.vlaanderen.be/id/concept/chemical_substance/0003938
Phosphinic acid esters,https://data.omgeving.vlaanderen.be/id/concept/chemical_substance/0003015
Phosphinines,https://data.omgeving.vlaanderen.be/id/concept/chemical_substance/0000085
Phosphiranes,https://data.omgeving.vlaanderen.be/id/concept/chemical_substance/0004507
Phosphoceramides,https://data.omgeving.vlaanderen.be/id/concept/chemical_substance/0001427
Phosphocholines,https://data.omgeving.vlaanderen.be/id/concept/chemical_substance/0001250
Phosphoethanolamines,https://data.omgeving.vlaanderen.be/id/concept/chemical_substance/0001266
Phosphoglycosphingolipids,https://data.omgeving.vlaanderen.be/id/concept/chemical_substance/0001721
Phospholanes,https://data.omgeving.vlaanderen.be/id/concept/chemical_substance/0000742
Phospholes,https://data.omgeving.vlaanderen.be/id/concept/chemical_substance/0000861
"Phosphonated 2'-oxa,3'-aza purine nucleosides",https://data.omgeving.vlaanderen.be/id/concept/chemical_substance/0003733
"Phosphonated 2'-oxa,3'-aza pyrimidine nucleosides",https://data.omgeving.vlaanderen.be/id/concept/chemical_substance/0003734
Phosphonated cyclopentyl nucleosides,https://data.omgeving.vlaanderen.be/id/concept/chemical_substance/0003724
Phosphonated cyclopropyl nucleosides,https://data.omgeving.vlaanderen.be/id/concept/chemical_substance/0003744
Phosphonated cyclopropyl purine nucleosides,https://data.omgeving.vlaanderen.be/id/concept/chemical_substance/0003727
Phosphonated cyclopropyl pyrimidine nucleosides,https://data.omgeving.vlaanderen.be/id/concept/chemical_substance/0003728
Phosphonic acid diesters,https://data.omgeving.vlaanderen.be/id/concept/chemical_substance/0003893
Phosphonic acid esters,https://data.omgeving.vlaanderen.be/id/concept/chemical_substance/0001169
Phosphonic amide esters,https://data.omgeving.vlaanderen.be/id/concept/chemical_substance/0003894
Phosphonic dihydrazides,https://data.omgeving.vlaanderen.be/id/concept/chemical_substance/0003994
Phosphonosphingolipids,https://data.omgeving.vlaanderen.be/id/concept/chemical_substance/0003391
Phosphoramidothioic acid O-esters,https://data.omgeving.vlaanderen.be/id/concept/chemical_substance/0004664
Phosphoramidothioic acid S-esters,https://data.omgeving.vlaanderen.be/id/concept/chemical_substance/0004663
"Phosphoramidothioic-acid-O,S-diesters",https://data.omgeving.vlaanderen.be/id/concept/chemical_substance/0004665
Phosphoric diester monoamides,https://data.omgeving.vlaanderen.be/id/concept/chemical_substance/0003869
Phosphoric monoester diamides,https://data.omgeving.vlaanderen.be/id/concept/chemical_substance/0003870
Phosphoric monoester monoamides,https://data.omgeving.vlaanderen.be/id/concept/chemical_substance/0003868
"Phosphorodithioic acid O,O-diesters",https://data.omgeving.vlaanderen.be/id/concept/chemical_substance/0004662
Phosphorodithioic acid O-monoesters,https://data.omgeving.vlaanderen.be/id/concept/chemical_substance/0004661
Phosphorothioate oligonucleotides,https://data.omgeving.vlaanderen.be/id/concept/chemical_substance/0003800
Phosphorothioate polynucleotides,https://data.omgeving.vlaanderen.be/id/concept/chemical_substance/0003799
Phosphorus mustard compounds,https://data.omgeving.vlaanderen.be/id/concept/chemical_substance/0002855
Phosphosphingolipids,https://data.omgeving.vlaanderen.be/id/concept/chemical_substance/0003392
Phthalate esters,https://data.omgeving.vlaanderen.be/id/concept/chemical_substance/0004009
Phthalazines,https://data.omgeving.vlaanderen.be/id/concept/chemical_substance/0000207
Phthalazinones,https://data.omgeving.vlaanderen.be/id/concept/chemical_substance/0000209
Phthalic acid and derivatives,https://data.omgeving.vlaanderen.be/id/concept/chemical_substance/0001105
Phthalic anhydrides,https://data.omgeving.vlaanderen.be/id/concept/chemical_substance/0001109
Phthalide isoquinolines,https://data.omgeving.vlaanderen.be/id/concept/chemical_substance/0002188
Phthalides,https://data.omgeving.vlaanderen.be/id/concept/chemical_substance/0001873
Phthalimides,https://data.omgeving.vlaanderen.be/id/concept/chemical_substance/0004749
Phthalocyanines,https://data.omgeving.vlaanderen.be/id/concept/chemical_substance/0004188
Physalins and derivatives,https://data.omgeving.vlaanderen.be/id/concept/chemical_substance/0001671
Phytoceramides,https://data.omgeving.vlaanderen.be/id/concept/chemical_substance/0002963
Piperazine carboxamides,https://data.omgeving.vlaanderen.be/id/concept/chemical_substance/0002316
Piperazine carboxylic acids,https://data.omgeving.vlaanderen.be/id/concept/chemical_substance/0002410
Piperazine carboxylic acids and derivatives,https://data.omgeving.vlaanderen.be/id/concept/chemical_substance/0002315
Piperazines,https://data.omgeving.vlaanderen.be/id/concept/chemical_substance/0000189
Piperazinesulfonamides,https://data.omgeving.vlaanderen.be/id/concept/chemical_substance/0002184
Piperazinoazepines,https://data.omgeving.vlaanderen.be/id/concept/chemical_substance/0002000
Piperazinopiperidines,https://data.omgeving.vlaanderen.be/id/concept/chemical_substance/0002377
Piperidinecarboxamides,https://data.omgeving.vlaanderen.be/id/concept/chemical_substance/0002312
Piperidinecarboxylic acids,https://data.omgeving.vlaanderen.be/id/concept/chemical_substance/0002411
Piperidinecarboxylic acids and derivatives,https://data.omgeving.vlaanderen.be/id/concept/chemical_substance/0001974
Piperidinediones,https://data.omgeving.vlaanderen.be/id/concept/chemical_substance/0001582
Piperidines,https://data.omgeving.vlaanderen.be/id/concept/chemical_substance/0000195
Piperidinesulfonamides,https://data.omgeving.vlaanderen.be/id/concept/chemical_substance/0002953
Piperidinones,https://data.omgeving.vlaanderen.be/id/concept/chemical_substance/0001581
Piperidinylpiperazines,https://data.omgeving.vlaanderen.be/id/concept/chemical_substance/0002447
Piperidinylpyridines,https://data.omgeving.vlaanderen.be/id/concept/chemical_substance/0001730
Pleiocarpaman alkaloids,https://data.omgeving.vlaanderen.be/id/concept/chemical_substance/0003762
Pleuromutilin and derivatives,https://data.omgeving.vlaanderen.be/id/concept/chemical_substance/0002003
Plicamine-type amaryllidaceae alkaloids,https://data.omgeving.vlaanderen.be/id/concept/chemical_substance/0004126
Plumeran-type alkaloids,https://data.omgeving.vlaanderen.be/id/concept/chemical_substance/0002672
Podophyllotoxins,https://data.omgeving.vlaanderen.be/id/concept/chemical_substance/0000047
Polybrominated biphenyls,https://data.omgeving.vlaanderen.be/id/concept/chemical_substance/0003954
Polybrominated dibenzofurans,https://data.omgeving.vlaanderen.be/id/concept/chemical_substance/0004519
Polycarbamates,https://data.omgeving.vlaanderen.be/id/concept/chemical_substance/0003302
Polychlorinated biphenyls,https://data.omgeving.vlaanderen.be/id/concept/chemical_substance/0003030
Polychlorinated dibenzofurans,https://data.omgeving.vlaanderen.be/id/concept/chemical_substance/0003029
Polycyclic acetylenes,https://data.omgeving.vlaanderen.be/id/concept/chemical_substance/0002849
Polycyclic hydrocarbons,https://data.omgeving.vlaanderen.be/id/concept/chemical_substance/0004149
Polyethylene glycols,https://data.omgeving.vlaanderen.be/id/concept/chemical_substance/0003338
Polyhalopyridines,https://data.omgeving.vlaanderen.be/id/concept/chemical_substance/0003971
Polyisoxazolines,https://data.omgeving.vlaanderen.be/id/concept/chemical_substance/0001943
Polynucleotides,https://data.omgeving.vlaanderen.be/id/concept/chemical_substance/0003301
Polyols,https://data.omgeving.vlaanderen.be/id/concept/chemical_substance/0002286
Polypeptides,https://data.omgeving.vlaanderen.be/id/concept/chemical_substance/0003298
Polyphenyl ethers,https://data.omgeving.vlaanderen.be/id/concept/chemical_substance/0002717
Polyphenyl thioethers,https://data.omgeving.vlaanderen.be/id/concept/chemical_substance/0002718
"Polypodane, malabaricane and podiodane triterpenoids",https://data.omgeving.vlaanderen.be/id/concept/chemical_substance/0002911
Polyprenols,https://data.omgeving.vlaanderen.be/id/concept/chemical_substance/0001535
Polyprenyl diphosphates,https://data.omgeving.vlaanderen.be/id/concept/chemical_substance/0004277
Polyprenyl monophosphates,https://data.omgeving.vlaanderen.be/id/concept/chemical_substance/0004276
Polyprenyl phosphates,https://data.omgeving.vlaanderen.be/id/concept/chemical_substance/0000478
Polyprenyl phospho carbohydrates,https://data.omgeving.vlaanderen.be/id/concept/chemical_substance/0001117
Polyprenyl quinols,https://data.omgeving.vlaanderen.be/id/concept/chemical_substance/0001937
"Polyprenylbenzene-1,2-diols",https://data.omgeving.vlaanderen.be/id/concept/chemical_substance/0003028
Polyprenylbenzoquinones,https://data.omgeving.vlaanderen.be/id/concept/chemical_substance/0001294
Polyprenylphenols,https://data.omgeving.vlaanderen.be/id/concept/chemical_substance/0002221
Polysaccharide phosphates,https://data.omgeving.vlaanderen.be/id/concept/chemical_substance/0001690
Polysaccharide sulfates,https://data.omgeving.vlaanderen.be/id/concept/chemical_substance/0003309
Polysaccharides,https://data.omgeving.vlaanderen.be/id/concept/chemical_substance/0001539
Polystyrenes,https://data.omgeving.vlaanderen.be/id/concept/chemical_substance/0003299
Polyterpenoids,https://data.omgeving.vlaanderen.be/id/concept/chemical_substance/0001825
Polyureas,https://data.omgeving.vlaanderen.be/id/concept/chemical_substance/0003300
Porphyrins,https://data.omgeving.vlaanderen.be/id/concept/chemical_substance/0000212
Post-transition metal aluminates,https://data.omgeving.vlaanderen.be/id/concept/chemical_substance/0000929
Post-transition metal antimonates,https://data.omgeving.vlaanderen.be/id/concept/chemical_substance/0000930
Post-transition metal antimonites,https://data.omgeving.vlaanderen.be/id/concept/chemical_substance/0000931
Post-transition metal arsenates,https://data.omgeving.vlaanderen.be/id/concept/chemical_substance/0000932
Post-transition metal arsenites,https://data.omgeving.vlaanderen.be/id/concept/chemical_substance/0000933
Post-transition metal astatides,https://data.omgeving.vlaanderen.be/id/concept/chemical_substance/0000571
Post-transition metal bisulfites,https://data.omgeving.vlaanderen.be/id/concept/chemical_substance/0000934
Post-transition metal borates,https://data.omgeving.vlaanderen.be/id/concept/chemical_substance/0000935
Post-transition metal bromates,https://data.omgeving.vlaanderen.be/id/concept/chemical_substance/0000710
Post-transition metal bromides,https://data.omgeving.vlaanderen.be/id/concept/chemical_substance/0000572
Post-transition metal chlorates,https://data.omgeving.vlaanderen.be/id/concept/chemical_substance/0000711
Post-transition metal chlorides,https://data.omgeving.vlaanderen.be/id/concept/chemical_substance/0000573
Post-transition metal chlorites,https://data.omgeving.vlaanderen.be/id/concept/chemical_substance/0000712
Post-transition metal chromates,https://data.omgeving.vlaanderen.be/id/concept/chemical_substance/0000713
Post-transition metal chromites,https://data.omgeving.vlaanderen.be/id/concept/chemical_substance/0000714
Post-transition metal cyanates,https://data.omgeving.vlaanderen.be/id/concept/chemical_substance/0000715
Post-transition metal dithionites,https://data.omgeving.vlaanderen.be/id/concept/chemical_substance/0000748
Post-transition metal dithiophosphates,https://data.omgeving.vlaanderen.be/id/concept/chemical_substance/0002303
Post-transition metal ferrates,https://data.omgeving.vlaanderen.be/id/concept/chemical_substance/0000936
Post-transition metal fluorides,https://data.omgeving.vlaanderen.be/id/concept/chemical_substance/0000574
Post-transition metal hydrides,https://data.omgeving.vlaanderen.be/id/concept/chemical_substance/0000528
Post-transition metal hydroxides,https://data.omgeving.vlaanderen.be/id/concept/chemical_substance/0000717
Post-transition metal hypobromites,https://data.omgeving.vlaanderen.be/id/concept/chemical_substance/0000718
Post-transition metal hypochlorites,https://data.omgeving.vlaanderen.be/id/concept/chemical_substance/0000719
Post-transition metal hyponitrites,https://data.omgeving.vlaanderen.be/id/concept/chemical_substance/0000720
Post-transition metal hypophosphites,https://data.omgeving.vlaanderen.be/id/concept/chemical_substance/0000721
Post-transition metal hyposulfites,https://data.omgeving.vlaanderen.be/id/concept/chemical_substance/0000749
Post-transition metal iodates,https://data.omgeving.vlaanderen.be/id/concept/chemical_substance/0000722
Post-transition metal iodides,https://data.omgeving.vlaanderen.be/id/concept/chemical_substance/0000575
Post-transition metal manganates,https://data.omgeving.vlaanderen.be/id/concept/chemical_substance/0000937
Post-transition metal metavanadates,https://data.omgeving.vlaanderen.be/id/concept/chemical_substance/0003292
Post-transition metal molybdates,https://data.omgeving.vlaanderen.be/id/concept/chemical_substance/0000938
Post-transition metal nitrates,https://data.omgeving.vlaanderen.be/id/concept/chemical_substance/0000724
Post-transition metal nitrides,https://data.omgeving.vlaanderen.be/id/concept/chemical_substance/0000529
Post-transition metal nitrites,https://data.omgeving.vlaanderen.be/id/concept/chemical_substance/0000723
Post-transition metal organides,https://data.omgeving.vlaanderen.be/id/concept/chemical_substance/0000458
Post-transition metal orthonitrates,https://data.omgeving.vlaanderen.be/id/concept/chemical_substance/0000725
Post-transition metal orthovanadates,https://data.omgeving.vlaanderen.be/id/concept/chemical_substance/0000948
Post-transition metal oxides,https://data.omgeving.vlaanderen.be/id/concept/chemical_substance/0000530
Post-transition metal oxoanionic compounds,https://data.omgeving.vlaanderen.be/id/concept/chemical_substance/0000451
Post-transition metal perbromates,https://data.omgeving.vlaanderen.be/id/concept/chemical_substance/0000726
Post-transition metal perchlorates,https://data.omgeving.vlaanderen.be/id/concept/chemical_substance/0000727
Post-transition metal periodates,https://data.omgeving.vlaanderen.be/id/concept/chemical_substance/0000728
Post-transition metal permanganates,https://data.omgeving.vlaanderen.be/id/concept/chemical_substance/0000729
Post-transition metal peroxodisulfates,https://data.omgeving.vlaanderen.be/id/concept/chemical_substance/0000744
Post-transition metal peroxomonosulfates,https://data.omgeving.vlaanderen.be/id/concept/chemical_substance/0000743
Post-transition metal peroxynitrates,https://data.omgeving.vlaanderen.be/id/concept/chemical_substance/0000730
Post-transition metal peroxynitrites,https://data.omgeving.vlaanderen.be/id/concept/chemical_substance/0000731
Post-transition metal perrhenates,https://data.omgeving.vlaanderen.be/id/concept/chemical_substance/0000732
Post-transition metal pertechnetates,https://data.omgeving.vlaanderen.be/id/concept/chemical_substance/0000733
Post-transition metal phosphates,https://data.omgeving.vlaanderen.be/id/concept/chemical_substance/0000735
Post-transition metal phosphites,https://data.omgeving.vlaanderen.be/id/concept/chemical_substance/0000734
Post-transition metal phosphonates,https://data.omgeving.vlaanderen.be/id/concept/chemical_substance/0002372
Post-transition metal plumbates,https://data.omgeving.vlaanderen.be/id/concept/chemical_substance/0000939
Post-transition metal plumbites,https://data.omgeving.vlaanderen.be/id/concept/chemical_substance/0000940
Post-transition metal pyrophosphates,https://data.omgeving.vlaanderen.be/id/concept/chemical_substance/0000736
Post-transition metal pyrosulfates,https://data.omgeving.vlaanderen.be/id/concept/chemical_substance/0000745
Post-transition metal salts,https://data.omgeving.vlaanderen.be/id/concept/chemical_substance/0000444
Post-transition metal selenates,https://data.omgeving.vlaanderen.be/id/concept/chemical_substance/0000737
Post-transition metal selenites,https://data.omgeving.vlaanderen.be/id/concept/chemical_substance/0000738
Post-transition metal selenophosphates,https://data.omgeving.vlaanderen.be/id/concept/chemical_substance/0002271
Post-transition metal silicates,https://data.omgeving.vlaanderen.be/id/concept/chemical_substance/0000941
Post-transition metal stannates,https://data.omgeving.vlaanderen.be/id/concept/chemical_substance/0000942
Post-transition metal stannites,https://data.omgeving.vlaanderen.be/id/concept/chemical_substance/0000943
Post-transition metal sulfates,https://data.omgeving.vlaanderen.be/id/concept/chemical_substance/0000739
Post-transition metal sulfides,https://data.omgeving.vlaanderen.be/id/concept/chemical_substance/0000531
Post-transition metal sulfites,https://data.omgeving.vlaanderen.be/id/concept/chemical_substance/0000740
Post-transition metal superoxides,https://data.omgeving.vlaanderen.be/id/concept/chemical_substance/0000741
Post-transition metal tellurates,https://data.omgeving.vlaanderen.be/id/concept/chemical_substance/0000944
Post-transition metal tellurites,https://data.omgeving.vlaanderen.be/id/concept/chemical_substance/0000945
Post-transition metal tetrahydroxyborates,https://data.omgeving.vlaanderen.be/id/concept/chemical_substance/0000946
Post-transition metal tetrathionates,https://data.omgeving.vlaanderen.be/id/concept/chemical_substance/0000746
Post-transition metal thiophosphates,https://data.omgeving.vlaanderen.be/id/concept/chemical_substance/0002302
Post-transition metal thiosulfates,https://data.omgeving.vlaanderen.be/id/concept/chemical_substance/0000747
Post-transition metal tungstates,https://data.omgeving.vlaanderen.be/id/concept/chemical_substance/0000947
Precapnellane sesquiterpenoids,https://data.omgeving.vlaanderen.be/id/concept/chemical_substance/0003584
Precocenes,https://data.omgeving.vlaanderen.be/id/concept/chemical_substance/0004763
Precorrins,https://data.omgeving.vlaanderen.be/id/concept/chemical_substance/0001221
Pregnane steroids,https://data.omgeving.vlaanderen.be/id/concept/chemical_substance/0003569
Pregnane-type alkaloids,https://data.omgeving.vlaanderen.be/id/concept/chemical_substance/0002730
Prenol lipids,https://data.omgeving.vlaanderen.be/id/concept/chemical_substance/0000259
Prenylated hydroquinones,https://data.omgeving.vlaanderen.be/id/concept/chemical_substance/0002801
Prenylated neoflavonoids,https://data.omgeving.vlaanderen.be/id/concept/chemical_substance/0003650
Prenylquinones,https://data.omgeving.vlaanderen.be/id/concept/chemical_substance/0002802
Primary alcohols,https://data.omgeving.vlaanderen.be/id/concept/chemical_substance/0000286
Primary aldimines,https://data.omgeving.vlaanderen.be/id/concept/chemical_substance/0002395
Primary amines,https://data.omgeving.vlaanderen.be/id/concept/chemical_substance/0002450
Primary aromatic amines,https://data.omgeving.vlaanderen.be/id/concept/chemical_substance/0002453
Primary carboxylic acid amides,https://data.omgeving.vlaanderen.be/id/concept/chemical_substance/0001662
Primary ketimines,https://data.omgeving.vlaanderen.be/id/concept/chemical_substance/0002187
Primary stibines,https://data.omgeving.vlaanderen.be/id/concept/chemical_substance/0004290
Proanthocyanidins,https://data.omgeving.vlaanderen.be/id/concept/chemical_substance/0000379
Proaporphines,https://data.omgeving.vlaanderen.be/id/concept/chemical_substance/0002660
Proline and derivatives,https://data.omgeving.vlaanderen.be/id/concept/chemical_substance/0004322
"Propargyl-type 1,3-dipolar inorganic compounds",https://data.omgeving.vlaanderen.be/id/concept/chemical_substance/0003669
"Propargyl-type 1,3-dipolar organic compounds",https://data.omgeving.vlaanderen.be/id/concept/chemical_substance/0003633
Propellane triquinanes,https://data.omgeving.vlaanderen.be/id/concept/chemical_substance/0003585
Prostaglandins and related compounds,https://data.omgeving.vlaanderen.be/id/concept/chemical_substance/0000514
Protoberberine alkaloids and derivatives,https://data.omgeving.vlaanderen.be/id/concept/chemical_substance/0001909
Protopine alkaloids,https://data.omgeving.vlaanderen.be/id/concept/chemical_substance/0002743
Protostane and fusidane triterpenoids,https://data.omgeving.vlaanderen.be/id/concept/chemical_substance/0002889
Protostemonine-type alkaloids,https://data.omgeving.vlaanderen.be/id/concept/chemical_substance/0003430
Pseudoguaianes,https://data.omgeving.vlaanderen.be/id/concept/chemical_substance/0002873
Psoralens,https://data.omgeving.vlaanderen.be/id/concept/chemical_substance/0000202
Pteridine nucleosides and nucleotides,https://data.omgeving.vlaanderen.be/id/concept/chemical_substance/0003751
Pteridines and derivatives,https://data.omgeving.vlaanderen.be/id/concept/chemical_substance/0000109
Pterin carboxylates,https://data.omgeving.vlaanderen.be/id/concept/chemical_substance/0002283
Pterins and derivatives,https://data.omgeving.vlaanderen.be/id/concept/chemical_substance/0000110
Pterocarpans,https://data.omgeving.vlaanderen.be/id/concept/chemical_substance/0001608
Pterofurans,https://data.omgeving.vlaanderen.be/id/concept/chemical_substance/0001592
Pteroic acids,https://data.omgeving.vlaanderen.be/id/concept/chemical_substance/0003040
Pteroic acids and derivatives,https://data.omgeving.vlaanderen.be/id/concept/chemical_substance/0001228
"Pumiliotoxins, homopumiliotoxins, and allopumiliotoxins",https://data.omgeving.vlaanderen.be/id/concept/chemical_substance/0001567
Punaglandins and related compounds,https://data.omgeving.vlaanderen.be/id/concept/chemical_substance/0004814
"Purine 2',3'-dideoxyribonucleoside diphosphates",https://data.omgeving.vlaanderen.be/id/concept/chemical_substance/0002169
"Purine 2',3'-dideoxyribonucleoside monophosphates",https://data.omgeving.vlaanderen.be/id/concept/chemical_substance/0002170
"Purine 2',3'-dideoxyribonucleoside polyphosphates",https://data.omgeving.vlaanderen.be/id/concept/chemical_substance/0002171
"Purine 2',3'-dideoxyribonucleoside triphosphates",https://data.omgeving.vlaanderen.be/id/concept/chemical_substance/0002172
"Purine 2',3'-dideoxyribonucleosides",https://data.omgeving.vlaanderen.be/id/concept/chemical_substance/0002179
Purine 2'-deoxyribonucleoside diphosphates,https://data.omgeving.vlaanderen.be/id/concept/chemical_substance/0002139
Purine 2'-deoxyribonucleoside monophosphates,https://data.omgeving.vlaanderen.be/id/concept/chemical_substance/0002141
Purine 2'-deoxyribonucleoside polyphosphates,https://data.omgeving.vlaanderen.be/id/concept/chemical_substance/0002143
Purine 2'-deoxyribonucleoside triphosphates,https://data.omgeving.vlaanderen.be/id/concept/chemical_substance/0002145
Purine 2'-deoxyribonucleosides,https://data.omgeving.vlaanderen.be/id/concept/chemical_substance/0002177
Purine 3'-deoxyribonucleoside diphosphates,https://data.omgeving.vlaanderen.be/id/concept/chemical_substance/0002140
Purine 3'-deoxyribonucleoside monophosphates,https://data.omgeving.vlaanderen.be/id/concept/chemical_substance/0002142
Purine 3'-deoxyribonucleoside polyphosphates,https://data.omgeving.vlaanderen.be/id/concept/chemical_substance/0002144
Purine 3'-deoxyribonucleoside triphosphates,https://data.omgeving.vlaanderen.be/id/concept/chemical_substance/0002146
Purine 3'-deoxyribonucleosides,https://data.omgeving.vlaanderen.be/id/concept/chemical_substance/0002178
"Purine deoxyribonucleoside 2',5'-bisphosphates",https://data.omgeving.vlaanderen.be/id/concept/chemical_substance/0002176
"Purine deoxyribonucleoside 3',5'-bisphosphates",https://data.omgeving.vlaanderen.be/id/concept/chemical_substance/0002175
Purine deoxyribonucleoside bisphosphates,https://data.omgeving.vlaanderen.be/id/concept/chemical_substance/0002173
Purine deoxyribonucleoside diphosphates,https://data.omgeving.vlaanderen.be/id/concept/chemical_substance/0002136
Purine deoxyribonucleoside monophosphates,https://data.omgeving.vlaanderen.be/id/concept/chemical_substance/0002135
Purine deoxyribonucleoside polyphosphates,https://data.omgeving.vlaanderen.be/id/concept/chemical_substance/0002138
Purine deoxyribonucleoside triphosphates,https://data.omgeving.vlaanderen.be/id/concept/chemical_substance/0002137
Purine deoxyribonucleotides,https://data.omgeving.vlaanderen.be/id/concept/chemical_substance/0002134
Purine nucleoside phosphorothioates,https://data.omgeving.vlaanderen.be/id/concept/chemical_substance/0003801
Purine nucleosides,https://data.omgeving.vlaanderen.be/id/concept/chemical_substance/0000479
Purine nucleotide sugars,https://data.omgeving.vlaanderen.be/id/concept/chemical_substance/0001293
Purine nucleotides,https://data.omgeving.vlaanderen.be/id/concept/chemical_substance/0001506
"Purine ribonucleoside 2',5'-bisphosphates",https://data.omgeving.vlaanderen.be/id/concept/chemical_substance/0002208
"Purine ribonucleoside 3',5'-bisphosphates",https://data.omgeving.vlaanderen.be/id/concept/chemical_substance/0002209
Purine ribonucleoside bisphosphates,https://data.omgeving.vlaanderen.be/id/concept/chemical_substance/0000026
Purine ribonucleoside diphosphates,https://data.omgeving.vlaanderen.be/id/concept/chemical_substance/0001618
Purine ribonucleoside monophosphates,https://data.omgeving.vlaanderen.be/id/concept/chemical_substance/0001617
Purine ribonucleoside phosphonates,https://data.omgeving.vlaanderen.be/id/concept/chemical_substance/0004362
Purine ribonucleoside polyphosphates,https://data.omgeving.vlaanderen.be/id/concept/chemical_substance/0001627
Purine ribonucleoside triphosphates,https://data.omgeving.vlaanderen.be/id/concept/chemical_substance/0001619
Purine ribonucleotides,https://data.omgeving.vlaanderen.be/id/concept/chemical_substance/0001544
Purines and purine derivatives,https://data.omgeving.vlaanderen.be/id/concept/chemical_substance/0000245
Purinethiones,https://data.omgeving.vlaanderen.be/id/concept/chemical_substance/0001998
Purinones,https://data.omgeving.vlaanderen.be/id/concept/chemical_substance/0000597
Pyran carboxylic acids,https://data.omgeving.vlaanderen.be/id/concept/chemical_substance/0002412
Pyran carboxylic acids and derivatives,https://data.omgeving.vlaanderen.be/id/concept/chemical_substance/0001991
"Pyrano[3,2-d]pyrimidine glycosides",https://data.omgeving.vlaanderen.be/id/concept/chemical_substance/0003745
"Pyrano[3,4-c]pyridazines",https://data.omgeving.vlaanderen.be/id/concept/chemical_substance/0003697
Pyranochromenes,https://data.omgeving.vlaanderen.be/id/concept/chemical_substance/0003543
Pyranocoumarins,https://data.omgeving.vlaanderen.be/id/concept/chemical_substance/0003484
Pyranodioxins,https://data.omgeving.vlaanderen.be/id/concept/chemical_substance/0002011
Pyranoflavonoids,https://data.omgeving.vlaanderen.be/id/concept/chemical_substance/0003520
Pyranoid amino acids and derivatives,https://data.omgeving.vlaanderen.be/id/concept/chemical_substance/0001697
Pyranoindolizines,https://data.omgeving.vlaanderen.be/id/concept/chemical_substance/0000241
Pyranoisoflavonoids,https://data.omgeving.vlaanderen.be/id/concept/chemical_substance/0003530
Pyranoneoflavonoids,https://data.omgeving.vlaanderen.be/id/concept/chemical_substance/0003652
Pyranones and derivatives,https://data.omgeving.vlaanderen.be/id/concept/chemical_substance/0000481
Pyranopterins and derivatives,https://data.omgeving.vlaanderen.be/id/concept/chemical_substance/0002263
Pyranopyridines,https://data.omgeving.vlaanderen.be/id/concept/chemical_substance/0002111
Pyranopyrimidines,https://data.omgeving.vlaanderen.be/id/concept/chemical_substance/0002129
Pyranoquinolines,https://data.omgeving.vlaanderen.be/id/concept/chemical_substance/0001291
Pyranosyl nitrile oxides,https://data.omgeving.vlaanderen.be/id/concept/chemical_substance/0003702
Pyranoxanthones,https://data.omgeving.vlaanderen.be/id/concept/chemical_substance/0003521
Pyrans,https://data.omgeving.vlaanderen.be/id/concept/chemical_substance/0000086
Pyrazine carboxylic acids,https://data.omgeving.vlaanderen.be/id/concept/chemical_substance/0002413
Pyrazine carboxylic acids and derivatives,https://data.omgeving.vlaanderen.be/id/concept/chemical_substance/0002265
Pyrazinecarboxamides,https://data.omgeving.vlaanderen.be/id/concept/chemical_substance/0002085
Pyrazines,https://data.omgeving.vlaanderen.be/id/concept/chemical_substance/0000067
Pyrazinium compounds,https://data.omgeving.vlaanderen.be/id/concept/chemical_substance/0003361
Pyrazole carboxylic acids and derivatives,https://data.omgeving.vlaanderen.be/id/concept/chemical_substance/0002350
Pyrazole ribonucleosides and ribonucleotides,https://data.omgeving.vlaanderen.be/id/concept/chemical_substance/0002174
Pyrazole-4-carboxamides,https://data.omgeving.vlaanderen.be/id/concept/chemical_substance/0004206
Pyrazole-5-carboxamides,https://data.omgeving.vlaanderen.be/id/concept/chemical_substance/0004207
Pyrazoles,https://data.omgeving.vlaanderen.be/id/concept/chemical_substance/0000087
Pyrazolidines,https://data.omgeving.vlaanderen.be/id/concept/chemical_substance/0000217
Pyrazolidinones,https://data.omgeving.vlaanderen.be/id/concept/chemical_substance/0002836
Pyrazolines,https://data.omgeving.vlaanderen.be/id/concept/chemical_substance/0000088
"Pyrazolo[1',5':1,6]pyrimido[4,5-d]pyridazin-4-ones",https://data.omgeving.vlaanderen.be/id/concept/chemical_substance/0004383
"Pyrazolo[1',5':1,6]pyrimido[4,5-d]pyridazines",https://data.omgeving.vlaanderen.be/id/concept/chemical_substance/0004382
"Pyrazolo[1,5-a][1,3,5]triazines",https://data.omgeving.vlaanderen.be/id/concept/chemical_substance/0004372
"Pyrazolo[1,5-a]pyrimidines",https://data.omgeving.vlaanderen.be/id/concept/chemical_substance/0004390
"Pyrazolo[1,5-b]pyridazines",https://data.omgeving.vlaanderen.be/id/concept/chemical_substance/0004371
"Pyrazolo[1,5-d][1,2,4]triazines",https://data.omgeving.vlaanderen.be/id/concept/chemical_substance/0004373
"Pyrazolo[3,4-b]pyrazines",https://data.omgeving.vlaanderen.be/id/concept/chemical_substance/0004370
"Pyrazolo[3,4-d]pyrimidine glycosides",https://data.omgeving.vlaanderen.be/id/concept/chemical_substance/0003750
"Pyrazolo[3,4-d]pyrimidines",https://data.omgeving.vlaanderen.be/id/concept/chemical_substance/0004387
"Pyrazolo[4,3-e]pyrrolo[1,2-a]pyrazines",https://data.omgeving.vlaanderen.be/id/concept/chemical_substance/0004375
Pyrazolones,https://data.omgeving.vlaanderen.be/id/concept/chemical_substance/0000205
Pyrazolopyrazoles,https://data.omgeving.vlaanderen.be/id/concept/chemical_substance/0002127
Pyrazolopyridines,https://data.omgeving.vlaanderen.be/id/concept/chemical_substance/0000304
Pyrazolopyrimidine ribonucleosides and ribonucleotides,https://data.omgeving.vlaanderen.be/id/concept/chemical_substance/0002185
Pyrazolopyrimidines,https://data.omgeving.vlaanderen.be/id/concept/chemical_substance/0000305
Pyrazolotriazines,https://data.omgeving.vlaanderen.be/id/concept/chemical_substance/0002005
Pyrazolylpyridines,https://data.omgeving.vlaanderen.be/id/concept/chemical_substance/0002006
Pyrenes,https://data.omgeving.vlaanderen.be/id/concept/chemical_substance/0001851
Pyrethrins,https://data.omgeving.vlaanderen.be/id/concept/chemical_substance/0001724
Pyrethroids,https://data.omgeving.vlaanderen.be/id/concept/chemical_substance/0001461
Pyrichalasins,https://data.omgeving.vlaanderen.be/id/concept/chemical_substance/0003766
Pyridazines and derivatives,https://data.omgeving.vlaanderen.be/id/concept/chemical_substance/0000074
Pyridazinoindazoles,https://data.omgeving.vlaanderen.be/id/concept/chemical_substance/0001856
Pyridazinones,https://data.omgeving.vlaanderen.be/id/concept/chemical_substance/0000208
Pyridine carboxaldehydes,https://data.omgeving.vlaanderen.be/id/concept/chemical_substance/0002212
Pyridine nucleosides,https://data.omgeving.vlaanderen.be/id/concept/chemical_substance/0004174
Pyridine nucleotides,https://data.omgeving.vlaanderen.be/id/concept/chemical_substance/0001297
Pyridine-2-carboxylic acids,https://data.omgeving.vlaanderen.be/id/concept/chemical_substance/0004624
Pyridine-3-carboxylic acids,https://data.omgeving.vlaanderen.be/id/concept/chemical_substance/0004625
Pyridinecarboxamides,https://data.omgeving.vlaanderen.be/id/concept/chemical_substance/0001326
Pyridinecarboxylic acids,https://data.omgeving.vlaanderen.be/id/concept/chemical_substance/0002414
Pyridinecarboxylic acids and derivatives,https://data.omgeving.vlaanderen.be/id/concept/chemical_substance/0001322
Pyridines and derivatives,https://data.omgeving.vlaanderen.be/id/concept/chemical_substance/0000089
Pyridinesulfonamides,https://data.omgeving.vlaanderen.be/id/concept/chemical_substance/0001861
Pyridinium derivatives,https://data.omgeving.vlaanderen.be/id/concept/chemical_substance/0001764
Pyridinolates,https://data.omgeving.vlaanderen.be/id/concept/chemical_substance/0004825
Pyridinones,https://data.omgeving.vlaanderen.be/id/concept/chemical_substance/0001160
Pyridinylpiperazines,https://data.omgeving.vlaanderen.be/id/concept/chemical_substance/0001976
Pyridinylpyrimidines,https://data.omgeving.vlaanderen.be/id/concept/chemical_substance/0000342
"Pyrido[2,3,4-kl]acridines",https://data.omgeving.vlaanderen.be/id/concept/chemical_substance/0002827
"Pyrido[2,3,4-kl]acridones",https://data.omgeving.vlaanderen.be/id/concept/chemical_substance/0002826
"Pyrido[2,3-b]quinoxalines",https://data.omgeving.vlaanderen.be/id/concept/chemical_substance/0004334
"Pyrido[2,3-d]pyrimidines",https://data.omgeving.vlaanderen.be/id/concept/chemical_substance/0004417
"Pyrido[2,3-g]quinoxalines",https://data.omgeving.vlaanderen.be/id/concept/chemical_substance/0004335
"Pyrido[3,4-c]pyridazines",https://data.omgeving.vlaanderen.be/id/concept/chemical_substance/0003690
"Pyrido[3,4-d]pyrimidines",https://data.omgeving.vlaanderen.be/id/concept/chemical_substance/0004419
Pyridoacridines,https://data.omgeving.vlaanderen.be/id/concept/chemical_substance/0001763
Pyridoacridones,https://data.omgeving.vlaanderen.be/id/concept/chemical_substance/0001810
Pyridoazepine alkaloids,https://data.omgeving.vlaanderen.be/id/concept/chemical_substance/0003594
Pyridodiazepines,https://data.omgeving.vlaanderen.be/id/concept/chemical_substance/0002782
Pyridoindoles,https://data.omgeving.vlaanderen.be/id/concept/chemical_substance/0001213
Pyridoindolones,https://data.omgeving.vlaanderen.be/id/concept/chemical_substance/0001374
Pyridoisoindoles,https://data.omgeving.vlaanderen.be/id/concept/chemical_substance/0001912
Pyridopyrazines,https://data.omgeving.vlaanderen.be/id/concept/chemical_substance/0004405
Pyridopyrimidine carboxylic acids and derivatives,https://data.omgeving.vlaanderen.be/id/concept/chemical_substance/0001860
Pyridopyrimidines,https://data.omgeving.vlaanderen.be/id/concept/chemical_substance/0001859
Pyridoxal 5'-phosphates,https://data.omgeving.vlaanderen.be/id/concept/chemical_substance/0001635
Pyridoxals and derivatives,https://data.omgeving.vlaanderen.be/id/concept/chemical_substance/0000028
Pyridoxamine 5'-phosphates,https://data.omgeving.vlaanderen.be/id/concept/chemical_substance/0004259
Pyridoxamines,https://data.omgeving.vlaanderen.be/id/concept/chemical_substance/0001966
Pyridoxine-5'-phosphates,https://data.omgeving.vlaanderen.be/id/concept/chemical_substance/0002753
Pyridoxines,https://data.omgeving.vlaanderen.be/id/concept/chemical_substance/0001948
"Pyridyl-1,2,3-triazoles",https://data.omgeving.vlaanderen.be/id/concept/chemical_substance/0003318
"Pyridyl-1,2,4-triazoles",https://data.omgeving.vlaanderen.be/id/concept/chemical_substance/0003319
Pyridyltriazoles,https://data.omgeving.vlaanderen.be/id/concept/chemical_substance/0003317
"Pyrimidine 2',3'-dideoxyribonucleoside diphosphates",https://data.omgeving.vlaanderen.be/id/concept/chemical_substance/0002165
"Pyrimidine 2',3'-dideoxyribonucleoside monophosphates",https://data.omgeving.vlaanderen.be/id/concept/chemical_substance/0002166
"Pyrimidine 2',3'-dideoxyribonucleoside polyphosphates",https://data.omgeving.vlaanderen.be/id/concept/chemical_substance/0002167
"Pyrimidine 2',3'-dideoxyribonucleoside triphosphates",https://data.omgeving.vlaanderen.be/id/concept/chemical_substance/0002168
"Pyrimidine 2',3'-dideoxyribonucleosides",https://data.omgeving.vlaanderen.be/id/concept/chemical_substance/0002182
Pyrimidine 2'-deoxyribonucleoside diphosphates,https://data.omgeving.vlaanderen.be/id/concept/chemical_substance/0002156
Pyrimidine 2'-deoxyribonucleoside monophosphates,https://data.omgeving.vlaanderen.be/id/concept/chemical_substance/0002158
Pyrimidine 2'-deoxyribonucleoside polyphosphates,https://data.omgeving.vlaanderen.be/id/concept/chemical_substance/0002160
Pyrimidine 2'-deoxyribonucleoside triphosphates,https://data.omgeving.vlaanderen.be/id/concept/chemical_substance/0002162
Pyrimidine 2'-deoxyribonucleosides,https://data.omgeving.vlaanderen.be/id/concept/chemical_substance/0002180
Pyrimidine 3'-deoxyribonucleoside diphosphates,https://data.omgeving.vlaanderen.be/id/concept/chemical_substance/0002157
Pyrimidine 3'-deoxyribonucleoside monophosphates,https://data.omgeving.vlaanderen.be/id/concept/chemical_substance/0002159
Pyrimidine 3'-deoxyribonucleoside polyphosphates,https://data.omgeving.vlaanderen.be/id/concept/chemical_substance/0002161
Pyrimidine 3'-deoxyribonucleoside triphosphates,https://data.omgeving.vlaanderen.be/id/concept/chemical_substance/0002163
Pyrimidine 3'-deoxyribonucleosides,https://data.omgeving.vlaanderen.be/id/concept/chemical_substance/0002181
"Pyrimidine deoxyribonucleoside 2',5'-bisphosphates",https://data.omgeving.vlaanderen.be/id/concept/chemical_substance/0002154
"Pyrimidine deoxyribonucleoside 3',5'-bisphosphates",https://data.omgeving.vlaanderen.be/id/concept/chemical_substance/0002155
Pyrimidine deoxyribonucleoside bisphosphates,https://data.omgeving.vlaanderen.be/id/concept/chemical_substance/0002149
Pyrimidine deoxyribonucleoside diphosphates,https://data.omgeving.vlaanderen.be/id/concept/chemical_substance/0002150
Pyrimidine deoxyribonucleoside monophosphates,https://data.omgeving.vlaanderen.be/id/concept/chemical_substance/0002151
Pyrimidine deoxyribonucleoside polyphosphates,https://data.omgeving.vlaanderen.be/id/concept/chemical_substance/0002152
Pyrimidine deoxyribonucleoside triphosphates,https://data.omgeving.vlaanderen.be/id/concept/chemical_substance/0002153
Pyrimidine deoxyribonucleotides,https://data.omgeving.vlaanderen.be/id/concept/chemical_substance/0002148
Pyrimidine nucleoside phosphorothioates,https://data.omgeving.vlaanderen.be/id/concept/chemical_substance/0003802
Pyrimidine nucleosides,https://data.omgeving.vlaanderen.be/id/concept/chemical_substance/0000480
Pyrimidine nucleotide sugars,https://data.omgeving.vlaanderen.be/id/concept/chemical_substance/0001296
Pyrimidine nucleotides,https://data.omgeving.vlaanderen.be/id/concept/chemical_substance/0001509
"Pyrimidine ribonucleoside 2',5'-bisphosphates",https://data.omgeving.vlaanderen.be/id/concept/chemical_substance/0002248
"Pyrimidine ribonucleoside 3',5'-bisphosphates",https://data.omgeving.vlaanderen.be/id/concept/chemical_substance/0002249
Pyrimidine ribonucleoside bisphosphates,https://data.omgeving.vlaanderen.be/id/concept/chemical_substance/0001904
Pyrimidine ribonucleoside diphosphates,https://data.omgeving.vlaanderen.be/id/concept/chemical_substance/0001621
Pyrimidine ribonucleoside monophosphates,https://data.omgeving.vlaanderen.be/id/concept/chemical_substance/0001620
Pyrimidine ribonucleoside phosphonates,https://data.omgeving.vlaanderen.be/id/concept/chemical_substance/0004363
Pyrimidine ribonucleoside polyphosphates,https://data.omgeving.vlaanderen.be/id/concept/chemical_substance/0001628
Pyrimidine ribonucleoside triphosphates,https://data.omgeving.vlaanderen.be/id/concept/chemical_substance/0001622
Pyrimidine ribonucleotides,https://data.omgeving.vlaanderen.be/id/concept/chemical_substance/0002147
Pyrimidinecarboxamides,https://data.omgeving.vlaanderen.be/id/concept/chemical_substance/0001321
Pyrimidinecarboxylic acids,https://data.omgeving.vlaanderen.be/id/concept/chemical_substance/0002415
Pyrimidinecarboxylic acids and derivatives,https://data.omgeving.vlaanderen.be/id/concept/chemical_substance/0001319
Pyrimidines and pyrimidine derivatives,https://data.omgeving.vlaanderen.be/id/concept/chemical_substance/0000075
Pyrimidinethiones,https://data.omgeving.vlaanderen.be/id/concept/chemical_substance/0001921
Pyrimidinyl phosphorothioates,https://data.omgeving.vlaanderen.be/id/concept/chemical_substance/0004771
Pyrimidinyl-2-sulfonylureas,https://data.omgeving.vlaanderen.be/id/concept/chemical_substance/0004705
Pyrimidinyloxybenzylamines,https://data.omgeving.vlaanderen.be/id/concept/chemical_substance/0004669
Pyrimidinylpiperazines,https://data.omgeving.vlaanderen.be/id/concept/chemical_substance/0001977
Pyrimidodiazepines,https://data.omgeving.vlaanderen.be/id/concept/chemical_substance/0001132
Pyrimidones,https://data.omgeving.vlaanderen.be/id/concept/chemical_substance/0000291
Pyripyropenes,https://data.omgeving.vlaanderen.be/id/concept/chemical_substance/0003493
Pyrogallols and derivatives,https://data.omgeving.vlaanderen.be/id/concept/chemical_substance/0000397
Pyrophosphatidic acids,https://data.omgeving.vlaanderen.be/id/concept/chemical_substance/0001426
Pyrrole 2-carboxylic acids,https://data.omgeving.vlaanderen.be/id/concept/chemical_substance/0002557
Pyrrole carboxamides,https://data.omgeving.vlaanderen.be/id/concept/chemical_substance/0002556
Pyrrole carboxylic acids,https://data.omgeving.vlaanderen.be/id/concept/chemical_substance/0002555
Pyrrole carboxylic acids and derivatives,https://data.omgeving.vlaanderen.be/id/concept/chemical_substance/0002554
Pyrrole oligoamides,https://data.omgeving.vlaanderen.be/id/concept/chemical_substance/0001950
Pyrroles,https://data.omgeving.vlaanderen.be/id/concept/chemical_substance/0000090
Pyrrolidine carboxylic acids,https://data.omgeving.vlaanderen.be/id/concept/chemical_substance/0002416
Pyrrolidine carboxylic acids and derivatives,https://data.omgeving.vlaanderen.be/id/concept/chemical_substance/0001903
Pyrrolidine-2-ones,https://data.omgeving.vlaanderen.be/id/concept/chemical_substance/0003031
Pyrrolidine-3-ones,https://data.omgeving.vlaanderen.be/id/concept/chemical_substance/0003032
Pyrrolidinecarboxamides,https://data.omgeving.vlaanderen.be/id/concept/chemical_substance/0002256
Pyrrolidines,https://data.omgeving.vlaanderen.be/id/concept/chemical_substance/0000218
Pyrrolidinylpyridines,https://data.omgeving.vlaanderen.be/id/concept/chemical_substance/0001975
Pyrrolidones,https://data.omgeving.vlaanderen.be/id/concept/chemical_substance/0001158
Pyrrolin-4-one oligomers,https://data.omgeving.vlaanderen.be/id/concept/chemical_substance/0001949
Pyrroline 2-carboxylic acids,https://data.omgeving.vlaanderen.be/id/concept/chemical_substance/0004255
Pyrroline carboxylic acids,https://data.omgeving.vlaanderen.be/id/concept/chemical_substance/0002417
Pyrroline carboxylic acids and derivatives,https://data.omgeving.vlaanderen.be/id/concept/chemical_substance/0002287
Pyrrolines,https://data.omgeving.vlaanderen.be/id/concept/chemical_substance/0000091
Pyrrolizidine oximes,https://data.omgeving.vlaanderen.be/id/concept/chemical_substance/0001835
Pyrrolizidines,https://data.omgeving.vlaanderen.be/id/concept/chemical_substance/0000220
Pyrrolizidinones,https://data.omgeving.vlaanderen.be/id/concept/chemical_substance/0001323
Pyrrolizines,https://data.omgeving.vlaanderen.be/id/concept/chemical_substance/0000219
"Pyrrolo[1,2-a]benzimidazoles",https://data.omgeving.vlaanderen.be/id/concept/chemical_substance/0004194
"Pyrrolo[1,2-c][1,3]benzodiazepines",https://data.omgeving.vlaanderen.be/id/concept/chemical_substance/0004229
"Pyrrolo[2,1-c][1,4]benzodiazepines",https://data.omgeving.vlaanderen.be/id/concept/chemical_substance/0004230
"Pyrrolo[2,1-f][1,2,4]triazines",https://data.omgeving.vlaanderen.be/id/concept/chemical_substance/0004418
"Pyrrolo[2,3,4-kl]acridines",https://data.omgeving.vlaanderen.be/id/concept/chemical_substance/0002828
"Pyrrolo[2,3-a]carbazoles",https://data.omgeving.vlaanderen.be/id/concept/chemical_substance/0004392
"Pyrrolo[2,3-d]pyrimidines",https://data.omgeving.vlaanderen.be/id/concept/chemical_substance/0004415
"Pyrrolo[3,2-c]quinolines",https://data.omgeving.vlaanderen.be/id/concept/chemical_substance/0004424
"Pyrrolo[3,4-d]pyridazines",https://data.omgeving.vlaanderen.be/id/concept/chemical_substance/0003770
"Pyrrolo[4,3,2-de]quinolines",https://data.omgeving.vlaanderen.be/id/concept/chemical_substance/0002829
Pyrroloacridines,https://data.omgeving.vlaanderen.be/id/concept/chemical_substance/0001762
Pyrroloazepines,https://data.omgeving.vlaanderen.be/id/concept/chemical_substance/0001990
Pyrrolocarbazoles,https://data.omgeving.vlaanderen.be/id/concept/chemical_substance/0001865
Pyrroloindoles,https://data.omgeving.vlaanderen.be/id/concept/chemical_substance/0001733
Pyrroloindolizines,https://data.omgeving.vlaanderen.be/id/concept/chemical_substance/0001769
Pyrrolopyrazines,https://data.omgeving.vlaanderen.be/id/concept/chemical_substance/0000343
Pyrrolopyrazoles,https://data.omgeving.vlaanderen.be/id/concept/chemical_substance/0002128
Pyrrolopyridines,https://data.omgeving.vlaanderen.be/id/concept/chemical_substance/0000213
Pyrrolopyrimidine nucleosides and nucleotides,https://data.omgeving.vlaanderen.be/id/concept/chemical_substance/0002306
Pyrrolopyrimidinecarboxylic acids and derivatives,https://data.omgeving.vlaanderen.be/id/concept/chemical_substance/0002284
Pyrrolopyrimidines,https://data.omgeving.vlaanderen.be/id/concept/chemical_substance/0001799
Pyrroloquinoline quinones,https://data.omgeving.vlaanderen.be/id/concept/chemical_substance/0000005
Pyrroloquinolines,https://data.omgeving.vlaanderen.be/id/concept/chemical_substance/0001734
Pyrroloquinoxalines,https://data.omgeving.vlaanderen.be/id/concept/chemical_substance/0002378
Pyrrolothiazoles,https://data.omgeving.vlaanderen.be/id/concept/chemical_substance/0001834
Pyrrolotriazines,https://data.omgeving.vlaanderen.be/id/concept/chemical_substance/0001798
Quassinoids,https://data.omgeving.vlaanderen.be/id/concept/chemical_substance/0002119
Quaternary ammonium salts,https://data.omgeving.vlaanderen.be/id/concept/chemical_substance/0000503
Quaternary benzophenanthridine alkaloids,https://data.omgeving.vlaanderen.be/id/concept/chemical_substance/0002669
Quebrachamine alkaloids,https://data.omgeving.vlaanderen.be/id/concept/chemical_substance/0002757
Quinacridines,https://data.omgeving.vlaanderen.be/id/concept/chemical_substance/0001728
Quinacridones,https://data.omgeving.vlaanderen.be/id/concept/chemical_substance/0001809
Quinazolinamines,https://data.omgeving.vlaanderen.be/id/concept/chemical_substance/0002314
Quinazolines,https://data.omgeving.vlaanderen.be/id/concept/chemical_substance/0000485
Quindolines,https://data.omgeving.vlaanderen.be/id/concept/chemical_substance/0004168
Quinic acids and derivatives,https://data.omgeving.vlaanderen.be/id/concept/chemical_substance/0002512
Quinodimethanes,https://data.omgeving.vlaanderen.be/id/concept/chemical_substance/0001579
Quinolidines,https://data.omgeving.vlaanderen.be/id/concept/chemical_substance/0003787
Quinoline carboxamides,https://data.omgeving.vlaanderen.be/id/concept/chemical_substance/0002553
Quinoline carboxylic acids,https://data.omgeving.vlaanderen.be/id/concept/chemical_substance/0002552
Quinoline quinones,https://data.omgeving.vlaanderen.be/id/concept/chemical_substance/0002570
Quinoline-3-carboxamides,https://data.omgeving.vlaanderen.be/id/concept/chemical_substance/0002252
Quinoline-3-sulfonamides,https://data.omgeving.vlaanderen.be/id/concept/chemical_substance/0001513
Quinolines and derivatives,https://data.omgeving.vlaanderen.be/id/concept/chemical_substance/0001253
Quinolizidines,https://data.omgeving.vlaanderen.be/id/concept/chemical_substance/0000221
Quinolizidinones,https://data.omgeving.vlaanderen.be/id/concept/chemical_substance/0001325
Quinolizine carboxylic acids and derivatives,https://data.omgeving.vlaanderen.be/id/concept/chemical_substance/0002238
Quinolizines,https://data.omgeving.vlaanderen.be/id/concept/chemical_substance/0000222
"Quinolo[1,2-a]quinazolines",https://data.omgeving.vlaanderen.be/id/concept/chemical_substance/0004333
Quinolones and derivatives,https://data.omgeving.vlaanderen.be/id/concept/chemical_substance/0000056
Quinomethanes,https://data.omgeving.vlaanderen.be/id/concept/chemical_substance/0000125
Quinone and hydroquinone lipids,https://data.omgeving.vlaanderen.be/id/concept/chemical_substance/0001534
Quinones,https://data.omgeving.vlaanderen.be/id/concept/chemical_substance/0002495
Quinonimines,https://data.omgeving.vlaanderen.be/id/concept/chemical_substance/0002892
Quinoxalines,https://data.omgeving.vlaanderen.be/id/concept/chemical_substance/0000486
Quinuclidines,https://data.omgeving.vlaanderen.be/id/concept/chemical_substance/0000252
Quinuclidones,https://data.omgeving.vlaanderen.be/id/concept/chemical_substance/0001805
Ranaconitine-type diterpenoid alkaloids,https://data.omgeving.vlaanderen.be/id/concept/chemical_substance/0003790
Resorcinols,https://data.omgeving.vlaanderen.be/id/concept/chemical_substance/0000137
Retinoid esters,https://data.omgeving.vlaanderen.be/id/concept/chemical_substance/0001575
Retinoids,https://data.omgeving.vlaanderen.be/id/concept/chemical_substance/0001606
Retro-dihydrochalcones,https://data.omgeving.vlaanderen.be/id/concept/chemical_substance/0003475
Retrochalcones,https://data.omgeving.vlaanderen.be/id/concept/chemical_substance/0003474
Rhamnofolane and daphnane diterpenoids,https://data.omgeving.vlaanderen.be/id/concept/chemical_substance/0003494
Rhamnolipids,https://data.omgeving.vlaanderen.be/id/concept/chemical_substance/0001765
Rhazinilam alkaloids,https://data.omgeving.vlaanderen.be/id/concept/chemical_substance/0002758
Rhoeadine alkaloids,https://data.omgeving.vlaanderen.be/id/concept/chemical_substance/0002658
Ribonucleoside 3'-phosphates,https://data.omgeving.vlaanderen.be/id/concept/chemical_substance/0004404
Ribonucleoside phosphoramidites,https://data.omgeving.vlaanderen.be/id/concept/chemical_substance/0004364
Rotenoid O-glycosides,https://data.omgeving.vlaanderen.be/id/concept/chemical_substance/0001741
Rotenoids,https://data.omgeving.vlaanderen.be/id/concept/chemical_substance/0001607
Rotenones,https://data.omgeving.vlaanderen.be/id/concept/chemical_substance/0003528
Rotundane sesquiterpenoids,https://data.omgeving.vlaanderen.be/id/concept/chemical_substance/0003563
S-(2-hydroxyacyl)glutathiones,https://data.omgeving.vlaanderen.be/id/concept/chemical_substance/0004546
S-Alkyl-thiocarbamates,https://data.omgeving.vlaanderen.be/id/concept/chemical_substance/0004427
S-acylglutathiones,https://data.omgeving.vlaanderen.be/id/concept/chemical_substance/0003052
S-alkyl thiosulfates,https://data.omgeving.vlaanderen.be/id/concept/chemical_substance/0003443
S-alkyl-CoAs,https://data.omgeving.vlaanderen.be/id/concept/chemical_substance/0003440
S-alkyl-L-cysteine S-oxides,https://data.omgeving.vlaanderen.be/id/concept/chemical_substance/0003442
S-alkyl-L-cysteines,https://data.omgeving.vlaanderen.be/id/concept/chemical_substance/0003441
S-alkyl-thiohydroximates,https://data.omgeving.vlaanderen.be/id/concept/chemical_substance/0004138
S-alkylisothiosemicarbazones,https://data.omgeving.vlaanderen.be/id/concept/chemical_substance/0004694
S-alkylsulfenates,https://data.omgeving.vlaanderen.be/id/concept/chemical_substance/0004175
S-aminosulfonimidothioyl compounds,https://data.omgeving.vlaanderen.be/id/concept/chemical_substance/0003142
S-glucuronides,https://data.omgeving.vlaanderen.be/id/concept/chemical_substance/0002816
S-hydrazinosulfonimidoyl compounds,https://data.omgeving.vlaanderen.be/id/concept/chemical_substance/0003141
S-prenyl-L-cysteines,https://data.omgeving.vlaanderen.be/id/concept/chemical_substance/0004260
S-sulfo-L-cysteines,https://data.omgeving.vlaanderen.be/id/concept/chemical_substance/0004556
S-thiocarbamates,https://data.omgeving.vlaanderen.be/id/concept/chemical_substance/0004426
S-triazinyl-2-sulfonylureas,https://data.omgeving.vlaanderen.be/id/concept/chemical_substance/0004706
SO-thioperoxols,https://data.omgeving.vlaanderen.be/id/concept/chemical_substance/0003158
Saccharolipids,https://data.omgeving.vlaanderen.be/id/concept/chemical_substance/0003918
Salicylamides,https://data.omgeving.vlaanderen.be/id/concept/chemical_substance/0002515
Salicylic acid and derivatives,https://data.omgeving.vlaanderen.be/id/concept/chemical_substance/0000487
Salicylic acids,https://data.omgeving.vlaanderen.be/id/concept/chemical_substance/0002514
Salt-like carbides,https://data.omgeving.vlaanderen.be/id/concept/chemical_substance/0004468
Samamine-type alkaloids,https://data.omgeving.vlaanderen.be/id/concept/chemical_substance/0002727
Samandarines,https://data.omgeving.vlaanderen.be/id/concept/chemical_substance/0002734
Saturated hydrocarbons,https://data.omgeving.vlaanderen.be/id/concept/chemical_substance/0004474
"Saxitoxins, gonyautoxins, and derivatives",https://data.omgeving.vlaanderen.be/id/concept/chemical_substance/0001800
Scalarane sesterterpenoids,https://data.omgeving.vlaanderen.be/id/concept/chemical_substance/0002883
Schizozygine alkaloids,https://data.omgeving.vlaanderen.be/id/concept/chemical_substance/0003763
Secobenzophenanthridine alkaloids,https://data.omgeving.vlaanderen.be/id/concept/chemical_substance/0002670
Secondary alcohols,https://data.omgeving.vlaanderen.be/id/concept/chemical_substance/0001661
Secondary alkylarylamines,https://data.omgeving.vlaanderen.be/id/concept/chemical_substance/0002458
Secondary amines,https://data.omgeving.vlaanderen.be/id/concept/chemical_substance/0002451
Secondary carboxylic acid amides,https://data.omgeving.vlaanderen.be/id/concept/chemical_substance/0001663
Secondary ketimines,https://data.omgeving.vlaanderen.be/id/concept/chemical_substance/0002375
Secondary stibines,https://data.omgeving.vlaanderen.be/id/concept/chemical_substance/0004291
Selenanthrenes,https://data.omgeving.vlaanderen.be/id/concept/chemical_substance/0003696
Selenazoles,https://data.omgeving.vlaanderen.be/id/concept/chemical_substance/0002428
Selenenic acids,https://data.omgeving.vlaanderen.be/id/concept/chemical_substance/0004826
Selenenyl halides,https://data.omgeving.vlaanderen.be/id/concept/chemical_substance/0002471
Selenimidic acids,https://data.omgeving.vlaanderen.be/id/concept/chemical_substance/0003117
Seleninic acids and derivatives,https://data.omgeving.vlaanderen.be/id/concept/chemical_substance/0002027
Seleninohydrazides,https://data.omgeving.vlaanderen.be/id/concept/chemical_substance/0003162
Seleninyl compounds,https://data.omgeving.vlaanderen.be/id/concept/chemical_substance/0003119
Seleniranes,https://data.omgeving.vlaanderen.be/id/concept/chemical_substance/0002476
Selenocarbonyl compounds,https://data.omgeving.vlaanderen.be/id/concept/chemical_substance/0003123
Selenocyanates,https://data.omgeving.vlaanderen.be/id/concept/chemical_substance/0002470
Selenodiimidic acids,https://data.omgeving.vlaanderen.be/id/concept/chemical_substance/0003116
Selenoesters,https://data.omgeving.vlaanderen.be/id/concept/chemical_substance/0002430
Selenoethers,https://data.omgeving.vlaanderen.be/id/concept/chemical_substance/0002429
Selenoglycosides,https://data.omgeving.vlaanderen.be/id/concept/chemical_substance/0002206
Selenols,https://data.omgeving.vlaanderen.be/id/concept/chemical_substance/0002040
Selenonohydrazides,https://data.omgeving.vlaanderen.be/id/concept/chemical_substance/0003163
Selenonyl compounds,https://data.omgeving.vlaanderen.be/id/concept/chemical_substance/0003120
Selenophenes,https://data.omgeving.vlaanderen.be/id/concept/chemical_substance/0004169
Selenoxides,https://data.omgeving.vlaanderen.be/id/concept/chemical_substance/0002473
Selones,https://data.omgeving.vlaanderen.be/id/concept/chemical_substance/0002041
Semicarbazides,https://data.omgeving.vlaanderen.be/id/concept/chemical_substance/0000114
Semicarbazones,https://data.omgeving.vlaanderen.be/id/concept/chemical_substance/0000115
Semilysobisphosphatidic acids,https://data.omgeving.vlaanderen.be/id/concept/chemical_substance/0001750
Semioxamazones,https://data.omgeving.vlaanderen.be/id/concept/chemical_substance/0002029
Serine and derivatives,https://data.omgeving.vlaanderen.be/id/concept/chemical_substance/0004316
Serotonins,https://data.omgeving.vlaanderen.be/id/concept/chemical_substance/0001637
Serratane and onocerane triterpenoids,https://data.omgeving.vlaanderen.be/id/concept/chemical_substance/0002918
Sesquaterpenoids,https://data.omgeving.vlaanderen.be/id/concept/chemical_substance/0000357
Sesquiterpene glycosides,https://data.omgeving.vlaanderen.be/id/concept/chemical_substance/0000263
Sesquiterpene lactones,https://data.omgeving.vlaanderen.be/id/concept/chemical_substance/0001543
Sesquiterpenoids,https://data.omgeving.vlaanderen.be/id/concept/chemical_substance/0001550
Sesterterpene lactones,https://data.omgeving.vlaanderen.be/id/concept/chemical_substance/0000702
Sesterterpenoids,https://data.omgeving.vlaanderen.be/id/concept/chemical_substance/0001552
Shiff bases,https://data.omgeving.vlaanderen.be/id/concept/chemical_substance/0002394
Shikimic acids and derivatves,https://data.omgeving.vlaanderen.be/id/concept/chemical_substance/0002278
Shogaols,https://data.omgeving.vlaanderen.be/id/concept/chemical_substance/0001708
Short-chain aldehydes,https://data.omgeving.vlaanderen.be/id/concept/chemical_substance/0002230
Short-chain hydroxy acids and derivatives,https://data.omgeving.vlaanderen.be/id/concept/chemical_substance/0000266
Short-chain keto acids and derivatives,https://data.omgeving.vlaanderen.be/id/concept/chemical_substance/0001416
Silanols,https://data.omgeving.vlaanderen.be/id/concept/chemical_substance/0003201
Siloxanes,https://data.omgeving.vlaanderen.be/id/concept/chemical_substance/0004446
Silyl dihalides,https://data.omgeving.vlaanderen.be/id/concept/chemical_substance/0003897
Silyl enol ethers,https://data.omgeving.vlaanderen.be/id/concept/chemical_substance/0002053
Silyl ethers,https://data.omgeving.vlaanderen.be/id/concept/chemical_substance/0003200
Silyl monohalides,https://data.omgeving.vlaanderen.be/id/concept/chemical_substance/0003896
Silyl trihalides,https://data.omgeving.vlaanderen.be/id/concept/chemical_substance/0003898
Simple glycosylceramides,https://data.omgeving.vlaanderen.be/id/concept/chemical_substance/0001428
Simplexides,https://data.omgeving.vlaanderen.be/id/concept/chemical_substance/0001754
Sn1-2-MCPD monoesters,https://data.omgeving.vlaanderen.be/id/concept/chemical_substance/0003660
Sn1-3-MCPD monoesters,https://data.omgeving.vlaanderen.be/id/concept/chemical_substance/0003658
Sn2-3-MCPD monoesters,https://data.omgeving.vlaanderen.be/id/concept/chemical_substance/0003659
Solanidines and derivatives,https://data.omgeving.vlaanderen.be/id/concept/chemical_substance/0001703
Solanocapsine-type alkaloids,https://data.omgeving.vlaanderen.be/id/concept/chemical_substance/0002725
Sophorolipids,https://data.omgeving.vlaanderen.be/id/concept/chemical_substance/0002201
"Sparteine, lupanine, and related alkaloids",https://data.omgeving.vlaanderen.be/id/concept/chemical_substance/0001795
"Spatane and 4,10-secospatane diterpenoids",https://data.omgeving.vlaanderen.be/id/concept/chemical_substance/0001595
Sphaerane diterpenoids,https://data.omgeving.vlaanderen.be/id/concept/chemical_substance/0002880
Sphaeroane diterpenoids,https://data.omgeving.vlaanderen.be/id/concept/chemical_substance/0001147
Sphenolobane diterpenoids,https://data.omgeving.vlaanderen.be/id/concept/chemical_substance/0003397
Sphingolipids,https://data.omgeving.vlaanderen.be/id/concept/chemical_substance/0000257
Sphingomyelins,https://data.omgeving.vlaanderen.be/id/concept/chemical_substance/0001131
Sphingosylphosphorylcholines,https://data.omgeving.vlaanderen.be/id/concept/chemical_substance/0001972
Spironolactones and derivatives,https://data.omgeving.vlaanderen.be/id/concept/chemical_substance/0001807
Spirosolanes and derivatives,https://data.omgeving.vlaanderen.be/id/concept/chemical_substance/0001704
Spirostanes and derivatives,https://data.omgeving.vlaanderen.be/id/concept/chemical_substance/0001700
Stannines,https://data.omgeving.vlaanderen.be/id/concept/chemical_substance/0002115
Stannoles,https://data.omgeving.vlaanderen.be/id/concept/chemical_substance/0002116
Stemarane diterpenoids,https://data.omgeving.vlaanderen.be/id/concept/chemical_substance/0003400
Stemoamide-type alkaloids,https://data.omgeving.vlaanderen.be/id/concept/chemical_substance/0003914
Stemona alkaloids,https://data.omgeving.vlaanderen.be/id/concept/chemical_substance/0003427
Stemonamine-type alkaloids,https://data.omgeving.vlaanderen.be/id/concept/chemical_substance/0003915
Stenine-type alkaloids,https://data.omgeving.vlaanderen.be/id/concept/chemical_substance/0003913
Sterigmatocystins,https://data.omgeving.vlaanderen.be/id/concept/chemical_substance/0001817
Steroid acids,https://data.omgeving.vlaanderen.be/id/concept/chemical_substance/0003364
Steroid esters,https://data.omgeving.vlaanderen.be/id/concept/chemical_substance/0001691
Steroid glucuronide conjugates,https://data.omgeving.vlaanderen.be/id/concept/chemical_substance/0001447
Steroid lactones,https://data.omgeving.vlaanderen.be/id/concept/chemical_substance/0001125
Steroidal acyl CoAs,https://data.omgeving.vlaanderen.be/id/concept/chemical_substance/0001171
Steroidal alkaloid glycosides,https://data.omgeving.vlaanderen.be/id/concept/chemical_substance/0004156
Steroidal alkaloids,https://data.omgeving.vlaanderen.be/id/concept/chemical_substance/0002724
Steroidal glycosides,https://data.omgeving.vlaanderen.be/id/concept/chemical_substance/0001013
Steroidal saponins,https://data.omgeving.vlaanderen.be/id/concept/chemical_substance/0002364
Steroids and steroid derivatives,https://data.omgeving.vlaanderen.be/id/concept/chemical_substance/0000258
Steviol glycosides,https://data.omgeving.vlaanderen.be/id/concept/chemical_substance/0001756
Stichoneurine-type alkaloids,https://data.omgeving.vlaanderen.be/id/concept/chemical_substance/0003429
Stigmastanes and derivatives,https://data.omgeving.vlaanderen.be/id/concept/chemical_substance/0002031
Stilbene glycosides,https://data.omgeving.vlaanderen.be/id/concept/chemical_substance/0000142
Stilbenes,https://data.omgeving.vlaanderen.be/id/concept/chemical_substance/0000253
Stilbenolignans,https://data.omgeving.vlaanderen.be/id/concept/chemical_substance/0003495
Straight chain fatty acids,https://data.omgeving.vlaanderen.be/id/concept/chemical_substance/0000333
Streptamine aminoglycosides,https://data.omgeving.vlaanderen.be/id/concept/chemical_substance/0003576
Strictosidine alkaloids,https://data.omgeving.vlaanderen.be/id/concept/chemical_substance/0003791
Strigolactones,https://data.omgeving.vlaanderen.be/id/concept/chemical_substance/0001284
Strychnos alkaloids,https://data.omgeving.vlaanderen.be/id/concept/chemical_substance/0002749
Styrenes,https://data.omgeving.vlaanderen.be/id/concept/chemical_substance/0000037
Substituted imidazole-4-acetic acid and analogues,https://data.omgeving.vlaanderen.be/id/concept/chemical_substance/0004374
Substituted imidazoles,https://data.omgeving.vlaanderen.be/id/concept/chemical_substance/0002310
Substituted pyrroles,https://data.omgeving.vlaanderen.be/id/concept/chemical_substance/0002257
Sugar acids and derivatives,https://data.omgeving.vlaanderen.be/id/concept/chemical_substance/0000215
Sugar alcohols,https://data.omgeving.vlaanderen.be/id/concept/chemical_substance/0002210
Sugar amino acids and derivatives,https://data.omgeving.vlaanderen.be/id/concept/chemical_substance/0001366
Sulfamic acid derivatives,https://data.omgeving.vlaanderen.be/id/concept/chemical_substance/0000039
Sulfanilides,https://data.omgeving.vlaanderen.be/id/concept/chemical_substance/0000038
Sulfanylbenzoic acids,https://data.omgeving.vlaanderen.be/id/concept/chemical_substance/0002784
Sulfanylbenzoic acids and derivatives,https://data.omgeving.vlaanderen.be/id/concept/chemical_substance/0002086
Sulfated fatty acids,https://data.omgeving.vlaanderen.be/id/concept/chemical_substance/0001425
Sulfated flavonoids,https://data.omgeving.vlaanderen.be/id/concept/chemical_substance/0003005
Sulfated steroids,https://data.omgeving.vlaanderen.be/id/concept/chemical_substance/0001692
Sulfatides,https://data.omgeving.vlaanderen.be/id/concept/chemical_substance/0001440
Sulfenes,https://data.omgeving.vlaanderen.be/id/concept/chemical_substance/0000010
Sulfenic acid esters,https://data.omgeving.vlaanderen.be/id/concept/chemical_substance/0001173
Sulfenyl compounds,https://data.omgeving.vlaanderen.be/id/concept/chemical_substance/0003260
Sulfenyl halides,https://data.omgeving.vlaanderen.be/id/concept/chemical_substance/0003261
Sulfimides,https://data.omgeving.vlaanderen.be/id/concept/chemical_substance/0002929
Sulfinamidines,https://data.omgeving.vlaanderen.be/id/concept/chemical_substance/0001046
Sulfines,https://data.omgeving.vlaanderen.be/id/concept/chemical_substance/0000009
Sulfinic acid amides,https://data.omgeving.vlaanderen.be/id/concept/chemical_substance/0001175
Sulfinic acid esters,https://data.omgeving.vlaanderen.be/id/concept/chemical_substance/0001176
Sulfinic acid halides,https://data.omgeving.vlaanderen.be/id/concept/chemical_substance/0001177
Sulfinic acids,https://data.omgeving.vlaanderen.be/id/concept/chemical_substance/0001269
Sulfinic acids and derivatives,https://data.omgeving.vlaanderen.be/id/concept/chemical_substance/0000269
Sulfinohydrazonic acids,https://data.omgeving.vlaanderen.be/id/concept/chemical_substance/0002535
Sulfinohydrazonoperoxoic acids,https://data.omgeving.vlaanderen.be/id/concept/chemical_substance/0002899
Sulfinohydroximic acids,https://data.omgeving.vlaanderen.be/id/concept/chemical_substance/0002534
Sulfinoimidoperoxoic acids,https://data.omgeving.vlaanderen.be/id/concept/chemical_substance/0003156
Sulfinyl compounds,https://data.omgeving.vlaanderen.be/id/concept/chemical_substance/0003130
Sulfinyl halides,https://data.omgeving.vlaanderen.be/id/concept/chemical_substance/0003262
Sulfinyl sulfones,https://data.omgeving.vlaanderen.be/id/concept/chemical_substance/0003591
Sulfinylamines,https://data.omgeving.vlaanderen.be/id/concept/chemical_substance/0001905
Sulfinylbenzimidazoles,https://data.omgeving.vlaanderen.be/id/concept/chemical_substance/0001891
Sulfite esters,https://data.omgeving.vlaanderen.be/id/concept/chemical_substance/0002074
Sulfobenzoic acids,https://data.omgeving.vlaanderen.be/id/concept/chemical_substance/0000034
Sulfonated stilbenes,https://data.omgeving.vlaanderen.be/id/concept/chemical_substance/0004785
Sulfonediimides,https://data.omgeving.vlaanderen.be/id/concept/chemical_substance/0003991
Sulfones,https://data.omgeving.vlaanderen.be/id/concept/chemical_substance/0000505
Sulfonic acid esters,https://data.omgeving.vlaanderen.be/id/concept/chemical_substance/0004435
Sulfonimidamides,https://data.omgeving.vlaanderen.be/id/concept/chemical_substance/0003154
Sulfonimidic acids,https://data.omgeving.vlaanderen.be/id/concept/chemical_substance/0003113
Sulfonimidodithioic acids,https://data.omgeving.vlaanderen.be/id/concept/chemical_substance/0003146
Sulfonimidoselenoic acids,https://data.omgeving.vlaanderen.be/id/concept/chemical_substance/0003147
Sulfono(thioperoxoic) SO-acids,https://data.omgeving.vlaanderen.be/id/concept/chemical_substance/0004356
Sulfonodihydrazonic acids,https://data.omgeving.vlaanderen.be/id/concept/chemical_substance/0003114
Sulfonodiimidamides,https://data.omgeving.vlaanderen.be/id/concept/chemical_substance/0003155
Sulfonodiimidic acids,https://data.omgeving.vlaanderen.be/id/concept/chemical_substance/0003151
Sulfonodiimidoperoxoic acids,https://data.omgeving.vlaanderen.be/id/concept/chemical_substance/0003150
Sulfonohydrazides,https://data.omgeving.vlaanderen.be/id/concept/chemical_substance/0002959
Sulfonohydrazonamides,https://data.omgeving.vlaanderen.be/id/concept/chemical_substance/0003148
Sulfonohydrazonic acids,https://data.omgeving.vlaanderen.be/id/concept/chemical_substance/0003112
Sulfonohydrazonimidic acids,https://data.omgeving.vlaanderen.be/id/concept/chemical_substance/0003118
Sulfonohydrazonothioic o-acids,https://data.omgeving.vlaanderen.be/id/concept/chemical_substance/0003144
Sulfonohydrazonothioic s-acids,https://data.omgeving.vlaanderen.be/id/concept/chemical_substance/0003145
Sulfonoperoxoic acids,https://data.omgeving.vlaanderen.be/id/concept/chemical_substance/0004359
Sulfonoselenoic Se-acids,https://data.omgeving.vlaanderen.be/id/concept/chemical_substance/0004360
Sulfonothioic O-acids,https://data.omgeving.vlaanderen.be/id/concept/chemical_substance/0004357
Sulfonothioic S-acids,https://data.omgeving.vlaanderen.be/id/concept/chemical_substance/0004358
Sulfonphthalides,https://data.omgeving.vlaanderen.be/id/concept/chemical_substance/0001874
Sulfonyl azides,https://data.omgeving.vlaanderen.be/id/concept/chemical_substance/0003199
Sulfonyl bromides,https://data.omgeving.vlaanderen.be/id/concept/chemical_substance/0001041
Sulfonyl chlorides,https://data.omgeving.vlaanderen.be/id/concept/chemical_substance/0001042
Sulfonyl fluorides,https://data.omgeving.vlaanderen.be/id/concept/chemical_substance/0001043
Sulfonyl halides,https://data.omgeving.vlaanderen.be/id/concept/chemical_substance/0000506
Sulfonyl iodides,https://data.omgeving.vlaanderen.be/id/concept/chemical_substance/0001044
Sulfonyl isocyanates,https://data.omgeving.vlaanderen.be/id/concept/chemical_substance/0004515
Sulfonyl isothiocyanates,https://data.omgeving.vlaanderen.be/id/concept/chemical_substance/0004516
"Sulfonyl-1,2,3-triazoles",https://data.omgeving.vlaanderen.be/id/concept/chemical_substance/0001119
"Sulfonyl-1,2,4-triazoles",https://data.omgeving.vlaanderen.be/id/concept/chemical_substance/0001120
Sulfonylamines,https://data.omgeving.vlaanderen.be/id/concept/chemical_substance/0002860
Sulfonylanilines,https://data.omgeving.vlaanderen.be/id/concept/chemical_substance/0001141
Sulfonylnitrenes,https://data.omgeving.vlaanderen.be/id/concept/chemical_substance/0003975
Sulfonyls,https://data.omgeving.vlaanderen.be/id/concept/chemical_substance/0001157
Sulfonylureas,https://data.omgeving.vlaanderen.be/id/concept/chemical_substance/0000490
Sulfoquinovosyl 1-monoacylglycerols,https://data.omgeving.vlaanderen.be/id/concept/chemical_substance/0003063
Sulfoquinovosyl 2-monoacylglycerols,https://data.omgeving.vlaanderen.be/id/concept/chemical_substance/0003064
Sulfoquinovosyldiacylglycerols,https://data.omgeving.vlaanderen.be/id/concept/chemical_substance/0002264
Sulfoquinovosylmonoacylglycerols,https://data.omgeving.vlaanderen.be/id/concept/chemical_substance/0003062
Sulfosalicyclic acids,https://data.omgeving.vlaanderen.be/id/concept/chemical_substance/0002560
Sulfosalicylic acids and derivatives,https://data.omgeving.vlaanderen.be/id/concept/chemical_substance/0002559
Sulfoxides,https://data.omgeving.vlaanderen.be/id/concept/chemical_substance/0000491
Sulfur mustard compounds,https://data.omgeving.vlaanderen.be/id/concept/chemical_substance/0001279
Sulfur-containing organoarsenic compounds,https://data.omgeving.vlaanderen.be/id/concept/chemical_substance/0004240
Sulfuric acid amide esters,https://data.omgeving.vlaanderen.be/id/concept/chemical_substance/0001186
Sulfuric acid diamides,https://data.omgeving.vlaanderen.be/id/concept/chemical_substance/0001183
Sulfuric acid diesters,https://data.omgeving.vlaanderen.be/id/concept/chemical_substance/0001184
Sulfuric acid esters,https://data.omgeving.vlaanderen.be/id/concept/chemical_substance/0003455
Sulfuric acid monoamides,https://data.omgeving.vlaanderen.be/id/concept/chemical_substance/0001181
Sulfuric acid monoesters,https://data.omgeving.vlaanderen.be/id/concept/chemical_substance/0001185
Sultams,https://data.omgeving.vlaanderen.be/id/concept/chemical_substance/0000509
Sultims,https://data.omgeving.vlaanderen.be/id/concept/chemical_substance/0001387
Tacaman alkaloids,https://data.omgeving.vlaanderen.be/id/concept/chemical_substance/0002759
Tametralines,https://data.omgeving.vlaanderen.be/id/concept/chemical_substance/0000049
Tannins,https://data.omgeving.vlaanderen.be/id/concept/chemical_substance/0000238
Tanshinlactones and derivatives,https://data.omgeving.vlaanderen.be/id/concept/chemical_substance/0002549
"Tanshinones, isotanshinones, and derivatives",https://data.omgeving.vlaanderen.be/id/concept/chemical_substance/0002548
"Taraxastane, ursane, and bauerane triterpenoids",https://data.omgeving.vlaanderen.be/id/concept/chemical_substance/0002886
"Taraxerane, multiflorane, glutinane and friedelane triterpenoids",https://data.omgeving.vlaanderen.be/id/concept/chemical_substance/0002887
Taurinated bile acids and derivatives,https://data.omgeving.vlaanderen.be/id/concept/chemical_substance/0001159
Taxanes and derivatives,https://data.omgeving.vlaanderen.be/id/concept/chemical_substance/0000676
Tazettine-type amaryllidaceae alkaloids,https://data.omgeving.vlaanderen.be/id/concept/chemical_substance/0004124
Tellones,https://data.omgeving.vlaanderen.be/id/concept/chemical_substance/0002426
Telluraldehydes,https://data.omgeving.vlaanderen.be/id/concept/chemical_substance/0002477
Telluric acids,https://data.omgeving.vlaanderen.be/id/concept/chemical_substance/0002481
Telluric acids and derivatives,https://data.omgeving.vlaanderen.be/id/concept/chemical_substance/0002480
Tellurinohydrazides,https://data.omgeving.vlaanderen.be/id/concept/chemical_substance/0003161
Tellurinohydrazonic acids,https://data.omgeving.vlaanderen.be/id/concept/chemical_substance/0003115
Tellurinyl compounds,https://data.omgeving.vlaanderen.be/id/concept/chemical_substance/0003122
Tellurocarbonyl compounds,https://data.omgeving.vlaanderen.be/id/concept/chemical_substance/0003124
Telluroethers,https://data.omgeving.vlaanderen.be/id/concept/chemical_substance/0002431
Tellurols,https://data.omgeving.vlaanderen.be/id/concept/chemical_substance/0002425
Tellurones,https://data.omgeving.vlaanderen.be/id/concept/chemical_substance/0002479
Telluronohydrazides,https://data.omgeving.vlaanderen.be/id/concept/chemical_substance/0003160
Telluronyl compounds,https://data.omgeving.vlaanderen.be/id/concept/chemical_substance/0003121
Telluroxides,https://data.omgeving.vlaanderen.be/id/concept/chemical_substance/0002482
Terminal alkynes,https://data.omgeving.vlaanderen.be/id/concept/chemical_substance/0002438
Terpene glycosides,https://data.omgeving.vlaanderen.be/id/concept/chemical_substance/0002049
Terpene lactones,https://data.omgeving.vlaanderen.be/id/concept/chemical_substance/0001283
Terphenyls,https://data.omgeving.vlaanderen.be/id/concept/chemical_substance/0002042
Tertiary alcohols,https://data.omgeving.vlaanderen.be/id/concept/chemical_substance/0001670
Tertiary alkylarylamines,https://data.omgeving.vlaanderen.be/id/concept/chemical_substance/0002454
Tertiary amines,https://data.omgeving.vlaanderen.be/id/concept/chemical_substance/0002452
Tertiary arsines,https://data.omgeving.vlaanderen.be/id/concept/chemical_substance/0004237
Tertiary carboxylic acid amides,https://data.omgeving.vlaanderen.be/id/concept/chemical_substance/0001664
Tetraalkylammonium salts,https://data.omgeving.vlaanderen.be/id/concept/chemical_substance/0004225
Tetraalkylphosphonium compounds,https://data.omgeving.vlaanderen.be/id/concept/chemical_substance/0004327
Tetraalkylphosphonium halides,https://data.omgeving.vlaanderen.be/id/concept/chemical_substance/0004328
Tetraalkyltins,https://data.omgeving.vlaanderen.be/id/concept/chemical_substance/0004347
Tetracarboxylic acids and derivatives,https://data.omgeving.vlaanderen.be/id/concept/chemical_substance/0002966
Tetracenequinones,https://data.omgeving.vlaanderen.be/id/concept/chemical_substance/0000155
Tetracyclines,https://data.omgeving.vlaanderen.be/id/concept/chemical_substance/0000181
Tetrahydrofolic acids,https://data.omgeving.vlaanderen.be/id/concept/chemical_substance/0002954
Tetrahydrofolic acids and derivatives,https://data.omgeving.vlaanderen.be/id/concept/chemical_substance/0002618
Tetrahydrofuran lignans,https://data.omgeving.vlaanderen.be/id/concept/chemical_substance/0001604
Tetrahydrofurans,https://data.omgeving.vlaanderen.be/id/concept/chemical_substance/0002648
Tetrahydroisoquinolines,https://data.omgeving.vlaanderen.be/id/concept/chemical_substance/0002955
Tetrahydropteroic acids,https://data.omgeving.vlaanderen.be/id/concept/chemical_substance/0003045
Tetrahydropteroic acids and derivatives,https://data.omgeving.vlaanderen.be/id/concept/chemical_substance/0003042
Tetrahydropyridines,https://data.omgeving.vlaanderen.be/id/concept/chemical_substance/0001934
"Tetrahydroxy bile acids, alcohols and derivatives",https://data.omgeving.vlaanderen.be/id/concept/chemical_substance/0001110
Tetralins,https://data.omgeving.vlaanderen.be/id/concept/chemical_substance/0000048
Tetraorganoalkoxyarsoranes,https://data.omgeving.vlaanderen.be/id/concept/chemical_substance/0004284
Tetraorganoarsonium salts,https://data.omgeving.vlaanderen.be/id/concept/chemical_substance/0004238
Tetraorganolead compounds,https://data.omgeving.vlaanderen.be/id/concept/chemical_substance/0004289
Tetraorganostibonium salts,https://data.omgeving.vlaanderen.be/id/concept/chemical_substance/0004249
Tetraorganotin compounds,https://data.omgeving.vlaanderen.be/id/concept/chemical_substance/0004348
Tetrapyrroles and derivatives,https://data.omgeving.vlaanderen.be/id/concept/chemical_substance/0001455
Tetrasubstituted imidazoles,https://data.omgeving.vlaanderen.be/id/concept/chemical_substance/0002632
Tetraterpenoids,https://data.omgeving.vlaanderen.be/id/concept/chemical_substance/0001554
Tetrathianes,https://data.omgeving.vlaanderen.be/id/concept/chemical_substance/0002050
Tetrazines,https://data.omgeving.vlaanderen.be/id/concept/chemical_substance/0000092
Tetrazoles,https://data.omgeving.vlaanderen.be/id/concept/chemical_substance/0000111
Tetrazolidines,https://data.omgeving.vlaanderen.be/id/concept/chemical_substance/0001842
Tetrazolines,https://data.omgeving.vlaanderen.be/id/concept/chemical_substance/0001080
Tetrodotoxins,https://data.omgeving.vlaanderen.be/id/concept/chemical_substance/0001639
Tetroses,https://data.omgeving.vlaanderen.be/id/concept/chemical_substance/0001496
Thia fatty acids,https://data.omgeving.vlaanderen.be/id/concept/chemical_substance/0001423
Thiadiazinanes,https://data.omgeving.vlaanderen.be/id/concept/chemical_substance/0003094
Thiadiazines,https://data.omgeving.vlaanderen.be/id/concept/chemical_substance/0000224
Thiadiazole sulfonamides,https://data.omgeving.vlaanderen.be/id/concept/chemical_substance/0002326
Thiadiazoles,https://data.omgeving.vlaanderen.be/id/concept/chemical_substance/0000093
Thiadiazolidines,https://data.omgeving.vlaanderen.be/id/concept/chemical_substance/0002015
Thiadiazolines,https://data.omgeving.vlaanderen.be/id/concept/chemical_substance/0002016
Thiaergolines,https://data.omgeving.vlaanderen.be/id/concept/chemical_substance/0001784
Thiamine phosphates,https://data.omgeving.vlaanderen.be/id/concept/chemical_substance/0001287
Thiamines,https://data.omgeving.vlaanderen.be/id/concept/chemical_substance/0001285
Thianes,https://data.omgeving.vlaanderen.be/id/concept/chemical_substance/0001894
Thianthrenes,https://data.omgeving.vlaanderen.be/id/concept/chemical_substance/0002803
Thiasteroids and derivatives,https://data.omgeving.vlaanderen.be/id/concept/chemical_substance/0002383
Thiatriazoles,https://data.omgeving.vlaanderen.be/id/concept/chemical_substance/0002561
Thiazepines,https://data.omgeving.vlaanderen.be/id/concept/chemical_substance/0000068
Thiazetidines,https://data.omgeving.vlaanderen.be/id/concept/chemical_substance/0001881
Thiazinanes,https://data.omgeving.vlaanderen.be/id/concept/chemical_substance/0001884
Thiazinanethiones,https://data.omgeving.vlaanderen.be/id/concept/chemical_substance/0001919
Thiazines,https://data.omgeving.vlaanderen.be/id/concept/chemical_substance/0000094
Thiaziridines,https://data.omgeving.vlaanderen.be/id/concept/chemical_substance/0000493
Thiazolecarboxamides,https://data.omgeving.vlaanderen.be/id/concept/chemical_substance/0002008
Thiazolecarboxylic acids,https://data.omgeving.vlaanderen.be/id/concept/chemical_substance/0002418
Thiazolecarboxylic acids and derivatives,https://data.omgeving.vlaanderen.be/id/concept/chemical_substance/0002007
Thiazoles,https://data.omgeving.vlaanderen.be/id/concept/chemical_substance/0000095
Thiazolidinediones,https://data.omgeving.vlaanderen.be/id/concept/chemical_substance/0000228
Thiazolidines,https://data.omgeving.vlaanderen.be/id/concept/chemical_substance/0000226
Thiazolidinethiones,https://data.omgeving.vlaanderen.be/id/concept/chemical_substance/0001923
Thiazolidinones,https://data.omgeving.vlaanderen.be/id/concept/chemical_substance/0000227
Thiazolines,https://data.omgeving.vlaanderen.be/id/concept/chemical_substance/0000229
Thienamycins,https://data.omgeving.vlaanderen.be/id/concept/chemical_substance/0002362
"Thieno[2,3-d]pyrimidine glycosides",https://data.omgeving.vlaanderen.be/id/concept/chemical_substance/0003748
"Thieno[3,4-c]pyridazines",https://data.omgeving.vlaanderen.be/id/concept/chemical_substance/0003353
"Thieno[3,4-d]pyridazines",https://data.omgeving.vlaanderen.be/id/concept/chemical_substance/0003354
Thienobenzoxepines,https://data.omgeving.vlaanderen.be/id/concept/chemical_substance/0002573
Thienodiazepines,https://data.omgeving.vlaanderen.be/id/concept/chemical_substance/0002313
Thienoimidazoles,https://data.omgeving.vlaanderen.be/id/concept/chemical_substance/0000243
Thienoimidazolidines,https://data.omgeving.vlaanderen.be/id/concept/chemical_substance/0001446
Thienopyrans,https://data.omgeving.vlaanderen.be/id/concept/chemical_substance/0001965
Thienopyridazines,https://data.omgeving.vlaanderen.be/id/concept/chemical_substance/0003352
Thienopyridines,https://data.omgeving.vlaanderen.be/id/concept/chemical_substance/0000344
Thienopyrimidines,https://data.omgeving.vlaanderen.be/id/concept/chemical_substance/0002020
Thienopyrroles,https://data.omgeving.vlaanderen.be/id/concept/chemical_substance/0001833
Thienoquinolines,https://data.omgeving.vlaanderen.be/id/concept/chemical_substance/0001896
Thienothiazines,https://data.omgeving.vlaanderen.be/id/concept/chemical_substance/0001928
Thienothiazoles,https://data.omgeving.vlaanderen.be/id/concept/chemical_substance/0001929
Thienothiophenes,https://data.omgeving.vlaanderen.be/id/concept/chemical_substance/0004193
Thiepanes,https://data.omgeving.vlaanderen.be/id/concept/chemical_substance/0000003
Thiepins,https://data.omgeving.vlaanderen.be/id/concept/chemical_substance/0000096
Thietanes,https://data.omgeving.vlaanderen.be/id/concept/chemical_substance/0000359
Thietes,https://data.omgeving.vlaanderen.be/id/concept/chemical_substance/0000360
Thiiranes,https://data.omgeving.vlaanderen.be/id/concept/chemical_substance/0000377
Thiirenes,https://data.omgeving.vlaanderen.be/id/concept/chemical_substance/0002675
Thio-lactosylceramides,https://data.omgeving.vlaanderen.be/id/concept/chemical_substance/0003606
Thio-linked disaccharides,https://data.omgeving.vlaanderen.be/id/concept/chemical_substance/0004100
Thioacetals,https://data.omgeving.vlaanderen.be/id/concept/chemical_substance/0001187
Thioaldehyde s-oxides,https://data.omgeving.vlaanderen.be/id/concept/chemical_substance/0002251
Thioaldehydes,https://data.omgeving.vlaanderen.be/id/concept/chemical_substance/0001188
"Thioamide-S,S-dioxides",https://data.omgeving.vlaanderen.be/id/concept/chemical_substance/0003077
Thioamide-S-oxides,https://data.omgeving.vlaanderen.be/id/concept/chemical_substance/0003076
Thioamides,https://data.omgeving.vlaanderen.be/id/concept/chemical_substance/0000510
Thioanisoles,https://data.omgeving.vlaanderen.be/id/concept/chemical_substance/0000288
Thiobarbituric acid derivatives,https://data.omgeving.vlaanderen.be/id/concept/chemical_substance/0001122
Thiobenzoic acids and derivatives,https://data.omgeving.vlaanderen.be/id/concept/chemical_substance/0002361
Thiocarbamate salts,https://data.omgeving.vlaanderen.be/id/concept/chemical_substance/0004428
Thiocarbamic acid bromides,https://data.omgeving.vlaanderen.be/id/concept/chemical_substance/0003432
Thiocarbamic acid chlorides,https://data.omgeving.vlaanderen.be/id/concept/chemical_substance/0003435
Thiocarbamic acid derivatives,https://data.omgeving.vlaanderen.be/id/concept/chemical_substance/0001368
Thiocarbamic acid esters,https://data.omgeving.vlaanderen.be/id/concept/chemical_substance/0001190
Thiocarbamic acid fluorides,https://data.omgeving.vlaanderen.be/id/concept/chemical_substance/0003434
Thiocarbamic acid halides,https://data.omgeving.vlaanderen.be/id/concept/chemical_substance/0001191
Thiocarbamic acid iodides,https://data.omgeving.vlaanderen.be/id/concept/chemical_substance/0003433
Thiocarbamic acids,https://data.omgeving.vlaanderen.be/id/concept/chemical_substance/0001507
Thiocarbonic acid diesters,https://data.omgeving.vlaanderen.be/id/concept/chemical_substance/0001197
Thiocarbonic acid ester halides,https://data.omgeving.vlaanderen.be/id/concept/chemical_substance/0001195
Thiocarbonic acid monoesters,https://data.omgeving.vlaanderen.be/id/concept/chemical_substance/0001196
Thiocarbonyl compounds,https://data.omgeving.vlaanderen.be/id/concept/chemical_substance/0001198
Thiocarbonyl s-imides,https://data.omgeving.vlaanderen.be/id/concept/chemical_substance/0001832
Thiocarboxylic acid amides,https://data.omgeving.vlaanderen.be/id/concept/chemical_substance/0001230
Thiocarboxylic acids,https://data.omgeving.vlaanderen.be/id/concept/chemical_substance/0001199
Thiocarboxylic acids and derivatives,https://data.omgeving.vlaanderen.be/id/concept/chemical_substance/0001112
Thiochromanes,https://data.omgeving.vlaanderen.be/id/concept/chemical_substance/0002834
Thiochromenes,https://data.omgeving.vlaanderen.be/id/concept/chemical_substance/0002499
Thiocyanates,https://data.omgeving.vlaanderen.be/id/concept/chemical_substance/0001201
Thiodiacetic acid derivatives,https://data.omgeving.vlaanderen.be/id/concept/chemical_substance/0001271
Thiodiarsines,https://data.omgeving.vlaanderen.be/id/concept/chemical_substance/0004242
Thiodioxopiperazines,https://data.omgeving.vlaanderen.be/id/concept/chemical_substance/0001732
Thiodisulfinates,https://data.omgeving.vlaanderen.be/id/concept/chemical_substance/0004086
Thioenol ethers,https://data.omgeving.vlaanderen.be/id/concept/chemical_substance/0002352
Thioenols,https://data.omgeving.vlaanderen.be/id/concept/chemical_substance/0002353
Thioesters,https://data.omgeving.vlaanderen.be/id/concept/chemical_substance/0001200
Thioethers,https://data.omgeving.vlaanderen.be/id/concept/chemical_substance/0001202
Thioflavans,https://data.omgeving.vlaanderen.be/id/concept/chemical_substance/0003683
Thioflavones,https://data.omgeving.vlaanderen.be/id/concept/chemical_substance/0003682
Thioglycosides,https://data.omgeving.vlaanderen.be/id/concept/chemical_substance/0002205
Thiohemiaminal derivatives,https://data.omgeving.vlaanderen.be/id/concept/chemical_substance/0001666
Thiohydroquinones,https://data.omgeving.vlaanderen.be/id/concept/chemical_substance/0002623
Thiohydroximic acids,https://data.omgeving.vlaanderen.be/id/concept/chemical_substance/0004137
Thiohydroximic acids and derivatives,https://data.omgeving.vlaanderen.be/id/concept/chemical_substance/0004136
Thioketone s-oxides,https://data.omgeving.vlaanderen.be/id/concept/chemical_substance/0002025
Thioketones,https://data.omgeving.vlaanderen.be/id/concept/chemical_substance/0000121
Thiolactams,https://data.omgeving.vlaanderen.be/id/concept/chemical_substance/0000166
Thiolactones,https://data.omgeving.vlaanderen.be/id/concept/chemical_substance/0001214
Thiolane-2-thiones,https://data.omgeving.vlaanderen.be/id/concept/chemical_substance/0003463
Thiolane-3-thiones,https://data.omgeving.vlaanderen.be/id/concept/chemical_substance/0003464
Thiolanes,https://data.omgeving.vlaanderen.be/id/concept/chemical_substance/0000233
Thiols,https://data.omgeving.vlaanderen.be/id/concept/chemical_substance/0002485
Thiomorpholine carboxylic acids,https://data.omgeving.vlaanderen.be/id/concept/chemical_substance/0002408
Thiomorpholine carboxylic acids and derivatives,https://data.omgeving.vlaanderen.be/id/concept/chemical_substance/0002289
Thiomorpholines,https://data.omgeving.vlaanderen.be/id/concept/chemical_substance/0002288
Thionucleosides,https://data.omgeving.vlaanderen.be/id/concept/chemical_substance/0001134
Thioperoxols,https://data.omgeving.vlaanderen.be/id/concept/chemical_substance/0003159
Thiophene carboxamides,https://data.omgeving.vlaanderen.be/id/concept/chemical_substance/0002018
Thiophene carboxylic acids,https://data.omgeving.vlaanderen.be/id/concept/chemical_substance/0002419
Thiophene carboxylic acids and derivatives,https://data.omgeving.vlaanderen.be/id/concept/chemical_substance/0002017
Thiophene sulfoxides,https://data.omgeving.vlaanderen.be/id/concept/chemical_substance/0003215
Thiophenes,https://data.omgeving.vlaanderen.be/id/concept/chemical_substance/0000097
Thiophenol esters,https://data.omgeving.vlaanderen.be/id/concept/chemical_substance/0002360
Thiophenol ethers,https://data.omgeving.vlaanderen.be/id/concept/chemical_substance/0002359
Thiophenols,https://data.omgeving.vlaanderen.be/id/concept/chemical_substance/0001850
Thiophosphate diesters,https://data.omgeving.vlaanderen.be/id/concept/chemical_substance/0003383
Thiophosphate monoesters,https://data.omgeving.vlaanderen.be/id/concept/chemical_substance/0003382
Thiophosphate triesters,https://data.omgeving.vlaanderen.be/id/concept/chemical_substance/0003384
Thiophosphoric acid esters,https://data.omgeving.vlaanderen.be/id/concept/chemical_substance/0001572
Thiophthalic anhydrides,https://data.omgeving.vlaanderen.be/id/concept/chemical_substance/0002401
Thiopurine S-methylethers,https://data.omgeving.vlaanderen.be/id/concept/chemical_substance/0004542
Thiopyranoquinolines,https://data.omgeving.vlaanderen.be/id/concept/chemical_substance/0002240
Thiopyrans,https://data.omgeving.vlaanderen.be/id/concept/chemical_substance/0001895
Thiopyrimidines,https://data.omgeving.vlaanderen.be/id/concept/chemical_substance/0004173
Thiosalicylic acids,https://data.omgeving.vlaanderen.be/id/concept/chemical_substance/0002785
Thiosalicylic acids and derivatives,https://data.omgeving.vlaanderen.be/id/concept/chemical_substance/0000077
Thioselenides,https://data.omgeving.vlaanderen.be/id/concept/chemical_substance/0004163
Thiosemicarbazides,https://data.omgeving.vlaanderen.be/id/concept/chemical_substance/0001207
Thiosemicarbazones,https://data.omgeving.vlaanderen.be/id/concept/chemical_substance/0001208
Thiosulfinic acid esters,https://data.omgeving.vlaanderen.be/id/concept/chemical_substance/0001161
Thiosulfonic acids,https://data.omgeving.vlaanderen.be/id/concept/chemical_substance/0003284
Thiosulfonimidic o-acids,https://data.omgeving.vlaanderen.be/id/concept/chemical_substance/0002531
Thiosulfonimidic s-acids,https://data.omgeving.vlaanderen.be/id/concept/chemical_substance/0002532
Thioureas,https://data.omgeving.vlaanderen.be/id/concept/chemical_substance/0001209
Thioxanthenes,https://data.omgeving.vlaanderen.be/id/concept/chemical_substance/0000199
Thioxanthines,https://data.omgeving.vlaanderen.be/id/concept/chemical_substance/0000249
Thioxanthones,https://data.omgeving.vlaanderen.be/id/concept/chemical_substance/0000203
Thiuram disulfides,https://data.omgeving.vlaanderen.be/id/concept/chemical_substance/0004791
Thiuram monosulfides,https://data.omgeving.vlaanderen.be/id/concept/chemical_substance/0004790
Thromboxanes,https://data.omgeving.vlaanderen.be/id/concept/chemical_substance/0000519
Tigliane and ingenane diterpenoids,https://data.omgeving.vlaanderen.be/id/concept/chemical_substance/0002875
Tirucallane and euphane triterpenoids,https://data.omgeving.vlaanderen.be/id/concept/chemical_substance/0002885
Tocopherols,https://data.omgeving.vlaanderen.be/id/concept/chemical_substance/0000201
Tocotrienols,https://data.omgeving.vlaanderen.be/id/concept/chemical_substance/0002092
Toluamides,https://data.omgeving.vlaanderen.be/id/concept/chemical_substance/0004219
Toluene diisocyanates,https://data.omgeving.vlaanderen.be/id/concept/chemical_substance/0003983
Toluenes,https://data.omgeving.vlaanderen.be/id/concept/chemical_substance/0001091
Tosyl compounds,https://data.omgeving.vlaanderen.be/id/concept/chemical_substance/0003276
Transition metal alkyls,https://data.omgeving.vlaanderen.be/id/concept/chemical_substance/0004443
Transition metal aluminates,https://data.omgeving.vlaanderen.be/id/concept/chemical_substance/0000988
Transition metal antimonates,https://data.omgeving.vlaanderen.be/id/concept/chemical_substance/0000989
Transition metal antimonites,https://data.omgeving.vlaanderen.be/id/concept/chemical_substance/0000990
Transition metal arsenates,https://data.omgeving.vlaanderen.be/id/concept/chemical_substance/0000991
Transition metal arsenites,https://data.omgeving.vlaanderen.be/id/concept/chemical_substance/0000992
Transition metal astatides,https://data.omgeving.vlaanderen.be/id/concept/chemical_substance/0000586
Transition metal bisulfites,https://data.omgeving.vlaanderen.be/id/concept/chemical_substance/0000993
Transition metal borates,https://data.omgeving.vlaanderen.be/id/concept/chemical_substance/0000994
Transition metal bromates,https://data.omgeving.vlaanderen.be/id/concept/chemical_substance/0000830
Transition metal bromides,https://data.omgeving.vlaanderen.be/id/concept/chemical_substance/0000587
Transition metal chlorates,https://data.omgeving.vlaanderen.be/id/concept/chemical_substance/0000831
Transition metal chlorides,https://data.omgeving.vlaanderen.be/id/concept/chemical_substance/0000588
Transition metal chlorites,https://data.omgeving.vlaanderen.be/id/concept/chemical_substance/0000832
Transition metal chromates,https://data.omgeving.vlaanderen.be/id/concept/chemical_substance/0000833
Transition metal chromites,https://data.omgeving.vlaanderen.be/id/concept/chemical_substance/0000834
Transition metal cyanates,https://data.omgeving.vlaanderen.be/id/concept/chemical_substance/0000835
Transition metal cyanide salts,https://data.omgeving.vlaanderen.be/id/concept/chemical_substance/0004064
Transition metal dithionites,https://data.omgeving.vlaanderen.be/id/concept/chemical_substance/0000867
Transition metal dithiophosphates,https://data.omgeving.vlaanderen.be/id/concept/chemical_substance/0002305
Transition metal ferrates,https://data.omgeving.vlaanderen.be/id/concept/chemical_substance/0001317
Transition metal fluorides,https://data.omgeving.vlaanderen.be/id/concept/chemical_substance/0000589
Transition metal hydrides,https://data.omgeving.vlaanderen.be/id/concept/chemical_substance/0000536
Transition metal hydroxides,https://data.omgeving.vlaanderen.be/id/concept/chemical_substance/0000837
Transition metal hypobromites,https://data.omgeving.vlaanderen.be/id/concept/chemical_substance/0000838
Transition metal hypochlorites,https://data.omgeving.vlaanderen.be/id/concept/chemical_substance/0000839
Transition metal hyponitrites,https://data.omgeving.vlaanderen.be/id/concept/chemical_substance/0000840
Transition metal hypophosphites,https://data.omgeving.vlaanderen.be/id/concept/chemical_substance/0000841
Transition metal hyposulfites,https://data.omgeving.vlaanderen.be/id/concept/chemical_substance/0000868
Transition metal iodates,https://data.omgeving.vlaanderen.be/id/concept/chemical_substance/0000842
Transition metal iodides,https://data.omgeving.vlaanderen.be/id/concept/chemical_substance/0000590
Transition metal manganates,https://data.omgeving.vlaanderen.be/id/concept/chemical_substance/0000995
Transition metal metavanadates,https://data.omgeving.vlaanderen.be/id/concept/chemical_substance/0003293
Transition metal molybdates,https://data.omgeving.vlaanderen.be/id/concept/chemical_substance/0000996
Transition metal nitrates,https://data.omgeving.vlaanderen.be/id/concept/chemical_substance/0000843
Transition metal nitrides,https://data.omgeving.vlaanderen.be/id/concept/chemical_substance/0000537
Transition metal nitrites,https://data.omgeving.vlaanderen.be/id/concept/chemical_substance/0001616
Transition metal organides,https://data.omgeving.vlaanderen.be/id/concept/chemical_substance/0000461
Transition metal orthonitrates,https://data.omgeving.vlaanderen.be/id/concept/chemical_substance/0000844
Transition metal orthovanadates,https://data.omgeving.vlaanderen.be/id/concept/chemical_substance/0001006
Transition metal oxides,https://data.omgeving.vlaanderen.be/id/concept/chemical_substance/0000538
Transition metal oxoanionic compounds,https://data.omgeving.vlaanderen.be/id/concept/chemical_substance/0000450
Transition metal perbromates,https://data.omgeving.vlaanderen.be/id/concept/chemical_substance/0000845
Transition metal perchlorates,https://data.omgeving.vlaanderen.be/id/concept/chemical_substance/0000846
Transition metal periodates,https://data.omgeving.vlaanderen.be/id/concept/chemical_substance/0000847
Transition metal permanganates,https://data.omgeving.vlaanderen.be/id/concept/chemical_substance/0000848
Transition metal peroxodisulfates,https://data.omgeving.vlaanderen.be/id/concept/chemical_substance/0000863
Transition metal peroxomonosulfates,https://data.omgeving.vlaanderen.be/id/concept/chemical_substance/0000862
Transition metal peroxynitrates,https://data.omgeving.vlaanderen.be/id/concept/chemical_substance/0000849
Transition metal peroxynitrites,https://data.omgeving.vlaanderen.be/id/concept/chemical_substance/0000850
Transition metal perrhenates,https://data.omgeving.vlaanderen.be/id/concept/chemical_substance/0000851
Transition metal pertechnetates,https://data.omgeving.vlaanderen.be/id/concept/chemical_substance/0000852
Transition metal phosphates,https://data.omgeving.vlaanderen.be/id/concept/chemical_substance/0000854
Transition metal phosphites,https://data.omgeving.vlaanderen.be/id/concept/chemical_substance/0000853
Transition metal phosphonates,https://data.omgeving.vlaanderen.be/id/concept/chemical_substance/0002373
Transition metal plumbates,https://data.omgeving.vlaanderen.be/id/concept/chemical_substance/0000997
Transition metal plumbites,https://data.omgeving.vlaanderen.be/id/concept/chemical_substance/0000998
Transition metal pyrophosphates,https://data.omgeving.vlaanderen.be/id/concept/chemical_substance/0000855
Transition metal pyrosulfates,https://data.omgeving.vlaanderen.be/id/concept/chemical_substance/0000864
Transition metal salts,https://data.omgeving.vlaanderen.be/id/concept/chemical_substance/0000443
Transition metal selenates,https://data.omgeving.vlaanderen.be/id/concept/chemical_substance/0000856
Transition metal selenites,https://data.omgeving.vlaanderen.be/id/concept/chemical_substance/0000857
Transition metal selenophosphates,https://data.omgeving.vlaanderen.be/id/concept/chemical_substance/0002272
Transition metal silicates,https://data.omgeving.vlaanderen.be/id/concept/chemical_substance/0000999
Transition metal stannates,https://data.omgeving.vlaanderen.be/id/concept/chemical_substance/0001000
Transition metal stannites,https://data.omgeving.vlaanderen.be/id/concept/chemical_substance/0001001
Transition metal sulfates,https://data.omgeving.vlaanderen.be/id/concept/chemical_substance/0000858
Transition metal sulfides,https://data.omgeving.vlaanderen.be/id/concept/chemical_substance/0000539
Transition metal sulfites,https://data.omgeving.vlaanderen.be/id/concept/chemical_substance/0000859
Transition metal superoxides,https://data.omgeving.vlaanderen.be/id/concept/chemical_substance/0000860
Transition metal tellurates,https://data.omgeving.vlaanderen.be/id/concept/chemical_substance/0001002
Transition metal tellurites,https://data.omgeving.vlaanderen.be/id/concept/chemical_substance/0001003
Transition metal tetrahydroxyborates,https://data.omgeving.vlaanderen.be/id/concept/chemical_substance/0001004
Transition metal tetrathionates,https://data.omgeving.vlaanderen.be/id/concept/chemical_substance/0000865
Transition metal thiophosphates,https://data.omgeving.vlaanderen.be/id/concept/chemical_substance/0002304
Transition metal thiosulfates,https://data.omgeving.vlaanderen.be/id/concept/chemical_substance/0000866
Transition metal tungstates,https://data.omgeving.vlaanderen.be/id/concept/chemical_substance/0001005
Triacylglycerols,https://data.omgeving.vlaanderen.be/id/concept/chemical_substance/0001135
Trialkoxysilanes,https://data.omgeving.vlaanderen.be/id/concept/chemical_substance/0003140
Trialkyl amine oxides,https://data.omgeving.vlaanderen.be/id/concept/chemical_substance/0004184
Trialkyl phosphates,https://data.omgeving.vlaanderen.be/id/concept/chemical_substance/0003460
Trialkylaluminiums,https://data.omgeving.vlaanderen.be/id/concept/chemical_substance/0004591
Trialkylamines,https://data.omgeving.vlaanderen.be/id/concept/chemical_substance/0002239
Trialkylantimony halides,https://data.omgeving.vlaanderen.be/id/concept/chemical_substance/0004583
Trialkylarsane oxides,https://data.omgeving.vlaanderen.be/id/concept/chemical_substance/0004185
Trialkylarsanes,https://data.omgeving.vlaanderen.be/id/concept/chemical_substance/0004059
Trialkylarsine oxides,https://data.omgeving.vlaanderen.be/id/concept/chemical_substance/0004642
Trialkylboranes,https://data.omgeving.vlaanderen.be/id/concept/chemical_substance/0004575
Trialkylchlorosilanes,https://data.omgeving.vlaanderen.be/id/concept/chemical_substance/0004480
Trialkylglycerols,https://data.omgeving.vlaanderen.be/id/concept/chemical_substance/0004782
Trialkylheterosilanes,https://data.omgeving.vlaanderen.be/id/concept/chemical_substance/0004479
Trialkylphosphanes,https://data.omgeving.vlaanderen.be/id/concept/chemical_substance/0004186
Trialkylphosphites,https://data.omgeving.vlaanderen.be/id/concept/chemical_substance/0004484
Trialkylsilanes,https://data.omgeving.vlaanderen.be/id/concept/chemical_substance/0003867
Trialkylsilanols,https://data.omgeving.vlaanderen.be/id/concept/chemical_substance/0003268
Trialkylstibanes,https://data.omgeving.vlaanderen.be/id/concept/chemical_substance/0004069
Trialkyltins,https://data.omgeving.vlaanderen.be/id/concept/chemical_substance/0004072
Triarylamines,https://data.omgeving.vlaanderen.be/id/concept/chemical_substance/0002457
Triazinanes,https://data.omgeving.vlaanderen.be/id/concept/chemical_substance/0002693
Triazines,https://data.omgeving.vlaanderen.be/id/concept/chemical_substance/0000098
Triazinethiones,https://data.omgeving.vlaanderen.be/id/concept/chemical_substance/0001922
Triazinones,https://data.omgeving.vlaanderen.be/id/concept/chemical_substance/0001920
Triazirines,https://data.omgeving.vlaanderen.be/id/concept/chemical_substance/0002692
Triazole carboxamides,https://data.omgeving.vlaanderen.be/id/concept/chemical_substance/0002325
Triazole carboxylic acids,https://data.omgeving.vlaanderen.be/id/concept/chemical_substance/0002420
Triazole carboxylic acids and derivatives,https://data.omgeving.vlaanderen.be/id/concept/chemical_substance/0002324
Triazole ribonucleosides and ribonucleotides,https://data.omgeving.vlaanderen.be/id/concept/chemical_substance/0002342
Triazoles,https://data.omgeving.vlaanderen.be/id/concept/chemical_substance/0000099
Triazolidines,https://data.omgeving.vlaanderen.be/id/concept/chemical_substance/0000235
Triazolidinones,https://data.omgeving.vlaanderen.be/id/concept/chemical_substance/0001327
Triazolines,https://data.omgeving.vlaanderen.be/id/concept/chemical_substance/0004461
Triazolobenzothiazoles,https://data.omgeving.vlaanderen.be/id/concept/chemical_substance/0004201
Triazolodiazepines,https://data.omgeving.vlaanderen.be/id/concept/chemical_substance/0002322
Triazolones,https://data.omgeving.vlaanderen.be/id/concept/chemical_substance/0000234
Triazolopyrazines,https://data.omgeving.vlaanderen.be/id/concept/chemical_substance/0000313
Triazolopyridazines,https://data.omgeving.vlaanderen.be/id/concept/chemical_substance/0002117
Triazolopyridines,https://data.omgeving.vlaanderen.be/id/concept/chemical_substance/0000314
Triazolopyridinones,https://data.omgeving.vlaanderen.be/id/concept/chemical_substance/0001123
Triazolopyrimidines,https://data.omgeving.vlaanderen.be/id/concept/chemical_substance/0001443
Triazoloquinazolines,https://data.omgeving.vlaanderen.be/id/concept/chemical_substance/0002379
Triazolothiazoles,https://data.omgeving.vlaanderen.be/id/concept/chemical_substance/0002124
Tricarboxylic acids and derivatives,https://data.omgeving.vlaanderen.be/id/concept/chemical_substance/0001986
Trichothecenes,https://data.omgeving.vlaanderen.be/id/concept/chemical_substance/0001789
Trifluoromethanesulfonates,https://data.omgeving.vlaanderen.be/id/concept/chemical_substance/0004581
Trifluoromethylbenzenes,https://data.omgeving.vlaanderen.be/id/concept/chemical_substance/0004551
Trihalomethanes,https://data.omgeving.vlaanderen.be/id/concept/chemical_substance/0004160
"Trihydroxy bile acids, alcohols and derivatives",https://data.omgeving.vlaanderen.be/id/concept/chemical_substance/0001104
Trimethylsilyl esters,https://data.omgeving.vlaanderen.be/id/concept/chemical_substance/0004481
Triorganodialkoxyarsoranes,https://data.omgeving.vlaanderen.be/id/concept/chemical_substance/0004283
Triorganodihaloarsoranes,https://data.omgeving.vlaanderen.be/id/concept/chemical_substance/0004245
Triorganolead compounds,https://data.omgeving.vlaanderen.be/id/concept/chemical_substance/0004065
Triorganotin compounds,https://data.omgeving.vlaanderen.be/id/concept/chemical_substance/0004066
Triorganotin halide salts,https://data.omgeving.vlaanderen.be/id/concept/chemical_substance/0004067
Triorganotin metal salts,https://data.omgeving.vlaanderen.be/id/concept/chemical_substance/0004068
Trioses,https://data.omgeving.vlaanderen.be/id/concept/chemical_substance/0001356
Trioxanes,https://data.omgeving.vlaanderen.be/id/concept/chemical_substance/0001853
Trioxolanes,https://data.omgeving.vlaanderen.be/id/concept/chemical_substance/0001854
Triphenyl compounds,https://data.omgeving.vlaanderen.be/id/concept/chemical_substance/0004524
Triphenylenes,https://data.omgeving.vlaanderen.be/id/concept/chemical_substance/0000518
Triquinane sesquiterpenoids,https://data.omgeving.vlaanderen.be/id/concept/chemical_substance/0002004
Triradylcglycerols,https://data.omgeving.vlaanderen.be/id/concept/chemical_substance/0003815
Tris(ketoximino)silanes,https://data.omgeving.vlaanderen.be/id/concept/chemical_substance/0004609
Trisubstituted amine oxides and derivatives,https://data.omgeving.vlaanderen.be/id/concept/chemical_substance/0003070
Trisubstituted imidazoles,https://data.omgeving.vlaanderen.be/id/concept/chemical_substance/0002628
Triterpene glycosides,https://data.omgeving.vlaanderen.be/id/concept/chemical_substance/0001580
Triterpene saponins,https://data.omgeving.vlaanderen.be/id/concept/chemical_substance/0002358
Triterpenoids,https://data.omgeving.vlaanderen.be/id/concept/chemical_substance/0001553
Trithianes,https://data.omgeving.vlaanderen.be/id/concept/chemical_substance/0001862
Trithiolanes,https://data.omgeving.vlaanderen.be/id/concept/chemical_substance/0000482
Trithiosulfonic acids,https://data.omgeving.vlaanderen.be/id/concept/chemical_substance/0002533
Trivalent inorganic arsenic compounds,https://data.omgeving.vlaanderen.be/id/concept/chemical_substance/0004053
Trivalent organic arsenic compounds,https://data.omgeving.vlaanderen.be/id/concept/chemical_substance/0004055
Tropane alkaloids,https://data.omgeving.vlaanderen.be/id/concept/chemical_substance/0000492
Tropoloisoquinolines,https://data.omgeving.vlaanderen.be/id/concept/chemical_substance/0003016
Tropolones,https://data.omgeving.vlaanderen.be/id/concept/chemical_substance/0001674
Tropones,https://data.omgeving.vlaanderen.be/id/concept/chemical_substance/0001650
Tryptamines and derivatives,https://data.omgeving.vlaanderen.be/id/concept/chemical_substance/0000183
Tuberostemospironine-type alkaloids,https://data.omgeving.vlaanderen.be/id/concept/chemical_substance/0003916
Type 1 cyanolipids,https://data.omgeving.vlaanderen.be/id/concept/chemical_substance/0001745
Type 1 wax diesters,https://data.omgeving.vlaanderen.be/id/concept/chemical_substance/0003323
Type 2 cyanolipids,https://data.omgeving.vlaanderen.be/id/concept/chemical_substance/0001746
Type 2 wax diesters,https://data.omgeving.vlaanderen.be/id/concept/chemical_substance/0003324
Type 3 cyanolipids,https://data.omgeving.vlaanderen.be/id/concept/chemical_substance/0001747
Type 4 cyanolipids,https://data.omgeving.vlaanderen.be/id/concept/chemical_substance/0001748
Tyrosine and derivatives,https://data.omgeving.vlaanderen.be/id/concept/chemical_substance/0004319
Tyrosol esters,https://data.omgeving.vlaanderen.be/id/concept/chemical_substance/0001648
Tyrosols,https://data.omgeving.vlaanderen.be/id/concept/chemical_substance/0003698
Tyrosols and derivatives,https://data.omgeving.vlaanderen.be/id/concept/chemical_substance/0000139
Ubiquinols,https://data.omgeving.vlaanderen.be/id/concept/chemical_substance/0002231
Ubiquinones,https://data.omgeving.vlaanderen.be/id/concept/chemical_substance/0001545
Unsaturated aliphatic hydrocarbons,https://data.omgeving.vlaanderen.be/id/concept/chemical_substance/0004476
Unsaturated fatty acids,https://data.omgeving.vlaanderen.be/id/concept/chemical_substance/0000339
Unsaturated hydrocarbons,https://data.omgeving.vlaanderen.be/id/concept/chemical_substance/0004475
Urazoles,https://data.omgeving.vlaanderen.be/id/concept/chemical_substance/0003202
Urea peptoids,https://data.omgeving.vlaanderen.be/id/concept/chemical_substance/0001940
Ureas,https://data.omgeving.vlaanderen.be/id/concept/chemical_substance/0000517
Ureides,https://data.omgeving.vlaanderen.be/id/concept/chemical_substance/0002022
Urofuranic acids,https://data.omgeving.vlaanderen.be/id/concept/chemical_substance/0001531
Valine and derivatives,https://data.omgeving.vlaanderen.be/id/concept/chemical_substance/0004310
Vallesaman alkaloids,https://data.omgeving.vlaanderen.be/id/concept/chemical_substance/0003431
Vallesiachotaman alkaloids,https://data.omgeving.vlaanderen.be/id/concept/chemical_substance/0002751
Valparane and mulinane diterpenoids,https://data.omgeving.vlaanderen.be/id/concept/chemical_substance/0003548
Veatchine-type diterpenoid alkaloids,https://data.omgeving.vlaanderen.be/id/concept/chemical_substance/0003783
Very long-chain 1-monoacylglycerols,https://data.omgeving.vlaanderen.be/id/concept/chemical_substance/0003171
Very long-chain 2-enoyl CoAs,https://data.omgeving.vlaanderen.be/id/concept/chemical_substance/0004256
Very long-chain 2-monoacylglycerols,https://data.omgeving.vlaanderen.be/id/concept/chemical_substance/0003173
Very long-chain 3-enoyl CoAs,https://data.omgeving.vlaanderen.be/id/concept/chemical_substance/0004257
Very long-chain 3-hydroxyacyl CoAs,https://data.omgeving.vlaanderen.be/id/concept/chemical_substance/0003179
Very long-chain fatty acids,https://data.omgeving.vlaanderen.be/id/concept/chemical_substance/0002950
Very long-chain fatty acyl CoAs,https://data.omgeving.vlaanderen.be/id/concept/chemical_substance/0003175
Very long-chain fatty aldehydes,https://data.omgeving.vlaanderen.be/id/concept/chemical_substance/0003174
Very-long-chain (3R)-3-hydroxyacyl CoAs,https://data.omgeving.vlaanderen.be/id/concept/chemical_substance/0004180
Very-long-chain 3-oxoacyl CoAs,https://data.omgeving.vlaanderen.be/id/concept/chemical_substance/0003177
"Villanovane, atisane, trachylobane or helvifulvane diterpenoids",https://data.omgeving.vlaanderen.be/id/concept/chemical_substance/0003401
Vinca alkaloids,https://data.omgeving.vlaanderen.be/id/concept/chemical_substance/0002756
Vincosan alkaloids,https://data.omgeving.vlaanderen.be/id/concept/chemical_substance/0002752
Vinyl bromides,https://data.omgeving.vlaanderen.be/id/concept/chemical_substance/0002864
Vinyl carbenes,https://data.omgeving.vlaanderen.be/id/concept/chemical_substance/0003636
Vinyl chlorides,https://data.omgeving.vlaanderen.be/id/concept/chemical_substance/0002863
Vinyl fluorides,https://data.omgeving.vlaanderen.be/id/concept/chemical_substance/0002861
Vinyl halides,https://data.omgeving.vlaanderen.be/id/concept/chemical_substance/0002868
Vinyl iodides,https://data.omgeving.vlaanderen.be/id/concept/chemical_substance/0002862
Vinylaziridines,https://data.omgeving.vlaanderen.be/id/concept/chemical_substance/0004079
Vinylogous acids,https://data.omgeving.vlaanderen.be/id/concept/chemical_substance/0003889
Vinylogous amides,https://data.omgeving.vlaanderen.be/id/concept/chemical_substance/0003890
Vinylogous esters,https://data.omgeving.vlaanderen.be/id/concept/chemical_substance/0003891
Vinylogous halides,https://data.omgeving.vlaanderen.be/id/concept/chemical_substance/0003888
Vinylogous peptides,https://data.omgeving.vlaanderen.be/id/concept/chemical_substance/0001946
Vinylogous sulfonylpeptides,https://data.omgeving.vlaanderen.be/id/concept/chemical_substance/0001945
Vinylogous thioesters,https://data.omgeving.vlaanderen.be/id/concept/chemical_substance/0004020
Vitamin D and derivatives,https://data.omgeving.vlaanderen.be/id/concept/chemical_substance/0001460
Vitamin E compounds,https://data.omgeving.vlaanderen.be/id/concept/chemical_substance/0001546
Vitamin K compounds,https://data.omgeving.vlaanderen.be/id/concept/chemical_substance/0001547
Vobasan alkaloids,https://data.omgeving.vlaanderen.be/id/concept/chemical_substance/0002744
Wax diesters,https://data.omgeving.vlaanderen.be/id/concept/chemical_substance/0003325
Wax esters,https://data.omgeving.vlaanderen.be/id/concept/chemical_substance/0001723
Wax monoesters,https://data.omgeving.vlaanderen.be/id/concept/chemical_substance/0003322
Withanolide glycosides and derivatives,https://data.omgeving.vlaanderen.be/id/concept/chemical_substance/0001561
Withanolides and derivatives,https://data.omgeving.vlaanderen.be/id/concept/chemical_substance/0001560
Xanthanolides,https://data.omgeving.vlaanderen.be/id/concept/chemical_substance/0000502
Xanthenes,https://data.omgeving.vlaanderen.be/id/concept/chemical_substance/0000200
Xanthines,https://data.omgeving.vlaanderen.be/id/concept/chemical_substance/0000247
Xanthones,https://data.omgeving.vlaanderen.be/id/concept/chemical_substance/0000204
Xanthophylls,https://data.omgeving.vlaanderen.be/id/concept/chemical_substance/0001410
Xeniaphyllane and xenicane diterpenoids,https://data.omgeving.vlaanderen.be/id/concept/chemical_substance/0002879
Xylenes,https://data.omgeving.vlaanderen.be/id/concept/chemical_substance/0004208
Xylenols,https://data.omgeving.vlaanderen.be/id/concept/chemical_substance/0004212
Ynals,https://data.omgeving.vlaanderen.be/id/concept/chemical_substance/0002437
Ynamines,https://data.omgeving.vlaanderen.be/id/concept/chemical_substance/0001210
Ynoate esters,https://data.omgeving.vlaanderen.be/id/concept/chemical_substance/0003627
Ynolates,https://data.omgeving.vlaanderen.be/id/concept/chemical_substance/0003279
Ynols,https://data.omgeving.vlaanderen.be/id/concept/chemical_substance/0002465
Ynones,https://data.omgeving.vlaanderen.be/id/concept/chemical_substance/0001373
Yohimbine alkaloids,https://data.omgeving.vlaanderen.be/id/concept/chemical_substance/0001786
Yuzurimine-type alkaloids,https://data.omgeving.vlaanderen.be/id/concept/chemical_substance/0004326
Zearalenones,https://data.omgeving.vlaanderen.be/id/concept/chemical_substance/0001788
alpha-Mercaptocarboxylic acids,https://data.omgeving.vlaanderen.be/id/concept/chemical_substance/0003381
"b'-hydroxy-alpha,beta-unsaturated ketones",https://data.omgeving.vlaanderen.be/id/concept/chemical_substance/0003673
m-Aminophenols,https://data.omgeving.vlaanderen.be/id/concept/chemical_substance/0004655
m-Hydroxybenzoic acid esters,https://data.omgeving.vlaanderen.be/id/concept/chemical_substance/0004699
m-Phthalate esters,https://data.omgeving.vlaanderen.be/id/concept/chemical_substance/0004010
m-Toluamides,https://data.omgeving.vlaanderen.be/id/concept/chemical_substance/0004220
m-Xylenes,https://data.omgeving.vlaanderen.be/id/concept/chemical_substance/0004209
m-Xylenols,https://data.omgeving.vlaanderen.be/id/concept/chemical_substance/0004213
o-Aminophenols,https://data.omgeving.vlaanderen.be/id/concept/chemical_substance/0004654
o-Hydroxybenzoic acid esters,https://data.omgeving.vlaanderen.be/id/concept/chemical_substance/0004700
o-Phthalate esters,https://data.omgeving.vlaanderen.be/id/concept/chemical_substance/0004011
o-Toluamides,https://data.omgeving.vlaanderen.be/id/concept/chemical_substance/0004221
o-Xylenes,https://data.omgeving.vlaanderen.be/id/concept/chemical_substance/0004210
o-Xylenols,https://data.omgeving.vlaanderen.be/id/concept/chemical_substance/0004214
p-Aminophenols,https://data.omgeving.vlaanderen.be/id/concept/chemical_substance/0004656
p-Bromobenzenesulfonates,https://data.omgeving.vlaanderen.be/id/concept/chemical_substance/0003057
"p-Dioxolo[2,3-g]coumarins",https://data.omgeving.vlaanderen.be/id/concept/chemical_substance/0003465
"p-Dioxolo[2,3-h]coumarins",https://data.omgeving.vlaanderen.be/id/concept/chemical_substance/0003466
p-Hydroxybenzoic acid alkyl esters,https://data.omgeving.vlaanderen.be/id/concept/chemical_substance/0004702
p-Hydroxybenzoic acid esters,https://data.omgeving.vlaanderen.be/id/concept/chemical_substance/0004701
p-Methylbenzenesulfonates,https://data.omgeving.vlaanderen.be/id/concept/chemical_substance/0003278
p-Nitrobenzenesulfonates,https://data.omgeving.vlaanderen.be/id/concept/chemical_substance/0003277
p-Phthalate esters,https://data.omgeving.vlaanderen.be/id/concept/chemical_substance/0004012
p-Toluamides,https://data.omgeving.vlaanderen.be/id/concept/chemical_substance/0004222
p-Xylenes,https://data.omgeving.vlaanderen.be/id/concept/chemical_substance/0004211
p-Xylenols,https://data.omgeving.vlaanderen.be/id/concept/chemical_substance/0004215
"v-triazolo[4,5-d]pyrimidine glycosides",https://data.omgeving.vlaanderen.be/id/concept/chemical_substance/0003749
