cluster,sil_embedding,sil_umap,sil_tsne,umap_vs_embedding,tsne_vs_embedding
1,0.004476442537422431,0.17301210896138555,0.13132808146982652,0.16853566642396312,0.1268516389324041
2,0.1405276250659922,0.60528366714608,0.4849652758508338,0.46475604208008775,0.3444376507848416
3,0.09657257574624531,0.4553581606972695,0.20551593573174426,0.3587855849510242,0.10894335998549895
4,0.01346340859660007,0.13878275151153893,0.12423862708644712,0.12531934291493887,0.11077521848984705
5,0.15005398801565745,0.8445516974564724,0.579518225740172,0.6944977094408149,0.42946423772451453
6,0.016754528549669277,0.42017972032915024,0.29768679555833066,0.40342519177948094,0.28093226700866136
NA,0.06978658823161878,0.4180661978686422,0.27912904187027743,0.3482796096370234,0.20934245363865867
