substance_name,matchable,llm_kingdom,llm_superclass,llm_class,llm_subclass,llm_direct_parent,confidence,emb_match,emb_score,agree,both_match
"Reaction products of 1H-Imidazole-1-ethanol, 4,5-dihydro-, 2-(C7 odd-numbered alkyl) derivs. and sodium hydroxide and chloroacetic acid",TRUE,Organic compounds,Organoheterocyclic compounds,Azoles,Azolidines,Imidazolines,medium,NA,NA,FALSE,FALSE
CHEMICAL 10057033,TRUE,NA,NA,NA,NA,NA,low,NA,NA,FALSE,FALSE
"Fatty acids, C9-11-branched, lead salts",TRUE,Organic compounds,Lipids and lipid-like molecules,Fatty Acyls,Fatty acids and conjugates,Organic metal salts,medium,NA,NA,FALSE,FALSE
"alkyl(rapeseed oil), bis(2-hydroxyethyl)ammonium fluoride",TRUE,Organic compounds,Organic nitrogen compounds,Organonitrogen compounds,Amines,Quaternary ammonium salts,medium,NA,NA,FALSE,FALSE
delta-endotoxin of Bacillus thuringiensis,TRUE,NA,NA,NA,NA,NA,low,NA,NA,FALSE,FALSE
condensation product of cinnamic aldehyde and hexamethylenediamine,TRUE,Organic compounds,Phenylpropanoids and polyketides,Cinnamic acids and derivatives,Cinnamaldehydes,Cinnamaldehydes,medium,NA,NA,FALSE,FALSE
Pentasodium 2-(bis{halo-[(halo- sulfonatoaryl)diazenyl]-2-(sulfonatoalkoxy)anilino}-triazin-ylamino)alkanesulfonate,TRUE,Organic compounds,Hydrocarbon derivatives,Organonitrogen compounds,Azo compounds,Azobenzenes,medium,NA,NA,FALSE,FALSE
"(R)-5-(2-((2-(2-ethoxyphenoxy)ethyl)amino)propyl)-2-methoxybenzenesulfonamide (7,7-dimethyl-2-oxobicyclo[2.2.1]heptan-1-yl)methanesulfonate",TRUE,Organic compounds,Organic acids and derivatives,Organic sulfonic acids and derivatives,Organic sulfonic acids and derivatives,Organic salts,medium,NA,NA,FALSE,FALSE
"Naphthalenesulfonic acid, dinonyl-, lead(2+) salt",TRUE,Organic compounds,Organic acids and derivatives,Organic sulfonic acids and derivatives,Naphthalene sulfonic acids and derivatives,Organic metal salts,medium,NA,NA,FALSE,FALSE
"Acetamide, N-(2,4-dinitrophenyl)-, reaction products with 1-methyl-2,4-dinitrobenzene and sodium sulfide (Na2(Sx)), leuco derivatives",TRUE,Organic compounds,Organic nitrogen compounds,Organonitrogen compounds,Nitroaromatic compounds,Nitroaromatic compounds,low,NA,NA,FALSE,FALSE
oleum ... % SO3,TRUE,Inorganic compounds,Homogeneous non-metal compounds,Non-metal oxoanionic compounds,Non-metal sulfates,Non-metal sulfates,medium,NA,NA,FALSE,FALSE
"Cadmium sulfide (CdS), copper chloride-doped",TRUE,Inorganic compounds,Mixed metal/non-metal compounds,Transition metal salts,NA,Transition metal sulfides,medium,NA,NA,FALSE,FALSE
Resinoid of Boswellia Carterii (Burseraceae) obtained from exudate by ethanol extraction,TRUE,Organic compounds,Lipids and lipid-like molecules,Prenol lipids,Triterpenoids,Triterpenoids,medium,NA,NA,FALSE,FALSE
"Decanoic acid, mixed esters with heptanoic acid, octanoic acid, pentaerythritol and valeric acid",TRUE,Organic compounds,Lipids and lipid-like molecules,Glycerolipids,NA,Triradylcglycerols,low,NA,NA,FALSE,FALSE
Cadmium sulfate caesium hexahydrate,TRUE,Inorganic compounds,Inorganic salts,Transition metal salts,Transition metal sulfates,Transition metal sulfates,medium,NA,NA,FALSE,FALSE
"(butadiene, ethyl acrylate, methyl methacrylate, styrene) copolymer crosslinked with divinylbenzene, in nanoform",TRUE,Organic compounds,Organic Polymers,NA,NA,NA,medium,NA,NA,FALSE,FALSE
"Ethyl(1R,2S)-1-[[(2S,4R)-1-[(2S)-2-[(5-methylheteromonocycle-2-carbonyl)amino]alkenoyl]-4-heteropolycycle-6-yloxy-heteromonocycle-2-carbonyl]amino]-2-vinyl-alicyclecarboxylate",TRUE,NA,NA,NA,NA,NA,low,NA,NA,FALSE,FALSE
hydrogenated homopolymers and/or copolymers made of 1-hexene and/or 1-octene and/or 1-decene and/or 1-dodecene and/or 1-tetradecene (MW: 440–12000),TRUE,Organic compounds,Hydrocarbons,Saturated hydrocarbons,NA,Branched alkanes,medium,NA,NA,FALSE,FALSE
"2-isopropyl-5-[(E)-2-phenylvinyl]cyclohexane-1,3-dione",TRUE,Organic compounds,Phenylpropanoids and polyketides,Stilbenes,NA,Stilbenes,medium,NA,NA,FALSE,FALSE
Allium cepa L. bulb extract,TRUE,NA,NA,NA,NA,NA,low,NA,NA,FALSE,FALSE
"4,4'-methylenediphenyldiisocyanate and 2,4'-diisocyanatodiphenylmethane and their oligomerisation reaction products with 2,2'-oxydiethanol, propane-1,2-diol and butane-1,3-diol",TRUE,Organic compounds,Organic nitrogen compounds,Organonitrogen compounds,NA,Isocyanates,medium,NA,NA,FALSE,FALSE
"Mercurate(2-), tetraiodo-, copper(2+) (1:1), (T-4)-",TRUE,Inorganic compounds,Mixed metal/non-metal compounds,Miscellaneous mixed metal/non-metals,NA,Miscellaneous mixed metal/non-metals,medium,NA,NA,FALSE,FALSE
"Nickelate(6-), [4-[[5-[[(3,6-dichloro-4-pyridazinyl)carbonyl]amino]-2-sulfophenyl]azo]-4,5-dihydro-5-oxo-1-[5-[[(trisulfo-29H,31H-phthalocyaninyl)sulfonyl]amino]-2-sulfophenyl]-1H-pyrazole-3-carboxylato(8-)-N29,N30,N31,N32]-, hexahydrogen",TRUE,Organic compounds,Organoheterocyclic compounds,Azoles,Pyrazoles,Pyrazoles,low,NA,NA,FALSE,FALSE
Z-84,TRUE,NA,NA,NA,NA,NA,low,NA,NA,FALSE,FALSE
"Crude heparin, sodium salt",TRUE,Organic compounds,Organic acids and derivatives,Carboxylic acids and derivatives,Carbohydrates and carbohydrate conjugates,Carbohydrates and carbohydrate conjugates,low,NA,NA,FALSE,FALSE
Generic name,TRUE,NA,NA,NA,NA,NA,low,NA,NA,FALSE,FALSE
"4,4'-Methylenediphenyl diisocyanate, oligomers",TRUE,Organic compounds,Organic nitrogen compounds,Organonitrogen compounds,Isocyanates,Isocyanates,medium,NA,NA,FALSE,FALSE
"Ethylenediamine, ethoxylated and propoxylated",TRUE,Organic compounds,Organic oxygen compounds,Organooxygen compounds,Ethers,Ethers,medium,NA,NA,FALSE,FALSE
"CW352H (CuNi10Fe1Mn)
CW353H (CuNi30Fe2Mn2)
CW354H (CuNi30Mn1Fe)",TRUE,Inorganic compounds,Homogeneous metal compounds,Intermetallic transition metal compounds,NA,Intermetallic transition metal compounds,medium,NA,NA,FALSE,FALSE
"sodium 4-(2,4,4-trimethylpentylcarbonyloxy)benzenesulfonate",TRUE,Organic compounds,Organic acids and derivatives,Organic sulfonic acids and derivatives,Organic sulfate salts,Benzenesulfonate esters,medium,NA,NA,FALSE,FALSE
esters of fatty acids with polyglycerol,TRUE,Organic compounds,Lipids and lipid-like molecules,Glycerolipids,Diradylglycerols,Diradylglycerols,low,Fatty acid esters,0.8815534706709439,FALSE,TRUE
PM14943,TRUE,NA,NA,NA,NA,NA,low,NA,NA,FALSE,FALSE
SETAFIX XD 1289,TRUE,NA,NA,NA,NA,NA,low,NA,NA,FALSE,FALSE
"Light oil (coal), semi-coking process; Fresh oil; [The volatile organic liquid condensed from the gas evolved in the low-temperature (less than 700 °C (1 292  °F)) destructive distillation of coal. Composed primarily of C6-10 hydrocarbons.]",TRUE,Organic compounds,Hydrocarbons,Aromatic hydrocarbons,NA,Aromatic hydrocarbons,medium,NA,NA,FALSE,FALSE
"Naphthalenesulphonic acid, dinonyl-, sodium salt",TRUE,Organic compounds,Organosulfur compounds,Organic sulfonic acids and derivatives,Naphthalene sulfonic acids and derivatives,1-naphthalene sulfonic acids and derivatives,medium,NA,NA,FALSE,FALSE
"Pepper (Piper), P. nigrum, ext.",TRUE,NA,NA,NA,NA,NA,low,NA,NA,FALSE,FALSE
"Flue dust, cadmium-refining",TRUE,Inorganic compounds,Mixed metal/non-metal compounds,NA,NA,NA,low,NA,NA,FALSE,FALSE
"fatty acids (unbranched, saturated and unsaturated, with an even number of carbon atoms, C8-C22, with a maximum content of 2 % unsaponifiable matter), as compounds with bis(2-hydroxyethyl)amine",TRUE,Organic compounds,Lipids and lipid-like molecules,Fatty Acyls,Fatty acids and conjugates,Fatty acids and conjugates,medium,NA,NA,FALSE,FALSE
CVCP-1V-01,TRUE,NA,NA,NA,NA,NA,low,NA,NA,FALSE,FALSE
"[[N,N',N''-[29H,31H-phthalocyaninetriyltris(sulphonylimino-3,1-phenylene)]tris[3-oxobutyramidato]](2-)-N29,N30,N31,N32]nickel",TRUE,Organic compounds,Organoheterocyclic compounds,Tetrapyrroles and derivatives,NA,Phthalocyanines,high,NA,NA,FALSE,FALSE
di-n-octyltin bis(ethyl maleate),TRUE,Organic compounds,Organometallic compounds,Organometallic compounds,Organotin compounds,Dialkyltin dicarboxylates,high,NA,NA,FALSE,FALSE
"Zinc sulfide (ZnS), copper chloride-doped",TRUE,Inorganic compounds,Mixed metal/non-metal compounds,Transition metal salts,NA,Transition metal sulfides,medium,NA,NA,FALSE,FALSE
AKPT-1,TRUE,NA,NA,NA,NA,NA,low,NA,NA,FALSE,FALSE
"Reaction products of fatty acid, C10-14 (even numbered) alkyl with glycine, potassium salts.",TRUE,Organic compounds,Organic acids and derivatives,Carboxylic acids and derivatives,"Amino acids, peptides, and analogues",N-acyl-alpha amino acids and derivatives,medium,NA,NA,FALSE,FALSE
SUBSTANCE 717W91,TRUE,NA,NA,NA,NA,NA,low,NA,NA,FALSE,FALSE
"A mixture of: 2-ethyl-[2,6-dibromo-4-[1-[3,5-dibromo-4-(2-hydroxyethoxy)phenyl]-1-methylethyl]phenoxy]propenoate; 2,2'-diethyl-[4,4'-bis(2,6-dibromophenoxy)-1-methylethylidene] dipropenoate; 2,2'-[(1-methylethylidene)bis[[2,6-dibromo-4,1-phenylene)oxy]ethanol]]",TRUE,Organic compounds,Organohalogen compounds,Organobromides,Aryl bromides,Aryl bromides,medium,NA,NA,FALSE,FALSE
"(2R,3R)-3-(3-(Benzyloxy)phenyl-2-methylpentanoic acid",TRUE,Organic compounds,Organic acids and derivatives,Carboxylic acids and derivatives,Carboxylic acids,Phenylpropanoic acids,medium,NA,NA,FALSE,FALSE
N-[[-2[[[(4-Aminoiminomethyl)phenyl]amino]methyl]-1-methyl-1H-benzimidazol-5-yl]carbonyl]-N-2-pyridinyl-beta-alaninethylester p-toluolsulfonat,TRUE,Organic compounds,Organoheterocyclic compounds,Benzimidazoles,NA,Benzimidazoles,medium,NA,NA,FALSE,FALSE
Nickel and its compounds,TRUE,Inorganic compounds,Homogeneous metal compounds,Homogeneous transition metal compounds,NA,Homogeneous transition metal compounds,medium,Inorganic nickel compounds,0.903910822834782,FALSE,TRUE
A mixture of isomers of: sodium phenethylnaphthalenesulfonate; sodium naphthylethylbenzenesulfonate,TRUE,Organic compounds,Organosulfur compounds,Organic sulfonic acids and derivatives,Organosulfonic acids and derivatives,Naphthalene sulfonic acids and derivatives,medium,NA,NA,FALSE,FALSE
arsenic acid and its salts with the exception of those specified elsewhere in this Annex,TRUE,Inorganic compounds,Inorganic salts,Inorganic arsenic compounds,NA,Inorganic arsenic compounds,medium,NA,NA,FALSE,FALSE
Spent liquor from semi-chemical pulping containing spent inorganic process chemicals and dissolved organic substances originating from the wood raw material,TRUE,NA,NA,NA,NA,NA,low,NA,NA,FALSE,FALSE
"N-(3-triethoxysilylpropyl)-aza-2,2-diethoxy-2-silacyclopentane",TRUE,Organic compounds,Organometallic compounds,Organometalloid compounds,Organosilicon compounds,Organoheterosilanes,medium,NA,NA,FALSE,FALSE
"Sulfuric acid, nickel(2+) salt (1:1), pentahydrate",TRUE,Inorganic compounds,Inorganic salts,Transition metal salts,NA,Transition metal sulfates,high,NA,NA,FALSE,FALSE
"Alkenes, C8-10, C9-rich",TRUE,Organic compounds,Hydrocarbons,Unsaturated hydrocarbons,Olefins,Olefins,high,NA,NA,FALSE,FALSE
montan wax,TRUE,Organic compounds,Lipids and lipid-like molecules,Fatty Acyls,Wax monoesters,Wax monoesters,medium,NA,NA,FALSE,FALSE
"Ester reaction products of 1,4-Benzenedicarboxylic acid with C11-14 iso-alcohols, C13-rich",TRUE,Organic compounds,Organic acids and derivatives,Carboxylic acids and derivatives,Carboxylic acid esters,p-Phthalate esters,high,NA,NA,FALSE,FALSE
"Chromate(2-), [2,4-dihydro-4-[(2-hydroxy-4-nitrophenyl)azo]-5-methyl-2-phenyl-3H-pyrazol-3-onato(2-)][3-[(4,5-dihydro-3-methyl-5-oxo-1-phenyl-1H-pyrazol-4-yl)azo]-2-hydroxy-5-nitrobenzenesulfonato(3-)]-, disodium",TRUE,Organic compounds,Organoheterocyclic compounds,Azoles,NA,Pyrazoles,low,NA,NA,FALSE,FALSE
"aluminium calcium hydroxide phosphite, hydrate",TRUE,Inorganic compounds,Mixed metal/non-metal compounds,Miscellaneous mixed metal/non-metals,NA,Miscellaneous mixed metal/non-metals,medium,NA,NA,FALSE,FALSE
"Butanedioic acid, 2(or 3)-sulfo-, 4-[2-[(1-oxododecyl)amino]ethyl] ester, sodium salt",TRUE,Organic compounds,Organic acids and derivatives,Carboxylic acids and derivatives,Carboxylic acid esters,Carboxylic acid esters,medium,NA,NA,FALSE,FALSE
"Phenol, dodecyl-, sulfurized, calcium salts",TRUE,Organic compounds,Organosulfur compounds,Organic sulfate salts,NA,Organic metal salts,low,NA,NA,FALSE,FALSE
Heptabromodiphenyl ether (Group),TRUE,Organic compounds,Organohalogen compounds,Aryl halides,NA,Bromodiphenyl ethers,high,NA,NA,FALSE,FALSE
AGK 4172,TRUE,NA,NA,NA,NA,NA,low,NA,NA,FALSE,FALSE
"Reaction products of 2-amino-4-chlorophenol, 2-amino-4-nitrophenol-6-sulfonic acid with resorcinol, iron complex, sodium salts",TRUE,Organic compounds,Organoheterocyclic compounds,Azoles,NA,Organic metal salts,low,NA,NA,FALSE,FALSE
"Cyclohexane, oxidized, aq. ext.",TRUE,Organic compounds,Hydrocarbon derivatives,Organooxygen compounds,Alcohols and polyols,Cyclic alcohols and derivatives,low,NA,NA,FALSE,FALSE
"Blend of 1-octadecenol, 1-octadecadienols, different isomers",TRUE,Organic compounds,Lipids and lipid-like molecules,Fatty Acyls,Fatty alcohols,Long-chain fatty alcohols,high,NA,NA,FALSE,FALSE
"Fatty acids, C18 (saturated and unsaturated) ethyl esters",TRUE,Organic compounds,Lipids and lipid-like molecules,Fatty Acyls,Fatty acid esters,Fatty acid methyl esters,medium,NA,NA,FALSE,FALSE
"1,2,3-Propanetriol, oligomers, docosanoate",TRUE,Organic compounds,Lipids and lipid-like molecules,Glycerolipids,Triradylcglycerols,Triacylglycerols,medium,NA,NA,FALSE,FALSE
CIN 10082251,TRUE,NA,NA,NA,NA,NA,low,NA,NA,FALSE,FALSE
Fatty alcohols / Aliphatic alcohols,TRUE,Organic compounds,Lipids and lipid-like molecules,Fatty Acyls,Fatty alcohols,Fatty alcohols,high,Fatty alcohols,0.884212839556921,TRUE,TRUE
FC-114B,TRUE,NA,NA,NA,NA,NA,low,NA,NA,FALSE,FALSE
"Benzenesulfonic acid, C10-16-alkyl derivs., magnesium salts",TRUE,Organic compounds,Organic acids and derivatives,Organic sulfonic acids and derivatives,Organic sulfonic acids and derivatives,Organic metal salts,medium,NA,NA,FALSE,FALSE
"2-Naphthalenamine, N-(2-ethylhexyl)-1-[[4-(phenylazo)phenyl]azo]-, ar' and ar''-Me derivs.",TRUE,Organic compounds,Hydrocarbon derivatives,Azobenzenes,NA,Azobenzenes,medium,NA,NA,FALSE,FALSE
SKF 109077,TRUE,NA,NA,NA,NA,NA,low,NA,NA,FALSE,FALSE
"[phosphinyldynetris(oxy)] tris[3-aminopropyl-2-hydroxy-N,N-dimethyl-N-(C6-18)-alkyl] trichlorides",TRUE,Organic compounds,Organophosphorus compounds,Organic phosphoric acids and derivatives,NA,Quaternary ammonium salts,low,NA,NA,FALSE,FALSE
"(2,2-Diphenyltetrahydrofuran-3-yl)methanol",TRUE,Organic compounds,Organoheterocyclic compounds,Oxolanes,Tetrahydrofurans,Tetrahydrofurans,high,NA,NA,FALSE,FALSE
M-119,TRUE,NA,NA,NA,NA,NA,low,NA,NA,FALSE,FALSE
"Benzenamine, reaction products with aniline hydrochloride and nitrobenzene, hydrochlorides",TRUE,Organic compounds,Organic nitrogen compounds,Organonitrogen compounds,Amines,Primary aromatic amines,low,NA,NA,FALSE,FALSE
4-Methyl-N-Ethyl-N-(2-methyl-5-nitrophenyl)benzenesulfonamide,TRUE,Organic compounds,Organosulfur compounds,Sulfonyls,Sulfonamides,"N,N-disubstituted p-toluenesulfonamides",high,NA,NA,FALSE,FALSE
"empenthrin (ISO); 1-ethynyl-2-methylpent-2-enyl 2,2-dimethyl-3-(2-methylprop-1-enyl)cyclopropanecarboxylate",TRUE,Organic compounds,Lipids and lipid-like molecules,Prenol lipids,Pyrethroids,Pyrethroids,high,NA,NA,FALSE,FALSE
EPOCROS RPS,TRUE,Organic compounds,Organic Polymers,NA,NA,NA,low,NA,NA,FALSE,FALSE
"1,4-Cyclohexanedicarboxylic acid, 1,4-dinonyl ester, branched and linear",TRUE,Organic compounds,Organic acids and derivatives,Carboxylic acids and derivatives,Carboxylic acid esters,Carboxylic acid esters,medium,NA,NA,FALSE,FALSE
"Matte, copper-lead",TRUE,NA,NA,NA,NA,NA,high,NA,NA,FALSE,FALSE
"Fatty acids, C9, hexaesters with dipentaerythritol",TRUE,Organic compounds,Lipids and lipid-like molecules,Fatty Acyls,Fatty acid esters,Fatty acid esters,medium,NA,NA,FALSE,FALSE
Cadmium sulfide (Cd0.53S0.47),TRUE,Inorganic compounds,Mixed metal/non-metal compounds,Miscellaneous mixed metal/non-metals,NA,Miscellaneous mixed metal/non-metals,medium,NA,NA,FALSE,FALSE
"UK-348,959",TRUE,NA,NA,NA,NA,NA,low,NA,NA,FALSE,FALSE
"Reaction products of stearic acid, diethylenetriamine and N-aminoethylethanolamine and acetic acid",TRUE,Organic compounds,Organic nitrogen compounds,Organonitrogen compounds,Amines,Amines,low,NA,NA,FALSE,FALSE
"Reaction product of 2-hydroxybenzoic acid, styrene and oxozinc",TRUE,Inorganic compounds,Mixed metal/non-metal compounds,NA,NA,NA,low,NA,NA,FALSE,FALSE
L-alpha-glutamyltryptamine,TRUE,Organic compounds,Organic acids and derivatives,Carboxylic acids and derivatives,"Amino acids, peptides, and analogues",Dipeptides,medium,NA,NA,FALSE,FALSE
"Quillaja saponaria, ext.",TRUE,Organic compounds,Lipids and lipid-like molecules,Steroids and steroid derivatives,NA,Triterpene saponins,medium,NA,NA,FALSE,FALSE
"Nickel, [29H,31H-phthalocyaninato(2-)-[?]N29,[?]N30,[?]N31,[?]N32]-, sulfo [[4-[[2-(sulfooxy)ethyl]sulfonyl]phenyl]amino]sulfonyl derivs., sodium salts",TRUE,Organic compounds,Organoheterocyclic compounds,Tetrapyrroles and derivatives,NA,Phthalocyanines,medium,NA,NA,FALSE,FALSE
(R)-5-Bromo-3-[(1-methyl-2-pyrrolidinyl)methyl]-1H-indol oxalate,TRUE,Organic compounds,Organoheterocyclic compounds,Indoles and derivatives,Indoles and derivatives,Indoles,high,NA,NA,FALSE,FALSE
"Tris(ethyl acetoacetato-O1',O3)aluminium",TRUE,Organic compounds,Organometallic compounds,Organo-post-transition metal compounds,Organoaluminium compounds,Organoaluminium compounds,medium,NA,NA,FALSE,FALSE
A mixture of: dicalcium (bis(2-hydroxy-5-tetra-propenylphenylmethyl)methylamine)dihydroxide; tri-calcium (tris(2-hydroxy-5-tetra-propenylphenylmethyl)methylamine)tri-hydroxide; poly[calcium ((2-hydroxy-5-tetrapropenyl-phenylmethyl)methylamine)hydroxide],TRUE,Organic compounds,Organic nitrogen compounds,Organonitrogen compounds,Amines,Amines,low,NA,NA,FALSE,FALSE
reaction products of diisopropanolamine with formaldehyde (1:4),TRUE,Organic compounds,Organic nitrogen compounds,Azacyclic compounds,NA,Morpholines,low,NA,NA,FALSE,FALSE
MARINE DER 7530,TRUE,NA,NA,NA,NA,NA,low,NA,NA,FALSE,FALSE
"((2R, 5S)-5-(4-Amino-5-fluoro-2-oxo-2H-pyrimidin-1-yl)-[1,3]oxathiolane-2-carboxylic Acid, (2S)-Isopropyl-(5R)-methyl-(1R)-cyclohexyl Ester",TRUE,Organic compounds,Organoheterocyclic compounds,Oxathiolanes,NA,Oxathiolanes,medium,NA,NA,FALSE,FALSE
copolymers of butadiene with styrene and divinylbenzene,TRUE,Organic compounds,Organic Polymers,NA,NA,NA,medium,NA,NA,FALSE,FALSE
"Melaleuca alternifolia, ext.",TRUE,NA,NA,NA,NA,NA,low,NA,NA,FALSE,FALSE
Pseudozyma flocculosa,TRUE,NA,NA,NA,NA,NA,low,NA,NA,FALSE,FALSE
"Fatty acids, tall-oil, reaction products with bisphenol A, epichlorohydrin, glycidyl tolyl ether and triethylenetetramine",TRUE,Organic compounds,Lipids and lipid-like molecules,Fatty Acyls,Fatty acids and conjugates,Fatty acids and conjugates,low,NA,NA,FALSE,FALSE
"4-[2-(4-hydroxyphenyl)propan-2-yl]phenol, reaction product with diphenyl carbonate",TRUE,Organic compounds,Organic oxygen compounds,Organic carbonic acids and derivatives,Carbonic acid diesters,Carbonic acid diesters,medium,NA,NA,FALSE,FALSE
"(E,Z)-3,8-Tetradecadien-1-yl acetate (SCLP Acetates)",TRUE,Organic compounds,Lipids and lipid-like molecules,Fatty Acyls,Fatty acid esters,Fatty acid esters,high,NA,NA,FALSE,FALSE
(Z)-9-Tetradecen-1-ol (SCLP Alcohols),TRUE,Organic compounds,Lipids and lipid-like molecules,Fatty Acyls,Fatty alcohols,Long-chain fatty alcohols,high,NA,NA,FALSE,FALSE
"Soaps, stocks, vegetable-oil, acidulated",TRUE,Organic compounds,Lipids and lipid-like molecules,Fatty Acyls,Fatty acids and conjugates,Long-chain fatty acids,medium,NA,NA,FALSE,FALSE
AF-410,TRUE,NA,NA,NA,NA,NA,low,NA,NA,FALSE,FALSE
"Alcohols, C6-24 and C6-24-unsatd., distn. residues",TRUE,Organic compounds,Lipids and lipid-like molecules,Fatty Acyls,NA,Fatty alcohols,medium,NA,NA,FALSE,FALSE
"Ethanol, 2,2'-oxybis-, reaction products with ammonia, fractionation forecuts",TRUE,Organic compounds,Organic nitrogen compounds,Organonitrogen compounds,Amines,Amines,low,NA,NA,FALSE,FALSE
"Pyrolysis Products|Aromatic hydrocarbons, C<sub>20-28</sub>, polycyclic, mixed coal-tar pitch-polystyrene pyrolysis-derived|[A complex combination of hydrocarbons obtained from mixed coal tar pitch-polystyrene pyrolysis. Composed primarily of polycyclic a",TRUE,Organic compounds,Hydrocarbons,Aromatic hydrocarbons,NA,Polycyclic hydrocarbons,medium,NA,NA,FALSE,FALSE
"pentasodium monohydrogen 6-chloro-3,10-bis[2-[4-chloro-6-(2,4-disulfophenylamino)-1,3,5-triazin-2-yl-amino]ethylamino]-13-ethylbenzo[5.6][1.4]oxazino[2,3-b]phenoxazine-4,11-disulfonate",TRUE,Organic compounds,Organic acids and derivatives,Organic sulfonic acids and derivatives,Organic sulfonate salts,Organic sulfonate salts,low,NA,NA,FALSE,FALSE
LUMILUX RED CD 316,TRUE,NA,NA,NA,NA,NA,low,NA,NA,FALSE,FALSE
guar gum,TRUE,Organic compounds,Organic oxygen compounds,Organooxygen compounds,Carbohydrates and carbohydrate conjugates,Polysaccharides,low,NA,NA,FALSE,FALSE
iso-octyl-epoxy-stearate,TRUE,Organic compounds,Lipids and lipid-like molecules,Fatty Acyls,Fatty acid esters,Fatty acid esters,medium,NA,NA,FALSE,FALSE
"Ashes (residues), rice husk",TRUE,NA,NA,NA,NA,NA,low,NA,NA,FALSE,FALSE
"Fatty acids, C16-18 and C18-unsatd., esters with pentaerythritol",TRUE,Organic compounds,Lipids and lipid-like molecules,Fatty Acyls,Fatty acid esters,Wax monoesters,low,NA,NA,FALSE,FALSE
[(1E)-7-methyl-5-oxo-1-phenyloct-1-en-3-yl]malonic acid,TRUE,Organic compounds,Organic acids and derivatives,Carboxylic acids and derivatives,Dicarboxylic acids and derivatives,Dicarboxylic acids and derivatives,medium,NA,NA,FALSE,FALSE
"(4S)-3-carbamoyl-4-(4-cyano-2-methoxyphenyl)-5-ethoxy-2,8-dimethyl-1,4-dihydro-1,6-naphthyridin-1-ium (2S,3S)-2,3-bis(benzoyloxy)-3-carboxypropanoate",TRUE,Organic compounds,Organoheterocyclic compounds,Diazanaphthalenes,NA,Organic salts,medium,NA,NA,FALSE,FALSE
Resinoid of Dipteryx Odorata (Fabaceae) obtained from the beans by solvent extraction,TRUE,Organic compounds,Phenylpropanoids and polyketides,Coumarins and derivatives,Coumarins and derivatives,Coumarins and derivatives,medium,NA,NA,FALSE,FALSE
A mixture of isomers of: dibenzylbenzene; dibenzyl(methyl)benzene; dibenzyl(dimethyl)benzene; dibenzyl(trimethyl)benzene,TRUE,Organic compounds,Hydrocarbons,Aromatic hydrocarbons,NA,Aromatic hydrocarbons,medium,NA,NA,FALSE,FALSE
PHENYLENEDIAMINE DYE,TRUE,Organic compounds,Organic nitrogen compounds,Organonitrogen compounds,Amines,Primary aromatic amines,medium,NA,NA,FALSE,FALSE
"Lead, C8-10-branched fatty acids C9-11-neofatty acids naphthenate complexes, overbased",TRUE,Organic compounds,Lipids and lipid-like molecules,Fatty Acyls,Fatty acids and conjugates,Organic metal salts,low,NA,NA,FALSE,FALSE
Rape oil,TRUE,Organic compounds,Lipids and lipid-like molecules,Glycerolipids,NA,Triacylglycerols,high,NA,NA,FALSE,FALSE
"Zirconium oxide, hafnium and ytterbium doped",TRUE,Inorganic compounds,Mixed metal/non-metal compounds,Inorganic oxides,NA,Inorganic oxides,medium,NA,NA,FALSE,FALSE
(1-naphthylmethyl)(tetrahydrofuran-2-ylmethyl)malonic acid hydrate (1:1),TRUE,Organic compounds,Organic acids and derivatives,Carboxylic acids and derivatives,Dicarboxylic acids and derivatives,Dicarboxylic acids and derivatives,medium,NA,NA,FALSE,FALSE
"Tetrasodium [2-({4-fluoro-6-[(2-{[4-fluoro-6-({5-(hydroxykappaO)-6-[(2-{[2-(hydroxy-kappaO)-5-sulfophenyl] diazenyl-kappaN1}-4,5-dimethoxyphenyl) diazenyl-kappaN2]-7-sulfo-2-naphthyl} amino)-1,3,5-triazin-2-yl] amino} propyl) amino]-1,3,5-triazin-2-yl} amino) benzene-1,4- disulfonato(6-)] cuprate(4-)",TRUE,Organic compounds,Organoheterocyclic compounds,Triazines,"1,3,5-triazines",Azobenzenes,low,NA,NA,FALSE,FALSE
"(11-oxo-6,11-dihydro-dibenzo[b,e]oxepin-2-yl)-acetic acid butyl ester",TRUE,Organic compounds,"Lignans, neolignans and related compounds",Benzoxepines,NA,Benzoxepines,medium,NA,NA,FALSE,FALSE
A mixture of: bis(5-dodecyl-2-hydroxybenzald-oximate) copper (II) C12-alkyl group is branched; 4-dodecylsalicylaldoxime,TRUE,Organic compounds,Organoheterocyclic compounds,Azoles,NA,Oximes,low,NA,NA,FALSE,FALSE
Z-78,TRUE,NA,NA,NA,NA,NA,low,NA,NA,FALSE,FALSE
"6,6'-bis(diazo-5,5', 6,6'-tetrahydro-5,5'-dioxo)[methylene-bis(5-(6-diazo-5,6-dihydro-5-oxo-1-naphthylsulphonyloxy)-6-methyl-2-phenylene]di(naphthalene-1-sulfonate)",TRUE,Organic compounds,Organosulfur compounds,Organic sulfonic acids and derivatives,Organic sulfonate salts,Naphthalene sulfonic acids and derivatives,medium,NA,NA,FALSE,FALSE
"Esterification products of Guerbet alcohols, C24-26, branched and cyclic with benzene-1,2,4-tricarboxylic acid 1,2-anhydride (3:1)",TRUE,Organic compounds,Organic acids and derivatives,Carboxylic acids and derivatives,Carboxylic acid esters,Carboxylic acid esters,medium,NA,NA,FALSE,FALSE
WREISPOL,TRUE,NA,NA,NA,NA,NA,low,NA,NA,FALSE,FALSE
"Fatty acids, rape-oil, Me esters",TRUE,Organic compounds,Lipids and lipid-like molecules,Fatty Acyls,Fatty acid esters,Fatty acid methyl esters,high,NA,NA,FALSE,FALSE
"1-[2,4-dichloro-beta-[(5-bromo-2-chloro-3-thenyl)-oxy]phenethyl]imidazole; hydrochloride",TRUE,Organic compounds,Organoheterocyclic compounds,Azoles,Imidazoles,Imidazoles,medium,NA,NA,FALSE,FALSE
"N,N-bis(9,9-dimethylfluoren-2-yl)-4-phenyl-9,9'-spirobi[fluorene]-4'-amine",TRUE,Organic compounds,Hydrocarbon derivatives,Organonitrogen compounds,Triarylamines,Triarylamines,high,NA,NA,FALSE,FALSE
"Lead, antimonial, dross",TRUE,Inorganic compounds,Mixed metal/non-metal compounds,Miscellaneous mixed metal/non-metals,NA,Miscellaneous mixed metal/non-metals,low,NA,NA,FALSE,FALSE
Reaction products resulting from esterification of sucrose with saturated C16-18 (even numbered) fatty acids,TRUE,Organic compounds,Lipids and lipid-like molecules,Glycerolipids,NA,Fatty acyl glycosides of mono- and disaccharides,medium,NA,NA,FALSE,FALSE
"2-[4-[N-ethyl-4-(2-methoxyethoxy)anilino]phenyl]ethene-1,1,2-tricarbonitrile",TRUE,Organic compounds,Organic nitrogen compounds,Organonitrogen compounds,Nitriles,Nitriles,medium,NA,NA,FALSE,FALSE
"Fatty acids, C8-18 and C18-unsatd., Me esters",TRUE,Organic compounds,Lipids and lipid-like molecules,Fatty Acyls,Fatty acid esters,Fatty acid methyl esters,high,NA,NA,FALSE,FALSE
salts of ephedrine,TRUE,Organic compounds,Organic nitrogen compounds,Organonitrogen compounds,Amines,Organic salts,medium,NA,NA,FALSE,FALSE
"Fatty acids C16-18 (even numbered), oligoesters with sucrose",TRUE,Organic compounds,Lipids and lipid-like molecules,Fatty Acyls,NA,Fatty acid esters,medium,NA,NA,FALSE,FALSE
"Lubricating greases; Grease; [A complex combination of hydrocarbons having carbon numbers predominantly in the range of C12 through C50. May contain organic salts of alkali metals, alkaline earth metals, and/or aluminium compounds.]",TRUE,Organic compounds,Hydrocarbons,Saturated hydrocarbons,NA,Saturated hydrocarbons,low,NA,NA,FALSE,FALSE
"3-{[(2,4)and(2,5)and(2,6)-dimethylphenyl]and[(2-ethylphenyl)]}-1-{[(2,4)and(2,5)and(2,6)-dimethylphenyl]and[(2-ethylphenyl)]}guanidinium m-[[p-anilinophenyl]azo]benzenesulfonate",TRUE,Organic compounds,Organosulfur compounds,Organic sulfonic acids and derivatives,Organosulfonic acids and derivatives,Azo compounds,low,NA,NA,FALSE,FALSE
"Reaction product of o-cresol and camphene, obtained by addition, hydrogenation and distillation",TRUE,Organic compounds,Phenylpropanoids and polyketides,Coumarans,NA,Cyclohexylphenols,low,NA,NA,FALSE,FALSE
Oxidised Crude Tall Oil,TRUE,Organic compounds,Lipids and lipid-like molecules,Fatty Acyls,Fatty acids and conjugates,Fatty acids and conjugates,low,NA,NA,FALSE,FALSE
"Fatty acid chlorides, C12-18 (even numbered) and C18 unsatd., reaction products with sodium N-methyltaurinate",TRUE,Organic compounds,Organosulfur compounds,Organic sulfonic acids and derivatives,NA,Sulfonyls,low,NA,NA,FALSE,FALSE
"Reaction product of: 3-hydroxy-5,7-di-tert-butylbenzofuran-2-one with o-xylene",TRUE,NA,NA,NA,NA,NA,low,NA,NA,FALSE,FALSE
"N,N’-(oxybis(ethane-2,1-diyl))-bis(N-methylpropan-2-amine",TRUE,NA,NA,NA,NA,NA,low,NA,NA,FALSE,FALSE
CIN 10074068,TRUE,NA,NA,NA,NA,NA,low,NA,NA,FALSE,FALSE
Asbestos fibres,TRUE,Inorganic compounds,Mixed metal/non-metal compounds,Miscellaneous mixed metal/non-metals,NA,Miscellaneous mixed metal/non-metals,medium,NA,NA,FALSE,FALSE
"Boric acid (H3BO3), solid soln. with barium oxide, calcium oxide and strontium oxide, lead and manganese-doped",TRUE,Inorganic compounds,Mixed metal/non-metal compounds,Miscellaneous mixed metal/non-metals,NA,Miscellaneous mixed metal/non-metals,low,NA,NA,FALSE,FALSE
Absolute of Dipteryx odorata (Fabaceae) obtained from beans by organic solvent treatment and subsequent ethanol extraction,TRUE,NA,NA,NA,NA,NA,low,NA,NA,FALSE,FALSE
Cadmium selenide (Cd0.95Se),TRUE,Inorganic compounds,Mixed metal/non-metal compounds,Miscellaneous mixed metal/non-metals,NA,Miscellaneous mixed metal/non-metals,medium,NA,NA,FALSE,FALSE
"Ferrate (2-), [N,N-bis[2-(bis(carboxymethyl)amino)ethyl]glycinato (5-)]-, disodium",TRUE,Organic compounds,Organic acids and derivatives,Carboxylic acids and derivatives,"Amino acids, peptides, and analogues","Amino acids, peptides, and analogues",low,NA,NA,FALSE,FALSE
"Fatty acids, tall-oil, reaction products with boric acid (H3BO3) and diethanolamine",TRUE,Organic compounds,Lipids and lipid-like molecules,Fatty Acyls,Fatty acids and conjugates,Fatty acids and conjugates,low,NA,NA,FALSE,FALSE
"Sulfuric acid, cadmium salt (4:1)",TRUE,Inorganic compounds,Inorganic salts,Transition metal salts,Transition metal sulfates,Transition metal sulfates,high,NA,NA,FALSE,FALSE
"Barium oxide (BaO), solid soln. with calcium oxide, strontium oxide and tungsten oxide (WO3), lead-doped",TRUE,Inorganic compounds,Mixed metal/non-metal compounds,Miscellaneous mixed metal/non-metals,NA,Miscellaneous mixed metal/non-metals,low,NA,NA,FALSE,FALSE
"4-azidobutan-1-amine; (7,7-dimethyl-3-oxo-4-bicyclo[2.2.1]heptanyl)methanesulfonic acid",TRUE,Organic compounds,Organic acids and derivatives,Organic sulfonic acids and derivatives,Organic sulfonic acids and derivatives,Organic sulfonic acids and derivatives,medium,NA,NA,FALSE,FALSE
DOW CORNING(R) 2-5647,TRUE,Organic compounds,Organoheterocyclic compounds,NA,NA,Siloxanes,low,NA,NA,FALSE,FALSE
"2,5-diphenyloxazole-4-sulfonic acid",TRUE,Organic compounds,Organoheterocyclic compounds,Azoles,Oxazoles,Oxazoles,high,NA,NA,FALSE,FALSE
A mixture of n-octadecylaminodiethyl bis(hydrogen maleate); n-octadecylaminodiethyl hydrogen maleate hydrogenphthalate,TRUE,Organic compounds,Organic acids and derivatives,Carboxylic acids and derivatives,Carboxylic acid esters,Carboxylic acid esters,low,NA,NA,FALSE,FALSE
di-alkyl-benzenesulfonic acid,TRUE,Organic compounds,Organosulfur compounds,Organic sulfonic acids and derivatives,Benzenesulfonic acids and derivatives,Benzenesulfonic acids and derivatives,high,Benzenesulfonic acids and derivatives,0.8100265897916227,TRUE,TRUE
"salts of 3,3'-dichlorobenzidine; salts of 3,3'-dichlorobiphenyl-4,4'-ylenediamine",TRUE,Organic compounds,Benzenoids,Benzene and substituted derivatives,Benzidines,Benzidines,high,NA,NA,FALSE,FALSE
"(2R,3R)-3-(3-Methoxyphenyl)-N,2-dimethylpentan-1-ammonium chloride",TRUE,Organic compounds,Organohalogen compounds,Organochlorides,Quaternary ammonium salts,Quaternary ammonium salts,medium,NA,NA,FALSE,FALSE
"6-oxo- 6H‒Dibenz[c, e] [1, 2] oxaphosphorin 6-alkyl derivative",TRUE,Organic compounds,Organophosphorus compounds,Organic phosphonic acids and derivatives,NA,Organic phosphonic acids and derivatives,medium,NA,NA,FALSE,FALSE
"Reaction products of diazotized 2-amino-5-{[2-(sulfooxy)ethyl]sulfonyl}benzenesulfonic acid coupled with 7-amino-4-hydroxynaphthalene-2-sulphonic acid, subsequently coupled with diazotized 2-[(3-aminophenyl)sulfonyl]ethyl hydrogen sulfate, sodium and potassium salts",TRUE,Organic compounds,Benzenoids,Benzene and substituted derivatives,Benzenesulfonic acids and derivatives,Azo compounds,medium,NA,NA,FALSE,FALSE
"Lutetium aluminium oxide, cerium doped, garnet",TRUE,Inorganic compounds,Mixed metal/non-metal compounds,Inorganic oxides,NA,Inorganic oxides,medium,NA,NA,FALSE,FALSE
Rammelsbergite (NiAs2),TRUE,Inorganic compounds,Mixed metal/non-metal compounds,Miscellaneous mixed metal/non-metals,NA,Miscellaneous mixed metal/non-metals,medium,NA,NA,FALSE,FALSE
"A mixture of: 7,9,9-trimethyl-3,14-dioxa-4,13-dioxo-5,12-diazahexadecane-1,16-diylprop-2-enoate; 7,7,9-trimethyl-3,14-dioxa-4,13-dioxo-5,12-diazahexadecan-1,16-diylprop-2-enoate",TRUE,Organic compounds,Organic acids and derivatives,Carboxylic acids and derivatives,Carboxylic acid esters,Carbamate esters,medium,NA,NA,FALSE,FALSE
"3-{2-Acetylamino-4-[4-chloro-6-(4-vinylsulfonyl-phenylamino)-[1,3,5]triazine-2-ylamino]-phenylazo}-naphthalene-1,5-disulfonate",TRUE,Organic compounds,Benzenoids,Naphthalenes,NA,Naphthalene sulfonic acids and derivatives,medium,NA,NA,FALSE,FALSE
"glycerol, esters with propionic acid",TRUE,Organic compounds,Lipids and lipid-like molecules,Glycerolipids,Monoradylglycerols,Monoradylglycerols,medium,NA,NA,FALSE,FALSE
"Aluminate(2),[[N,N'-1,2-ethanediylbis[N-(carboxymethyl)glycinato]](4-)-N,N',O,O',ON]hydroxy-,disodium",TRUE,Inorganic compounds,Mixed metal/non-metal compounds,Miscellaneous mixed metal/non-metals,NA,Miscellaneous mixed metal/non-metals,low,NA,NA,FALSE,FALSE
"Reaction products of 1H-Imidazole-1-ethanol, 4,5-dihydro-, 2-(C11-C13 odd-numbered alkyl) derivs. and sodium hydroxide and chloroacetic acid",TRUE,Organic compounds,Organic acids and derivatives,Carboxylic acids and derivatives,"Amino acids, peptides, and analogues",Alpha amino acids and derivatives,low,NA,NA,FALSE,FALSE
"2H-Pyrido[3,2-b]-1,4-oxazin-3(4H)-one, 6-[[5-fluoro-2- [(3,4,5-trimethoxyphenyl)amino]-4-pyrimidinyl]amino]-2,2-dimethyl-4- [(phosphonooxy)methyl]*DMF",TRUE,Organic compounds,Organoheterocyclic compounds,Oxazinanes,NA,Oxazinanes,medium,NA,NA,FALSE,FALSE
PHOTOSOL 5-68,TRUE,NA,NA,NA,NA,NA,low,NA,NA,FALSE,FALSE
JPR BK C-201 (Y),TRUE,NA,NA,NA,NA,NA,low,NA,NA,FALSE,FALSE
"Fatty acids, C8-10-branched, lead salts",TRUE,Organic compounds,Lipids and lipid-like molecules,Fatty Acyls,Fatty acids and conjugates,Branched fatty acids,medium,NA,NA,FALSE,FALSE
"Fatty acids, C16-18, Bu esters",TRUE,Organic compounds,Lipids and lipid-like molecules,Fatty Acyls,Fatty acid esters,Fatty acid esters,medium,Fatty acid esters,0.8200929502279364,TRUE,TRUE
"A mixture of: tetrasodium(((2-hydroxyethyl)imino)bis(methylene))bisphosphonate, N-oxide; trisodium ((tetrahydro-2-hydroxy-4H-1,4,2-oxazaphosphorin-4-yl)methyl)phosphonate, N-oxide, P-oxide",TRUE,Organic compounds,Organophosphorus compounds,Organic phosphonic acids and derivatives,NA,Organic phosphonic acids and derivatives,medium,NA,NA,FALSE,FALSE
"Reaction products of diazotised 2-aminophenol-4-sulfonamide coupled with 7-amino-4-hydroxynaphthalene-2-sulfonic acid, subsequently diazotised and coupled with 3-oxo-N-phenylbutanamide and 3 aminophenol, chelated with chromium (3+), potassium salts",TRUE,Organic compounds,Organometallic compounds,Organotransition metal compounds,NA,Organotransition metal compounds,low,NA,NA,FALSE,FALSE
"Formaldehyde, polymer with ethenylbenzene and phenol",TRUE,Organic compounds,Organic Polymers,NA,NA,Organic Polymers,medium,NA,NA,FALSE,FALSE
"(E)-N-((dialkylamino)alkylene)-3,5-bis(polyfluoroalkyl)benzamide",TRUE,Organic compounds,Organic nitrogen compounds,Organonitrogen compounds,Amides,Benzamides,medium,NA,NA,FALSE,FALSE
"Lead, C5-23-branched carboxylate octanoate complexes",TRUE,Organic compounds,Organic acids and derivatives,Carboxylic acids and derivatives,Carboxylic acid salts,Organic metal salts,medium,NA,NA,FALSE,FALSE
"Slags, ferromolybdenum-manufg., silicothermic",TRUE,NA,NA,NA,NA,NA,low,NA,NA,FALSE,FALSE
"7-[(ethoxycarbonyl)amino]-4-hydroxynaphthalene-2-sulfonic acid, sodium salt",TRUE,Organic compounds,Benzenoids,Naphthalenes,Naphthalene sulfonic acids and derivatives,Naphthalene sulfonic acids and derivatives,medium,NA,NA,FALSE,FALSE
DS-1292B-E,TRUE,NA,NA,NA,NA,NA,low,NA,NA,FALSE,FALSE
"1,2-dichloro-1,1,2-trifluoro-2-(trifluoromethoxy)ethane and2-(1,2-dichloro-1,2,2-trifluoroethoxy)-1,1,2,2-tetrafluoroethanesulfonyl fluoride",TRUE,Organic compounds,Organohalogen compounds,Organofluorides,Perfluoroalkyl sulfonic acid and derivatives,Perfluoroalkanesulfonyl fluorides,medium,NA,NA,FALSE,FALSE
"Tris(4-nonylphenyl, branched and linear) phosphite (TNPP)",TRUE,Organic compounds,Organophosphorus compounds,Organic phosphines and derivatives,Trialkylphosphites,Trialkylphosphites,medium,NA,NA,FALSE,FALSE
"rosin, hydrogenated, ester with methanol",TRUE,Organic compounds,Lipids and lipid-like molecules,Prenol lipids,NA,Diterpenes,low,NA,NA,FALSE,FALSE
"Resin acids and Rosin acids, maleated, esters with glycerol",TRUE,Organic compounds,Lipids and lipid-like molecules,Prenol lipids,Diterpenoids,Diterpenoids,medium,NA,NA,FALSE,FALSE
P1,TRUE,NA,NA,NA,NA,NA,low,NA,NA,FALSE,FALSE
"1-Propanaminium, 3-amino-N-(carboxymethyl)-N,N-dimethyl-, N-C8-10 (even numbered) acyl derivs., hydroxides, inner salts",TRUE,Organic compounds,Organic nitrogen compounds,Organonitrogen compounds,Amines,Quaternary ammonium salts,medium,NA,NA,FALSE,FALSE
"D-Glucopyranose, oligomers, decyl octyl glycosides",TRUE,Organic compounds,Lipids and lipid-like molecules,Saccharolipids,Saccharolipids,Fatty acyl glycosides of mono- and disaccharides,medium,NA,NA,FALSE,FALSE
A mixture of: dodecyldimethyloctylammononiumbromide; tetradecyldimethyloctylammoniumbromide,TRUE,Organic compounds,Organic nitrogen compounds,Organonitrogen compounds,Quaternary ammonium salts,Quaternary ammonium salts,high,NA,NA,FALSE,FALSE
JASMONITRILE,TRUE,Organic compounds,Lipids and lipid-like molecules,Fatty Acyls,Fatty acids and conjugates,Fatty acids and conjugates,medium,NA,NA,FALSE,FALSE
"Filter cake from enzyme fermentation, consisting of fungal biomass and inorganic filtration aid",TRUE,NA,NA,NA,NA,NA,low,NA,NA,FALSE,FALSE
"Fatty acids, lanolin",TRUE,Organic compounds,Lipids and lipid-like molecules,Fatty Acyls,Fatty acids and conjugates,Fatty acids and conjugates,medium,NA,NA,FALSE,FALSE
"Aluminum chloride, basic, reaction products with silica",TRUE,Inorganic compounds,Mixed metal/non-metal compounds,Metalloid salts,NA,Metalloid salts,low,NA,NA,FALSE,FALSE
"reaction products of diazotized p-amino-acetanilide, coupled with 6-amino-4-hydroxynaphthalene-2-sulfonic acid, subsequently coupled with diazotized 8- aminonaphthalene-2-sulfonic acid and 6-amino-4-hydroxynaphthalene-2-sulfonic acid, sodium salts",TRUE,Organic compounds,Hydrocarbon derivatives,Aryl halides,NA,Azo compounds,low,NA,NA,FALSE,FALSE
Ethyl 6-O-octadecenoyl-D-glucopyranoside,TRUE,Organic compounds,Lipids and lipid-like molecules,Fatty Acyls,Fatty acid esters,Fatty acyl glycosides of mono- and disaccharides,medium,NA,NA,FALSE,FALSE
241 AJG,TRUE,NA,NA,NA,NA,NA,low,NA,NA,FALSE,FALSE
"Isooctadecanoic acid, mono- and diesters with glycerol",TRUE,Organic compounds,Lipids and lipid-like molecules,Glycerolipids,Diradylglycerols,Diradylglycerols,medium,NA,NA,FALSE,FALSE
"Alkenes, C10-14-branched and linear, C12-rich",TRUE,Organic compounds,Hydrocarbons,Unsaturated hydrocarbons,Olefins,Olefins,high,NA,NA,FALSE,FALSE
"Oligomerisation products of hexamethylene diisocyanate, isocyanurate type, reacted with 2-hydroxyethyl acrylate.",TRUE,Organic compounds,Organic acids and derivatives,Carboxylic acids and derivatives,Carboxylic acid esters,Carboxylic acid esters,low,NA,NA,FALSE,FALSE
"Reaction products of diazotised 2-amin-6-nitrophenol-4-sulphonic Acid and 2-Amino-4-nitrophenol-6-sulfonic Acid, coupled with a mixture of 6-Amino-4-hydroxy-2-naphthalenesulfonic Acid and Acetylated 6-Amino-4-hydroxy-2-naphthalenesulfonic Acid, subsequently metallized with Chromium (III) Basic Sulfate and Acetic Acid, and at the end diazotised and coupled with p-Cresol, sodium salts",TRUE,Organic compounds,Benzenoids,Benzene and substituted derivatives,Azo compounds,Azobenzenes,low,NA,NA,FALSE,FALSE
A mixture of isomers of: dodecylammonium (octachloro)(sulfonato)phtalocyaninatocuprate(II),TRUE,Organic compounds,Organoheterocyclic compounds,Tetrapyrroles and derivatives,NA,Phthalocyanines,medium,NA,NA,FALSE,FALSE
"Barium cadmium calcium chloride fluoride phosphate, antimony and manganese-doped",TRUE,Inorganic compounds,Inorganic salts,Mixed metal/non-metal compounds,NA,Miscellaneous mixed metal/non-metals,low,NA,NA,FALSE,FALSE
"dodecane-12-lactam, manufacturing of, by-products from, distillation residues",TRUE,Organic compounds,Organic nitrogen compounds,Lactams,NA,Macrolactams,medium,NA,NA,FALSE,FALSE
"A 2:1 mixture of: tris(3,5,5-trimethylhexylammonium)-4-amino-3-(4-(4-(2-amino-4-hydroxyphenylazo)anilino)-3-sulfonatophenylazo)-5,6-dihydro-5-oxo-6-phenylhydrazononaphthalene-2,7-disulfonate; tris(3,5,5-trimethylhexylammonium)-4-amino-3-(4-(4-(4-amino-2-hydroxyphenylazo)anilino)-3-sulfonatophenylazo)-5,6-dihydro-5-oxo-6-phenylhydrazononaphthalene-2,7-disulfonate",TRUE,Organic compounds,Hydrocarbon derivatives,Organonitrogen compounds,Azo compounds,Azobenzenes,medium,NA,NA,FALSE,FALSE
"Iron ores, agglomerates",TRUE,Inorganic compounds,Mixed metal/non-metal compounds,Transition metal salts,NA,Transition metal oxides,medium,NA,NA,FALSE,FALSE
polyethylene oxide(4-14)ether of octyl- and/or nonylphenol,TRUE,Organic compounds,Organic oxygen compounds,Organooxygen compounds,Ethers,Polyethylene glycols,medium,NA,NA,FALSE,FALSE
"2-(chloromethyl)-4-methoxy-3,5-dimethylpyridine hydrochloride (1:1)",TRUE,Organic compounds,Organoheterocyclic compounds,Pyridines and derivatives,Halopyridines,Halopyridines,high,NA,NA,FALSE,FALSE
4-amino-1-Methyl-3-n-propyl-5-pyrazolecarboxamide hydrochloride,TRUE,Organic compounds,Organoheterocyclic compounds,Azoles,Pyrazoles,Pyrazoles,high,NA,NA,FALSE,FALSE
"Hydrogenation products of 1-(2,6,6- trimethylcyclohex-2-en-1-yl)hex-1-en-3-one",TRUE,Organic compounds,Lipids and lipid-like molecules,Prenol lipids,NA,Cyclic ketones,medium,NA,NA,FALSE,FALSE
8-chloro-2-{[4-(trifluoromethoxy)phenyl]methyl}quinoline hydrochloride,TRUE,Organic compounds,Organoheterocyclic compounds,Quinolines and derivatives,Quinolines and derivatives,Quinolines and derivatives,high,NA,NA,FALSE,FALSE
"Iodonium, bis(4-(1,1-dimethylethyl)phenyl)-, tetraphenylborate(1-)",TRUE,Organic compounds,Organohalogen compounds,Organoiodides,NA,Organoiodides,medium,NA,NA,FALSE,FALSE
INTERSTAB FR 184,TRUE,NA,NA,NA,NA,NA,low,NA,NA,FALSE,FALSE
"Fatty acids, C18-unsatd., diesters and triesters with trimethylolpropane",TRUE,Organic compounds,Lipids and lipid-like molecules,Fatty Acyls,Fatty acid esters,Fatty acid esters,medium,NA,NA,FALSE,FALSE
A mixture of isomers of: methyldiphenylmethane; dimethyldiphenylmethane,TRUE,Organic compounds,Hydrocarbons,Aromatic hydrocarbons,NA,Diphenylmethanes,high,NA,NA,FALSE,FALSE
"Reaction product of vanilline, obtained by hydrogenation",TRUE,Organic compounds,Benzenoids,Benzene and substituted derivatives,Methoxyphenols,Methoxyphenols,medium,NA,NA,FALSE,FALSE
"trans,trans-4,4'-di-(1-propenyl)-trans-1,1'-bicyclohexane",TRUE,Organic compounds,Hydrocarbons,Unsaturated hydrocarbons,NA,Cycloalkenes,medium,NA,NA,FALSE,FALSE
DELOXAN DAP III,TRUE,NA,NA,NA,NA,NA,low,NA,NA,FALSE,FALSE
"A mixture of: propan-2-one-O,O'-(methoxymethylsilandiyl)dioxime; propan-2-one-O-(dimethoxymethylsilyl)oxime; propan-2-one-O,O',O''-(methylsilantriyl)trioxime",TRUE,Organic compounds,Organometallic compounds,Organometalloid compounds,NA,Tris(ketoximino)silanes,medium,NA,NA,FALSE,FALSE
"copper sulfate;N'-[2-[2-(2-aminoethylamino)ethylamino]ethyl]ethane-1,2-diamine",TRUE,NA,NA,NA,NA,NA,low,NA,NA,FALSE,FALSE
"Formaldehyde, oligomeric reaction products with acetone and diphenylamine",TRUE,Organic compounds,Organic nitrogen compounds,Organonitrogen compounds,NA,Dialkylarylamines,low,NA,NA,FALSE,FALSE
"Pentyl 2,5-bis[(4-[[6-(acryloyloxy)hexyl]oxy]benzoyl)oxy]benzoate",TRUE,Organic compounds,Organic acids and derivatives,Carboxylic acids and derivatives,Carboxylic acid esters,Phenol esters,medium,NA,NA,FALSE,FALSE
"Fatty acids, C16-18, esters with ethylene glycol",TRUE,Organic compounds,Lipids and lipid-like molecules,Fatty Acyls,Fatty acid esters,Fatty acid esters,medium,NA,NA,FALSE,FALSE
paraffin waxes and hydrocarbon waxes,TRUE,Organic compounds,Hydrocarbons,Saturated hydrocarbons,Alkanes,Alkanes,high,NA,NA,FALSE,FALSE
Candida oleophila strain O,TRUE,NA,NA,NA,NA,NA,high,NA,NA,FALSE,FALSE
3(3-Benzyloxycarbonyl-methyl)-2-benzothiazolinone (Benzolinone),TRUE,Organic compounds,Organoheterocyclic compounds,Benzothiazoles,NA,Benzothiazoles,medium,NA,NA,FALSE,FALSE
"1,2,3,6,7,8,9,10,11,13a,14,15,16,16a-tetradecahydro-6-[[(5-methyl-2-heteromonocyclic)carbonyl]amino]-5,16-dioxo-2-(6-heteropolycyclicoxy)-alicyclic[e]heteromonocyclic[1,2-a][1,4]heteromonocycle-14a(5H)-carboxylic acid ethyl ester hydrochloride (2R,6S,12Z,13aS,14aR,16aS)",TRUE,NA,NA,NA,NA,NA,low,NA,NA,FALSE,FALSE
tetracopper hexahydroxide sulphate hydrate,TRUE,Inorganic compounds,Inorganic salts,Alkaline earth metal salts,NA,Alkaline earth metal sulfates,medium,NA,NA,FALSE,FALSE
"Nitriles, C18 unsaturated, dimers",TRUE,Organic compounds,Organic nitrogen compounds,Organonitrogen compounds,Nitriles,Nitriles,medium,NA,NA,FALSE,FALSE
"Mercury, compound with sodium (2:1)",TRUE,Inorganic compounds,Homogeneous metal compounds,Homogeneous transition metal compounds,NA,Homogeneous transition metal compounds,low,NA,NA,FALSE,FALSE
PHELLODENDRON AMURENSE EXTRACT,TRUE,NA,NA,NA,NA,NA,low,NA,NA,FALSE,FALSE
3-Methyl-4-(4-trifluoromethylsulfanyl-phenoxy)-phenylamine oxalate,TRUE,Organic compounds,Organic acids and derivatives,Carboxylic acids and derivatives,Carboxylic acid salts,Carboxylic acid salts,medium,NA,NA,FALSE,FALSE
condensation products of polyoxyethylene-3 with fatty alcohols C10-C18,TRUE,Organic compounds,Lipids and lipid-like molecules,Fatty Acyls,NA,Fatty alcohols,low,NA,NA,FALSE,FALSE
"Reaction product of naphtalene, propan-2-ol, sulfonated and neutralized by caustic soda",TRUE,Organic compounds,Organosulfur compounds,Organic sulfonic acids and derivatives,Organic sulfonic acids and derivatives,Naphthalene sulfonic acids and derivatives,medium,NA,NA,FALSE,FALSE
"1-(2-((2,4-dimethylphenyl)thio)phenyl)piperazine hydrobromide propan-2-ol solvate",TRUE,Organic compounds,Organoheterocyclic compounds,Diazinanes,Piperazines,Phenylpiperazines,medium,NA,NA,FALSE,FALSE
"[(3aS*,4R*,5S*,7R*,7aS*)-4,7-methano-2,3,3a,4,5,6,7,7a-octahydro-1H-inden-5-yl]methyl acetate",TRUE,Organic compounds,Lipids and lipid-like molecules,Fatty Acyls,Fatty acid esters,Fatty acid esters,medium,NA,NA,FALSE,FALSE
"Fatty acids, C8-10 (even numbered), 3-methylbutyl esters",TRUE,Organic compounds,Lipids and lipid-like molecules,Fatty Acyls,Fatty acid esters,Fatty acid esters,high,NA,NA,FALSE,FALSE
strontium neodecanoate; strontium di(acetate); strontium tartrate; strontium oxalate; strontium chloride; strontium nitrate; strontium fluoride; strontium sulphate; strontium carbonate; strontium hydrogen phosphate; strontium hydroxide; strontium bis{5-[bis(carboxymethyl)amino]-3-(carboxymethyl)-4-cyanothiophene-2-carboxylate},TRUE,Inorganic compounds,Inorganic salts,Alkaline earth metal salts,NA,Alkaline earth metal salts,medium,NA,NA,FALSE,FALSE
"Titanium, diethylene glycol ethylene glycol triisopropanolamine complexes",TRUE,Organic compounds,Organometallic compounds,Organotransition metal compounds,NA,Organotransition metal compounds,medium,NA,NA,FALSE,FALSE
TRICLOPYR (TM) ETHYL ESTER,TRUE,Organic compounds,Organohalogen compounds,Organochlorides,Aryl chlorides,Chlorophenoxyacetates,medium,NA,NA,FALSE,FALSE
"O,O,O-tris(2(or 4)-C9-10-isoalkylphenyl) phosphorothioate",TRUE,Organic compounds,Organophosphorus compounds,Organic thiophosphoric acids and derivatives,Organic thiophosphoric acids and derivatives,Aryl thiophosphates,medium,NA,NA,FALSE,FALSE
"(tris(chloromethyl)phthalocyaninato)copper(II), reaction products with N-methylpiperazine and methoxyacetic acid",TRUE,Organic compounds,Organoheterocyclic compounds,Tetrapyrroles and derivatives,NA,Phthalocyanines,medium,NA,NA,FALSE,FALSE
"Anthemis nobilis, ext.",TRUE,NA,NA,NA,NA,NA,low,NA,NA,FALSE,FALSE
"Products of roasting of ""slags, steelmaking, vanadium""",TRUE,NA,NA,NA,NA,NA,low,NA,NA,FALSE,FALSE
6-docosyloxy-1-hydroxy-4-(1-(4-hydroxy-3-methylphenanthren-1-yl)-3-oxo-2-oxaphenalen-1-yl)naphthalene-2-carboxylic acid,TRUE,Organic compounds,Phenylpropanoids and polyketides,Naphthalenes,NA,Naphthalenes,low,NA,NA,FALSE,FALSE
REAKTIV-MARINEBLAU F-63 774 FW,TRUE,Organic compounds,Organoheterocyclic compounds,Azoles,Triazoles,Triazoles,low,NA,NA,FALSE,FALSE
"Sulfuric acid, mono (C16-18 and C18-unsatd. alkyl) (even numbered) esters, sodium salts",TRUE,Organic compounds,Organic acids and derivatives,Organic sulfuric acids and derivatives,Sulfuric acid esters,Sulfuric acid monoesters,high,NA,NA,FALSE,FALSE
"Glycerides, C16-18 and C18-unsatd. mono- and di-, citrates",TRUE,Organic compounds,Lipids and lipid-like molecules,Glycerolipids,NA,Diradylglycerols,low,NA,NA,FALSE,FALSE
bis({9-[2-(carboxy-kO)phenyl]-6-(bis(tallow alkyl hydrogenated)amino)-3H-xanthen-3-ylidene}-3-bis(tallow alkyl hydrogenated)iminium)zinc(2+) dichloride,TRUE,Organic compounds,Organoheterocyclic compounds,Benzopyrans,NA,Xanthenes,medium,NA,NA,FALSE,FALSE
"α-Bitter acids, hop, hydrogenated, isomerized",TRUE,Organic compounds,Phenylpropanoids and polyketides,Prenol lipids,NA,Triterpenoids,low,NA,NA,FALSE,FALSE
"trisodium ({3-[(carboxylatomethyl)amino]propyl}{3-[(carboxylatomethyl)(C16-18, C18 unsat alkyl)amino]propyl}amino)acetate",TRUE,Organic compounds,Organic nitrogen compounds,Organonitrogen compounds,Amines,Amines,medium,NA,NA,FALSE,FALSE
barium(2+); oxygen(2-); titanium(4+); zirconium(4+) ;calcium (2+),TRUE,Inorganic compounds,Mixed metal/non-metal compounds,Inorganic oxides,NA,Inorganic oxides,medium,NA,NA,FALSE,FALSE
coconut oil,TRUE,Organic compounds,Lipids and lipid-like molecules,Glycerolipids,Triacylglycerols,Triacylglycerols,high,NA,NA,FALSE,FALSE
"Zinc bis[(1Z)-3-oxo-1,3-diphenyl-1-propen-1-olate]",TRUE,Organic compounds,Phenylpropanoids and polyketides,Flavonoids,Chalcones and dihydrochalcones,Chalcones and dihydrochalcones,medium,NA,NA,FALSE,FALSE
"Hydrocarbons, C6, isoalkanes, <5% n-hexane",TRUE,Organic compounds,Hydrocarbons,Saturated hydrocarbons,Branched alkanes,Branched alkanes,high,NA,NA,FALSE,FALSE
NEOFLON TM EFEP,TRUE,Organic compounds,Organohalogen compounds,Organofluorides,Vinyl fluorides,Vinyl fluorides,low,NA,NA,FALSE,FALSE
Calcium dimethyloctadecylbenzenesulfonate,TRUE,Organic compounds,Organic acids and derivatives,Organic sulfonic acids and derivatives,Organic sulfonate salts,Organic sulfonate salts,medium,NA,NA,FALSE,FALSE
Amorphous condensation products of orthophosphoric acid and sodium carbonate (3-6 : 1),TRUE,Inorganic compounds,Inorganic salts,Alkali metal salts,Alkali metal phosphates,Alkali metal phosphates,medium,NA,NA,FALSE,FALSE
"Cadmium sulfide (CdS), solid soln. with zinc sulfide, aluminum and cobalt and copper and silver-doped",TRUE,Inorganic compounds,Mixed metal/non-metal compounds,NA,NA,NA,low,NA,NA,FALSE,FALSE
Reaction products of soybean and maleic anhydride,TRUE,Organic compounds,Lipids and lipid-like molecules,Fatty Acyls,Fatty acid esters,Fatty acid esters,low,NA,NA,FALSE,FALSE
"Phosphoric acid, mono- and di-isotridecyl esters, potassium salts",TRUE,Organic compounds,Organic acids and derivatives,Organic phosphoric acids and derivatives,Organic phosphoric acids and derivatives,Alkyl phosphates,medium,NA,NA,FALSE,FALSE
CEP-075(K252A),TRUE,Organic compounds,Organoheterocyclic compounds,Indoles and derivatives,Indoles and derivatives,Indolocarbazoles,medium,NA,NA,FALSE,FALSE
Polychlorinated dibenzo-p-dioxins and dibenzofurans (PCDD/PCDF),TRUE,Organic compounds,Organochlorides,Aryl halides,NA,Organochlorides,medium,Chlorinated dibenzo-p-dioxins,0.8131499215226573,FALSE,TRUE
"Tungsten Oxide (WO3), caesium and tin-doped",TRUE,Inorganic compounds,Mixed metal/non-metal compounds,Inorganic oxides,NA,Inorganic oxides,medium,NA,NA,FALSE,FALSE
"1-Dodecene, dimer with 1-decene, hydrogenated",TRUE,Organic compounds,Hydrocarbons,Saturated hydrocarbons,Branched alkanes,Branched alkanes,high,NA,NA,FALSE,FALSE
"Phosphonic acid, aluminum salt (3:2)",TRUE,Inorganic compounds,Mixed metal/non-metal compounds,Metalloid salts,Metalloid phosphates,Metalloid phosphates,medium,NA,NA,FALSE,FALSE
"Zeolite, iron containing, crystalline, synthetic, non fibrous",TRUE,Inorganic compounds,Mixed metal/non-metal compounds,Miscellaneous mixed metal/non-metals,NA,Miscellaneous mixed metal/non-metals,low,NA,NA,FALSE,FALSE
Monocarbamide-dihydrogensulphate,TRUE,Inorganic compounds,Inorganic salts,Non-metal oxoanionic compounds,Non-metal sulfates,Non-metal sulfates,medium,NA,NA,FALSE,FALSE
"Reaction products of diazotised 5-amino-2-anilinobenzenesulphonic acid coupled with resorcinol, subsequently coupled with diazotised 3-amino-4-hydroxy-5-nitrobenzenesulphonic acid, subsequently coupled with diazotised sodium 2-amino-4,6-dinitrophenoxide, subsequently coupled with diazotised 4-nitroaniline, sodium salts",TRUE,Organic compounds,Hydrocarbon derivatives,Aryl halides,NA,Azo compounds,medium,NA,NA,FALSE,FALSE
"N,N,N-tri-C8-C10-alkyl-N-methyl-1-aminium sulfate",TRUE,Organic compounds,Organic nitrogen compounds,Organonitrogen compounds,Quaternary ammonium salts,Quaternary ammonium salts,high,NA,NA,FALSE,FALSE
LEXMARK ACRYLIC COPOLYMER,TRUE,Organic compounds,Organic Polymers,NA,NA,NA,medium,NA,NA,FALSE,FALSE
"calcium, lithium, manganese, aluminium, zinc, sodium, potassium, magnesium stearates, palmitates, ricinoleates, heptanoates, octoates",TRUE,Organic compounds,Lipids and lipid-like molecules,Fatty Acyls,Fatty acids and conjugates,Fatty acid esters,medium,NA,NA,FALSE,FALSE
"Mentha citrata, ext.",TRUE,Organic compounds,Lipids and lipid-like molecules,Prenol lipids,Monoterpenoids,Menthane monoterpenoids,medium,NA,NA,FALSE,FALSE
"Fatty acids, C12-18 (even numbered)-methyl esters, sulfonated, sodium salts",TRUE,Organic compounds,Lipids and lipid-like molecules,Fatty Acyls,Fatty acids and conjugates,Fatty acid methyl esters,medium,NA,NA,FALSE,FALSE
"Mercury, (acetato-kappaO)(3-(chloromethoxy-kappaO)propyl-kappaC)-",TRUE,Organic compounds,Organometallic compounds,Organotransition metal compounds,NA,Organotransition metal compounds,medium,NA,NA,FALSE,FALSE
2-(4-methyl-2-phenyl-1-piperazinyl)benzenemethanol monohydrochloride,TRUE,Organic compounds,Organoheterocyclic compounds,Piperazines,Phenylpiperazines,Phenylpiperazines,medium,NA,NA,FALSE,FALSE
PHOTO DYE BLUE MRM 594 PINA,TRUE,NA,NA,NA,NA,NA,low,NA,NA,FALSE,FALSE
SOKYD-ACETO,TRUE,NA,NA,NA,NA,NA,low,NA,NA,FALSE,FALSE
"Fatty acids, C16-18 (even numbered), compds. with triethanolamine",TRUE,Organic compounds,Lipids and lipid-like molecules,Fatty Acyls,Fatty acids and conjugates,Long-chain fatty acids,medium,NA,NA,FALSE,FALSE
"1,2-propyleneglycol monolaurate",TRUE,Organic compounds,Lipids and lipid-like molecules,Fatty Acyls,Fatty acid esters,Fatty acid esters,high,NA,NA,FALSE,FALSE
sodium 5-(2-carboxyphenylazo)-6-hydroxynaphthalene-2-sulfonate,TRUE,Organic compounds,Benzenoids,Naphthalenes,Naphthalene sulfonic acids and derivatives,Naphthalene sulfonic acids and derivatives,medium,NA,NA,FALSE,FALSE
"Octadecanoic acid, mercury(1+) salt",TRUE,Organic compounds,Organic acids and derivatives,Carboxylic acids and derivatives,Fatty Acyls,Fatty acid esters,medium,NA,NA,FALSE,FALSE
"2,6-bis(2,3,4-trihydroxybenzyl)-p-cresol ester with 6-diazo-5,6-dihydro-5-oxo-1-naphthalenesulfonate",TRUE,Organic compounds,Organosulfur compounds,Organic sulfonic acids and derivatives,NA,Organosulfonic acid esters,medium,NA,NA,FALSE,FALSE
REACTIVE GREEN FC 54200,TRUE,Organic compounds,Benzenoids,Benzene and substituted derivatives,Azo compounds,Azobenzenes,medium,NA,NA,FALSE,FALSE
hydrogen sodium N-carboxylatoethyl-N-octadec-9-enylmaleamate,TRUE,Organic compounds,Organic acids and derivatives,Carboxylic acids and derivatives,Carboxylic acid derivatives,Secondary carboxylic acid amides,medium,NA,NA,FALSE,FALSE
HP-17-8043,TRUE,NA,NA,NA,NA,NA,low,NA,NA,FALSE,FALSE
Liraglutide precursor,TRUE,Organic compounds,Organic acids and derivatives,Carboxylic acids and derivatives,"Amino acids, peptides, and analogues",Polypeptides,medium,NA,NA,FALSE,FALSE
2-METHYL-4-PHENYLINDANONE,TRUE,Organic compounds,Benzenoids,Indanes,Indanones,Indanones,high,NA,NA,FALSE,FALSE
"Proteinase, Bacillus subtilis metallo-",TRUE,Organic compounds,Organic nitrogen compounds,Polypeptides,NA,Polypeptides,medium,NA,NA,FALSE,FALSE
FAT 41'018,TRUE,NA,NA,NA,NA,NA,low,NA,NA,FALSE,FALSE
"Slag, pig iron ladle refining, non-granulated, water-cooled",TRUE,NA,NA,NA,NA,NA,low,NA,NA,FALSE,FALSE
"ammonium 7-(2,6-dimethyl-8-(2,2-dimethylbutyryloxy)-1,2,6,7,8,8a-hexahydro-1-naphthyl)-3,5-dihydroxyheptanoate",TRUE,Organic compounds,Organic acids and derivatives,Carboxylic acids and derivatives,Carboxylic acid salts,Carboxylic acid salts,medium,NA,NA,FALSE,FALSE
"1-Naphthalenesulfonic acid, 6-diazo-5,6-dihydro-5-oxo-, ester with 4,4'-methylenebis[2-[(2-hydroxy-5-methylphenyl)methyl]-6-methylphenol",TRUE,Organic compounds,Organic sulfonic acids and derivatives,Organic sulfonic acids and derivatives,Organosulfonic acid esters,Organosulfonic acid esters,medium,NA,NA,FALSE,FALSE
destillation fraction of chlorosilanes,TRUE,Organic compounds,Organohalogen compounds,Organochlorides,NA,Organochlorosilanes,medium,NA,NA,FALSE,FALSE
tris(lambda2-iron(2+)) 15-methylhexadecanoic acid trioxidandiide,TRUE,Organic compounds,Lipids and lipid-like molecules,Fatty Acyls,Fatty acids and conjugates,Methyl-branched fatty acids,medium,NA,NA,FALSE,FALSE
poly(zinc glycerolate),TRUE,Inorganic compounds,Mixed metal/non-metal compounds,NA,NA,Miscellaneous mixed metal/non-metals,low,NA,NA,FALSE,FALSE
Product of Semi-Dry Absorption method of Flue Gas Desulphurization (SDA Product),TRUE,Inorganic compounds,Inorganic salts,Alkaline earth metal salts,NA,Alkaline earth metal sulfates,low,NA,NA,FALSE,FALSE
"6-(3-(3-tert-Butyl-4-hydroxy-5-methylphenyl)propoxy)-2,4,8,1 0-tetra-tert-butyldibenz(d,f)(1,3,2)dioxaphosphepin",TRUE,Organic compounds,Organophosphorus compounds,Organic phosphonic acids and derivatives,Organic phosphoric acids and derivatives,Organic phosphites,medium,NA,NA,FALSE,FALSE
disodium 2-[[4-(2-chloroethylsulfonyl)phenyl]-[(2-hydroxy-5-sulfo-3-[3-[2-(2-(sulfooxy)ethylsulfonyl)ethylazo]-4-sulfobenzoato(3-)cuprate(1-),TRUE,Organic compounds,Organosulfur compounds,Organic sulfonic acids and derivatives,Sulfonyls,Sulfones,low,NA,NA,FALSE,FALSE
"Fatty acids, C18-unsatd., trimers, compds. with oleylamine",TRUE,Organic compounds,Lipids and lipid-like molecules,Fatty Acyls,Fatty acids and conjugates,Fatty amides,low,NA,NA,FALSE,FALSE
"Crude Phenols|Tar acids, brown-coal gasification|[A complex combination of organic compounds obtained from brown coal gasification. Composed primarily of C<sub>6-10</sub> hydroxy aromatic phenols and their homologs.]",TRUE,Organic compounds,Benzenoids,Benzene and substituted derivatives,Phenols,Phenols,medium,NA,NA,FALSE,FALSE
"anhydro-D-glucitol, 1-deoxy-1-(methylamino)-, N-[C8-10(even numbered) acyl] derivs.",TRUE,Organic compounds,Lipids and lipid-like molecules,Fatty Acyls,Fatty amides,Fatty amides,medium,NA,NA,FALSE,FALSE
Magnesium salt of C11-C13 alkenyldicarboxylic acid ester,TRUE,Organic compounds,Organic acids and derivatives,Carboxylic acids and derivatives,Dicarboxylic acids and derivatives,Organic metal salts,low,NA,NA,FALSE,FALSE
"Boric acid (HBO2), cadmium salt",TRUE,Inorganic compounds,Mixed metal/non-metal compounds,Post-transition metal salts,Post-transition metal borates,Post-transition metal borates,medium,NA,NA,FALSE,FALSE
CLORO-3M-METANSULFONAT,TRUE,Organic compounds,Organosulfur compounds,Organic sulfonic acids and derivatives,Organosulfonic acid esters,Organosulfonic acid esters,medium,NA,NA,FALSE,FALSE
"Lanolin, acetate",TRUE,Organic compounds,Lipids and lipid-like molecules,Fatty Acyls,Fatty acid esters,Wax monoesters,medium,NA,NA,FALSE,FALSE
"4-Nonylphenol, ethoxylated",TRUE,Organic compounds,Organic oxygen compounds,Organooxygen compounds,Ethers,Polyethylene glycols,medium,NA,NA,FALSE,FALSE
"Arsenic acid (H3AsO4), lead(2+) salt (2:3), tetrahydrate",TRUE,Inorganic compounds,Mixed metal/non-metal compounds,Post-transition metal salts,Post-transition metal arsenates,Post-transition metal arsenates,high,NA,NA,FALSE,FALSE
"1,2-Benzenedicarboxylic acid, di-C9-11-branched alkyl esters, C10-rich",TRUE,Organic compounds,Benzenoids,Benzene and substituted derivatives,Benzoic acids and derivatives,p-Phthalate esters,medium,NA,NA,FALSE,FALSE
3-(methylamino)-1-phenylpropan-1-ol; sulphate,TRUE,Organic compounds,Organic acids and derivatives,Organic sulfuric acids and derivatives,Organic sulfate salts,Organic sulfate salts,medium,NA,NA,FALSE,FALSE
"methyl 3-({5-acetamido-4-[2-(5-fluoro-2,4-dinitrophenyl)diazen-1-yl]-2-methoxyphenyl}(ethyl)amino)propanoate",TRUE,Organic compounds,Hydrocarbon derivatives,Azobenzenes,NA,Azobenzenes,high,NA,NA,FALSE,FALSE
"Fatty acids, tall-oil, reaction products with acrylic acid",TRUE,Organic compounds,Lipids and lipid-like molecules,Fatty Acyls,Fatty acids and conjugates,Unsaturated fatty acids,low,NA,NA,FALSE,FALSE
"Brominated chlorinated copper, [29H,31H-phthalocyaninato(2-)-N29,N30,N31,N32]-, wherein the number of bromines is equal to or more than 10 and less than 16, and the number of chlorines is equal to or more than 0 and less than 7",TRUE,Organic compounds,Organoheterocyclic compounds,Tetrapyrroles and derivatives,NA,Phthalocyanines,high,NA,NA,FALSE,FALSE
"Soaps, stocks, acidulated",TRUE,Organic compounds,Lipids and lipid-like molecules,Fatty Acyls,Fatty acids and conjugates,Fatty acids and conjugates,medium,NA,NA,FALSE,FALSE
glass microballs,TRUE,NA,NA,NA,NA,NA,low,NA,NA,FALSE,FALSE
"sodium salt of 4-amino-3,6-bis[[5-[[4-chloro-6-[(2-methyl-4-sulfophenyl)amino]-1,3,5-triazin-2-yl]amino]-2-sulfophenyl]azo]-5-hydroxy-2,7-naphthalenedisulfonic acid",TRUE,Organic compounds,Organosulfur compounds,Organic sulfonic acids and derivatives,NA,Azo compounds,medium,NA,NA,FALSE,FALSE
cresols,TRUE,Organic compounds,Benzenoids,Benzene and substituted derivatives,Phenols,Cresols,high,Cresols,0.9999999999998264,TRUE,TRUE
"Extract residues (coal), creosote oil acid|Wash Oil Extract Residue|[A complex combination of hydrocarbons from the base-freed fraction from the distillation of coal tar, boiling in the range of approximately 250°C to 280°C (482°F to 536°F). It consists p",TRUE,Organic compounds,Hydrocarbons,Aromatic hydrocarbons,NA,Aromatic hydrocarbons,medium,NA,NA,FALSE,FALSE
"C9-C14 linear and/or branched perfluorocarboxylic acids (C9-C14 PFCAs), their salts and C9-C14 PFCAs-related substances
perfluorononan-1-oic acid (PFNA); nonadecafluorodecanoic acid (PFDA); henicosafluoroundecanoic acid (PFUnDA); tricosafluorododecanoic acid (PFDoDA); pentacosafluorotridecanoic acid (PFTrDA); heptacosafluorotetradecanoic acid (PFTDA); including their salts and precursors",TRUE,Organic compounds,Organohalogen compounds,Organofluorides,Perfluoroalkyl carboxylic acid and derivatives,Perfluoroalkyl carboxylic acid and derivatives,high,NA,NA,FALSE,FALSE
Tagetes oil,TRUE,Organic compounds,Lipids and lipid-like molecules,Prenol lipids,NA,Monoterpenoids,low,NA,NA,FALSE,FALSE
"(2R*, 3S*)-2-(2,4-difluorophenyl)-3-(5-fluoro-4-pyrimidinyl)-1-(1H-1,2,4-triazol-1-yl)butan-2-ol (1R)-10-camphorsulfonate",TRUE,Organic compounds,Organosulfur compounds,Organic sulfonic acids and derivatives,Organic salts,Organic salts,medium,NA,NA,FALSE,FALSE
"2,2'-(C16-18 (evennumbered, C18 unsaturated) alkyl imino) diethanol",TRUE,Organic compounds,Organic nitrogen compounds,Organonitrogen compounds,Amines,Dialkylamines,medium,NA,NA,FALSE,FALSE
"2,3-Difluorpropoxybenzol",TRUE,Organic compounds,Benzenoids,Benzene and substituted derivatives,Phenol ethers,Alkyl aryl ethers,high,NA,NA,FALSE,FALSE
"Acid chlorides, coco",TRUE,Organic compounds,Organic acids and derivatives,Carboxylic acids and derivatives,Carboxylic acid derivatives,Acyl chlorides,high,NA,NA,FALSE,FALSE
"Fatty acids, montan-wax, lithium salts",TRUE,Organic compounds,Lipids and lipid-like molecules,Fatty Acyls,Fatty acids and conjugates,Long-chain fatty acids,medium,NA,NA,FALSE,FALSE
Potassium 5-nitrosalicylate,TRUE,Organic compounds,Organic acids and derivatives,Carboxylic acids and derivatives,Hydroxy acids and derivatives,Aminosalicylic acids,medium,NA,NA,FALSE,FALSE
"reaction product of pentaerythritol triacrylate and 3,7-Dioxa-4-aza-6-phosphanonanoic acid, 4,5-bis(1,1-dimethylethyl)-6-ethoxy-2,2-dimethyl-, 6-oxide (1:3)",TRUE,Organic compounds,Organic acids and derivatives,Carboxylic acids and derivatives,Carboxylic acid esters,Carboxylic acid esters,low,NA,NA,FALSE,FALSE
"Reaction products of sulphuric acid, rock phosphate and humic acids, potassium salts",TRUE,NA,NA,NA,NA,NA,low,NA,NA,FALSE,FALSE
Direct Orange 102,TRUE,Organic compounds,Hydrocarbon derivatives,Aryl halides,NA,Azobenzenes,medium,NA,NA,FALSE,FALSE
CLR-3,TRUE,NA,NA,NA,NA,NA,low,NA,NA,FALSE,FALSE
"Alcohols, C10-12 (even numbered), ethoxylated (1-2.5 EO), sulfated, sodium salts",TRUE,Organic compounds,Organic acids and derivatives,Organic sulfuric acids and derivatives,NA,Sulfuric acid monoesters,medium,NA,NA,FALSE,FALSE
"Amides, C8-18 (even numbered) and C18-unsatd., N-(hydroxyethyl)",TRUE,Organic compounds,Organic nitrogen compounds,Organonitrogen compounds,Amines,Fatty amides,medium,NA,NA,FALSE,FALSE
1-allyl 2-acetylamino methyl pyrrolidine,TRUE,Organic compounds,Organoheterocyclic compounds,Pyrrolidines,N-acylpyrrolidines,N-acylpyrrolidines,medium,NA,NA,FALSE,FALSE
barium calcium cesium lead samarium strontium bromide chloride fluoride iodide europium doped,TRUE,Inorganic compounds,Inorganic salts,NA,NA,Inorganic salts,low,NA,NA,FALSE,FALSE
"C12-14-tert-alkylamine, methylphosphonic acid salt",TRUE,Organic compounds,Organic acids and derivatives,Organic phosphonic acids and derivatives,NA,Organic phosphonic acids,medium,NA,NA,FALSE,FALSE
"Benzenesulfonic acid, 2,2'-(1,2-ethenediyl)bis[5-nitro-, sodium salt (1:2), reaction products with 4-[2-(4-aminophenyl)diazenyl]benzenesulfonic acid, lithium sodium salts",TRUE,Organic compounds,Benzenoids,Benzene and substituted derivatives,Benzenesulfonic acids and derivatives,Azo compounds,low,NA,NA,FALSE,FALSE
"1,3-Benzenediamine, coupled with diazotized m-phenylenediamine, acetates",TRUE,Organic compounds,Hydrocarbon derivatives,Organonitrogen compounds,NA,Azobenzenes,medium,NA,NA,FALSE,FALSE
"Fatty acids, C12-16 (even numbered) and C18 unsatd., Me esters",TRUE,Organic compounds,Lipids and lipid-like molecules,Fatty Acyls,Fatty acids and conjugates,Fatty acid methyl esters,high,NA,NA,FALSE,FALSE
"Reaction products of pentaerythritol and trimethylol propane with 2-methylbutyric acid, n-pentanoic acid, n-heptanoic acid, 3,5,5 trimethylhexanoic acid, n-octanoic acid and n-decanoic acid",TRUE,Organic compounds,Lipids and lipid-like molecules,Glycerolipids,NA,Triacylglycerols,low,NA,NA,FALSE,FALSE
n-methylnaphtylmethylamine acetate,TRUE,Organic compounds,Organic acids and derivatives,Carboxylic acids and derivatives,Carboxylic acid salts,Acetate salts,medium,NA,NA,FALSE,FALSE
"Reaction products of fatty acids, C16-18, C18 unsatd. with Amines, polyethylenepoly-, triethylenetetramine fraction and 3-(C9–C15, C12 rich, alk-1-enyl)dihydro-2,5-furandione",TRUE,Organic compounds,Organic nitrogen compounds,Organonitrogen compounds,Amines,Fatty amides,low,NA,NA,FALSE,FALSE
"Nickel, isononanoate naphthenate complexes",TRUE,Organic compounds,Organic acids and derivatives,Carboxylic acids and derivatives,Carboxylic acid salts,Organic transition metal salts,medium,NA,NA,FALSE,FALSE
tris(isopropyl/tert-butylphenyl) phosphate,TRUE,Organic compounds,Organophosphorus compounds,Organic phosphoric acids and derivatives,Organic phosphoric acids and derivatives,Aryl phosphotriesters,high,NA,NA,FALSE,FALSE
"Tall oil, polymd., oxidized",TRUE,Organic compounds,Lipids and lipid-like molecules,Fatty Acyls,Fatty acids and conjugates,Fatty acids and conjugates,low,NA,NA,FALSE,FALSE
"Disodium 1-amino-4-{[3-({4-chloro-6-[(3-{[2-(ethenylsulfonyl)ethyl]carbamoyl}phenyl)amino]-1,3,5-triazin-2-yl}amino)-2,4,6-trimethyl-5-sulfonatophenyl]amino}-9,10-dioxo-9,10-dihydroanthracene-2-sulfonate",TRUE,Organic compounds,Phenylpropanoids and polyketides,Anthracenes,Anthraquinones,Anthraquinones,medium,NA,NA,FALSE,FALSE
"Methyl ester of fatty acids, Cx-Cy, Hydroxymethylated",TRUE,Organic compounds,Lipids and lipid-like molecules,Fatty Acyls,NA,Fatty acid methyl esters,medium,Fatty acid methyl esters,0.8172067870446177,TRUE,TRUE
"ammonium (η-6-2-(2-(1,2-dicarboxylatoethylamino)ethylamino)butane-1,4-dioato(4-))iron(3+) monohydrate",TRUE,Organic compounds,Organic acids and derivatives,Carboxylic acids and derivatives,"Amino acids, peptides, and analogues","Amino acids, peptides, and analogues",low,NA,NA,FALSE,FALSE
FUSD-2,TRUE,NA,NA,NA,NA,NA,low,NA,NA,FALSE,FALSE
Sophorolipids: fermentation products of glucose and rapeseed-oil fatty acids methyl esters with yeast Candida Bombicola,TRUE,Organic compounds,Lipids and lipid-like molecules,Saccharolipids,NA,Saccharolipids,medium,NA,NA,FALSE,FALSE
"2-Naphthalenesulfonic acid, 5(or 8)-amino-, reaction products with 4-aminophenol and sodium sulfide (Na2(Sx))",TRUE,Organic compounds,Organosulfur compounds,Organic sulfonic acids and derivatives,NA,Naphthalene sulfonic acids and derivatives,low,NA,NA,FALSE,FALSE
"Poly(oxycarbonyloxy-1,4-phenylene-1,1-(3,3,5-trimethyl)cyclohexylidene-1,4-phenylene-co-oxycarbonyloxy-1,4-phenylenisopropylidene-1,4-phenylene)",TRUE,Organic compounds,Organic Polymers,Organooxygen compounds,Carbonyl compounds,Carbonic acid diesters,medium,NA,NA,FALSE,FALSE
"A mixture of: 2-methylnonanedioic acid 2,4-dimethyl-4-methoxycarbonylundecanedioic acid 2,4,6-trimethyl-4,6-dimethoxycarbonyltridecanedioic acid 8,9-dimethyl-8,9-dimethoxycarbonylhexadecanedioic acid",TRUE,Organic compounds,Organic acids and derivatives,Carboxylic acids and derivatives,Dicarboxylic acids and derivatives,Dicarboxylic acids and derivatives,medium,NA,NA,FALSE,FALSE
"Extract residues (coal), light oil alk., distn. overheads; Light Oil Extract Residues, low boiling; [The first fraction from the distillation of aromatic hydrocarbons, coumarone, naphthalene and indene rich prefractionator bottoms or washed carbolic oil boiling substantially below 145 °C (293 °F). Composed primarily of C7 and C8 aliphatic and aromatic hydrocarbons.]",TRUE,Organic compounds,Hydrocarbons,Aromatic hydrocarbons,NA,Aromatic hydrocarbons,medium,NA,NA,FALSE,FALSE
"Cyclohexane, oxidized, non-volatile residue",TRUE,Organic compounds,Organic oxygen compounds,Organooxygen compounds,Alcohols and polyols,Cyclic alcohols and derivatives,low,NA,NA,FALSE,FALSE
"Reaction product of diazotised 2-amino-4,6-dinitrophenol coupled with resorcinol , subsequently coupled with diazotized 2-(4-aminophenylamino)-5-nitrobenzenesulfonic, chelated with iron, sodium potassium salts",TRUE,Organic compounds,Organoheterocyclic compounds,Azoles,NA,Azo compounds,low,NA,NA,FALSE,FALSE
"alkyl sulfate, sodium (mono C10-C16-alkyl esters)",TRUE,Organic compounds,Organic acids and derivatives,Organic sulfuric acids and derivatives,Organic sulfate salts,Organic sulfate salts,high,NA,NA,FALSE,FALSE
"Mixture of hexa(sodium,lithium) 4-{[1,7-disulfonato-5-hydroxy-6-({4-[(6-methoxy-5-sulfonatobenzoheteromonocycle-2-yl)diazenyl]-5-alkyl-2-(3-sulfonatopropoxy)phenyl}diazenyl)naphthalen-2-yl]diazenyl}-5-hydroxy-1-(4-sulfonatophenyl)heteromonocycle-3-carboxylate and hexa(sodium,lithium) 4-{[1,7-disulfonato-5-hydroxy-6-({4-[(6-methoxy-7-sulfonatobenzoheteromonocycle-2-yl)diazenyl]-5-alkyl-2-(3-sulfonatopropoxy)phenyl}diazenyl)naphthalen-2-yl]diazenyl}-5-hydroxy-1-(4-sulfonatophenyl)heteromonocycle-3-carboxylate",TRUE,Organic compounds,Hydrocarbon derivatives,Azobenzenes,NA,Azobenzenes,medium,NA,NA,FALSE,FALSE
"Slags, tellurium",TRUE,NA,NA,NA,NA,NA,low,NA,NA,FALSE,FALSE
"Certain chromium(VI) oxides, oxyacids and salts",TRUE,Inorganic compounds,Mixed metal/non-metal compounds,Transition metal oxoanionic compounds,Transition metal chromates,Transition metal chromates,medium,NA,NA,FALSE,FALSE
"Protein hydrolyzates, keratin, reaction products with 3-chloro-2-hydroxypropyl-cocoalkyl-dimethylammonium chloride",TRUE,Organic compounds,Organic nitrogen compounds,Organonitrogen compounds,Quaternary ammonium salts,Quaternary ammonium salts,low,NA,NA,FALSE,FALSE
"Amides, C8-18 (even numbered) and C18 (unsaturated) alkyl, N-[3-(dimethylamino)propyl]",TRUE,Organic compounds,Organic nitrogen compounds,Organonitrogen compounds,Amines,Fatty amides,medium,NA,NA,FALSE,FALSE
"salts and esters of 2,4,5-T; salts and esters of 2,4,5-trichlorophenoxy acetic acid",TRUE,Organic compounds,Organohalogen compounds,Organochlorides,Aryl halides,Chlorophenoxyacetates,high,NA,NA,FALSE,FALSE
CEPH D.DCHA SALT,TRUE,Organic compounds,Organic acids and derivatives,Carboxylic acids and derivatives,Carboxylic acid derivatives,Cephalosporins,medium,NA,NA,FALSE,FALSE
{1-[1-(4-Fluoro-benzyl)-1H-benzoimidazol-2-yl]-piperidin-4-yl}-methyl-ammonium; chloride,TRUE,Organic compounds,Organoheterocyclic compounds,Benzimidazoles,NA,Benzimidazoles,high,NA,NA,FALSE,FALSE
"Resin acids and Rosin acids, reaction products with formaldehyde, sodium salts",TRUE,Organic compounds,Lipids and lipid-like molecules,Prenol lipids,Diterpenoids,Diterpenoids,medium,NA,NA,FALSE,FALSE
"Methanal, reaction products with 1,3-bis(aminomethyl)benzene and hydroxybenzene",TRUE,Organic compounds,Benzenoids,Benzene and substituted derivatives,Phenols,Phenols,medium,NA,NA,FALSE,FALSE
"Leach of products of roasting of ""slags, steelmaking, vanadium""",TRUE,NA,NA,NA,NA,NA,low,NA,NA,FALSE,FALSE
"Reaction products of diazotised 2-amino-4,6-dinitrophenol coupled with reaction products of 6-amino-4-naphthol-2-sulfonic acid, sodium metabisulfite and formaòdehyde, chelated with chromium (3+), sodium potassium salts",TRUE,Organic compounds,Organoheterocyclic compounds,Azoles,NA,Azo compounds,low,NA,NA,FALSE,FALSE
Purpureocillium lilacinum PL 11,TRUE,NA,NA,NA,NA,NA,low,NA,NA,FALSE,FALSE
"2,2',6,6'-Tetrabromo-4,4'-isopropylidenediphenol, oligomeric reaction products with Propylene oxide and n-butyl glycidyl ether",TRUE,Organic compounds,Organohalogen compounds,Organobromides,NA,Aryl bromides,medium,NA,NA,FALSE,FALSE
β-cyclodextrine methyl ethers,TRUE,Organic compounds,Organic oxygen compounds,Organooxygen compounds,Carbohydrates and carbohydrate conjugates,Carbohydrates and carbohydrate conjugates,medium,NA,NA,FALSE,FALSE
DOW CORNING(R) OCTOPUS 3,TRUE,Organic compounds,Organometallic compounds,NA,NA,Organosilicon compounds,low,NA,NA,FALSE,FALSE
"lanthanum, lithium and zirconium containing amorphous frits",TRUE,Inorganic compounds,Mixed metal/non-metal compounds,Miscellaneous mixed metal/non-metals,NA,Miscellaneous mixed metal/non-metals,low,NA,NA,FALSE,FALSE
A mixture of: (E)-oxacyclohexadec-12-en-2-one; (E)-oxacyclohexadec-13-en-2-one; a) (Z)-oxacyclohexadec-(12)-en-2-one and b) (Z)-oxacyclohexadec-(13)-en-2-one,TRUE,Organic compounds,Organic acids and derivatives,Lactones,Macrolides and analogues,Macrolides and analogues,high,NA,NA,FALSE,FALSE
"Reaction product of the esterification of diglycerol with decanoic acid (Old name: 1,2,3-Propanetriol, homopolymer, decanoate)",TRUE,Organic compounds,Lipids and lipid-like molecules,Glycerolipids,NA,Diradylglycerols,low,NA,NA,FALSE,FALSE
Paraffin oil/(CAS 97862-82-3),TRUE,Organic compounds,Hydrocarbons,Saturated hydrocarbons,Alkanes,Alkanes,high,NA,NA,FALSE,FALSE
"Formaldehyde, reaction products with N,N-dimethylbenzenamine and N-methylbenzenamine, oxidized, hydrochlorides",TRUE,Organic compounds,Organic nitrogen compounds,Organonitrogen compounds,Amines,Trialkylamines,low,NA,NA,FALSE,FALSE
"Reaction product aqueous Phosphoric Acid, 1-Methoxypropan-2-ol and 4,4'-Isopropylidenediphenol-Epichlorohydrin",TRUE,Organic compounds,Organophosphorus compounds,Organic phosphoric acids and derivatives,Phosphate esters,Phosphate esters,low,NA,NA,FALSE,FALSE
Reaction products of olive oil and ozone,TRUE,Organic compounds,Lipids and lipid-like molecules,Fatty Acyls,NA,Fatty acids and conjugates,low,NA,NA,FALSE,FALSE
"Nitric acid, reaction products with cyclododecanol and cyclododecanone, by-products from, high-boiling fraction",TRUE,Organic compounds,Organic acids and derivatives,Carboxylic acids and derivatives,Dicarboxylic acids and derivatives,Dicarboxylic acids and derivatives,low,NA,NA,FALSE,FALSE
"Fatty acids, vegetable-oil, Me esters, sulfurized",TRUE,Organic compounds,Lipids and lipid-like molecules,Fatty Acyls,Fatty acids and conjugates,Fatty acid methyl esters,medium,NA,NA,FALSE,FALSE
"1-(3,4-polymethoxyarylethyl)heteromonocycle-2,4,6(1H,3H,5H)-trione",TRUE,Organic compounds,Phenylpropanoids and polyketides,NA,NA,Barbituric acid derivatives,medium,NA,NA,FALSE,FALSE
"Poly(1-acetyloxyethyl)-poly-2-(1-hydroxyethyl)-poly-2-[4-[(4-methyl-1,3-dioxolan-2-yl)styryl]-N-methylpyridiniummethylsulfate]",TRUE,Organic compounds,Organic Polymers,NA,NA,NA,low,NA,NA,FALSE,FALSE
"Resin acids and Rosin acids, esters with ethylene glycol",TRUE,Organic compounds,Lipids and lipid-like molecules,Prenol lipids,Diterpenoids,Diterpenoids,medium,NA,NA,FALSE,FALSE
lead compounds with the exception of those specified elsewhere in this Annex,TRUE,Inorganic compounds,Mixed metal/non-metal compounds,NA,NA,Miscellaneous mixed metal/non-metals,low,NA,NA,FALSE,FALSE
safflower oil,TRUE,Organic compounds,Lipids and lipid-like molecules,Glycerolipids,Triacylglycerols,Triacylglycerols,high,NA,NA,FALSE,FALSE
"trisodium 1-hydroxynaphthalene-2-azo-4'(5',5''-dimethylbiphenyl)-4''-azo(4''-phenylsulfonyloxybenzene)- 2',2'',4-trisulfonate",TRUE,Organic compounds,Benzenoids,Naphthalenes,NA,1-hydroxynaphthalene-2-carboxanilides,low,NA,NA,FALSE,FALSE
A-87861.0,TRUE,NA,NA,NA,NA,NA,low,NA,NA,FALSE,FALSE
"Sulfuric acid, mono-C8-14 (even-numbered)-alkyl esters, ammonium salts",TRUE,Organic compounds,Organic acids and derivatives,Organic sulfuric acids and derivatives,Organic sulfuric acids and derivatives,Sulfuric acid monoesters,medium,NA,NA,FALSE,FALSE
T002260,TRUE,NA,NA,NA,NA,NA,low,NA,NA,FALSE,FALSE
Papiliotrema terrestris PT22AV,TRUE,NA,NA,NA,NA,NA,high,NA,NA,FALSE,FALSE
"Reaction products of diazotised 5-aminonaphthalene-1-sulfonic acid, coupled with diazotised 1-naphthylamine and 8-anilinonaphthalene-1-sulphonic acid, potassium sodium salts",TRUE,Organic compounds,Benzenoids,Naphthalenes,NA,Azobenzenes,medium,NA,NA,FALSE,FALSE
Cobalt arsenide (CoAs2),TRUE,Inorganic compounds,Mixed metal/non-metal compounds,Inorganic arsenic compounds,NA,Inorganic arsenic compounds,medium,NA,NA,FALSE,FALSE
Sodium salts of Mono- and di-[reaction products of dodecyl alcohol and ethylene oxide]phosphates,TRUE,Organic compounds,Organic acids and derivatives,Organic phosphoric acids and derivatives,Organic phosphoric acids and derivatives,Alkyl phosphates,medium,NA,NA,FALSE,FALSE
"Mercury, (2-ethylhexanoato-O)(1-methoxyethyl)",TRUE,Organic compounds,Organometallic compounds,Organotransition metal compounds,NA,Organotransition metal compounds,medium,NA,NA,FALSE,FALSE
"Reaction product of 1,1,2,3,3-pentamethyloctahydro-4Hinden-4-one, trimethyl orthoformate and 2-methylprop-2-en-1-ol",TRUE,Organic compounds,Organoheterocyclic compounds,Oxacyclic compounds,Oxolanes,Ortho esters,low,NA,NA,FALSE,FALSE
"Reaction products from the esterification of neopentylglycol with fatty acids, C16-18 (even numbered) and C18-unsatd. and fatty acids, C18-unsaturated, dimers",TRUE,Organic compounds,Lipids and lipid-like molecules,Fatty Acyls,NA,Fatty acid esters,medium,NA,NA,FALSE,FALSE
5-(dimethyl(aryl)silyl)-2-(hydroxymethyl) heteromonocycle-1-carboxylic acid,TRUE,Organic compounds,Organometallic compounds,Organometalloid compounds,Organosilicon compounds,Alkylarylsilanes,medium,NA,NA,FALSE,FALSE
"Benzoic acid, 4-(1-methylethyl)-, cadmium salt",TRUE,Organic compounds,Organic acids and derivatives,Carboxylic acids and derivatives,Carboxylic acid salts,Organic transition metal salts,medium,NA,NA,FALSE,FALSE
Reaction product of propargyl chloride and sodium bisulfite,TRUE,NA,NA,NA,NA,NA,low,NA,NA,FALSE,FALSE
"Residues, precious metal refining cementation",TRUE,NA,NA,NA,NA,NA,low,NA,NA,FALSE,FALSE
"Reaction product of 2,3-epoxypropyl neodecanoate and Benzenesulfonic acid, C10-13-sec-alkyl derivatives",TRUE,Organic compounds,Hydrocarbon derivatives,Organooxygen compounds,Alcohols and polyols,"1,2-aminoalcohols",low,NA,NA,FALSE,FALSE
"By-product, produced by polymerisation of of 8,9,10-trinorborn-2-ene and Ethen",TRUE,Organic compounds,Hydrocarbons,Unsaturated hydrocarbons,NA,Cyclic olefins,low,NA,NA,FALSE,FALSE
"L 708,350",TRUE,NA,NA,NA,NA,NA,low,NA,NA,FALSE,FALSE
Yellow JGW 743 REG,TRUE,NA,NA,NA,NA,NA,low,NA,NA,FALSE,FALSE
"Fatty acids, C8-C18 (even numbered), decyl esters",TRUE,Organic compounds,Lipids and lipid-like molecules,Fatty Acyls,Fatty acid esters,Fatty acid esters,medium,NA,NA,FALSE,FALSE
Lead hexafluoro-silicate,TRUE,Inorganic compounds,Mixed metal/non-metal compounds,Post-transition metal salts,Post-transition metal silicates,Post-transition metal silicates,medium,NA,NA,FALSE,FALSE
Fatty acids C18-(unsaturated) lithium salts,TRUE,Organic compounds,Lipids and lipid-like molecules,Fatty Acyls,Fatty acids and conjugates,Unsaturated fatty acids,medium,NA,NA,FALSE,FALSE
"Reaction products of cuprate(4-), [C-(aminosulfonyl)-C-[[[2-[[4-chloro-6-[(2,5-disulfophenyl)amino]-1,3,5-triazin-2-yl]amino]ethyl]amino]sulfonyl]-29H,31H-phthalocyanine-C,C-disulfonato(6-)-N29,N30,N31,N32]-, tetrasodium and lithium chloride",TRUE,Organic compounds,Organoheterocyclic compounds,Tetrapyrroles and derivatives,NA,Phthalocyanines,medium,NA,NA,FALSE,FALSE
"Fatty acids, C16-18 (even numbered) and C18 unsatd., reaction products with triethanolamine, di-Me sulfate-quaternized",TRUE,Organic compounds,Organic nitrogen compounds,Organonitrogen compounds,Quaternary ammonium salts,Quaternary ammonium salts,medium,NA,NA,FALSE,FALSE
2-methylhio-4-trifluoromethyl benzoic acid,TRUE,Organic compounds,Benzenoids,Benzene and substituted derivatives,Benzoic acids and derivatives,Benzoic acids,high,NA,NA,FALSE,FALSE
Chrome antimony titanium buff rutile,TRUE,Inorganic compounds,Mixed metal/non-metal compounds,Inorganic oxides,NA,Inorganic oxides,medium,NA,NA,FALSE,FALSE
"Reaction product of resin acid and rosin acid, 12-Hydroxyoctadecanoic and stearic acid with dipentaerythritol",TRUE,Organic compounds,Lipids and lipid-like molecules,Fatty Acyls,Fatty acid esters,Fatty acid esters,low,NA,NA,FALSE,FALSE
4-Methyl-2-propylbenzimidazole-6-carboxylic acid,TRUE,Organic compounds,Organoheterocyclic compounds,Benzimidazoles,Benzimidazoles,Benzimidazoles,high,NA,NA,FALSE,FALSE
Rock powder,TRUE,NA,NA,NA,NA,NA,low,NA,NA,FALSE,FALSE
"trimethylolpropane, mixed triesters and diesters with n-octanoic and n-decanoic acids",TRUE,Organic compounds,Lipids and lipid-like molecules,Glycerolipids,Trialkylglycerols,Triradylcglycerols,low,NA,NA,FALSE,FALSE
"Gallium hydroxy-[29H,31H-phthalocyaninate (2-)N29,N30, N31, N32]",TRUE,Organic compounds,Organometallic compounds,Metalloheterocyclic compounds,NA,Phthalocyanines,high,NA,NA,FALSE,FALSE
poppy-seed oil fatty acids,TRUE,Organic compounds,Lipids and lipid-like molecules,Fatty Acyls,Fatty acids and conjugates,Unsaturated fatty acids,medium,NA,NA,FALSE,FALSE
"Silicic acid (H6Si2O7), barium magnesium strontium salt, lead-doped",TRUE,Inorganic compounds,Mixed metal/non-metal compounds,Miscellaneous mixed metal/non-metals,NA,Miscellaneous mixed metal/non-metals,medium,NA,NA,FALSE,FALSE
"Waxes and waxy substances, jojoba / Jojoba Esters",TRUE,Organic compounds,Lipids and lipid-like molecules,Fatty Acyls,NA,Wax monoesters,high,NA,NA,FALSE,FALSE
Bacteriophage of Potato Soft Rot Enterobacteriaceae (BPSRE),TRUE,NA,NA,NA,NA,NA,low,NA,NA,FALSE,FALSE
CuSi4Zn4MnP,TRUE,Inorganic compounds,Mixed metal/non-metal compounds,Intermetallic transition metal compounds,NA,Intermetallic transition metal compounds,low,NA,NA,FALSE,FALSE
"(methacrylic acid, ethyl acrylate, n-butyl acrylate, methyl methacrylate and butadiene) copolymer in nanoform",TRUE,Organic compounds,Organic Polymers,NA,NA,NA,medium,NA,NA,FALSE,FALSE
"Reaction product of C16-22, even, C18-rich, unsaturated and saturated triglycerides with, N-(2-hydroxypropylamine)",TRUE,Organic compounds,Lipids and lipid-like molecules,Glycerolipids,NA,Fatty amides,low,NA,NA,FALSE,FALSE
Ethandinitril,TRUE,Organic compounds,Organic nitrogen compounds,Organonitrogen compounds,Nitriles,Nitriles,high,NA,NA,FALSE,FALSE
"(S)-3-N-n-Dodecyl-(1-N-α-amido-pyroglutaminyl)-1,3-diaminopropane",TRUE,Organic compounds,Organic nitrogen compounds,Organonitrogen compounds,"Amino acids, peptides, and analogues",Oligopeptides,medium,NA,NA,FALSE,FALSE
"Oils, menhaden, lead salts",TRUE,Organic compounds,Lipids and lipid-like molecules,Fatty Acyls,Fatty acids and conjugates,Organic metal salts,low,NA,NA,FALSE,FALSE
"Fatty acids C18 unsat, reaction products with Pentaethylenehexamine",TRUE,Organic compounds,Organic nitrogen compounds,Organonitrogen compounds,Amines,Fatty amides,medium,NA,NA,FALSE,FALSE
Mustard powder,TRUE,NA,NA,NA,NA,NA,low,NA,NA,FALSE,FALSE
"Alcohols, C16-C18 (even numbered) and C18 (unsaturated), glycerol ethers",TRUE,Organic compounds,Lipids and lipid-like molecules,Glycerolipids,NA,Glycerol ethers,medium,NA,NA,FALSE,FALSE
"Fatty acids, vegetable-oil, polymd., unreacted fraction",TRUE,Organic compounds,Lipids and lipid-like molecules,Fatty Acyls,Fatty acids and conjugates,Unsaturated fatty acids,medium,NA,NA,FALSE,FALSE
"Low boiling point naphtha - unspecified|Hydrocarbons, C<sub>5</sub>-rich, dicyclopentadiene-contg.|[A complex combination of hydrocarbons obtained by distillation of the products from a steam-cracking process.  It consists predominantly of hydrocarbons ha",TRUE,Organic compounds,Hydrocarbons,Unsaturated hydrocarbons,NA,Cyclic olefins,medium,NA,NA,FALSE,FALSE
"Coal liquids, liq. solvent extn. soln.; [The product obtained by filtration of coal mineral matter and undissolved coal from coal extract solution produced by digesting coal in a liquid solvent. A black, viscous, highly complex liquid combination composed primarily of aromatic and partly hydro-genated aromatic hydrocarbons, aromatic nitrogen compounds, aromatic sulfur compounds, phenolic and other aromatic oxygen compounds and their alkyl derivatives.]",TRUE,Organic compounds,Hydrocarbons,Aromatic hydrocarbons,NA,Aromatic hydrocarbons,low,NA,NA,FALSE,FALSE
1-benzyl-4-phenyl-piperidin-4-carboxylic acid ethyl ester,TRUE,Organic compounds,Organoheterocyclic compounds,Piperidines,Piperidinecarboxylic acids and derivatives,Piperidinecarboxylic acids and derivatives,high,NA,NA,FALSE,FALSE
"Alkenes, C11-12, hydroformylation products, low boiling",TRUE,Organic compounds,Lipids and lipid-like molecules,Fatty Acyls,Fatty aldehydes,Fatty aldehydes,medium,NA,NA,FALSE,FALSE
"Phosphinic acid, bis(perfluoro-C6-12-alkyl) derivs., aluminum salts",TRUE,Inorganic compounds,Mixed metal/non-metal compounds,Miscellaneous mixed metal/non-metals,NA,Miscellaneous mixed metal/non-metals,low,NA,NA,FALSE,FALSE
"Alcohols, C12-13, branched and linear, ethoxylated, sulfates, sodium salts",TRUE,Organic compounds,Organic acids and derivatives,Organic sulfuric acids and derivatives,NA,Sulfuric acid monoesters,medium,NA,NA,FALSE,FALSE
"Hydrocarbons, C20-58, hydrotreated; Baseoil — unspecified",TRUE,Organic compounds,Hydrocarbons,Saturated hydrocarbons,Alkanes,Alkanes,medium,NA,NA,FALSE,FALSE
"tetrapotassium 4-[5-[3-carboxylato-4,5-dihydro-5-oxo-1-(4-sulfonatophenyl)pyrazol-4-ylidene]-3-(piperidinocarbonyl)penta-1,3-dienylidene]-5-hydroxy-1-(4-sulfonatophenyl)pyrazole-3-carboxylate",TRUE,Organic compounds,Organoheterocyclic compounds,Azoles,Pyrazoles,Pyrazoles,medium,NA,NA,FALSE,FALSE
Platinum(IV) aqua hydroxo nitrato complexes,TRUE,Inorganic compounds,Mixed metal/non-metal compounds,Homogeneous transition metal compounds,NA,Homogeneous transition metal compounds,medium,NA,NA,FALSE,FALSE
"titanium nitride, nanoparticles",TRUE,Inorganic compounds,Mixed metal/non-metal compounds,Homogeneous transition metal compounds,NA,Transition metal nitrides,high,NA,NA,FALSE,FALSE
ETANAL,TRUE,Organic compounds,Organic oxygen compounds,Organooxygen compounds,Carbonyl compounds,Short-chain aldehydes,high,NA,NA,FALSE,FALSE
"Spiro[bicyclo[3.1.0]hexane-2,2′-[1,3]dithiolan]-3-one, oxime, (1R,5R)- (ACI)",TRUE,Organic compounds,Organosulfur compounds,Thiolanes,NA,Oximes,low,NA,NA,FALSE,FALSE
METOCENE CHEMICAL CO1,TRUE,NA,NA,NA,NA,NA,low,NA,NA,FALSE,FALSE
"Resin acids and Rosin acids, calcium zinc salts",TRUE,Organic compounds,Lipids and lipid-like molecules,Prenol lipids,Diterpenoids,Diterpenoids,medium,NA,NA,FALSE,FALSE
"Corn, steep liquor",TRUE,NA,NA,NA,NA,NA,low,NA,NA,FALSE,FALSE
"Amaryllidaceae, Allium Cepa L. (fresh bulb), Rutaceae, Citrus Limon (L.) Burm. F. (fresh pulp), extract, sodium chloride",TRUE,NA,NA,NA,NA,NA,low,NA,NA,FALSE,FALSE
"Lead, isononanoate neodecanoate complexes, basic",TRUE,Organic compounds,Organic acids and derivatives,Carboxylic acids and derivatives,Carboxylic acid salts,Organic metal salts,medium,NA,NA,FALSE,FALSE
BK 2256,TRUE,NA,NA,NA,NA,NA,low,NA,NA,FALSE,FALSE
Ti4 according to ISO 23515:2022,TRUE,Inorganic compounds,Mixed metal/non-metal compounds,Transition metal salts,NA,Transition metal oxides,medium,NA,NA,FALSE,FALSE
Reaction products of dimethyl phosphonate with 2-alkyl-2-alkylpropanediol and alkanediol,TRUE,Organic compounds,Organophosphorus compounds,Organic phosphonic acids and derivatives,Phosphonic acid esters,Phosphonic acid diesters,medium,NA,NA,FALSE,FALSE
"tetrasodium 5-benzamido-3-(5-(4-fluoro-6-(1-sulphonato-2-naphthylamino)-1,3,5-triazin-2-ylamino)-2-sulphonatophenylazo)-4-hydroxynaphthalene-2,7- disulphonate",TRUE,Organic compounds,Benzenoids,Naphthalenes,NA,Naphthalenes,low,NA,NA,FALSE,FALSE
"Fatty acids C8-18 (even numbered), mono- and diesters with sucrose",TRUE,Organic compounds,Lipids and lipid-like molecules,Fatty Acyls,Fatty acid esters,Fatty acid esters,medium,NA,NA,FALSE,FALSE
"Resin acids and Rosin acids, reaction products with formaldehyde, calcium salts",TRUE,Organic compounds,Lipids and lipid-like molecules,Prenol lipids,NA,Diterpenoids,low,NA,NA,FALSE,FALSE
"1,6-Octadien-3-ol, 3,7-dimethyl-, acid-isomerized",TRUE,Organic compounds,Lipids and lipid-like molecules,Prenol lipids,Monoterpenoids,Acyclic monoterpenoids,medium,NA,NA,FALSE,FALSE
salts of hydrazine,TRUE,Organic compounds,Organic nitrogen compounds,Organonitrogen compounds,Hydrazines and derivatives,Hydrazines and derivatives,medium,NA,NA,FALSE,FALSE
"poly-[[6-[N-(2,2,6,6-tetramethyl- 4-piperidinyl)-n-butylamino]-1,3,5-triazine-2,4-diyl][(2,2,6,6-tetramethyl-4-piperidinyl)imino]-1,6-hexanediyl[(2,2,6,6-tetra­methyl-4-piperidinyl)imino]]-α-[N,N,N′,N′-tetrabutyl-N""-(2,2,6,6-tetramethyl-4-piperidinyl)-N""-[6-(2,2,6,6-tetramethyl-4-piperidiny­lamino)-hexyl]-[1,3,5-triazine-2,4,6-triamine]-ω-N,N,N′,N′-tetrabutyl-1,3,5-triazine-2,4-diamine]",TRUE,Organic compounds,Organoheterocyclic compounds,Triazines,NA,"1,3,5-triazines",medium,NA,NA,FALSE,FALSE
Benzyl-C12-14-alkyldimethylammonium chlorides,TRUE,Organic compounds,Organohalogen compounds,Organochlorides,Alkyl halides,Alkyldimethylbenzylammonium chlorides,high,Alkyldimethylbenzylammonium chlorides,0.8450302307368,TRUE,TRUE
"Lead chloride hydroxides, recovery products from lead and bismuth chemicals manufacturing",TRUE,Inorganic compounds,Mixed metal/non-metal compounds,Post-transition metal salts,Post-transition metal chlorides,Post-transition metal chlorides,medium,NA,NA,FALSE,FALSE
Vanadium zirconium yellow baddeleyite,TRUE,Inorganic compounds,Mixed metal/non-metal compounds,Inorganic oxides,NA,Inorganic oxides,medium,NA,NA,FALSE,FALSE
Borate cobalt(2+) C3/C8/C10 carboxylates salts,TRUE,Inorganic compounds,Mixed metal/non-metal compounds,Miscellaneous mixed metal/non-metals,NA,Miscellaneous mixed metal/non-metals,low,NA,NA,FALSE,FALSE
λ²-iron(2+) lithium(1+) phosphate,TRUE,Inorganic compounds,Inorganic salts,Mixed metal/non-metal compounds,NA,Transition metal phosphates,medium,NA,NA,FALSE,FALSE
"Cadmium, chloro(1,10-phenanthroline-2-carboxylato)-, polymers",TRUE,Organic compounds,Organometallic compounds,Organotransition metal compounds,NA,Organotransition metal compounds,low,NA,NA,FALSE,FALSE
"Spiro[piperidine-1,1'-pyrrolidinium] bifluoride",TRUE,Organic compounds,Organic nitrogen compounds,Azacyclic compounds,Azaspirodecane derivatives,Azaspirodecane derivatives,medium,NA,NA,FALSE,FALSE
"Reaction products of diazotized mixture of aniline, toluidines and xylidines coupled with mixture of aniline, toluidines and xylidines, subsequently diazotized then coupled with 2-naphthol",TRUE,Organic compounds,Hydrocarbon derivatives,Aryl halides,NA,Azo compounds,medium,NA,NA,FALSE,FALSE
"N-((3R,4R)-1-benzyl-4-alkylpiperidin-3-yl)-2-halogeno-N-alkyl-7H-pyrrolo[2,3-d]pyrimidin-4-amine",TRUE,Organic compounds,Organoheterocyclic compounds,Pyrrolopyrimidines,NA,"Pyrrolo[2,3-d]pyrimidines",high,NA,NA,FALSE,FALSE
"Extract oils (coal), tar base; Acid Extract; [The extract from coal tar oil alkaline extract residue produced by an acidic wash such as aqueous sulfuric acid after distillation to remove naphthalene. Composed primarily of the acid salts of various aromatic nitrogen bases including pyridine, quinoline, and their alkyl derivatives.]",TRUE,Organic compounds,Organoheterocyclic compounds,Pyridines and derivatives,NA,Pyridines and derivatives,low,NA,NA,FALSE,FALSE
"Main component: acetoacetic acid anilide/3-amino-1-hydroxybenzene (ATAN-MAP): trisodium {6-[(2 or 3 or 4)-amino-(4 or 5 or 6)-hydroxyphenylazo]-5'-(phenylsulfamoyl)-3-sulfonatonaphthalene-2-azobenzene-1,2'-diolato}-{6''-[1-(phenylcarbamoyl)ethylazo]-5'''-(phenylsulfamoyl)-3''-sulfonatonaphthalene-2''-azobenzene-1'',2'''-diolato}chromate (III); by-product 1: acetoacetic acid anilide/acetoacetic acid anilide (ATAN-ATAN): trisodium bis{6-[1-(phenylcarbamoyl)ethylazo]-5'-(phenylsulfonyl)-3-sulfonatonaphthalene-2-azobenzene-1,2'-diolato}chromate (III); by-product 2: 3-amino-1-hydroxybenzene/3-amino-1-hydroxybenzene (MAP-MAP): trisodium bis{6-[(2 or 3 or 4)-amino-(4 or 5 or 6)-hydroxyphenylazo]-5'-(phenylsulfamoyl)-3-sulfonatonaphthalene-2-azobenzene-1,2'-diolato} chromate (III)",TRUE,Organic compounds,Organometallic compounds,Organotransition metal compounds,NA,Organotransition metal compounds,medium,NA,NA,FALSE,FALSE
"Fatty acids, tall-oil, compds. with oleylamine",TRUE,Organic compounds,Lipids and lipid-like molecules,Fatty Acyls,Fatty acids and conjugates,Fatty acids and conjugates,medium,NA,NA,FALSE,FALSE
"A mixture of: bis(2,2,6,6-tetramethyl-1-octyloxypiperidin-4-yl)-1,10-decanedioate; 1,8-bis[(2,2,6,6-tetramethyl-4-((2,2,6,6-tetramethyl-1-octyloxypiperidin-4-yl)-decan-1,10-dioyl)piperidin-1-yl)oxy]octane",TRUE,Organic compounds,Organoheterocyclic compounds,Azacyclic compounds,Piperidines,Piperidines,medium,NA,NA,FALSE,FALSE
"Fatty acids, C14-18 and C16-18-unsatd., barium salts",TRUE,Organic compounds,Lipids and lipid-like molecules,Fatty Acyls,Fatty acids and conjugates,Long-chain fatty acids,medium,NA,NA,FALSE,FALSE
"tert-butyl 3-[(2S)-3-[[(1S)-1-[[(1S,2S)-1-[[(1S)-2-[[2-[[2-[(2S)-2-[[(1S)-2-[[(1S)-2-[[2-[[(1S)-2-[(2S)-2-[(2S)-2-[(2S)-2-[[(1S)-2-amino-1-(tert-butoxymethyl)-2-oxo-ethyl]carbamoyl]pyrrolidine-1-carbonyl]pyrrolidine-1-carbonyl]pyrrolidin-1-yl]-1-methyl-2-oxo-ethyl]amino]-2-oxo-ethyl]amino]-1-(tert-butoxymethyl)-2-oxo-ethyl]amino]-1-(tert-butoxymethyl)-2-oxo-ethyl]carbamoyl]pyrrolidin-1-yl]-2-oxo-ethyl]amino]-2-oxo-ethyl]amino]-1-methyl-2-oxo-ethyl]carbamoyl]-2-methyl-butyl]carbamoyl]-3-methyl-butyl]amino]-2-[[(2S)-2-[[(2S)-2-[[(2S)-2-[[(2S)-2-[[(2S)-2-[[(2S)-2-[[(2S)-2-[[(2S,3S)-2-[[(2S)-2-[[(2S)-4-tert-butoxy-2-[[(2S)-2-[[2-[[(2S,3S)-2-[[(2S)-3-tert-butoxy-2-[[(2S)-2-[[(2S)-4-tert-butoxy-2-[[(2S)-3-tert-butoxy-2-[[(2S,3R)-3-tert-butoxy-2-[[(2S)-2-[[(2S,3R)-3-tert-butoxy-2-[[2-[[(2S)-5-tert-butoxy-2-[[2-[[(2S)-2-(tert-butoxycarbonylamino)-3-(4-tert-butoxyphenyl)propanoyl]amino]-2-methyl-propanoyl]amino]-5-oxo-pentanoyl]amino]acetyl]amino]butanoyl]amino]-3-phenyl-propanoyl]amino]butanoyl]amino]propanoyl]amino]-4-oxo-butanoyl]amino]-3-(4-tert-butoxyphenyl)propanoyl]amino]propanoyl]amino]-3-methyl-pentanoyl]amino]-2-methyl-propanoyl]amino]-4-methyl-pentanoyl]amino]-4-oxo-butanoyl]amino]-6-(tert-butoxycarbonylamino)hexanoyl]amino]-3-methyl-pentanoyl]amino]propanoyl]amino]-5-oxo-5-(tritylamino)pentanoyl]amino]-6-[[2-[2-[2-[[2-[2-[2-[[(4S)-5-tert-butoxy-4-[(20-tert-butoxy-20-oxo-icosanoyl)amino]-5-oxo-pentanoyl]amino]ethoxy]ethoxy]acetyl]amino]ethoxy]ethoxy]acetyl]amino]hexanoyl]amino]propanoyl]amino]-3-phenyl-propanoyl]amino]-3-methyl-butanoyl]amino]-5-oxo-5-(tritylamino)pentanoyl]amino]-3-oxo-propyl]indole-1-carboxylate",TRUE,Organic compounds,Organic acids and derivatives,Carboxylic acids and derivatives,"Amino acids, peptides, and analogues",Polypeptides,high,NA,NA,FALSE,FALSE
Trisodium (1-(3-carboxylato-2-oxido-5-sulfonatophenylazo)-5-hydroxy-7-sulfonatonaphthalen-2-amido)nickel(II),TRUE,Organic compounds,Organometallic compounds,Organotransition metal compounds,NA,Organotransition metal compounds,medium,NA,NA,FALSE,FALSE
"Hydrocarbons, C4, 1,3-butadiene-free, polymd., tetraisobutylene fraction",TRUE,Organic compounds,Hydrocarbons,Unsaturated hydrocarbons,NA,Branched unsaturated hydrocarbons,medium,NA,NA,FALSE,FALSE
"Baseoil - unspecified|Hydrocarbons, C<sub>27-45</sub>, dearomatized",TRUE,Organic compounds,Hydrocarbons,Saturated hydrocarbons,NA,Saturated hydrocarbons,medium,NA,NA,FALSE,FALSE
"Tin ores, melting residues, hardhead",TRUE,Inorganic compounds,Mixed metal/non-metal compounds,Miscellaneous mixed metal/non-metals,NA,Miscellaneous mixed metal/non-metals,low,NA,NA,FALSE,FALSE
"Phenol, 4-amino-, reaction products with aniline, 4-methyl-1,3-benzenediamine, p-phenylenediamine, sodium sulfide (Na2S) and sulfur",TRUE,Organic compounds,Organic nitrogen compounds,Organonitrogen compounds,Amines,Primary aromatic amines,low,NA,NA,FALSE,FALSE
DAI-EL PERFLUOR,TRUE,Organic compounds,Organohalogen compounds,Organofluorides,NA,Organofluorides,medium,NA,NA,FALSE,FALSE
"amines, hydrogenated tallow alkyl",TRUE,Organic compounds,Organic nitrogen compounds,Organonitrogen compounds,Amines,Monoalkylamines,medium,NA,NA,FALSE,FALSE
"Alkyl 4-(6-(6-(1-butoxyvinyl)-8-cycloalkyl-5-alkyl-7-oxo-7,8-dihydropyrido[2,3-d]pyrimidin-2-ylamino)pyridine-3-yl)piperazine-1-caboxylate",TRUE,Organic compounds,Organoheterocyclic compounds,Pyridopyrimidines,NA,"Pyrido[2,3-d]pyrimidines",high,NA,NA,FALSE,FALSE
Sodium sulphate and zinc hydroxide resulting from manufacture of tellurium dioxide from zinc telluride,TRUE,Inorganic compounds,Inorganic salts,Alkaline earth metal salts,NA,Alkaline earth metal sulfates,low,NA,NA,FALSE,FALSE
"{1-(ETHYLSULFONYL)-3-[4-(4,4,5,5-TETRAMETHYL-1,3,2-DIOXABOROLAN-2-YL)-1H-PYRAZOL-1-YL]AZETIDIN-3-YL}ACETONITRILE",TRUE,Organic compounds,Organoheterocyclic compounds,Azoles,Pyrazoles,Pyrazoles,medium,NA,NA,FALSE,FALSE
"2,4-diphenylmethane-diisocyanate",TRUE,Organic compounds,Organic nitrogen compounds,Organonitrogen compounds,Isocyanates,Isocyanates,high,NA,NA,FALSE,FALSE
Citrus extract,TRUE,NA,NA,NA,NA,NA,low,NA,NA,FALSE,FALSE
"Alkanes, C14-17, chloro",TRUE,Organic compounds,Organohalogen compounds,Organochlorides,Alkyl halides,Alkyl chlorides,high,NA,NA,FALSE,FALSE
"Fatty acids, C7-13, perfluoro",TRUE,Organic compounds,Lipids and lipid-like molecules,Fatty Acyls,Fatty acids and conjugates,Perfluoroalkyl carboxylic acid and derivatives,high,NA,NA,FALSE,FALSE
"(S)Ammonium-(2E,4E)-11-methoxy-3,7,11-trimethyl-2,4-dodecadienoate",TRUE,Organic compounds,Organic acids and derivatives,Carboxylic acids and derivatives,Carboxylic acid salts,Carboxylic acid salts,medium,NA,NA,FALSE,FALSE
"Stearic acid, esters with methyl α-D-glucoside",TRUE,Organic compounds,Lipids and lipid-like molecules,Fatty Acyls,Fatty acid esters,Fatty acyl glycosides of mono- and disaccharides,medium,NA,NA,FALSE,FALSE
"Reaction product of Fatty acids, C18 alkyl with amines, polyethylenepoly-tetraethylenepentamine fraction",TRUE,Organic compounds,Lipids and lipid-like molecules,Fatty Acyls,Fatty amides,Fatty amides,medium,NA,NA,FALSE,FALSE
"Reaction product of copper phthalocyanine, chlorosulphuric acid, 2-aminobenzene-1,4-disulphonic acid, 2,4,6-trichloro-1,3,5-triazine,sodium hydroxide",TRUE,Organic compounds,Organoheterocyclic compounds,Tetrapyrroles and derivatives,NA,Phthalocyanines,low,NA,NA,FALSE,FALSE
"trans-(1R,2S)-2-(3,4-difluorophenyl-cyclopropanaminium (2R)-2-hydroxy-2-phenylethanoate",TRUE,Organic compounds,Organic acids and derivatives,Carboxylic acids and derivatives,Carboxylic acid salts,Carboxylic acid salts,medium,NA,NA,FALSE,FALSE
Nonylphenol ether polyoxyethyleneglycol,TRUE,Organic compounds,Organic oxygen compounds,Organooxygen compounds,Ethers,Phenol ethers,medium,NA,NA,FALSE,FALSE
MCP-1596,TRUE,NA,NA,NA,NA,NA,low,NA,NA,FALSE,FALSE
NT-16,TRUE,NA,NA,NA,NA,NA,low,NA,NA,FALSE,FALSE
"Alkenes, C9-11, C10-rich",TRUE,Organic compounds,Hydrocarbons,Unsaturated hydrocarbons,NA,Olefins,high,NA,NA,FALSE,FALSE
"fatty acids, tall oils",TRUE,Organic compounds,Lipids and lipid-like molecules,Fatty Acyls,Fatty acids and conjugates,Fatty acids and conjugates,medium,NA,NA,FALSE,FALSE
"4-(4-trans-vinyl-[1,1'-bicyclohexyl]-4'-trans-yl)-1,2-difluorobenzene",TRUE,Organic compounds,Hydrocarbon derivatives,Aryl halides,Organofluorides,Aryl fluorides,high,NA,NA,FALSE,FALSE
