substance_name,entity_type,matchable,is_group,equivalent_node,equivalent_level,relationship_type,confidence,emb_match,emb_score,emb_agrees
"Boric acid, lead salt",CAS without structure,TRUE,TRUE,Post-transition metal borates,subclass,subset,medium,NA,NA,FALSE
"Oligomerisation products of 3-isocyanatomethyl-3,5,5-trimethylcyclohexyl isocyanate and butan-1-ol and pentan-1-ol and 2-ethylhexan-1-ol, allophanate type",Unclassified,TRUE,TRUE,Polycarbamates,class,subset,medium,NA,NA,FALSE
"4-{[4-(3-amino-4-sulfoanilino)-6-chloro-1,3,5-triazin-2-yl]amino}-6-[(5-carbamoyl-1-ethyl-2-hydroxy-4-methyl-6-oxo-1,6-dihydropyridin-3-yl)diazenyl]benzene-1,3-disulfonic acid",Unclassified,TRUE,FALSE,NA,NA,NA,high,NA,NA,FALSE
"1,1,1-Tris(omega-(2,2-dimethyl-3-lauroyloxy-propylidene-amin o)-poly(oxy(methyl-1,2-ethanediyl))methyl)propane",CAS without structure,TRUE,FALSE,NA,NA,NA,medium,NA,NA,FALSE
dimethylphenylthiuram,Unclassified,TRUE,TRUE,Thiuram monosulfides,direct_parent,subset,medium,NA,NA,FALSE
"Fumes, silica",CAS without structure,TRUE,FALSE,NA,NA,NA,high,NA,NA,FALSE
PN-13,Unclassified,TRUE,FALSE,NA,NA,NA,high,NA,NA,FALSE
2-cyclohexylidene-2-(o-tolyl)acetonitrile,Unclassified,TRUE,FALSE,NA,NA,NA,high,NA,NA,FALSE
"Phosphorodithioic acid, mixed O,O-bis(2-ethylhexyl and iso-Pr) esters, zinc salts",CAS without structure,TRUE,TRUE,Organic dithiophosphoric acids and derivatives,class,subset,medium,NA,NA,FALSE
"Gasoil - unspecified|Hydrocarbons, C<sub>12-20</sub>, hydrotreated paraffinic, distn. lights|[A complex combination of hydrocarbons obtained as first runnings from the vacuum distillation of effluents from the treatment of heavy paraffins with hydrogen in",Mixture,TRUE,TRUE,Saturated hydrocarbons,class,subset,medium,NA,NA,FALSE
(S)-3-(benzyl(methyl)amino)-1-(3-methoxyphenyl)-2-methylpropan-1-one (R)-2-hydroxy-2-phenylacetate,Unclassified,TRUE,FALSE,NA,NA,NA,high,NA,NA,FALSE
PRUSURF A,Unclassified,TRUE,NA,NA,NA,NA,low,NA,NA,FALSE
"1,4-Benzenediamine, N,N-mixed Ph and tolyl derivs.",CAS without structure,TRUE,TRUE,P-phenylenediamines,subclass,subset,high,NA,NA,FALSE
"Zeolite, synthetic, crystalline, non fibrous, silica and titanium based",Unclassified,TRUE,TRUE,NA,NA,broader,high,NA,NA,FALSE
"tetrahydro-2-isobutyl-4-methylpyran-4-ol, mixed isomers (cis and trans)",Unclassified,TRUE,TRUE,Oxanes,class,subset,medium,NA,NA,FALSE
"C12-18-(even numbered, C18 unsaturated)-alkylamines acetates",Unclassified,TRUE,TRUE,Primary amines,direct_parent,subset,medium,NA,NA,FALSE
fibres of pure cellulose,Unclassified,TRUE,FALSE,NA,NA,NA,high,NA,NA,FALSE
"Paraffin waxes and Hydrocarbon waxes, chloro, sulfochlorinated",CAS without structure,TRUE,TRUE,Organohalogen compounds,superclass,subset,medium,NA,NA,FALSE
"Resin acids and Rosin acids, aluminum salts",CAS without structure,TRUE,TRUE,Organic metal salts,class,subset,medium,NA,NA,FALSE
"Benzenesulfonic acid, mono-C9-13-branched alkyl derivs., compds. with isopropylamine",Unclassified,TRUE,TRUE,Organic salts,superclass,subset,medium,NA,NA,FALSE
CK 1169,Unclassified,TRUE,FALSE,NA,NA,NA,high,NA,NA,FALSE
"2,4-bis(((2-(dimethylammonio)ethyloxy)carbonyl)phen-2-ylazo)benzene-1,3-diol sulfate",Unclassified,TRUE,FALSE,NA,NA,NA,high,NA,NA,FALSE
2-fluoro-4-pentyl-4'-(2-(trans-4-propylcyclohexyl)ethyl)biphenyl,Unclassified,TRUE,FALSE,NA,NA,NA,high,NA,NA,FALSE
"1-decene, dimer",CAS without structure,TRUE,FALSE,NA,NA,NA,medium,NA,NA,FALSE
"Iron, complexes with diazotized 2-amino-5-nitrobenzenesulfonic acid coupled with diazotized 2-amino-4-nitrophenol and resorcinol",CAS without structure,TRUE,FALSE,NA,NA,NA,medium,NA,NA,FALSE
Saponification and oxidation product of carnauba wax with acidic sodium dichromate solution esterified with ethylene glycol,Unclassified,TRUE,FALSE,NA,NA,NA,high,NA,NA,FALSE
A mixture of isomers of branched tetracosane,Mixture,TRUE,TRUE,Branched alkanes,subclass,subset,high,NA,NA,FALSE
"Nickel, [29H,31H-phthalocyaninato(2-)-[?]N29,[?]N30,[?]N31,[?]N32]-, sulfo [[4-[[2-(sulfooxy)ethyl]sulfonyl]phenyl]amino]sulfonyl derivs., sodium salts",CAS without structure,TRUE,TRUE,Phthalocyanines,subclass,subset,high,NA,NA,FALSE
Chromium VI compounds,Substance group,TRUE,TRUE,Inorganic chromium (VI) compounds,class,broader,medium,Inorganic chromium (VI) compounds,0.9324581084968904,TRUE
"1-(2-((2-(2,5-dimethoxyphenyl)-2-hydroxyethyl)amino)-2-oxoethyl)-1,3,5,7-tetraazaadamantan-1-ium chloride",Unclassified,TRUE,FALSE,NA,NA,NA,high,NA,NA,FALSE
"potassium 6-methoxy-2-{(S)-[(4-methoxy-3,5-dimethylpyridin-2-yl)methyl]sulfinyl}benzimidazol-1-ide",Unclassified,TRUE,FALSE,NA,NA,NA,high,NA,NA,FALSE
α-[3-(1-oxoprop-2-eny)l-1-oxypropyl]dimethoxysilyloxy-ω-[3(1-oxoprop-2-enyl)-1-oxypropyl]dimethoxysilyl poly(dimethylsiloxane),CAS without structure,TRUE,TRUE,Organic Polymers,superclass,subset,medium,NA,NA,FALSE
"(2S,3S,4S,5S)-2-(acetoxymethyl)-5-(5,6-dichloro-2-(isopropylamino)-1H-benzo[d]imidazol-1-yl)tetrahydrofuran-3,4-diyl diacetate hydrochloride",Unclassified,TRUE,FALSE,NA,NA,NA,high,NA,NA,FALSE
PDS-1709,Unclassified,TRUE,FALSE,NA,NA,NA,high,NA,NA,FALSE
"Trisodium bis[N,Nη(7-acetamido-5'-nitro-3-sulfonato-naphthalene-2-azobenzene-1,2'-diolato-0',0')]chromate (III)",CAS without structure,TRUE,FALSE,NA,NA,NA,high,NA,NA,FALSE
"Alkenes, C11-12, hydroformylation products, distn. residues",CAS without structure,TRUE,TRUE,Fatty aldehydes,subclass,broader,low,NA,NA,FALSE
"Hexachlorocyclohexanes, including lindane",Unclassified,TRUE,TRUE,Cyclohexyl halides,subclass,subset,medium,NA,NA,FALSE
REAKTIV-BLAU F 66 991 FW,Unclassified,TRUE,FALSE,NA,NA,NA,high,NA,NA,FALSE
"Phosphoric acid, mono and bis-linear butyl esters, potassium salts",Unclassified,TRUE,TRUE,Organic phosphoric acids and derivatives,superclass,subset,medium,NA,NA,FALSE
"Fatty acids, C16-18, 2-hydroxyethyl esters",CAS without structure,TRUE,TRUE,Fatty acid esters,subclass,subset,high,Fatty acid esters,0.8183297930046239,TRUE
"(1,1,3,3-tetramethylbutyl)-phenyl-polyethylenglycol",CAS without structure,TRUE,TRUE,Polyethylene glycols,direct_parent,subset,medium,NA,NA,FALSE
"Palm oil, epoxidized",CAS without structure,TRUE,FALSE,NA,NA,NA,medium,NA,NA,FALSE
241 AJG,Unclassified,TRUE,FALSE,NA,NA,NA,high,NA,NA,FALSE
glutamyl endopeptidase,CAS without structure,TRUE,FALSE,NA,NA,NA,high,NA,NA,FALSE
"reaction products of benzaldehyde diethylenetriamine and triethylenetetramine, hydrogenated",CAS without structure,TRUE,TRUE,Amines,subclass,subset,low,NA,NA,FALSE
"Bis[ethyl-4,4,4-trihalo-3-substituted–kO-alkanoate-kO’]copper",Unclassified,TRUE,TRUE,Organometallic compounds,superclass,subset,low,NA,NA,FALSE
"(4S)-3-carbamoyl-4-(4-cyano-2-methoxyphenyl)-5-ethoxy-2,8-dimethyl-1,4-dihydro-1,6-naphthyridin-1-ium (2S,3S)-2,3-bis(benzoyloxy)-3-carboxypropanoate",Unclassified,TRUE,FALSE,NA,NA,NA,high,NA,NA,FALSE
"Trisodium [2-(5-chloro-2,6-difluoropyrimidin-4-ylamino)-5-(b-sulfamoyl-c,d-sulfonatophthalocyanin-a-yl-K4,N29,N30,N31,N32-sulfonylamino)benzoato(5-)]cuprate(II) where a=1,2,3,4 b=8,9,10,11 c=15,16,17,18 d=22,23,24,25",Unclassified,TRUE,FALSE,NA,NA,NA,high,NA,NA,FALSE
"Poly(1-acetyloxyethyl)-poly-2-(1-hydroxyethyl)-poly-2-[4-[(4-methyl-1,3-dioxolan-2-yl)styryl]-N-methylpyridiniummethylsulfate]",Unclassified,TRUE,FALSE,NA,NA,NA,high,NA,NA,FALSE
"(2S,3S)-2,3-Dihydroxysuccinic acid - (2S)-N-(2,6-dimethylphenyl)-1-propyl-2-piperidinecarboxamide (1:2)",Unclassified,TRUE,FALSE,NA,NA,NA,high,NA,NA,FALSE
Bismuth 12-hydroxystearate,CAS without structure,TRUE,FALSE,NA,NA,NA,high,NA,NA,FALSE
C12-15 Alkyl Fumarate,CAS without structure,TRUE,TRUE,Carboxylic acid esters,direct_parent,subset,medium,NA,NA,FALSE
(2S)-2-hydrazinyl-3-[4-hydroxy-3-(substituted)phenyl]-2-alkylpropanoic acid,Unclassified,TRUE,TRUE,Alpha amino acids and derivatives,direct_parent,subset,medium,NA,NA,FALSE
"Tall oil, maleated",CAS without structure,TRUE,FALSE,NA,NA,NA,high,NA,NA,FALSE
"Zirconium oxide, erbium and yttrium doped",Unclassified,TRUE,FALSE,NA,NA,NA,high,NA,NA,FALSE
"Nonylphenol, branched and linear, ethoxylated (with 352 g/mol ≤ average molecular weight < 704 g/mol)",Unclassified,TRUE,TRUE,Phenol ethers,class,subset,medium,NA,NA,FALSE
Tetrakis(bis(2-ethylhexyl)ammonium)molybdate(VI),Unclassified,TRUE,FALSE,NA,NA,NA,high,NA,NA,FALSE
"Mixed triesters of 2,2-bis(hydroxymethyl)butanol with C7-alkanoic acids and 2-ethylhexanoic acid",Unclassified,TRUE,TRUE,Carboxylic acid esters,direct_parent,subset,medium,NA,NA,FALSE
R0932,Unclassified,TRUE,FALSE,NA,NA,NA,high,NA,NA,FALSE
"Sulfonic acids, C14-18-alkane hydroxy and C12-20-alkapolyene and C14-18-alkene and C12-20-alkene hydroxy, sodium salts",CAS without structure,TRUE,TRUE,Organic sulfonic acids and derivatives,superclass,subset,medium,NA,NA,FALSE
"Silver zeolite (Zeolite, LTA framework type, ion exchanged with silver and ammonium ions)",CAS without structure,TRUE,FALSE,NA,NA,NA,high,NA,NA,FALSE
"Octanoic acid, esters with anhydrosorbitol and dianhydrosorbitol",Unclassified,TRUE,TRUE,Fatty acid esters,subclass,subset,medium,NA,NA,FALSE
MK1 Diesel Fuel,Unclassified,TRUE,FALSE,NA,NA,NA,high,NA,NA,FALSE
alkaline distillation residues from epsilon-caprolactam,Unclassified,TRUE,FALSE,NA,NA,NA,high,NA,NA,FALSE
2-hydroxy-5-(1-hydroxy-2-((4-phenylbutan-2-yl)amino)ethyl)benzamide acetate,CAS without structure,TRUE,FALSE,NA,NA,NA,high,NA,NA,FALSE
"phosphourous acid, mixed 4-isononylphenyl and lauryl and tridecyl triesters",CAS without structure,TRUE,TRUE,Organic phosphite salts,class,subset,low,NA,NA,FALSE
Oleic acid 2-oleoyloxy-1-alkyl ester,Unclassified,TRUE,TRUE,"1-alkyl,2-acylglycerols",direct_parent,subset,low,NA,NA,FALSE
Anthraquinone acid dye,Unclassified,TRUE,TRUE,Anthraquinones,subclass,subset,high,NA,NA,FALSE
KE 2627,Unclassified,TRUE,FALSE,NA,NA,NA,high,NA,NA,FALSE
"Coal tar|Tar, coal|[The by-product from the destructive distillation of coal. Almost black semisolid. A complex combination of aromatic hydro-carbons, phenolic compounds, nitrogen bases and thiophene.]",CAS without structure,TRUE,FALSE,NA,NA,NA,high,NA,NA,FALSE
"Myristica fragrans, ext.",CAS without structure,TRUE,FALSE,NA,NA,NA,high,NA,NA,FALSE
Amorphophallus campanulatus dry purified extract,Unclassified,TRUE,NA,NA,NA,NA,low,NA,NA,FALSE
"{Bis[1-ethyl-4,4,4-trihalo-3-substituted–kO-alkanoate-kO]}zinc",Unclassified,TRUE,TRUE,Organic metal salts,class,subset,medium,NA,NA,FALSE
"Anatase, rutile, disodium hexatitanate and sodium tetratitanate",Unclassified,TRUE,TRUE,Inorganic salts,superclass,subset,low,NA,NA,FALSE
Essential oil of Eucalyptus globulus (Myrtaceae) obtained from leaves and branches by distillations,Unclassified,TRUE,FALSE,NA,NA,NA,high,NA,NA,FALSE
Sodium hydrogen substituted amino acid,CAS without structure,TRUE,TRUE,Amino acids and derivatives,subclass,subset,medium,NA,NA,FALSE
"Betaines, coco alkyldimethyl(3-sulfopropyl)",CAS without structure,TRUE,TRUE,Quaternary ammonium salts,subclass,subset,medium,NA,NA,FALSE
"Juniper, Juniperus oxycedrus, ext.",CAS without structure,TRUE,FALSE,NA,NA,NA,high,NA,NA,FALSE
"coconut oil, reaction products with glycerol esters of 3,5-bis(1,1-dimethylethyl)-4-hydroxybenzenepropanoic acid",CAS without structure,TRUE,FALSE,NA,NA,NA,high,NA,NA,FALSE
"N,N‘-di-C16-18 (even numbered) and C18-unsatd. alkyl[1,2-ethanediylbis(amino-3,1-propanediyl)]diamines",Unclassified,TRUE,TRUE,Amines,subclass,subset,low,NA,NA,FALSE
"Reaction products of 3-amino-4-hydroxybenzenesulfonic acid with 2,5-Dimethoxyaniline , condensed with 4, 4'-dinitrostilbene-2,2'-disulfonic acid, chelated with copper, sodium salt.",Unclassified,TRUE,FALSE,NA,NA,NA,high,NA,NA,FALSE
Condensation products of N-(2-aminoethyl)octadecanamide and N-(2-aminoethyl)hexadecanamide with sebacic acid,Unclassified,TRUE,TRUE,Carboxylic acid amides,direct_parent,subset,medium,NA,NA,FALSE
4-tert-butyl-benzoic acid 1-(4-methoxy-phenyl)-vinyl ester,CAS without structure,TRUE,FALSE,NA,NA,NA,high,NA,NA,FALSE
"[17ß-17-hydroxy-3-methoxy-estra-2,5(10)-dien-17-yl]acetonitrile",CAS without structure,TRUE,FALSE,NA,NA,NA,high,NA,NA,FALSE
"Jojoba, ext., hydrogenated",CAS without structure,TRUE,FALSE,NA,NA,NA,high,NA,NA,FALSE
"1-[(2S,3S)-2-(benzyloxy)pentan-3-yl]-N-{4-[4-(4-hydroxyphenyl)piperazin-1-yl]phenyl}hydrazine-1-carboxamide",Unclassified,TRUE,FALSE,NA,NA,NA,high,NA,NA,FALSE
Cinnamomum cassia oil,Unclassified,TRUE,FALSE,NA,NA,NA,high,NA,NA,FALSE
"C6 sugars residues concentrated extract from hardwood by steam explosion, acidic and enzymatic hydrolysis",Unclassified,TRUE,FALSE,NA,NA,NA,high,NA,NA,FALSE
"Benzenesulfonic acid, 4-C10-13-sec-alkyl derivs.",CAS without structure,TRUE,TRUE,Benzenesulfonic acids and derivatives,subclass,subset,high,NA,NA,FALSE
sunflower oil fatty acids,CAS without structure,TRUE,TRUE,Fatty acids and conjugates,subclass,subset,high,NA,NA,FALSE
"terpenic resins from dipentene, alfapinene, betapinene",Unclassified,TRUE,FALSE,NA,NA,NA,medium,NA,NA,FALSE
"Mentha arvensis, Labiatae, extract",Unclassified,TRUE,FALSE,NA,NA,NA,high,NA,NA,FALSE
FTC-ME,Unclassified,TRUE,FALSE,NA,NA,NA,medium,NA,NA,FALSE
BUTAMINE HCl,Unclassified,TRUE,FALSE,NA,NA,NA,high,NA,NA,FALSE
[(1E)-7-methyl-5-oxo-1-phenyloct-1-en-3-yl]malonic acid,CAS without structure,TRUE,FALSE,NA,NA,NA,high,NA,NA,FALSE
3940W92,Unclassified,TRUE,FALSE,NA,NA,NA,high,NA,NA,FALSE
"Sodium salts of [[(phosphonomethyl)imino]bis[ethane-2,1-diylnitrilobis(methylene)]]tetrakisphosphonic acid (1-3 Na:1)",Unclassified,TRUE,TRUE,Organic phosphonic acids and derivatives,class,subset,medium,NA,NA,FALSE
"(6R,7R)-3-[[(Aminocarbonyl)oxy]methyl]-7-[[(2Z)-2-furanyl(methoxyimino)acetyl]amino]-8-oxo-5-thia-1-azabicyclo[4.2.0]oct-2-en-2-carboxylic acid, 1-butylammonium salt",Unclassified,TRUE,FALSE,NA,NA,NA,high,NA,NA,FALSE
"1-naphthalenesulfonic acid, 5-[(4-hydroxyphenyl)amino]-8-(phenylamino)-, reaction products with sodium sulfide (Na2(Sx)), leuco derivatives",CAS without structure,TRUE,TRUE,Organosulfur compounds,superclass,subset,low,NA,NA,FALSE
"Castor oil, oligomeric reaction products with maleic anhydride",CAS without structure,TRUE,FALSE,NA,NA,NA,medium,NA,NA,FALSE
Plant oils / Eucalyptus oil,Unclassified,TRUE,FALSE,NA,NA,NA,high,NA,NA,FALSE
"Gallium hydroxy-[29H,31H-phthalocyaninate (2-)N29,N30, N31, N32]",Unclassified,TRUE,FALSE,NA,NA,NA,high,NA,NA,FALSE
Purpureocillium lilacinum PL 11,Unclassified,TRUE,NA,NA,NA,NA,low,NA,NA,FALSE
"N,N-dibutyloleamide and oleic acid, sulphated, sodium salts",Unclassified,TRUE,TRUE,Fatty amides,subclass,broader,low,NA,NA,FALSE
"Sulfonation products of (N-phenyl-4-[[4-(phenylamino)phenyl][4-(phenylimino)cyclohexa-2,5-dien-1-ylidene]methyl]aniline, monohydrochloride and 4,4'-[(4-iminocyclohexa-2,5-dien-1-ylidene)methylene]bis[N-phenylaniline], monohydrochloride), sodium salts",Unclassified,TRUE,TRUE,Organic salts,superclass,subset,low,NA,NA,FALSE
DUROFTAL VPE 6104,Unclassified,TRUE,FALSE,NA,NA,NA,high,NA,NA,FALSE
Chromium tin calcium silicon sphene,Unclassified,TRUE,FALSE,NA,NA,NA,high,NA,NA,FALSE
"Hexafluoropropene, oxidized, oligomers, reduced, fluorinated",CAS without structure,TRUE,TRUE,Organofluorides,class,subset,medium,NA,NA,FALSE
"Low boiling point naphtha - unspecified|Hydrocarbons, C<sub>6-8</sub>, hydrogenated sorption-dearomatized, toluene raffination|[A complex combination of hydrocarbons obtained during the sorptions of toluene from a hydrocarbon fraction from cracked gasolin",Mixture,TRUE,TRUE,Hydrocarbons,superclass,subset,medium,NA,NA,FALSE
"Fatty acids, C8-10-(even numbered), diesters and triesters with trimethylolpropane",Unclassified,TRUE,TRUE,Carboxylic acid esters,direct_parent,subset,medium,NA,NA,FALSE
Dimethicodiethylbenzalmalonate,CAS without structure,TRUE,FALSE,NA,NA,NA,high,NA,NA,FALSE
"Slimes and Sludges, copper electrolytic",CAS without structure,TRUE,FALSE,NA,NA,NA,high,NA,NA,FALSE
"Fatty acids, C14-18 and C16-18-unsatd., mixed esters with castor oil, castor oil fatty acids, 2-ethylhexanoic acid and 2,2-bis(hydroxymethyl)-1-butanol",CAS without structure,TRUE,TRUE,Fatty acid esters,subclass,subset,medium,NA,NA,FALSE
"4,4'-Methylenediphenyl diisocyanate, oligomers",CAS without structure,TRUE,TRUE,Isocyanates,subclass,subset,medium,NA,NA,FALSE
"Fatty acids, C16 and C18-unsatd., polymers with bisphenol A, Bu glycidyl ether, epichlorohydrin and triethylenetetramine",CAS without structure,TRUE,TRUE,Organic Polymers,superclass,subset,medium,NA,NA,FALSE
Plant oils / Ylang-Ylang oil,Unclassified,TRUE,FALSE,NA,NA,NA,high,NA,NA,FALSE
hydrogenated homopolymers and/or copolymers of 1-decene and/or 1-dodecene and/or 1-octene,Unclassified,TRUE,TRUE,Organic Polymers,superclass,subset,medium,NA,NA,FALSE
"Fatty acids, C16-18 (even numbered) saturated and C16-20 (even numbered) unsaturated, lithium salts",Unclassified,TRUE,TRUE,Fatty acids and conjugates,subclass,subset,high,NA,NA,FALSE
"L-norvaline, fermentation products",Unclassified,TRUE,FALSE,NA,NA,NA,high,NA,NA,FALSE
"Glycerides, C12-18 mono- and di-",CAS without structure,TRUE,TRUE,Glycerolipids,class,subset,high,NA,NA,FALSE
"Lubricating oils, used, vacuum distd.",CAS without structure,TRUE,FALSE,NA,NA,NA,high,NA,NA,FALSE
ENS 123/NT-4,Unclassified,TRUE,FALSE,NA,NA,NA,high,NA,NA,FALSE
Perfluorohexane-1-sulphonic acid and its salts,Substance group,TRUE,TRUE,Perfluoroalkyl sulfonic acid and derivatives,subclass,subset,high,NA,NA,FALSE
5-chloro-3-methyl pentenyl acetate,Unclassified,TRUE,FALSE,NA,NA,NA,high,NA,NA,FALSE
BASIC BLUE 7.1,Unclassified,TRUE,FALSE,NA,NA,NA,high,NA,NA,FALSE
A mixture of: pentaerythriol tetraesters with heptanoic acid and 2-ethylhexanoic acid,Mixture,TRUE,TRUE,Carboxylic acid esters,direct_parent,subset,medium,NA,NA,FALSE
"Disodium 4,4'-diazidodibenzalacetone-2,2'-disulfonate",Unclassified,TRUE,FALSE,NA,NA,NA,high,NA,NA,FALSE
"Vinasses, residue of fermentation containing biomass of bakers yeast, salt-enriched",Unclassified,TRUE,FALSE,NA,NA,NA,high,NA,NA,FALSE
CW507L-DW (CuZn36),Unclassified,TRUE,FALSE,NA,NA,NA,high,NA,NA,FALSE
METOCENE CHEMICAL CO1,Unclassified,TRUE,FALSE,NA,NA,NA,high,NA,NA,FALSE
"formaldehyde-1-naphthol, copolymer",CAS without structure,TRUE,TRUE,Phenols,class,subset,low,NA,NA,FALSE
"phenol, 2-dodecyl-, branched",Unclassified,TRUE,TRUE,Phenols,class,subset,high,NA,NA,FALSE
"Gasoil - unspecified|Gas oils, hydrotreated|[A complex combination of hydrocarbons obtained from the redistillation of the effluents from the treatment of paraffins with hydrogen in the presence of a catalyst. It consists predominantly of hydrocarbons hav",Mixture,TRUE,TRUE,Hydrocarbons,superclass,subset,medium,NA,NA,FALSE
"((1S,2R)-2-(aminomethyl)-2-(naphthalen-2-yl)cyclopropyl)methanol compound with 4-methylbenzenesulfonic acid (1:1)",CAS without structure,TRUE,FALSE,NA,NA,NA,high,NA,NA,FALSE
"glycerol monopalmitate, ester with citric acid",Unclassified,TRUE,FALSE,NA,NA,NA,medium,NA,NA,FALSE
"Bis and tris and tetra (4-{bis[4-(dimethylamino)phenyl]methylene}-N,N-dimethylcyclohexa-2,5-dien-1-iminium) [12,21-dihydro-29H,31H-phthalocyanine-bis and tris and tetrasulfonato-k4N29,N30,N31,N32]cuprate",Unclassified,TRUE,FALSE,NA,NA,NA,medium,NA,NA,FALSE
"Plumbylium, diethylmethyl-",CAS without structure,TRUE,FALSE,NA,NA,NA,high,NA,NA,FALSE
"Lead, decanoate octanoate complexes",CAS without structure,TRUE,TRUE,Organolead compounds,subclass,subset,medium,NA,NA,FALSE
"distearic acid, diester with glycerol",CAS without structure,TRUE,FALSE,NA,NA,NA,high,NA,NA,FALSE
"Electrolytes, copper-manufg., spent",CAS without structure,TRUE,FALSE,NA,NA,NA,high,NA,NA,FALSE
"Nickel, bis[(2-phenyldiazenecarbothioic acid-κS) 2-phenylhydrazidato-κN2]-",CAS without structure,TRUE,FALSE,NA,NA,NA,high,NA,NA,FALSE
"4-acetyloxy-5β,20-epoxy-1,2α,4,7β,10β,13α-hexahydroxy-9-oxotax-11-en-2-yl benzoate",Unclassified,TRUE,NA,NA,NA,NA,low,NA,NA,FALSE
"Quaternary ammonium compounds, di-C12-18-alkyldimethyl, chlorides",CAS without structure,TRUE,TRUE,Alkyldimethylbenzylammonium chlorides,subclass,subset,low,NA,NA,FALSE
"Aromatic hydrocarbons, C<sub>20-28</sub>, polycyclic, mixed coal-tar pitch-polyethylene-polypropylene pyrolysis-derived|Pyrolysis Products|[A complex combination hydrocarbons obtained from mixed coal tar pitch-polyethylene-polypropylene pyrolysis. Compose",Mixture,TRUE,TRUE,Polycyclic hydrocarbons,class,subset,medium,NA,NA,FALSE
"diatomaceous earth, soda ash flux-calcined",CAS without structure,TRUE,FALSE,NA,NA,NA,high,NA,NA,FALSE
"Hydrocotyle asiatica, ext.",CAS without structure,TRUE,FALSE,NA,NA,NA,high,NA,NA,FALSE
POLYAMIC ACID POLYMER R,CAS without structure,TRUE,TRUE,Organic Polymers,superclass,subset,medium,NA,NA,FALSE
REACTIVE BLUE 9605,Unclassified,TRUE,FALSE,NA,NA,NA,high,NA,NA,FALSE
"1,3-bis(4-benzoyl-3-hydroxyphenoxy)prop-2-yl acetate",Unclassified,TRUE,FALSE,NA,NA,NA,high,NA,NA,FALSE
Stoddard solvent,CAS without structure,TRUE,FALSE,NA,NA,NA,high,NA,NA,FALSE
"Balsams, gurjun",CAS without structure,TRUE,FALSE,NA,NA,NA,high,NA,NA,FALSE
"Fusel oil, distn. residues",CAS without structure,TRUE,FALSE,NA,NA,NA,high,NA,NA,FALSE
"Neodymium fluoride oxide, magnesium-doped",CAS without structure,TRUE,FALSE,NA,NA,NA,high,NA,NA,FALSE
sodium-alpha-C11-alcohol-heptaglycol ether-omega-sulfate,CAS without structure,TRUE,TRUE,Organic sulfate salts,superclass,subset,medium,NA,NA,FALSE
"Linseed oil, lead manganese salt",CAS without structure,TRUE,FALSE,NA,NA,NA,medium,NA,NA,FALSE
"Fatty acids, C8-10, oxybis(2-hydroxy-3,1-propanediyl) esters",CAS without structure,TRUE,TRUE,Fatty acid esters,subclass,subset,medium,NA,NA,FALSE
Tolylphtalam (ISO: N-m-tolylphthalamic acid),Unclassified,TRUE,FALSE,NA,NA,NA,high,NA,NA,FALSE
"Reaction products of Sodium hypophosphite, Propylene, Ethylene with Aluminum sulfate",CAS without structure,TRUE,FALSE,NA,NA,NA,high,NA,NA,FALSE
DICYCLOPENTADIENBISNAPHTHOCHINONDIAZIDSULFONSÄUREMETHYLESTER,Unclassified,TRUE,FALSE,NA,NA,NA,medium,NA,NA,FALSE
"Arsenenous acid, cobalt(2+) salt",CAS without structure,TRUE,FALSE,NA,NA,NA,high,NA,NA,FALSE
"Hydrocarbons, C4-12, naphtha-cracking, hydrotreated",Mixture,TRUE,TRUE,Hydrocarbons,superclass,subset,medium,NA,NA,FALSE
Triethoxysilylpropyl Dibenzoyl Resorcinol,Unclassified,TRUE,FALSE,NA,NA,NA,high,NA,NA,FALSE
"Reaction products of 2,7-Naphthalenedisulfonic acid, 5-[[4-chloro-6-(ethylphenylamino)-1,3,5-triazin-2-yl]amino]-4-hydroxy-3-[(1-sulfo-2-naphthaleny)azo]-, trisodium salt and lithium chloride",Unclassified,TRUE,FALSE,NA,NA,NA,high,NA,NA,FALSE
"(1S,3S,5R,6R)-(4-nitrophenylmethyl)-1-dioxo-6-phenylacetamido-penam-3-carboxylate",CAS without structure,TRUE,FALSE,NA,NA,NA,high,NA,NA,FALSE
"(4aR*, 8aR*)-1-bromo-4a,5,9,10,11,12-hexahydro-3-methoxy-6H-benzofuro[3a,3,2-ef] [2]benzazepin-6-one hydrochloride (1:1)",Unclassified,TRUE,FALSE,NA,NA,NA,high,NA,NA,FALSE
"Benzeneacetic acid, α,4-dicyano-2,3,5,6-tetrafluoro-, ethyl ester, ion(1-), potassium",Unclassified,TRUE,FALSE,NA,NA,NA,high,NA,NA,FALSE
Japan wax,CAS without structure,TRUE,FALSE,NA,NA,NA,high,NA,NA,FALSE
"Hydrocarbons, C4, butane conc., n-butene-contg.",CAS without structure,TRUE,TRUE,Hydrocarbons,superclass,subset,high,NA,NA,FALSE
"Cement, purification of copper electrolyte",Unclassified,TRUE,FALSE,NA,NA,NA,high,NA,NA,FALSE
Reaction Products of (3-Glycidyloxypropyl)triethoxysilane and Propyltriethoxysilane with water,Unclassified,TRUE,TRUE,Organosilicon compounds,subclass,subset,medium,NA,NA,FALSE
Dipropandioic acid nickel salt,CAS without structure,TRUE,FALSE,NA,NA,NA,medium,NA,NA,FALSE
Unecyna,Unclassified,TRUE,NA,NA,NA,NA,low,NA,NA,FALSE
"Cadmium sulfide (CdS), solid soln. with zinc sulfide, aluminum and cobalt and copper and silver-doped",CAS without structure,TRUE,FALSE,NA,NA,NA,high,NA,NA,FALSE
"Calcium metaborate (Ca(BO2)2) and calcium tetraborate (CaB4O7), amorphous reaction products of boric acid with lime",Unclassified,TRUE,FALSE,NA,NA,NA,medium,NA,NA,FALSE
"phenol, nonyl-, manuf. of, by-products from, high-boiling",CAS without structure,TRUE,TRUE,Phenols,class,subset,medium,NA,NA,FALSE
"Fatty acids, C18-unsated., dimers, di-Me esters, hydrogenated, 3-mercaptopropanoates",CAS without structure,TRUE,TRUE,Fatty acid esters,subclass,subset,medium,NA,NA,FALSE
NCMC-NCA,Unclassified,TRUE,FALSE,NA,NA,NA,low,NA,NA,FALSE
Modified NVPF,Unclassified,TRUE,NA,NA,NA,NA,low,NA,NA,FALSE
"Fuel oil, no. 4",CAS without structure,TRUE,FALSE,NA,NA,NA,high,NA,NA,FALSE
"Aromatic hydrocarbons, C6-10, C8-rich",CAS without structure,TRUE,TRUE,Aromatic hydrocarbons,class,subset,high,NA,NA,FALSE
POLYMAC 320-1305 (COMMERCIAL PRODUCT: POLYMER IN SOLVENT),Unclassified,TRUE,FALSE,NA,NA,NA,high,NA,NA,FALSE
chloro(methyl)silanes and tetramethylsilane and trichlorosilane from the fractionated distillation of the reaction products of silicon and chloromethane,Unclassified,TRUE,TRUE,Alkylhalosilanes,subclass,subset,medium,NA,NA,FALSE
CAT,Unclassified,TRUE,FALSE,NA,NA,NA,low,NA,NA,FALSE
"Random copolymer of 2-methyltricyclo[3.3.1.1 3.7]dec-2-ylmethacrylate, 3-hydroxytricyclo[3.3.1.13.7] dec-1-ylmethacrylate and tetrahydro-2-oxo-3-furyl methacrylate",CAS without structure,TRUE,FALSE,NA,NA,NA,high,NA,NA,FALSE
"Mate, ext.",CAS without structure,TRUE,FALSE,NA,NA,NA,high,NA,NA,FALSE
1-3(Diphenylguanidinium) m-[[p-anilinophenyl]azo]benzenesulfonate,Unclassified,TRUE,FALSE,NA,NA,NA,high,NA,NA,FALSE
SÄUREBLAUGRÜN 765 PINA,Unclassified,TRUE,FALSE,NA,NA,NA,high,NA,NA,FALSE
"Triglycerides, C16-18 (even numbered), reaction products with diethylenetriamine",Unclassified,TRUE,TRUE,Fatty amides,subclass,subset,medium,NA,NA,FALSE
"Fatty acids, C16-18, isononyl esters",CAS without structure,TRUE,TRUE,Fatty acid esters,subclass,subset,high,Fatty acid esters,0.821394996749326,TRUE
"Octadecanoic acid, reaction products with triethylenetetramine",CAS without structure,TRUE,TRUE,Fatty amides,subclass,subset,medium,NA,NA,FALSE
"Oxirane, mono[(C8-10-alkyloxy)methyl] derivs.",CAS without structure,TRUE,TRUE,Epoxides,class,subset,high,NA,NA,FALSE
bis{1-[4-(branched-alkyl)phenyl]alkenyl}benzene,Unclassified,TRUE,TRUE,Stilbenes,class,subset,low,NA,NA,FALSE
"Arsenic acid (H3AsO4), monopotassium salt, 1/5hydrate",CAS without structure,TRUE,FALSE,NA,NA,NA,high,NA,NA,FALSE
Satureja montana L. essential oil,Unclassified,TRUE,FALSE,NA,NA,NA,high,NA,NA,FALSE
"Leach residues, precious metal recovery lead refining",CAS without structure,TRUE,FALSE,NA,NA,NA,high,NA,NA,FALSE
"Rosin, fumarated",CAS without structure,TRUE,FALSE,NA,NA,NA,high,NA,NA,FALSE
"Phosphorous acid, tri-C12-14-alkyl esters",CAS without structure,TRUE,TRUE,Trialkylphosphites,class,subset,high,NA,NA,FALSE
"Yarrowia lipolytica cell pellets (Biomass from Y lipolytica fermentation that is isolated with filter aid, extruded, and dried)",Unclassified,TRUE,FALSE,NA,NA,NA,high,NA,NA,FALSE
"Alcohols, C18-22, distn. residues",CAS without structure,TRUE,TRUE,Fatty alcohols,subclass,subset,high,NA,NA,FALSE
"Ethane-1,2-diol, reaction products with 2-(chloromethyl)oxirane",Unclassified,TRUE,TRUE,Epoxides,class,subset,medium,NA,NA,FALSE
N-[2-[Bis(carboxymethyl)amino]ethyl]-N-(1-oxononyl)glycine,CAS without structure,TRUE,FALSE,NA,NA,NA,high,NA,NA,FALSE
ARGOPHAN S,Unclassified,TRUE,FALSE,NA,NA,NA,high,NA,NA,FALSE
"2-Propenoic acid, 2-hydroxyethyl ester, reaction products with O,O-bis(dialkyalkyl) hydrogen phosphorodithioate and dimethyl phosphonate",Unclassified,TRUE,TRUE,Organic phosphoric acids and derivatives,superclass,broader,low,NA,NA,FALSE
Triazine derivative,Unclassified,TRUE,TRUE,Triazines,class,subset,high,NA,NA,FALSE
"22-Tricosenoic acid, cadmium salt",CAS without structure,TRUE,FALSE,NA,NA,NA,high,NA,NA,FALSE
"Perfluorooctane sulfonic acid (PFOS), its salts and PFOS-related compoundsC8F17SO2X (X = OH, Metal salt (O-M+ ), halide, amide, and other related compounds including polymers)",Unclassified,TRUE,TRUE,Perfluoroalkyl sulfonic acid and derivatives,direct_parent,subset,high,NA,NA,FALSE
polyisobutene,CAS without structure,TRUE,TRUE,Organic Polymers,superclass,subset,medium,NA,NA,FALSE
PDN 2899,Unclassified,TRUE,FALSE,NA,NA,NA,high,NA,NA,FALSE
"1-[(2-isopropyl-1,3-thiazol-4-yl)methyl]-1-methyl-3-[(3S)-2-oxotetrahydrofuran-3-yl]urea",Unclassified,TRUE,FALSE,NA,NA,NA,high,NA,NA,FALSE
"Amines, C12-18-(even numbered) and C18-(unsaturated) alkyl",CAS without structure,TRUE,TRUE,Primary amines,direct_parent,subset,medium,NA,NA,FALSE
"Fresh oil|Light oil (coal), semi-coking process|[The volatile organic liquid condensed from the gas evolved in the low-temperature (less than 700°C (1292°F)) destructive distillation of coal. Composed primarily of C<sub>6-10</sub> hydrocarbons.]",CAS without structure,TRUE,FALSE,NA,NA,NA,high,NA,NA,FALSE
"bis(ethane-1,2-diamine-κ²N,N')copper(2+) sulfate",CAS without structure,TRUE,FALSE,NA,NA,NA,high,NA,NA,FALSE
"Glycerides, C14-22 mono-",CAS without structure,TRUE,TRUE,Monoacylglycerols,subclass,subset,high,NA,NA,FALSE
Chrome tungsten titanium buff rutile,CAS without structure,TRUE,FALSE,NA,NA,NA,high,NA,NA,FALSE
Mercury compounds,Substance group,TRUE,TRUE,Inorganic mercury compounds,class,broader,medium,Inorganic mercury compounds,0.9289707383617798,TRUE
REAFREE ND-1096 POLYMER,Unclassified,TRUE,FALSE,NA,NA,NA,high,NA,NA,FALSE
"2-benzofuran-1,3-dione, addition product with 2-(2-hydroxyethoxy)ethanol, ethoxylated",Unclassified,TRUE,TRUE,Carboxylic acid anhydrides,direct_parent,subset,low,NA,NA,FALSE
"2-{[(2-{3-[(4-{Ethyl[3-(vinylsulfonyl)phenyl]amino}-6-fluoro-heteromonocycle-2-yl)amino]-2- (hydroxy-O)phenyl}hydrazono-N2)(phenyl)methyl]diazenyl-N1}benzoato(6-)-O]cuprate(4-) sodium salt, polysulfo",Unclassified,TRUE,FALSE,NA,NA,NA,medium,NA,NA,FALSE
CuZn35AlSiFe,Unclassified,TRUE,FALSE,NA,NA,NA,high,NA,NA,FALSE
Pentasodium 2-(bis{halo-[(halo- sulfonatoaryl)diazenyl]-2-(sulfonatoalkoxy)anilino}-triazin-ylamino)alkanesulfonate,Unclassified,TRUE,TRUE,Azobenzenes,class,subset,medium,NA,NA,FALSE
"3-Pentanone, 1-(2,6,6-trimethyl-2-cyclohexen-1-yl)-, reaction products with 2-propyn-1-ol",CAS without structure,TRUE,FALSE,NA,NA,NA,high,NA,NA,FALSE
Saponaria officinalis L. roots,Unclassified,TRUE,FALSE,NA,NA,NA,high,NA,NA,FALSE
[1-(4-bromobenzyl)-2-butyl-4-chloro-1H-imidazol-5-yl]methanol,CAS without structure,TRUE,FALSE,NA,NA,NA,high,NA,NA,FALSE
TP7450,Unclassified,TRUE,FALSE,NA,NA,NA,high,NA,NA,FALSE
"Esterification products of 4,4'-Isopropylidenediphenol, ethoxylated and prop-2-enoic acid and 3,5,5-trimethylhexanoic acid",Unclassified,TRUE,TRUE,Carboxylic acid esters,direct_parent,subset,medium,NA,NA,FALSE
"Fatty acids, coco, diesters and triesters with trimethylolpropane",Unclassified,TRUE,TRUE,Triacylglycerols,subclass,subset,low,NA,NA,FALSE
"Glycerides, palm-oil mono-, hydrogenated, acetates",CAS without structure,TRUE,TRUE,Monoacylglycerols,subclass,subset,medium,NA,NA,FALSE
"Fatty acids, C8-10, mixed esters with adipic acid and trimethylolpropane",CAS without structure,TRUE,TRUE,Fatty acid esters,subclass,subset,medium,NA,NA,FALSE
"(αS,α'S,2R,2'S)- 2H- 1-Benzopyran-2-methanol, α,α'-[[(phenylmethyl)imino]-bis(methylene)]-bis[6-fluoro-3,4-dihydro-, hydrochloride (1:1)",CAS without structure,TRUE,FALSE,NA,NA,NA,high,NA,NA,FALSE
"Reaction products of triphenyl phosphite, oleyl alcohol and alcohols, C10-16",Unclassified,TRUE,TRUE,Organophosphorus compounds,superclass,subset,medium,NA,NA,FALSE
"O,O'-BIS-(4-TERT-BUTYLBENZOYL)-N,N'-DIALLYL-L-WEINSÄUREDIAMI",Unclassified,TRUE,FALSE,NA,NA,NA,high,NA,NA,FALSE
"Nickelate(6-), [4-[[5-[[(3,6-dichloro-4-pyridazinyl)carbonyl]amino]-2-sulfophenyl]azo]-4,5-dihydro-5-oxo-1-[5-[[(trisulfo-29H,31H-phthalocyaninyl)sulfonyl]amino]-2-sulfophenyl]-1H-pyrazole-3-carboxylato(8-)-N29,N30,N31,N32]-, hexahydrogen",CAS without structure,TRUE,FALSE,NA,NA,NA,high,NA,NA,FALSE
Methyl 1-(3-chloroheteromonocycle-2-yl)-3-{[5-(trifluoromethyl)-2H-heteromonocycle-2-yl]methyl}-1H-heteromonocycle-5-carboxylate,Unclassified,TRUE,FALSE,NA,NA,NA,medium,NA,NA,FALSE
"bis(O,O-2-ethylhexyl-thiophosphoryl)polysulfide",CAS without structure,TRUE,TRUE,Organic thiophosphoric acids and derivatives,class,subset,medium,NA,NA,FALSE
"Low boiling point naphtha - unspecified|Natural gas condensates|[A complex combination of hydrocarbons separated and/or condensed from natural gas during transportation and collected at the wellhead and/or from the production, gathering, transmission, and",Mixture,TRUE,TRUE,Hydrocarbons,superclass,subset,medium,NA,NA,FALSE
"Zinc, dross",CAS without structure,TRUE,FALSE,NA,NA,NA,high,NA,NA,FALSE
"Rosin, maleated, esterified with sorbitol",Unclassified,TRUE,FALSE,NA,NA,NA,medium,NA,NA,FALSE
(2S)-5-amino-2-{[(2S)-2-aminopropanoyl]amino}-5-oxopentanoic acid,Unclassified,TRUE,FALSE,NA,NA,NA,high,NA,NA,FALSE
Repellents: Tall oil crude (CAS 93571-80-3),CAS without structure,TRUE,FALSE,NA,NA,NA,high,NA,NA,FALSE
Bitumen,Unclassified,TRUE,FALSE,NA,NA,NA,medium,NA,NA,FALSE
"Naphthalene sulfonic acid, reaction products with isobutanol,sodium salts",Unclassified,TRUE,TRUE,Naphthalene sulfonic acids and derivatives,subclass,subset,medium,Naphthalene sulfonic acids and derivatives,0.8189750109002211,TRUE
Rape seed oil,CAS without structure,TRUE,FALSE,NA,NA,NA,high,NA,NA,FALSE
"Pentaerythritol, ethoxylated",CAS without structure,TRUE,TRUE,Alcohols and polyols,subclass,subset,medium,NA,NA,FALSE
Disodium (2S)-2-(phenylformamido)butanedioate,CAS without structure,TRUE,FALSE,NA,NA,NA,high,NA,NA,FALSE
"Reaction products of rel-(1S)-1-[(1R)-3,3-dimethylcyclohexyl]ethanol and 2,2-dimethyloxirane",Unclassified,TRUE,FALSE,NA,NA,NA,medium,NA,NA,FALSE
"1-Propene, hydroformylation products, high-boiling",CAS without structure,TRUE,TRUE,Fatty alcohols,subclass,subset,low,NA,NA,FALSE
"Fatty acids, C16-18 tridecyl esters",Unclassified,TRUE,TRUE,Fatty acid esters,subclass,subset,high,Fatty acid esters,0.8058185556214165,TRUE
"Baseoil - unspecified|Hydrocarbons, C<sub>27-45</sub>, naphthenic vacuum distn.",CAS without structure,TRUE,TRUE,Hydrocarbons,superclass,subset,medium,NA,NA,FALSE
5-Methylpyrazine-2-carboxylic acid [2-(4-sulfamoylphenyl)ethyl]amide,Unclassified,TRUE,FALSE,NA,NA,NA,high,NA,NA,FALSE
"Gasoline, natural",CAS without structure,TRUE,FALSE,NA,NA,NA,medium,NA,NA,FALSE
caramel (color),CAS without structure,TRUE,FALSE,NA,NA,NA,high,NA,NA,FALSE
N-Cocoyl L-Proline,Unclassified,TRUE,TRUE,Proline and derivatives,direct_parent,subset,medium,NA,NA,FALSE
"(E)-2-(2-(4-dibenzo[b,f][1,4]thiazepin-11-yl)piperazin- 1-yl)ethoxy)ethanol hydrochloride",CAS without structure,TRUE,FALSE,NA,NA,NA,high,NA,NA,FALSE
4-[(4-{[4-({5-[2-(acryloyloxy) ethoxy]-5-oxoalkanoyl}oxy) benzoyl]oxy}-2-methylaroxy)carbonyl] aryl 2-(acryloyloxy) ethyl alkandioate,Unclassified,TRUE,TRUE,Carboxylic acid esters,direct_parent,subset,medium,NA,NA,FALSE
"taurine, salts",Unclassified,TRUE,TRUE,Taurinated bile acids and derivatives,subclass,broader,low,NA,NA,FALSE
"4-[2-(4-hydroxyphenyl)propan-2-yl]phenol, reaction product with diphenyl carbonate",Unclassified,TRUE,FALSE,NA,NA,NA,high,NA,NA,FALSE
"Phenol, alkylation products (mainly in para position) with C12-rich branched alkyl chains from oligomerisation, covering any individual isomers and/ or combinations thereof (PDDP)",Unclassified,TRUE,TRUE,Phenols,class,subset,medium,NA,NA,FALSE
"3-Isocyanatomethyl-3,5,5-trimethylcyclohexyl isocyanate, oligomers, reaction products with 3,5-dimethyl-1H-pyrazole",Unclassified,TRUE,TRUE,Isocyanates,subclass,subset,medium,NA,NA,FALSE
"Slags, lead reverbatory smelting",CAS without structure,TRUE,FALSE,NA,NA,NA,high,NA,NA,FALSE
Niobium doped titanium dioxide,Unclassified,TRUE,FALSE,NA,NA,NA,high,NA,NA,FALSE
"Fatty acids, tall-oil, low-boiling",CAS without structure,TRUE,TRUE,Fatty acids and conjugates,subclass,subset,high,NA,NA,FALSE
"Pentanoic, octanoic and decanoic acid, mixed ester with pentaerythritol",Unclassified,TRUE,TRUE,Carboxylic acid esters,direct_parent,subset,medium,NA,NA,FALSE
salts of ephedrine,Unclassified,TRUE,TRUE,Amphetamines and derivatives,direct_parent,subset,medium,NA,NA,FALSE
Bacillus amyloliquefaciens strain PTA-4838 (VBC-90060),Unclassified,TRUE,FALSE,NA,NA,NA,high,NA,NA,FALSE
3-[(4-amino-2-methoxyphenyl)azo]-5-chloro-4-hydroxybenzensulfonic acid,Unclassified,TRUE,FALSE,NA,NA,NA,high,NA,NA,FALSE
"Tetracosanoic acid, lead(2+) salt",CAS without structure,TRUE,FALSE,NA,NA,NA,high,NA,NA,FALSE
"Castor oil, hydrogenated",CAS without structure,TRUE,FALSE,NA,NA,NA,high,NA,NA,FALSE
Reaction products of long-chain fatty alcohols and inorganic acid with 2-aminoalkanol,Unclassified,TRUE,TRUE,Fatty alcohols,subclass,broader,low,NA,NA,FALSE
"(R)-1-(3,4-Dimethoxy-benzyl)-6,7-dimethoxy-1,2,3,4-tetrahydro-isoquinoline, compound with (S)-2-(6-methoxy-naphthalen-2-yl)-propionic acid",Unclassified,TRUE,FALSE,NA,NA,NA,high,NA,NA,FALSE
BIS-ARENE ORGANOMETALLIC COMPLEX,Unclassified,TRUE,TRUE,Organometallic compounds,superclass,subset,medium,NA,NA,FALSE
"Alcohols, C12-14 (linear, even-numbered), ethoxylated, sulfates, ammonium salts, < 2.5 mol EO",Unclassified,TRUE,TRUE,Organic sulfate salts,superclass,subset,medium,NA,NA,FALSE
"4-Butoxy-2,3-difluor-4'-methyl-1,1'-biphenyl",Unclassified,TRUE,FALSE,NA,NA,NA,high,NA,NA,FALSE
HCT-202,Unclassified,TRUE,FALSE,NA,NA,NA,high,NA,NA,FALSE
trisodium 3-[{3-[bis(2-carboxylatoethyl)amino]propyl}(C12-18-(even numbered) and C18-(unsaturated) alkyl)amino]propanoate,Unclassified,TRUE,TRUE,"Amino acids, peptides, and analogues",subclass,subset,low,NA,NA,FALSE
"Reaction products of: 2,4-bis[(2-N,N-hydrogenated tallow-aminoethyl)carbamoyl]toluene and 2,6-bis[(2-N,N-hydrogenated tallow-aminoethyl)carbamoyl]toluene with methyl chloride",Unclassified,TRUE,FALSE,NA,NA,NA,medium,NA,NA,FALSE
Ligroine,CAS without structure,TRUE,FALSE,NA,NA,NA,medium,NA,NA,FALSE
"Tetrasodium [bis[[[4-[[2-(sulphooxy)ethyl]sulphonyl]phenyl]amino]sulphonyl]-29H,31H-phthalocyaninedisulphonato(6)-N29,N30,N31,N32]nickelate(4-)",CAS without structure,TRUE,FALSE,NA,NA,NA,high,NA,NA,FALSE
"Reaction products of D-Glucose, n-Butanol and C10-12 (even numbered) alcohols",Unclassified,TRUE,TRUE,Carbohydrates and carbohydrate conjugates,subclass,subset,medium,NA,NA,FALSE
"Amides, C12-18(even numbered), N-[3-(dimethylamino)propyl]",Unclassified,TRUE,TRUE,Fatty amides,subclass,subset,high,NA,NA,FALSE
AURUM,Unclassified,TRUE,FALSE,NA,NA,NA,high,NA,NA,FALSE
"Corn oil (Zea mays, Gramineae), peroxidised",Unclassified,TRUE,FALSE,NA,NA,NA,high,NA,NA,FALSE
Diethylbenzene,CAS without structure,TRUE,TRUE,Xylenes,subclass,subset,low,NA,NA,FALSE
CIN 10089791,Unclassified,TRUE,FALSE,NA,NA,NA,high,NA,NA,FALSE
"Benzenesulfonic acid, mono-C10-13-alkyl derivs., compds. with diethanolamine",CAS without structure,TRUE,TRUE,Benzenesulfonic acids and derivatives,subclass,subset,medium,NA,NA,FALSE
SOKYD-ACETO,Unclassified,TRUE,FALSE,NA,NA,NA,high,NA,NA,FALSE
"(3,3,4,4,5,5,6,6,7,7,8,8,8-tridecafluorooctyl)silanetriol and any of its mono-, di- or tri-O-(alkyl) derivatives",Unclassified,TRUE,TRUE,Monoalkylsilanetriols,direct_parent,broader,medium,NA,NA,FALSE
"4,4'-Isopropylidenediphenol, oligomeric reaction products with 1-chloro-2,3-epoxypropane, reaction products with cyclohex-1,2-ylenediamine",CAS without structure,TRUE,TRUE,Epoxides,class,subset,low,NA,NA,FALSE
1-allyl 2-acetylamino methyl pyrrolidine,Unclassified,TRUE,FALSE,NA,NA,NA,medium,NA,NA,FALSE
"(17β)-3-oxoestra-4,6-dien-17-yl acetate",Unclassified,TRUE,FALSE,NA,NA,NA,high,NA,NA,FALSE
"4,4'-Isopropylidenedicyclohexanol, oligomeric reaction products with 1-chloro-2,3-epoxypropane",CAS without structure,TRUE,TRUE,Epoxides,class,subset,low,NA,NA,FALSE
Aluminiummagnesiumnickelsiliziumoxide,CAS without structure,TRUE,TRUE,Inorganic oxides,class,subset,medium,NA,NA,FALSE
Trade name: 3M(TM) NOVEC(TM) ENGINEERED FLUID HFE-7000,Mixture,TRUE,FALSE,NA,NA,NA,high,NA,NA,FALSE
"Low boiling point naphtha - unspecified|Hydrocarbons, C<sub>8-11</sub>, naphtha-cracking, toluene cut|[A complex combination of hydrocarbons obtained by distillation from prehydrogenated cracked naphtha. It consists predominantly of hydrocarbons having c",Mixture,TRUE,TRUE,Hydrocarbons,superclass,subset,medium,NA,NA,FALSE
"Isodecanoic acid, lead salt, basic",CAS without structure,TRUE,TRUE,Organic lead salts,level 5,subset,medium,NA,NA,FALSE
"Pentaerythritol tetraesters of n-C5, n-C7, n-C8, i-C9 and n-C10 fatty acids",CAS without structure,TRUE,TRUE,Carboxylic acid esters,direct_parent,subset,medium,NA,NA,FALSE
"Fatty acids, C18, unsatd., dimers, reaction products with N,N-dimethyl-1,3-propanediamine and 1,3-propanediamine",CAS without structure,TRUE,TRUE,Fatty amides,subclass,subset,low,NA,NA,FALSE
CIN 10082251,Unclassified,TRUE,FALSE,NA,NA,NA,high,NA,NA,FALSE
"Reaction mixture of 50:50 [R,R] and [S,S] Trans racemate of 2-(4-tert-butylphenoxy)cyclohexyl sulfurochloridoite",Unclassified,TRUE,FALSE,NA,NA,NA,high,NA,NA,FALSE
"Evernia prunastri, ext.",CAS without structure,TRUE,FALSE,NA,NA,NA,high,NA,NA,FALSE
"Baseoil - unspecified|Hydrocarbons, C<sub>27-42</sub>, dearomatized",CAS without structure,TRUE,TRUE,Hydrocarbons,superclass,subset,medium,NA,NA,FALSE
Alkylbenzenesulphonic acid compound with alkanolamine,Unclassified,TRUE,TRUE,Organic sulfonic acids and derivatives,superclass,subset,medium,NA,NA,FALSE
"Fatty acids, C12-20 and C12-20-unsatd., reaction products with 2-amino-2-(hydroxymethyl)-1,3-propanediol",CAS without structure,TRUE,TRUE,Fatty amides,subclass,subset,medium,NA,NA,FALSE
"3,5-diamino-4-[[4-[[2-(sulfooxy)ethyl]sulfonyl]phenyl]azo]-2-[[2-sulfo-4-[[2-(sulfooxy)ethyl]sulfonyl]phenyl]azo]benzoic acid sodium salt",CAS without structure,TRUE,FALSE,NA,NA,NA,high,NA,NA,FALSE
4-hydroxybutan-2-one + 3-(hydroxymethyl)but-3-en-2-one,Unclassified,TRUE,FALSE,NA,NA,NA,high,NA,NA,FALSE
"Acetic acid, oxo-, potassium salt, reaction products with ethylenediamine and para-hydroxybenzenesulfonic acid potassium salt, iron potassium salts",Unclassified,TRUE,FALSE,NA,NA,NA,medium,NA,NA,FALSE
"Alcohols, C16-18 (even numbered), ethoxylated, < 2.5 EO",CAS without structure,TRUE,TRUE,Fatty alcohols,subclass,subset,medium,NA,NA,FALSE
Sodium lauroyl oat aminoacids,CAS without structure,TRUE,TRUE,"Amino acids, peptides, and analogues",subclass,subset,medium,NA,NA,FALSE
"R,R-2-hydroxy-5-(1-hydroxy-2-(4-phenylbut-2-ylamino)ethyl)benzamide hydrogen 2,3-bis(benzoyloxy)succinate",Unclassified,TRUE,FALSE,NA,NA,NA,high,NA,NA,FALSE
Tert-butyl 3-[(2S)-2-[[(2S)-2-[[(2S)-2-amino-5-[(2-methylpropan-2-yl)oxycarbonylamino]pentanoyl]amino]-6-[(2-methylpropan-2-y)oxycarbonylamino]hexanoyl]-methylamino]-3-oxo-3-prop-2-enoxy propyl1]indole-1-carboxylate-phosphate,CAS without structure,TRUE,FALSE,NA,NA,NA,high,NA,NA,FALSE
Monoammonium cadmium triiodide,CAS without structure,TRUE,FALSE,NA,NA,NA,high,NA,NA,FALSE
"syrups, hydrolysed starch, hydrogenated",CAS without structure,TRUE,TRUE,Sugar alcohols,subclass,subset,medium,NA,NA,FALSE
2-amino-5-bromopyridin-3-yl 4-methylbenzenesulfonate,Unclassified,TRUE,FALSE,NA,NA,NA,high,NA,NA,FALSE
"Protein hydrolyzates, silk, reaction products with 3-chloro-2-hydroxypropyl-cocoalkyl-dimethylammonium chloride",Unclassified,TRUE,FALSE,NA,NA,NA,high,NA,NA,FALSE
"Hydrocarbons, C5, n-alkanes, isoalkanes",Unclassified,TRUE,TRUE,Saturated hydrocarbons,class,subset,high,NA,NA,FALSE
Trichoderma afroharzianum (formerly T. harzianum) strain T-22 and atrobrunneum (formerly T. harzianum) strain ITEM 908,Unclassified,TRUE,FALSE,NA,NA,NA,high,NA,NA,FALSE
"4-{6-[4-(1,5-disulfo-2-naphthylazo)-2-methoxy-5-methylphenylazo]-5-hydroxy-7-sulfo-2-naphthylazo}-4,5-dihydro-5-oxo-1-(4-sulfophenyl)-1H-pyrazole-3-carboxylicacid, mixed lithium and sodium salts.",Unclassified,TRUE,FALSE,NA,NA,NA,high,NA,NA,FALSE
"Solvate of potassium 5-methoxy-2-{(S)-[(4-methoxy-3,5-dimethylpyridin-2-yl)methyl]sulfinyl}benzimidazol-1-ide with ethanol(1:2)",Unclassified,TRUE,FALSE,NA,NA,NA,high,NA,NA,FALSE
"Hexanoic acid, 2-ethyl-, zinc salt, basic",CAS without structure,TRUE,FALSE,NA,NA,NA,high,NA,NA,FALSE
chlorinated paraffin,Unclassified,TRUE,TRUE,Alkyl halides,class,subset,medium,NA,NA,FALSE
"N-(3-methyl-4-((1-methyl-1H-benzo[d]imidazol-5-yl)oxy)phenyl)-6-(methylthio)pyrimido[5,4-d]pyrimidin-4-amine hydrochloride",Unclassified,TRUE,FALSE,NA,NA,NA,high,NA,NA,FALSE
PAC-1011,Unclassified,TRUE,FALSE,NA,NA,NA,high,NA,NA,FALSE
7 ALPHA,Unclassified,TRUE,FALSE,NA,NA,NA,low,NA,NA,FALSE
"Sulfurous acid, lead(2+) salt, basic",CAS without structure,TRUE,FALSE,NA,NA,NA,high,NA,NA,FALSE
"poly-[((4-((4-ethyl-ethylene)amino)phenyl)-((4-(ethyl-(2-oxyethylene)amino)phenyl)methinyl)cyclohexa-2,5-dienylidene)-N-ethyl-N-(2-hydroxyethyl)ammonium acetate]",CAS without structure,TRUE,FALSE,NA,NA,NA,medium,NA,NA,FALSE
"2-Hexyldecan-1-ol, ethoxylated",CAS without structure,TRUE,TRUE,Fatty alcohols,subclass,subset,medium,NA,NA,FALSE
"Silicic acid (H4SiO4), zinc salt (1:2), arsenic and manganese-doped",CAS without structure,TRUE,FALSE,NA,NA,NA,high,NA,NA,FALSE
Grape (Vitis vinifera) cane tannins,Unclassified,TRUE,FALSE,NA,NA,NA,high,NA,NA,FALSE
AMBU,Unclassified,TRUE,FALSE,NA,NA,NA,medium,NA,NA,FALSE
"Phosphoric Acid, C8-12(even-numbered) linear Alkyl Esters",Unclassified,TRUE,TRUE,Alkyl phosphates,direct_parent,subset,high,NA,NA,FALSE
Montan wax,CAS without structure,TRUE,FALSE,NA,NA,NA,medium,NA,NA,FALSE
"3-Amino-tricyclo[3,3,1,13,7]decan-1-ol",Unclassified,TRUE,FALSE,NA,NA,NA,high,NA,NA,FALSE
GPS-01,Unclassified,TRUE,FALSE,NA,NA,NA,high,NA,NA,FALSE
"Protein hydrolyzates, silk",CAS without structure,TRUE,FALSE,NA,NA,NA,high,NA,NA,FALSE
C12-14-(even numbered)-alkylnitrile,CAS without structure,TRUE,TRUE,Nitriles,direct_parent,subset,medium,NA,NA,FALSE
BENTONE SD-3 RHEOLOGICAL ADDITIVE,Unclassified,TRUE,FALSE,NA,NA,NA,high,NA,NA,FALSE
PPL ADDITIVE,Unclassified,TRUE,FALSE,NA,NA,NA,high,NA,NA,FALSE
Reaction products of triethanolamine esters of polyphosphoric acids with alkyl derivatives of pyridine,Unclassified,TRUE,TRUE,Organophosphorus compounds,superclass,subset,low,NA,NA,FALSE
"Alcohols, C11-15-secondary",CAS without structure,TRUE,TRUE,Secondary alcohols,direct_parent,subset,high,NA,NA,FALSE
"Dodecan-1-ol, ethoxylated",CAS without structure,TRUE,TRUE,Fatty alcohols,subclass,subset,medium,NA,NA,FALSE
polyethyleneglycol-30 dipolyhydroxystearate,CAS without structure,TRUE,TRUE,Polyethylene glycols,level 6,subset,medium,NA,NA,FALSE
PHOTOSOL 5-68,Unclassified,TRUE,FALSE,NA,NA,NA,high,NA,NA,FALSE
"N'-{3-[(3-aminopropyl)amino]propyl}-N,N-di-C16- C18 (evennumbered) alkyl propane-1,3-diamine",Unclassified,TRUE,TRUE,Amines,subclass,subset,medium,NA,NA,FALSE
polyethyleneglycol sorbitan monolaurate,CAS without structure,TRUE,FALSE,NA,NA,NA,medium,NA,NA,FALSE
"Dioctyl maleate, branched",CAS without structure,TRUE,TRUE,Carboxylic acid esters,direct_parent,subset,medium,NA,NA,FALSE
"Triisononanoic acid, triester with 2,2'-[oxybis(methylene)]bis[2-(hydroxymethyl)propane-1,3-diol] tris(2-ethylhexanoate)",CAS without structure,TRUE,FALSE,NA,NA,NA,high,NA,NA,FALSE
peanut butter,Unclassified,TRUE,FALSE,NA,NA,NA,high,NA,NA,FALSE
rel-(3R)-3-{[(2S)-2-cyclopentyl-2-hydroxy-2-phenylacetyl]oxy}-1-methylpyrrolidinium 3-carboxy-5-nitrobenzoate,CAS without structure,TRUE,FALSE,NA,NA,NA,high,NA,NA,FALSE
"Reaction products of 3-aminopropyltriethoxysilane, bis(triethoxysilylpropyl)amine and 3-isocyanatomethyl-3,5,5-trimethylcyclohexyl isocyanate",Unclassified,TRUE,FALSE,NA,NA,NA,medium,NA,NA,FALSE
"D-Glucopyranose, oligomeric, C10-16-alkyl glycosides, 2-hydroxy-3-sulfopropyl ethers, sodium salts",CAS without structure,TRUE,TRUE,Polysaccharide sulfates,subclass,subset,low,NA,NA,FALSE
"Benzoic acid, 2-butyl, lead(2+) salt",CAS without structure,TRUE,FALSE,NA,NA,NA,high,NA,NA,FALSE
"3,5,8,10,13,15,18,20,23,25,28,30,33,35,38,40,41,43,45,47,51,53,55,57,59,61,63, 65,67,69,71,73-dotriacontazapentacosacyclo [35.3.3.36,7.311, 12.316,17.321,22.326,27.331,32.22,41.236,43.13,40.15,8.110,13.115,18.120,23.125,28.130,33.135,38.145,51.147,73.153,55.157,59.161,63.165,67.169,71] octacontane-44,46,48,49,50,52,54,56,58,60,62,64,66,68,70,72-hexadecone, hydrochloride hydrate",Unclassified,TRUE,NA,NA,NA,NA,low,NA,NA,FALSE
"(±)-2-(2,4-dichlorophenyl)-3-(1H-1,2,4-triazol-1-yl)propan-1-ol",Unclassified,TRUE,FALSE,NA,NA,NA,high,NA,NA,FALSE
"4-(4-trans-vinyl-[1,1'-bicyclohexyl]-4'-trans-yl)-1,2-difluorobenzene",Unclassified,TRUE,FALSE,NA,NA,NA,high,NA,NA,FALSE
"Di(tetramethylammonium)(29H,31H-phthalocyanin-N29,N30,N31,N32)disulfonamide disulfonate, cuprate(2-)complex, derivates",CAS without structure,TRUE,TRUE,Phthalocyanines,subclass,subset,medium,NA,NA,FALSE
"N-(4-{1-[(2,6-difluorophenyl)methyl]-5-[(dimethylamino)methyl]-3-(6-methoxypyridazin-3-yl)-2,4-dioxo-1,2,3,4-tetrahydrothieno[2,3-d]pyrimidin-6-yl}phenyl)-N'-methoxyurea THF-solvate",CAS without structure,TRUE,FALSE,NA,NA,NA,high,NA,NA,FALSE
Manganese antimony titanium buff rutile,CAS without structure,TRUE,FALSE,NA,NA,NA,high,NA,NA,FALSE
"D-Glucopyranose, oligomers, branched and linear C9-11-alkyl glycosides",CAS without structure,TRUE,TRUE,Alkyl glycosides,subclass,subset,medium,NA,NA,FALSE
Diethoxyphosphorylmethyl 4-methylphenylsulfonate,Unclassified,TRUE,FALSE,NA,NA,NA,high,NA,NA,FALSE
"Fatty acids, C9, hexaesters with dipentaerythritol",Unclassified,TRUE,TRUE,Carboxylic acid esters,direct_parent,subset,medium,NA,NA,FALSE
"polysaccharide, Welan gum",CAS without structure,TRUE,FALSE,NA,NA,NA,high,NA,NA,FALSE
"pentasodium 7-(4-(4-(5-amino-4-sulfonato-2-(4-((2-(sulfonato-ethoxy)sulfonyl)phenylazo)phenylamino)-6-chloro-1,3,5-triazin-2-yl)amino-2-ureidophenylazo)naphtalene-1,3,6-trisulfonate",Unclassified,TRUE,FALSE,NA,NA,NA,high,NA,NA,FALSE
"High oleic sunflower oil, maleated",Unclassified,TRUE,FALSE,NA,NA,NA,high,NA,NA,FALSE
"Hydrocarbons, C≥5, C5-6-rich",CAS without structure,TRUE,TRUE,Hydrocarbons,superclass,subset,high,NA,NA,FALSE
"ethyl 2-chloro-6-(3-(3,3,3-trifluoro-2,2-dimethylpropoxy)-1H-pyrazol-1-yl)nicotinate",CAS without structure,TRUE,FALSE,NA,NA,NA,high,NA,NA,FALSE
Sodium o-benzyl-p-chlorphenoxide,Unclassified,TRUE,FALSE,NA,NA,NA,high,NA,NA,FALSE
PROMIDIUM CC,Unclassified,TRUE,FALSE,NA,NA,NA,high,NA,NA,FALSE
Pythium oligandrum strain B301,Unclassified,TRUE,NA,NA,NA,NA,low,NA,NA,FALSE
UC-705,Unclassified,TRUE,FALSE,NA,NA,NA,medium,NA,NA,FALSE
Monteponite (CdO),CAS without structure,TRUE,FALSE,NA,NA,NA,high,NA,NA,FALSE
"Bile, extract",CAS without structure,TRUE,FALSE,NA,NA,NA,high,NA,NA,FALSE
Enzymatic hydrolyis products of Candida Saitoana,Unclassified,TRUE,NA,NA,NA,NA,low,NA,NA,FALSE
"Amines, N-coco alkyltrimethylenedi-, acetates",CAS without structure,TRUE,TRUE,Amines,subclass,subset,medium,NA,NA,FALSE
"Polysulfides, bis[3-(triethoxysilyl)propyl]",Unclassified,TRUE,TRUE,Organic disulfides,class,subset,low,NA,NA,FALSE
"1,4-bis[(4-C12 (branched and linear) alkylphenyl)amino]anthraquinone",Unclassified,TRUE,TRUE,Anthraquinones,subclass,subset,high,NA,NA,FALSE
"Fats and Glyceridic oils, shea butter, unsaponifiable fraction",CAS without structure,TRUE,FALSE,NA,NA,NA,high,NA,NA,FALSE
"1-Propanaminium, N-(3-aminopropyl)-2-hydroxy-N,N-dimethyl-3-sulfo-, N-(C12-18(even numbered) acyl) derivs., hydroxides, inner salts",Unclassified,TRUE,TRUE,"Amino acids, peptides, and analogues",subclass,subset,low,NA,NA,FALSE
salts of 2-naphthylamine,Unclassified,TRUE,TRUE,Organic salts,superclass,subset,medium,NA,NA,FALSE
Reynoutria sachalinensis extract,Unclassified,TRUE,FALSE,NA,NA,NA,high,NA,NA,FALSE
"2,4,4-trimethylpentan-2-aminium (3R,5S,E)-7-(4-(4-fluorophenyl)-6-isopropyl-2-(N-methylmethylsulfonamido)pyrimidin-5-yl)-3,5-dihydroxyhept-6-enoate",CAS without structure,TRUE,FALSE,NA,NA,NA,high,NA,NA,FALSE
(S)-alpha-hydroxy-benzeneacetic acid compd. With (R)-N-methyl-gamma-(2-methylphenoxy)benzenepropanamine (1:1),CAS without structure,TRUE,FALSE,NA,NA,NA,high,NA,NA,FALSE
potassium salt of maleic acid semiesterified with cetyl alcohol,Unclassified,TRUE,TRUE,Organic alkali metal salts,subclass,subset,medium,NA,NA,FALSE
"Hydrothermal synthesis product of calcium oxide, quartz and water",Unclassified,TRUE,FALSE,NA,NA,NA,medium,NA,NA,FALSE
Capsicum oleoresin,Unclassified,TRUE,FALSE,NA,NA,NA,high,NA,NA,FALSE
"Low boiling point naphtha - unspecified|Gasoline, pyrolysis, debutanizer bottoms|[A complex combination of hydrocarbons obtained from the fractionation of depropanizer bottoms. It consists of hydrocarbons having carbon numbers predominantly greater than",Mixture,TRUE,TRUE,Hydrocarbons,superclass,subset,medium,NA,NA,FALSE
acylation product between lauroyl chloride and amino acids,Unclassified,TRUE,TRUE,N-acyl-alpha amino acids and derivatives,direct_parent,subset,medium,NA,NA,FALSE
"A mixture of : Benzyl[3S-[2[R*(R*)],3R*]]-2-[2-(1-ethoxycarbonyl-3-phenylpropylamino)propinyl]-1,2,3,4-tetrahydroisoquinoline-3-carboxlate and (Z)-but-2-enedioic acid (1:1)",Mixture,TRUE,FALSE,NA,NA,NA,high,NA,NA,FALSE
Reaction products of olive oil and ozone,Unclassified,TRUE,FALSE,NA,NA,NA,high,NA,NA,FALSE
"Alkenes, C9-11, C10-rich",CAS without structure,TRUE,TRUE,Alkenes,subclass,subset,high,NA,NA,FALSE
undecafluorohexanoic acid and its ammonium salt,Unclassified,TRUE,TRUE,Perfluoroalkyl carboxylic acid and derivatives,direct_parent,subset,high,NA,NA,FALSE
Bacillus thuringiensis subsp. Kurstaki strain EG2348,Unclassified,TRUE,NA,NA,NA,NA,low,NA,NA,FALSE
AG-2001,Unclassified,TRUE,FALSE,NA,NA,NA,high,NA,NA,FALSE
"5-Thia-1-azabicyclo[4.2.0]oct-2-ene-2-carboxylic acid, 3-(hydroxymethyl)-7-methoxy-8-oxo-7-[[2-(2-thienyl)acetyl]amino]-, (6R,7S)-, compd. with N1,N2-bis(phenylmethyl)-1,2-ethanediamine (2:1)",CAS without structure,TRUE,FALSE,NA,NA,NA,high,NA,NA,FALSE
BMS 435736-01,Unclassified,TRUE,FALSE,NA,NA,NA,high,NA,NA,FALSE
(R)-4-(4-dimethylamino-1-(4-fluorophenyl)-1-hydroxybutyl)-3-(hydroxymethyl)benzonitrile,CAS without structure,TRUE,FALSE,NA,NA,NA,high,NA,NA,FALSE
candelilla wax,CAS without structure,TRUE,FALSE,NA,NA,NA,high,NA,NA,FALSE
"cupro, copper processing",Unclassified,TRUE,FALSE,NA,NA,NA,high,NA,NA,FALSE
"Oligomerisation products of 1-tetradecene and 1-dodecene, hydrogenated, C36-84 fraction",CAS without structure,TRUE,TRUE,Saturated hydrocarbons,class,subset,medium,NA,NA,FALSE
"Amines, N-(C16-18 (even numbered) and C18-unsatd. alkyl) trimethylenedi-, ethoxylated(NLP)",CAS without structure,TRUE,TRUE,Amines,subclass,subset,medium,NA,NA,FALSE
Carbon steel according to EN 10025 / EN 10213 / EN 10222,Unclassified,TRUE,FALSE,NA,NA,NA,high,NA,NA,FALSE
tetradecyl-polyethyleneglycol(EO = 3-8) ether of glycolic acid,Unclassified,TRUE,TRUE,Carboxylic acid esters,direct_parent,subset,low,NA,NA,FALSE
"Diesters of alcohols, C7-9-iso-, C8-rich, 2-ethylhexyl and nonanedioic acid",Unclassified,TRUE,TRUE,Carboxylic acid esters,direct_parent,subset,medium,NA,NA,FALSE
"2,6-bis-(Diethanolamino)-4,8-dipiperidinopyrimido-(5,4-d)-pyrimidine, tosylat salt",CAS without structure,TRUE,FALSE,NA,NA,NA,high,NA,NA,FALSE
"Fatty acids, C18-unsatd., diesters and triesters with trimethylolpropane",Unclassified,TRUE,TRUE,Triacylglycerols,subclass,subset,low,NA,NA,FALSE
"2-ethoxyethyl-2-(4-(2,6-dihydro-2,6-dioxo-7-phenyl-1,5-dioxaindacen-3-yl)phenoxy)acetate",CAS without structure,TRUE,FALSE,NA,NA,NA,high,NA,NA,FALSE
"Zeolite, silica rich, without aluminium, crystalline, synthetic, non fibrous",Unclassified,TRUE,TRUE,NA,NA,broader,high,NA,NA,FALSE
"Phenol, 4-amino-, reaction products with 4-(2-naphthalenylamino)phenol and sodium sulfide (Na2(Sx))",CAS without structure,TRUE,TRUE,Organosulfur compounds,superclass,broader,low,NA,NA,FALSE
"Talloil, 2-[(tetrahydro-2H-pyran-2-yl) thio]ethyl esters",CAS without structure,TRUE,TRUE,Carboxylic acid esters,direct_parent,subset,medium,NA,NA,FALSE
"2-[(1,3-dihydro-1,3-dioxo-2H-isoindol-2-yl)methyl]-N,N-diethyl-1-phenyl-",Unclassified,TRUE,FALSE,NA,NA,NA,medium,NA,NA,FALSE
"(R)-3-((3-bromo-2,5-dichlorophenyl)(methoxy)methyl)oxetane",CAS without structure,TRUE,FALSE,NA,NA,NA,high,NA,NA,FALSE
C-6721,Unclassified,TRUE,FALSE,NA,NA,NA,high,NA,NA,FALSE
"Fatty acids, C8-10, mixed esters with neopentyl glycol and trimethylolpropane",CAS without structure,TRUE,TRUE,Fatty acid esters,subclass,subset,medium,NA,NA,FALSE
Methyl 4-[4-(4-methoxybenzoylamino)-3-nitrophenyl]-3-methyl-4-oxo-butyrate,Unclassified,TRUE,FALSE,NA,NA,NA,high,NA,NA,FALSE
"Juniper, Juniperus communis, ext.",CAS without structure,TRUE,FALSE,NA,NA,NA,high,NA,NA,FALSE
COOLER 2,Unclassified,TRUE,FALSE,NA,NA,NA,high,NA,NA,FALSE
"Alkyl chlorides, C12-14 (even numbered), reaction products with diethylenetriamine",Unclassified,TRUE,TRUE,Polyamines,NA,broader,low,NA,NA,FALSE
Sodium p-t-amylphenate,Unclassified,TRUE,FALSE,NA,NA,NA,high,NA,NA,FALSE
HM CATALYST 417 AA-OB 22,Unclassified,TRUE,FALSE,NA,NA,NA,high,NA,NA,FALSE
"A co-polymer of 2-methyl-1,3-propanediol, neopentyl glycol, 1,4-butanediol and ethylene glycol with adipic acid and isophthalic acid",Unclassified,TRUE,FALSE,NA,NA,NA,high,NA,NA,FALSE
2-methyl-3-(trimethoxysilyl)propyl-2-propenoate hydrolysis product with silica,CAS without structure,TRUE,FALSE,NA,NA,NA,medium,NA,NA,FALSE
CIN 10077262,Unclassified,TRUE,FALSE,NA,NA,NA,high,NA,NA,FALSE
C-1744,Unclassified,TRUE,FALSE,NA,NA,NA,medium,NA,NA,FALSE
GM-35K,Unclassified,TRUE,FALSE,NA,NA,NA,high,NA,NA,FALSE
Dihydroxypyrimidine,Unclassified,TRUE,TRUE,Hydroxypyrimidines,subclass,subset,medium,NA,NA,FALSE
"Lead, 2-ethylhexanoate isodecanoate complexes, basic",CAS without structure,TRUE,TRUE,Organic lead salts,subclass,subset,medium,NA,NA,FALSE
"Syrups, corn, hydrogenated",CAS without structure,TRUE,FALSE,NA,NA,NA,medium,NA,NA,FALSE
"β-Alanine, N-C8-18-alkyl derivs., monopotassium salts",CAS without structure,TRUE,TRUE,"Amino acids, peptides, and analogues",subclass,subset,medium,NA,NA,FALSE
"Propanenitrile, 3,3'-iminobis-, N-tallow alkyl derivs.",CAS without structure,TRUE,TRUE,Nitriles,direct_parent,subset,medium,NA,NA,FALSE
"Heat Treatment Products|Hydrocarbon oils, arom., mixed with polyethylene, pyrolyzed, light oil fraction|[The oil obtained from the heat treatment of polyethylene with coal tar pitch or aromatic oils.  It consists predominantly of benzene and its homologs",CAS without structure,TRUE,TRUE,Aromatic hydrocarbons,class,subset,medium,NA,NA,FALSE
linseed oil,CAS without structure,TRUE,FALSE,NA,NA,NA,high,NA,NA,FALSE
4‐(aminomethyl)‐2‐methoxyphenol,Unclassified,TRUE,FALSE,NA,NA,NA,high,NA,NA,FALSE
"N,N′-bis(2,2,6,6-tetramethyl-4-piperidyl)hexamethylenediamine-1,2-dibromoethane, copolymer",CAS without structure,TRUE,FALSE,NA,NA,NA,high,NA,NA,FALSE
"fatty acids, C<sub>8-18</sub> and C<sub>18</sub>-unsaturated, nickel salts",CAS without structure,TRUE,TRUE,Fatty acids and conjugates,subclass,subset,medium,NA,NA,FALSE
"N-(2-(2-CHLOROBENZOYL)-4-NITROPHENYL)-2-(1,3-DIOXOISONDOLIN-2-YL)ACETAMIDE",Unclassified,TRUE,FALSE,NA,NA,NA,high,NA,NA,FALSE
"1,1'-Methylenebis(4-isocyanatobenzene) and oligomeric reaction products of 1,1'-methylenebis(4-isocyanatobenzene) and oxydipropanol and oligomerization reaction products of oxydipropanol",Unclassified,TRUE,TRUE,Isocyanates,subclass,broader,medium,NA,NA,FALSE
"Condensation products of cyclopentanone and valeraldehyde, fraction",Unclassified,TRUE,TRUE,Ketones,direct_parent,subset,low,NA,NA,FALSE
"reaction products of 3,10-bis((2-aminopropyl)amino)-6,13-dichloro-4,11-triphenodioxazinedisulfonic acid with 2-amino-1,4-benzenedisulfonic acid, 2-((4-aminophenyl)sulfonyl)ethyl hydrogen sulfate and 2,4,6-trifluoro-1,3,5-triazine, sodium salts",CAS without structure,TRUE,FALSE,NA,NA,NA,medium,NA,NA,FALSE
O-99,Unclassified,TRUE,FALSE,NA,NA,NA,high,NA,NA,FALSE
"Fatty acids, C18-36, esters with ethylene glycol",CAS without structure,TRUE,TRUE,Fatty acid esters,subclass,subset,high,NA,NA,FALSE
Anthracene oil,CAS without structure,TRUE,FALSE,NA,NA,NA,high,NA,NA,FALSE
"methacrylic acid, sulfopropyl ester",CAS without structure,TRUE,FALSE,NA,NA,NA,high,Sulfonic acid esters,0.80447250026511,FALSE
"Low boiling point cat-reformed naphtha|Hydrocarbons, C<sub>5-11</sub>, nonaroms.-rich, reforming light fraction|[A complex combination of hydrocarbons obtained by separation from the platformate-containing fraction. It consists predominantly of nonaromat",Mixture,TRUE,TRUE,Hydrocarbons,superclass,subset,medium,NA,NA,FALSE
"Rectified Hydrocarbons by-products from synthetic process of Turpentine and acid, alcohols fraction",Unclassified,TRUE,TRUE,Hydrocarbons,superclass,subset,low,NA,NA,FALSE
C-1658,Unclassified,TRUE,FALSE,NA,NA,NA,high,NA,NA,FALSE
"2-((8S,10R,11R,13S,14S,16S,17R)-11,17-dihydroxy-10,13,16-trimethyl-3-oxo-6,7,8,9,10,11,12,13,14,15,16,17-dodecahydro-3H-cyclopenta[a]phenanthren-17-yl)-2-oxoethyl ethyl carbonate",Unclassified,TRUE,FALSE,NA,NA,NA,high,NA,NA,FALSE
LEXMARK BLACK PIGMENT,Unclassified,TRUE,FALSE,NA,NA,NA,high,NA,NA,FALSE
"Reaction products of alkenes, oxidized, esterified with alkanol",Unclassified,TRUE,TRUE,Fatty acid esters,subclass,subset,low,NA,NA,FALSE
"Carrot, ext.",CAS without structure,TRUE,FALSE,NA,NA,NA,high,NA,NA,FALSE
disodium 2-amino-4-acetamido-5-[(1E)-2-{4-[2-(sulfonatooxy)ethanesulfonyl]phenyl}diazen-1-yl]benzene-1-sulfonate,Unclassified,TRUE,FALSE,NA,NA,NA,high,NA,NA,FALSE
polyisoprene,CAS without structure,TRUE,TRUE,Organic Polymers,superclass,subset,medium,NA,NA,FALSE
tetrakis[({bis[4-(dimethylamino)phenyl] and 4-(methylamino)phenyl} or {4-(dimethylamino)phenyl and bis[4-(methylamino)phenyl]} or {tris[4-(dimethylamino)phenyl]}methylium)]C12-(branched and/or linear)-alkyl-(4-sulfonatophenoxy)benzenesulfonate and oxybis[C12-(branched and/or linear)-alkyl-benzenesulfonate].,Unclassified,TRUE,TRUE,Organic cations,superclass,broader,low,NA,NA,FALSE
2-Chloro-8-((S)-1-cyclopropyl-ethyl)-6-[(5-methanesulfonyl-pyridin-2-ylmethyl)-amino]-8Hpteridin-7-one,CAS without structure,TRUE,FALSE,NA,NA,NA,high,NA,NA,FALSE
1-(4'-propylbiphenyl-4-yl)ethanone,Unclassified,TRUE,FALSE,NA,NA,NA,high,NA,NA,FALSE
"Oligomerisation products of 2,2'-[(1-methylethylidene)bis(4,1-phenyleneoxymethylene)]bisoxirane with acrylic acid and fatty acids, C18-unsatd., dimers and nonanoic acid",Unclassified,TRUE,TRUE,Carboxylic acid esters,direct_parent,subset,low,NA,NA,FALSE
Cerium dysprosium erbium europium gadolinium holmium niobium neodymium praseodymium samarium tantalum thulium titanium yttrium ytterbium oxide,Unclassified,TRUE,FALSE,NA,NA,NA,medium,NA,NA,FALSE
"Tetrasodium 4-hydroxy-5-[4-[3-(2-sulfatoethanesulfonyl)phenylamino]-6-morpholin-4-yl-1,3,5-triazin-2-ylamino]-3-(1-sulfonatonaphthalen-2-ylazo)naphthalene-2,7-disulfonate",Unclassified,TRUE,FALSE,NA,NA,NA,high,NA,NA,FALSE
"Tetrasodium tripotassium (.my.-((2,2'-((3-imino-6-sulfonatophenyl-(N-methyl)-imino)bis((6-chloro-1,3,5-triazin-4,2-diyl)imino(2-hydroxy-5-sulfonato-3,1-phenylen)azo(phenylmethylen)azo))bis(4-sulfonatobenzoato))-dicuprate(7-)",Unclassified,TRUE,FALSE,NA,NA,NA,high,NA,NA,FALSE
(1R)-1-(4-methylphenyl)ethylamine (2S)-5-oxopyrrolidine-2-carboxylate,CAS without structure,TRUE,FALSE,NA,NA,NA,high,NA,NA,FALSE
"ethyl (2E)-3-(cyclopropylamino)-2-[(2,4-dichloro-3-methylphenyl)carbonyl]prop-2-enoate",Unclassified,TRUE,FALSE,NA,NA,NA,high,NA,NA,FALSE
Trichoderma asperellum strain T34,Unclassified,TRUE,FALSE,NA,NA,NA,high,NA,NA,FALSE
"2-ethylhexyl 3-[2-(4-ethoxy-2,3-difluoro-phenyl)-6-fluoro-phenyl]sulfanylpropanoate",Unclassified,TRUE,FALSE,NA,NA,NA,high,NA,NA,FALSE
copper flakes (coated with aliphatic acid),Unclassified,TRUE,FALSE,NA,NA,NA,high,NA,NA,FALSE
Bacillus pumilus strain QST 2808,Unclassified,TRUE,NA,NA,NA,NA,low,NA,NA,FALSE
"Methyl (1R,3S,4R,5R)-3-amino-5-({2,4,6-tri-O-benzoyl-3-O-[(2S)-1-(benzyloxy)-3-cyclohexyl-1-oxopropan-2-yl]-β-D-galactopyranosyl}oxy)-4-[(2,3,4-tri-O-benzyl-6-deoxy-α -L-galactopyranosyl)oxy]cyclohexanecarboxylate hydrochloride",Unclassified,TRUE,FALSE,NA,NA,NA,high,NA,NA,FALSE
"Whey, lactose-low",CAS without structure,TRUE,FALSE,NA,NA,NA,high,NA,NA,FALSE
"N-(9,9-Dimethylfluoren-2-yl)-9,9'-spirobi[fluorene]-4'-amine",CAS without structure,TRUE,FALSE,NA,NA,NA,high,NA,NA,FALSE
"Arsenenous acid, cadmium neodymium(3+) salt (5:1:1)",CAS without structure,TRUE,FALSE,NA,NA,NA,high,NA,NA,FALSE
"Hydrocarbons, C9-16, hydrotreated, dearomatized",CAS without structure,TRUE,TRUE,Saturated hydrocarbons,class,subset,medium,NA,NA,FALSE
"Acetic acid, oxo-, sodium salt, reaction products with ethylenediamine and phenol, manganese sodium salts",Unclassified,TRUE,FALSE,NA,NA,NA,high,NA,NA,FALSE
Reaction products of 2-hydroxyethyl methacrylate and diphosphorous pentoxide and water,Unclassified,TRUE,FALSE,NA,NA,NA,medium,NA,NA,FALSE
"3-Ethoxy-4,6-difluoro-7-pentoxy-dibenzothiophene",CAS without structure,TRUE,FALSE,NA,NA,NA,high,NA,NA,FALSE
"Paraffin waxes and Hydrocarbon waxes, oxidized, lithium salts",CAS without structure,TRUE,TRUE,Organic metal salts,class,subset,medium,NA,NA,FALSE
cycloalkyl-2-isopentyl-alkanediol,Unclassified,TRUE,TRUE,Alcohols and polyols,subclass,subset,medium,NA,NA,FALSE
"Castor oil, sulfated, sodium salt",CAS without structure,TRUE,FALSE,NA,NA,NA,medium,NA,NA,FALSE
methyltin-2-mercaptoethyl tallate,CAS without structure,TRUE,FALSE,NA,NA,NA,medium,NA,NA,FALSE
"2-[2-(dimethylamino)ethoxy]ethyl N-{3-[2-(2-(dimethylamino)ethoxy)ethoxycarbonylaminomethyl]-3,5,5-trimethylcyclohexyl}carbamate",Unclassified,TRUE,FALSE,NA,NA,NA,high,NA,NA,FALSE
"Mercury(2+), bis(2,4,6-tri-2-pyridinyl-1,3,5-triazine-N1,N2,N6)-, (OC-6-1'2)-",CAS without structure,TRUE,FALSE,NA,NA,NA,high,NA,NA,FALSE
"Reaction products of methyloxirane with formaldehyde, oligomeric reaction products with aniline and reaction products of methyloxirane with 2,2'-oxydiethanol",Unclassified,TRUE,TRUE,Organic polymers,superclass,subset,medium,NA,NA,FALSE
"1,2-benzenedicarboxylic acid, di-C10-12-branched alkyl esters",Unclassified,TRUE,TRUE,Phthalic acid and derivatives,level 5,subset,high,NA,NA,FALSE
"1H-Imidazole-1-ethanol, 4,5-dihydro-, 2-C11-13-alkyl derivs.",CAS without structure,TRUE,TRUE,Imidazoles,class,subset,medium,NA,NA,FALSE
"1,3-Propanediamine, N-[3-(tridecyloxy)propyl]-, branched",CAS without structure,TRUE,TRUE,Amines,subclass,subset,medium,NA,NA,FALSE
"Reaction products of behenic acid, Eicosadioic acid and Polyglyceryl-10",CAS without structure,TRUE,TRUE,Fatty acid esters,subclass,subset,medium,NA,NA,FALSE
α-trimethylsilanyl-ω-trimethylsiloxypoly[oxy(methyl-3-(2-(2-methoxypropoxy)propoxy)propylsilanediyl]-co-oxy(dimethylsilane)),CAS without structure,TRUE,TRUE,Organosilicon compounds,subclass,subset,medium,NA,NA,FALSE
"Lithium [ethanedioato-O,O’]tetrafluorophosphate",CAS without structure,TRUE,FALSE,NA,NA,NA,high,NA,NA,FALSE
"Rosin, decarboxylated",CAS without structure,TRUE,FALSE,NA,NA,NA,medium,NA,NA,FALSE
CC246E (CuSi4Zn9MnP-C),Unclassified,TRUE,FALSE,NA,NA,NA,high,NA,NA,FALSE
"Glycerides, C16-18 mono- and di-",CAS without structure,TRUE,TRUE,Glycerolipids,class,subset,high,NA,NA,FALSE
"[1,2,4]triazolo[1,5-a]pyridin-7-ol hydrochloride",Unclassified,TRUE,FALSE,NA,NA,NA,high,NA,NA,FALSE
"2-Propenoic acid, 2-methyl-, C11-14-isoalkyl esters, C13-rich",CAS without structure,TRUE,TRUE,Carboxylic acid esters,direct_parent,subset,medium,NA,NA,FALSE
"glycerol, esters with nonanoic acid",Unclassified,TRUE,TRUE,Triacylglycerols,subclass,subset,medium,NA,NA,FALSE
"phosphoric acid, dimercury(1+) salt",CAS without structure,TRUE,FALSE,NA,NA,NA,high,NA,NA,FALSE
"Extract residues (coal), naphthalene oil alk., distn. residues",CAS without structure,TRUE,FALSE,NA,NA,NA,high,NA,NA,FALSE
"Amylase, β-",CAS without structure,TRUE,FALSE,NA,NA,NA,high,NA,NA,FALSE
"Fatty acids, C16-18",CAS without structure,TRUE,TRUE,Fatty acids and conjugates,subclass,subset,high,NA,NA,FALSE
"zinc oxide, nanoparticles, coated with [3-(methacryloxy)propyl] trimethoxysilane (EUPL No 0695)",Unclassified,TRUE,FALSE,NA,NA,NA,high,NA,NA,FALSE
CGX AO 827,Unclassified,TRUE,FALSE,NA,NA,NA,high,NA,NA,FALSE
"Amides, C16-18 (even numbered) saturated and C18 unsaturated, N,N'-[[(2-hydroxyethyl)imino]di-2,1-ethanediyl]bis-, ethoxylated (1-2.5 mol)",Unclassified,TRUE,TRUE,Fatty amides,subclass,subset,medium,NA,NA,FALSE
IRGAZIN ORANGE 2038,Unclassified,TRUE,FALSE,NA,NA,NA,high,NA,NA,FALSE
N-(3β-hydroxyolean-12-en-28-oyl)-L-lysyl-L-threonyl-L-threonyl-L-lysyl-L-Serine,Unclassified,TRUE,NA,NA,NA,NA,low,NA,NA,FALSE
"Alkenes, C15-16",Unclassified,TRUE,TRUE,Alkenes,subclass,subset,high,NA,NA,FALSE
M-119,Unclassified,TRUE,FALSE,NA,NA,NA,medium,NA,NA,FALSE
Iminoctadine,CAS without structure,TRUE,FALSE,NA,NA,NA,high,NA,NA,FALSE
"Aluminum, benzoate C16-18 fatty acids complexes - high aluminium",Unclassified,TRUE,TRUE,Organic metal salts,class,subset,medium,NA,NA,FALSE
"Nickel, [29H,31H-phthalocyaninato(2-)-N29,N30,N31,N32]-, sulfo [[4-[[2-(sulfooxy)ethyl]sulfonyl]phenyl]amino]sulfonyl derivs.",CAS without structure,TRUE,TRUE,Phthalocyanines,subclass,subset,high,NA,NA,FALSE
"Ammonium salts of mono- and bis[3,3,4,4,5,5,6,6,7,7,8,8,8-tridecafluorooctyl and/or poly (substituted alkene)] phosphate",Unclassified,TRUE,TRUE,Organic phosphoric acids and derivatives,superclass,subset,medium,NA,NA,FALSE
"METHYL (1R,2R,4S)-2-[HEX-5-EN-1-YL(METHYL)CARBAMOYL]-4-({7-METHOXY-8-METHYL-2-[4-(PROPAN-2-YL)-1,3-THIAZOL-2-YL]QUINOLIN-4-YL}OXY)CYCLOPENTANECARBOXYLATE",Unclassified,TRUE,FALSE,NA,NA,NA,high,NA,NA,FALSE
Tert-butyl 2-[4-(2-pyridinyl) phenylmethyl] hydrazine carboxylate,Unclassified,TRUE,FALSE,NA,NA,NA,high,NA,NA,FALSE
NITRO-XYLIDINE,Unclassified,TRUE,TRUE,Nitrobenzenes,subclass,subset,medium,NA,NA,FALSE
"Fir, Abies alba, ext.",CAS without structure,TRUE,FALSE,NA,NA,NA,high,NA,NA,FALSE
"Fatty acids, coco, 2-ethylhexyl esters",CAS without structure,TRUE,TRUE,Fatty acid esters,subclass,subset,high,Fatty acid esters,0.8135774041309277,TRUE
"D-Glucitol, 1-deoxy-1-(methylamino)-, N-[C8-10(even numbered) acyl] derivs.",Unclassified,TRUE,TRUE,Fatty amides,subclass,subset,medium,NA,NA,FALSE
(2R)-2-amino-3-phenylpropanoic acid compound with (R)-2-hydroxy-2-phenylacetic acid (1:1),CAS without structure,TRUE,FALSE,NA,NA,NA,high,NA,NA,FALSE
Potassium tri-iodide,Unclassified,TRUE,FALSE,NA,NA,NA,high,NA,NA,FALSE
(+/-)-1-[4-Chloro-2-(1-hydroxy-1-phenylethyl)phenyl]-3-ethylthiourea,Unclassified,TRUE,FALSE,NA,NA,NA,high,NA,NA,FALSE
"Fatty acids, C14-18, cadmium salts",CAS without structure,TRUE,TRUE,Organic cadmium salts,subclass,subset,medium,NA,NA,FALSE
Aschersonia aleyrodis,Unclassified,TRUE,NA,NA,NA,NA,low,NA,NA,FALSE
"O1-ethyl O2-[(1R,2S,5R)-2-isopropyl-5-methyl-cyclohexyl] oxalate",Unclassified,TRUE,FALSE,NA,NA,NA,high,NA,NA,FALSE
Concrete of honeycomb cells of the bee by hexane extraction,Unclassified,TRUE,FALSE,NA,NA,NA,high,NA,NA,FALSE
Renewable hydrocarbons (kerosene type fraction),Unclassified,TRUE,TRUE,Hydrocarbons,superclass,subset,medium,NA,NA,FALSE
"Yttrium oxide (Y2O3), europium-doped",CAS without structure,TRUE,FALSE,NA,NA,NA,high,NA,NA,FALSE
"2-(mesitylimino)-9,10-dimethoxy-2,3,6,7-tetrahydro-4H-heteropolycycl-4-one",Unclassified,TRUE,FALSE,NA,NA,NA,high,NA,NA,FALSE
(2-benzyl-acryloylamino)-acetic acid benzyl ester,Unclassified,TRUE,FALSE,NA,NA,NA,high,NA,NA,FALSE
"5,5-pentamethylene-7-oxo-2,3,4,5,6,7-hexahydrocyclopenta[a] pyrimidine",Unclassified,TRUE,FALSE,NA,NA,NA,high,NA,NA,FALSE
"1,4-bis(alkenyl(dialkyl)siliyl)heteromonocycle",Unclassified,TRUE,TRUE,Organosilicon compounds,subclass,subset,medium,NA,NA,FALSE
"(1R,2S,3S,4R)-2-benzhydryl-N-benzylquinuclidin-3-amine (2R,3R)-2,3-dihydroxysuccinate",Unclassified,TRUE,FALSE,NA,NA,NA,high,NA,NA,FALSE
"Rhamnolipids: fermentation products of glucose with Pseudomonas putida, Pseudomonacae, partially neutralized, sodium salts",CAS without structure,TRUE,TRUE,Rhamnolipids,level 5,subset,high,NA,NA,FALSE
"Hydrogenation products of 3-aminopropanenitrile and 3,3'-iminodipropanenitrile and 3,3',3''-nitrilotripropanenitrile",Unclassified,TRUE,TRUE,Amines,subclass,subset,medium,NA,NA,FALSE
"Tricyclo[8.2.2.24,7]hexadeca-4,6,10,12,13,15-hexaene, 5,11,13,15-tetramethyl-",CAS without structure,TRUE,FALSE,NA,NA,NA,high,NA,NA,FALSE
"dialuminium iron tetraoxide, spinel type",Unclassified,TRUE,FALSE,NA,NA,NA,high,NA,NA,FALSE
"2-Butyne-1,4-diol, reaction products with 1,2-oxathiolane 2,2-dioxide and sodium hydroxide",CAS without structure,TRUE,FALSE,NA,NA,NA,high,NA,NA,FALSE
"Dihydrogen bis[P,P-dioctyl diphosphato(2-)-O'',O''''][hydroxyacetato(2-)-O1,O2]titanate(2-), branched and linear",CAS without structure,TRUE,TRUE,Organotransition metal compounds,class,subset,medium,NA,NA,FALSE
"Fatty acids, tallow, zinc salts",CAS without structure,TRUE,TRUE,Transition metal salts,class,subset,medium,NA,NA,FALSE
"lithium sodium 2-amino-4-{[4-(cyanoazanidyl)-6-[(3-sulfonatophenyl)amino]-1,3,5-triazin-2-yl]amino}-5-(2-{4-[2-(sulfonatooxy)ethanesulfonyl]phenyl}diazen-1-yl)benzene-1-sulfonate",Unclassified,TRUE,FALSE,NA,NA,NA,high,NA,NA,FALSE
"1,4-Cyclohexanedicarboxylic acid, 1,4-dinonyl ester, branched and linear",CAS without structure,TRUE,TRUE,Carboxylic acid esters,direct_parent,subset,medium,NA,NA,FALSE
SB 211-245-Z,Unclassified,TRUE,FALSE,NA,NA,NA,high,NA,NA,FALSE
HEXYLKETOESTER,Unclassified,TRUE,TRUE,Fatty acid esters,subclass,subset,low,NA,NA,FALSE
Ligusticum chuanxiong dry purified extract,Unclassified,TRUE,FALSE,NA,NA,NA,high,NA,NA,FALSE
"CP-603,980",Unclassified,TRUE,FALSE,NA,NA,NA,high,NA,NA,FALSE
AH DYE 66900,Unclassified,TRUE,FALSE,NA,NA,NA,medium,NA,NA,FALSE
"trialkylboranes, solid",Unclassified,TRUE,TRUE,Trialkylboranes,subclass,subset,high,Trialkylboranes,0.8848757513855062,TRUE
"Reaction products of fatty acids, C18 (unsaturated) alkyl and epoxidized Fatty esters, with amines polyethylenepoly-, tetraethylenepentamine fraction",Unclassified,TRUE,TRUE,Fatty amides,subclass,subset,low,NA,NA,FALSE
"Wastewater, cadmium sulfate electrolytic, acid",CAS without structure,TRUE,FALSE,NA,NA,NA,high,NA,NA,FALSE
"Glycerides, mixed C8-10 and succinyl",CAS without structure,TRUE,TRUE,Glycerolipids,class,subset,medium,NA,NA,FALSE
"D-pentose and D-glucose, oligomeric, C8 and C10 alkyl glycosides",Unclassified,TRUE,TRUE,Alkyl glycosides,subclass,subset,medium,NA,NA,FALSE
salts of oxalic acid with the exception of those specified elsewhere in this Annex,Unclassified,TRUE,TRUE,Carboxylic acid salts,direct_parent,subset,medium,NA,NA,FALSE
"Aluminium silicate and titanium oxide matrix doted with vanadium, nickel, and antimony",CAS without structure,TRUE,FALSE,NA,NA,NA,high,NA,NA,FALSE
"Light Oil Extract Residues, low boiling|Extract residues (coal), benzole fraction acid|[An acid sludge by-product of the sulfuric acid refining of crude high temperature coal. Composed primarily of sulfuric acid and organic compounds.]",CAS without structure,TRUE,FALSE,NA,NA,NA,high,NA,NA,FALSE
"Cashew, nutshell liq.",CAS without structure,TRUE,FALSE,NA,NA,NA,high,NA,NA,FALSE
"Phosphonic acid, aluminum salt (3:2)",CAS without structure,TRUE,FALSE,NA,NA,NA,high,NA,NA,FALSE
"Xanthylium, 3,6-bis(diethylamino)-9-[2-(ethoxycarbonyl)phenyl]-, molybdatetungstatephosphate",CAS without structure,TRUE,FALSE,NA,NA,NA,high,NA,NA,FALSE
rosin,CAS without structure,TRUE,FALSE,NA,NA,NA,medium,NA,NA,FALSE
"Dipentaerythritol hexaesters of 3,5,5-trimethylhexanoic, n-decanoic, n-octanoic, and n-pentanoic acids",Unclassified,TRUE,TRUE,Carboxylic acid esters,direct_parent,subset,medium,NA,NA,FALSE
"Distilled acetalization product between glucose and C12, C14, C18, C20 ,C22 alcohol",Unclassified,TRUE,TRUE,Alkyl glycosides,direct_parent,subset,medium,NA,NA,FALSE
diphenylcarbonate with phosgene,Unclassified,TRUE,FALSE,NA,NA,NA,medium,NA,NA,FALSE
CR-1600 TMA,Unclassified,TRUE,FALSE,NA,NA,NA,medium,NA,NA,FALSE
REACTIVE RED 9707,Unclassified,TRUE,FALSE,NA,NA,NA,high,NA,NA,FALSE
"Flue dust, copper-lead blast furnace, cadmium-indium-enriched",CAS without structure,TRUE,FALSE,NA,NA,NA,high,NA,NA,FALSE
(Z)-7-dodecen-1-yl acetate (SCLP Actetates),Unclassified,TRUE,FALSE,NA,NA,NA,high,NA,NA,FALSE
REAKTIV ROT 2330,Unclassified,TRUE,FALSE,NA,NA,NA,high,NA,NA,FALSE
DAIGUARD 600,Unclassified,TRUE,FALSE,NA,NA,NA,high,NA,NA,FALSE
[(dimethylamino)methyl]phenol,CAS without structure,TRUE,FALSE,NA,NA,NA,high,NA,NA,FALSE
"Benzene, C15-16-alkyl derivs.",Unclassified,TRUE,TRUE,Benzene and substituted derivatives,class,subset,high,NA,NA,FALSE
"Syrups, wheat, hydrolyzed starch",Unclassified,TRUE,FALSE,NA,NA,NA,high,NA,NA,FALSE
CuZn35Al-C,Unclassified,TRUE,FALSE,NA,NA,NA,high,NA,NA,FALSE
Choline Hydrogen Phosphonate,Unclassified,TRUE,FALSE,NA,NA,NA,medium,NA,NA,FALSE
"4,7-methanooctahydro-1H-indene-diyldimethyl bis(2-carboxybenzoate)",Unclassified,TRUE,FALSE,NA,NA,NA,high,NA,NA,FALSE
WSH 3216,Unclassified,TRUE,FALSE,NA,NA,NA,high,NA,NA,FALSE
polyvinyl cyclohexane,CAS without structure,TRUE,TRUE,Polystyrenes,class,broader,low,NA,NA,FALSE
Gum of Cistus ladaniferus (Cistaceae) obtained from stems and leaves by extraction with alkaline solution,Unclassified,TRUE,FALSE,NA,NA,NA,high,NA,NA,FALSE
"2,2'-Bis-dibenzo[d,f][1,3,2]dioxaphosphepin-6-yloxy)-3,3',5,5'-tetra(tertbutyl)-biphenyl",Unclassified,TRUE,FALSE,NA,NA,NA,high,NA,NA,FALSE
UY-905,Unclassified,TRUE,FALSE,NA,NA,NA,high,NA,NA,FALSE
"Phosphoric acid,compounds,nickel(2+) zinc salt (2:1:2) tetrahydrate",CAS without structure,TRUE,FALSE,NA,NA,NA,high,NA,NA,FALSE
Limestone,CAS without structure,TRUE,FALSE,NA,NA,NA,high,NA,NA,FALSE
"Residues, zinc smelting",CAS without structure,TRUE,FALSE,NA,NA,NA,high,NA,NA,FALSE
"glycerol, esters with caprylic and n-decanoic acids",Unclassified,TRUE,TRUE,Triacylglycerols,subclass,subset,medium,NA,NA,FALSE
Soybean meal,CAS without structure,TRUE,FALSE,NA,NA,NA,high,NA,NA,FALSE
Methyl 2-benzoylamino-2-deoxy-α-D-glucopyranoside,Unclassified,TRUE,FALSE,NA,NA,NA,high,NA,NA,FALSE
Pure sodium heparinate,Unclassified,TRUE,FALSE,NA,NA,NA,high,NA,NA,FALSE
"Reaction products of EINECS 701-518-6, phosphorus acid and formaldehyde",Unclassified,TRUE,TRUE,Organophosphorus compounds,superclass,subset,low,NA,NA,FALSE
"2,7-Naphthalenedisulfonic acid, 5-[[4-chloro-6-[[2-[[4-[[4-chloro-6-[[8-hydroxy-3,6-disulfo-7-[2-[4-[[2-(sulfooxy)ethyl]sulfonyl]phenyl]diazenyl]-1-naphthalenyl]amino]-1,3,5-triazin-2-yl]amino]phenyl]sulfonyl]ethyl](2-hydroxyethyl)amino]-1,3,5-triazin-2-yl]amino]-4-hydroxy-3-[2-[4-[[2-(sulfooxy)ethyl]sulfonyl]phenyl]diazenyl]-, sodium salt (1:6)",Unclassified,TRUE,FALSE,NA,NA,NA,high,NA,NA,FALSE
MGE 914,Unclassified,TRUE,FALSE,NA,NA,NA,high,NA,NA,FALSE
Oligomerisation products of ethylene oxide with reaction products of rape oil and ethanolamine,Unclassified,TRUE,TRUE,Fatty amides,subclass,subset,low,NA,NA,FALSE
"alkyl(rapeseed oil), bis(2-hydroxyethyl)ammonium fluoride",Unclassified,TRUE,TRUE,Organic nitrogen compounds,superclass,subset,low,NA,NA,FALSE
HTD,Unclassified,TRUE,FALSE,NA,NA,NA,low,NA,NA,FALSE
Absolute of Cistus ladaniferus (Cistaceae) obtained from cistus concrete by ethanol extraction,Unclassified,TRUE,FALSE,NA,NA,NA,high,NA,NA,FALSE
Methyldiacetoxyisopropoxy silane,Unclassified,TRUE,FALSE,NA,NA,NA,high,NA,NA,FALSE
"5-(3,5-dimethylphenyl)-3,4-dihydro-2H-pyrrole sulfate",Unclassified,TRUE,FALSE,NA,NA,NA,high,NA,NA,FALSE
"Amines, C12-18-alkyldimethyl",CAS without structure,TRUE,TRUE,Tertiary amines,level 5,subset,medium,NA,NA,FALSE
Ammonium (xylenes and 4-ethylbenzene)sulfonates,Unclassified,TRUE,TRUE,Organic sulfonic acids and derivatives,superclass,subset,medium,NA,NA,FALSE
C.I. REACTIVE BLUE 243,Unclassified,TRUE,FALSE,NA,NA,NA,high,NA,NA,FALSE
"Bis(pentane-2,4-dionato-O,O')boron(1+) hexafluoroarsenate(1-)",CAS without structure,TRUE,FALSE,NA,NA,NA,high,NA,NA,FALSE
"sodium (3,4-dihydro-2H-pyrano[2,3-c]pyridin-6-yl)(hydroxy)methanesulfonate",Unclassified,TRUE,FALSE,NA,NA,NA,high,NA,NA,FALSE
"1,2-Benzenedicarboxylic acid, di-C9-11-branched and linear alkyl esters",CAS without structure,TRUE,TRUE,Phthalic acid and derivatives,level 5,subset,high,NA,NA,FALSE
"Ethanol, 2-(2-butoxyethoxy)-, reaction products with phosphorus oxide (P2O5), compds. with N,N-dimethylcyclohexanamine",Unclassified,TRUE,TRUE,Organic phosphoric acids and derivatives,class,subset,medium,NA,NA,FALSE
aluminium diethylphosphinate ethylphosphonate (2:4:1),Unclassified,TRUE,FALSE,NA,NA,NA,high,NA,NA,FALSE
"Low boiling point naphtha - unspecified|Hydrocarbons, C<sub>4-6</sub>, depentanizer lights, arom. hydrotreater|[A complex combination of hydrocarbons obtained as first runnings from the depentanizer column before hydrotreatment of the aromatic charges. I",Mixture,TRUE,TRUE,Hydrocarbons,superclass,subset,medium,NA,NA,FALSE
"4,4'-Isopropylidenediphenol, ethoxylated, esters with fatty acids, coco",CAS without structure,TRUE,TRUE,Fatty acid esters,subclass,subset,medium,NA,NA,FALSE
"glycerol monostearate, ester with ascorbic acid",Unclassified,TRUE,FALSE,NA,NA,NA,medium,NA,NA,FALSE
3-phenylpropyldimethoxymethylsilan,Unclassified,TRUE,FALSE,NA,NA,NA,high,NA,NA,FALSE
iso-octyl-epoxy-stearate,Unclassified,TRUE,FALSE,NA,NA,NA,medium,NA,NA,FALSE
"Hydrocarbons, C11-14, n-alkanes, isoalkanes, <2% aromatics",Unclassified,TRUE,TRUE,Saturated hydrocarbons,class,subset,high,NA,NA,FALSE
"Carbamic acid, [2-(sulfothio)ethyl]-, C-(γ-ω-perfluoro-C6-9-alkyl) esters, monosodium salts",CAS without structure,TRUE,TRUE,Carbothioic S-esters,class,subset,low,NA,NA,FALSE
SUBSTANCE SC116510,Unclassified,TRUE,FALSE,NA,NA,NA,high,NA,NA,FALSE
"N,N''-(methylenedi-4,1-phenylene)bis[N'-octyl]urea",Unclassified,TRUE,FALSE,NA,NA,NA,high,NA,NA,FALSE
"calcium, lithium, manganese, aluminium, zinc, sodium, potassium, magnesium stearates, palmitates, ricinoleates, heptanoates, octoates",Unclassified,TRUE,TRUE,Fatty acids and conjugates,subclass,subset,medium,NA,NA,FALSE
FUMED SILICA 8157-7,Unclassified,TRUE,FALSE,NA,NA,NA,high,NA,NA,FALSE
CHEMICAL 10056597,Unclassified,TRUE,FALSE,NA,NA,NA,high,NA,NA,FALSE
"Cuprate(2-), [mu-[[3,3'-[methylenebis[(4,6-dihydroxy-3,1-phenylene)azo]]bis[4-hydroxy-5-nitrobenzenesulfonato]](6-)]], sodium potassium",Unclassified,TRUE,FALSE,NA,NA,NA,high,NA,NA,FALSE
"2,6-diphenylmethane-diisocyanate",Unclassified,TRUE,FALSE,NA,NA,NA,high,NA,NA,FALSE
Silicomanganese manufacturing fumes dedusting solid residues,Unclassified,TRUE,FALSE,NA,NA,NA,high,NA,NA,FALSE
"Benzenesulfonic acid, mono-C16-24-alkyl derivs., calcium salts",CAS without structure,TRUE,TRUE,Organic metal salts,subclass,subset,medium,NA,NA,FALSE
"Reaction products of fatty acids, tall oil and fatty acids, C18 unsaturated, trimers and fatty acids, C18 unsaturated, dimers with (9Z)-octadec-9-en-1-amine",Unclassified,TRUE,TRUE,Fatty amides,subclass,subset,medium,NA,NA,FALSE
aluminium-magnesium-carbonate-hydroxide-perchlorate-hydrate,Unclassified,TRUE,FALSE,NA,NA,NA,high,NA,NA,FALSE
"Selenic acid, cadmium salt (1:1), dihydrate",CAS without structure,TRUE,FALSE,NA,NA,NA,high,NA,NA,FALSE
Nickel Sulfide (Ni5S4),CAS without structure,TRUE,FALSE,NA,NA,NA,high,NA,NA,FALSE
"Alcohols, C18-unsaturated and their reaction products with polyphosphoric acid",Unclassified,TRUE,TRUE,Fatty alcohols,subclass,broader,medium,NA,NA,FALSE
MCP 2112,Unclassified,TRUE,FALSE,NA,NA,NA,medium,NA,NA,FALSE
"Benzene, C20-24 (even numbered) sec-alkyl derivs.",Unclassified,TRUE,TRUE,Benzene and substituted derivatives,class,subset,high,NA,NA,FALSE
MGE 563,Unclassified,TRUE,FALSE,NA,NA,NA,high,NA,NA,FALSE
Cresol,CAS without structure,TRUE,TRUE,Cresols,subclass,exact,high,Cresols,0.8147511086547246,TRUE
"Carboxylic acids, C5-9",CAS without structure,TRUE,TRUE,Carboxylic acids and derivatives,superclass,subset,medium,Carboxylic acids,0.833806475576393,FALSE
"Baseoil - unspecified|Hydrocarbons, C<sub>37-68</sub>, dewaxed deasphalted hydrotreated vacuum distn. residues",CAS without structure,TRUE,TRUE,Hydrocarbons,superclass,subset,medium,NA,NA,FALSE
"Amides, C8-10 (even numbered), N-[3-(dimethylamino)propyl]",Unclassified,TRUE,TRUE,Fatty amides,subclass,subset,high,NA,NA,FALSE
"Alkenes, C6-12-branched, hydroformylation products, low boiling",Unclassified,TRUE,TRUE,Aldehydes,direct_parent,subset,low,NA,NA,FALSE
"salts of 4,4'-carbonimidoylbis[N,N-dimethylaniline]",Unclassified,TRUE,TRUE,Organic salts,superclass,subset,medium,NA,NA,FALSE
"(n-{(1s,3s)-3-[methyl(7h-pyrrolo[2,3-d]pyrimidin-4-yl)amino]cyclobutyl}propane-1-sulfonamide hydrochloride)",Unclassified,TRUE,FALSE,NA,NA,NA,high,NA,NA,FALSE
Balmywood,Unclassified,TRUE,FALSE,NA,NA,NA,high,NA,NA,FALSE
"Poly(oxy-1,2-ethanediyl), α,α'-(iminodi-2,1-ethanediyl)bis[.omega.-hydroxy-, N-[3-(C10-16-alkyloxy)propyl] derivs., di-Et sulfate-quaternized",CAS without structure,TRUE,TRUE,Organic nitrogen compounds,superclass,subset,low,NA,NA,FALSE
"Cadmium sulfide (CdS), solid soln. with zinc sulfide, nickel and silver-doped",CAS without structure,TRUE,FALSE,NA,NA,NA,high,NA,NA,FALSE
"Hexanoic acid, 3,5,5-trimethyl-, lead(2+) salt, basic",CAS without structure,TRUE,FALSE,NA,NA,NA,high,NA,NA,FALSE
"Fatty alcohols, C12-18 (even numbered), manuf. of, destn. residues",Unclassified,TRUE,TRUE,Fatty alcohols,subclass,subset,high,NA,NA,FALSE
"Decanoic acid, mixed esters with neopentyl glycol and octanoic acid",CAS without structure,TRUE,TRUE,Carboxylic acid esters,direct_parent,subset,medium,NA,NA,FALSE
"(4S,6S)-5,6-dihydro-4-[ethylamin-N-(2-nitrobenzenesulfonic)]-6-methyl-4H-thieno(2,3-b)thiopyran-7,7-dioxide",Unclassified,TRUE,FALSE,NA,NA,NA,high,NA,NA,FALSE
"Methyl (2S,4R)-1-benzoyl-4-(methanesulfonyloxy)pyrrolidine-2-carboxylate",CAS without structure,TRUE,FALSE,NA,NA,NA,high,NA,NA,FALSE
HELICONE,Unclassified,TRUE,FALSE,NA,NA,NA,medium,NA,NA,FALSE
3-[(tritylthio)methyl]quinuclidin-3-ol,Unclassified,TRUE,NA,NA,NA,NA,low,NA,NA,FALSE
"Formaldehyde, reaction products with m-phenylenediamine, sodium sulfide (Na2S) and sulfur",CAS without structure,TRUE,FALSE,NA,NA,NA,high,NA,NA,FALSE
"3-aminocrotonic acid, esters with butyleneglycol",Unclassified,TRUE,TRUE,Carboxylic acid esters,direct_parent,subset,medium,NA,NA,FALSE
"Acetic acid, oxo-, sodium salt, reaction products with 2-aminoethanol, phenol, and sodium hydroxide",Unclassified,TRUE,TRUE,Organic oxygen compounds,superclass,broader,low,NA,NA,FALSE
"ethyl (Z)-2-(7-fluoro-2H-benzo[b][1,4]oxazin-3(4H)-ylidene)acetate",CAS without structure,TRUE,FALSE,NA,NA,NA,high,NA,NA,FALSE
"Titanium, bis (5-2,4-cyclopentadien-1-yl)bis(4-methoxyphenyl)-",CAS without structure,TRUE,FALSE,NA,NA,NA,high,NA,NA,FALSE
"Fatty acids, C8-18 and C18-unsatd.",CAS without structure,TRUE,TRUE,Fatty acids and conjugates,subclass,subset,high,NA,NA,FALSE
"hexasodium 5,5'-{[2,7-disulfonato-9-(2-sulfonatophenyl)-9H-xanthene-9-ylium-3,6-diyl]bis(azanediyl)bis[(2,4,6-trimethyl-3,1-phenylene)aminosulfonyl]}diisophthalate",CAS without structure,TRUE,FALSE,NA,NA,NA,high,NA,NA,FALSE
"Heptanoic acid, 2,2,3,3,4,4,5,5,6,7,7,7-dodecafluoro-6-(trifluoromethyl)-, chromium salt (1:x)",CAS without structure,TRUE,TRUE,Transition metal salts,class,subset,medium,NA,NA,FALSE
Trichoderma atrobrunneum (formerly T. harzianum) strain ITEM 908,Unclassified,TRUE,NA,NA,NA,NA,low,NA,NA,FALSE
Lead dichlorite,CAS without structure,TRUE,FALSE,NA,NA,NA,high,NA,NA,FALSE
"Chromium, 3-[(8-hydroxy-5-quinolinyl)azo]benzenesulfonic acid complex",CAS without structure,TRUE,FALSE,NA,NA,NA,high,NA,NA,FALSE
"Fatty acids, C8-10-branched, lead salts, basic",CAS without structure,TRUE,TRUE,Organic lead salts,subclass,subset,medium,NA,NA,FALSE
"Barium chloride fluoride (BaClF), europium-doped",CAS without structure,TRUE,FALSE,NA,NA,NA,high,NA,NA,FALSE
"Residues, lead-zinc smelting wastewater treatment",CAS without structure,TRUE,FALSE,NA,NA,NA,high,NA,NA,FALSE
"Amines, C11-14-branched alkyl, monohexyl and dihexyl phosphates",CAS without structure,TRUE,TRUE,Organic phosphoric acids and derivatives,superclass,subset,medium,NA,NA,FALSE
"Bis[C5-(linear and branched)-alkyl] benzene-1,4-dicarboxylate",CAS without structure,TRUE,TRUE,Phthalate esters,direct_parent,subset,medium,NA,NA,FALSE
SENSIBILISATOR KF 628 PINA,Unclassified,TRUE,FALSE,NA,NA,NA,high,NA,NA,FALSE
Paraffin oil/(CAS 8042-47-5),CAS without structure,TRUE,FALSE,NA,NA,NA,high,NA,NA,FALSE
Cadmium sulfate caesium hexahydrate,CAS without structure,TRUE,FALSE,NA,NA,NA,high,NA,NA,FALSE
BLEU REACTIF VOH 72,Unclassified,TRUE,FALSE,NA,NA,NA,high,NA,NA,FALSE
Ammonium dinitroazanide,Unclassified,TRUE,FALSE,NA,NA,NA,medium,NA,NA,FALSE
"Fatty acids, tall-oil, C12-15-alkyl esters, sulfated, sodium salts",CAS without structure,TRUE,TRUE,Fatty acid esters,subclass,subset,medium,NA,NA,FALSE
"Papaver P. somniferum (Papaveraceae) straw, alcohol ext., thebain enriched",Unclassified,TRUE,FALSE,NA,NA,NA,high,NA,NA,FALSE
"ALKYL ORGANIC ACID, NICKEL SALT",Unclassified,TRUE,TRUE,Organic metal salts,class,subset,medium,NA,NA,FALSE
bis({9-[2-(carboxy-kO)phenyl]-6-(bis(tallow alkyl hydrogenated)amino)-3H-xanthen-3-ylidene}-3-bis(tallow alkyl hydrogenated)iminium)zinc(2+) dichloride,Unclassified,TRUE,FALSE,NA,NA,NA,medium,NA,NA,FALSE
Olive oil decyl esters,Unclassified,TRUE,TRUE,Wax esters,direct_parent,subset,medium,NA,NA,FALSE
"1,2,3-Propanetriol, homopolymer",CAS without structure,TRUE,TRUE,Organic Polymers,superclass,subset,medium,NA,NA,FALSE
"Reaction products of tungsten hexachloride with 2-methylpropan-2-ol, nonylphenol and pentane-2,4-dione",Unclassified,TRUE,FALSE,NA,NA,NA,high,NA,NA,FALSE
Rection mass of 1-(benzyl(2-hydroxyethyl)amino)-3-((2-ethylhexyl)oxy)propan-2-ol and 1-(dibenzylamino)-3-((2-ethylhexyl)oxy)propan-2-ol,Unclassified,TRUE,FALSE,NA,NA,NA,high,NA,NA,FALSE
"Benzenesulfonic acid, 2,2'-(1,2-ethenediyl)bis[5-nitro-, disodium salt, reaction products with 4-[(4-amino-1-naphthalenyl)azo]benzenesulfonic acid monosodium salt",CAS without structure,TRUE,FALSE,NA,NA,NA,high,NA,NA,FALSE
"zirconium(IV) oxide, stabilised with erbium(III) oxide, gadolinium(III) oxide and yttrium(III) oxide",Unclassified,TRUE,FALSE,NA,NA,NA,high,NA,NA,FALSE
"(E)- 1-(4-Methylsubstitutedphenyl-3-(3,5-dimethylaryl)propenone",Unclassified,TRUE,FALSE,NA,NA,NA,medium,NA,NA,FALSE
"Arsenous acid, antimony(3+) salt (1:1)",CAS without structure,TRUE,FALSE,NA,NA,NA,high,NA,NA,FALSE
(2E)-N-(5-Cyano-4-{(E)-[(dimethylamino)methylene]amino}-2-methoxyphenyl)-4-(piperidin-1-yl)but-2-enamide,Unclassified,TRUE,FALSE,NA,NA,NA,high,NA,NA,FALSE
"Lead, C5-23-branched carboxylate octanoate complexes",CAS without structure,TRUE,TRUE,Organic lead salts,subclass,subset,medium,NA,NA,FALSE
HAMPSHIRE LED3A SODIUM SALT,Unclassified,TRUE,FALSE,NA,NA,NA,high,NA,NA,FALSE
N-methyl-N-[C18-(unsaturated)alkanoyl]glycine,Unclassified,TRUE,TRUE,N-acyl-alpha amino acids and derivatives,direct_parent,subset,medium,NA,NA,FALSE
"Esterification products of 2,2'-(oxydimethanediyl)bis[2-(hydroxymethyl)propane-1,3-diol] and heptanoic acid and pentanoic acid and 3,5,5-trimethylhexanoic acid",CAS without structure,TRUE,TRUE,Carboxylic acid esters,direct_parent,subset,medium,NA,NA,FALSE
"di(tetramethylammonium)(29H,31H-phthalocyanin-N29,N30,N31,N32)disulfonamide disulfonate, cuprate(2-)complex, derivates",CAS without structure,TRUE,TRUE,Phthalocyanines,subclass,subset,medium,NA,NA,FALSE
"Acid chlorides, C16-18 (even numbered)",Unclassified,TRUE,TRUE,Acyl halides,class,subset,high,NA,NA,FALSE
"Nonanoic acid, branched, cadmium salt",CAS without structure,TRUE,TRUE,Inorganic cadmium salts,class,subset,low,NA,NA,FALSE
CEPH D.DCHA SALT,Unclassified,TRUE,FALSE,NA,NA,NA,medium,NA,NA,FALSE
Tris(4-chlorophenyl)sulfonium 5-benzoyl-4-hydroxy- 2-methoxybenzenesulfonate,Unclassified,TRUE,FALSE,NA,NA,NA,high,NA,NA,FALSE
Sodium-p-toluene-sulfonchloramid,Unclassified,TRUE,FALSE,NA,NA,NA,high,NA,NA,FALSE
"1-Propanesulfonic acid, 2-hydroxy-, lead(2+) salt (2:1)",CAS without structure,TRUE,FALSE,NA,NA,NA,high,NA,NA,FALSE
"Reaction products of ethanol, lithium hydroxide and trimethoxy(2-methylpropyl)silane subsequently reacted with titanium tetrachloride",Unclassified,TRUE,FALSE,NA,NA,NA,high,NA,NA,FALSE
"Fatty acids, C16-18 (even numbered), esters with 1,2,3-propanetriol and oligomers",Unclassified,TRUE,TRUE,Glycerolipids,class,subset,medium,NA,NA,FALSE
"(2R)-2-(3-Benzoylphenyl)propanoic acid, 1-Deoxy-1-(octylamino)-D-glucitol salt",Unclassified,TRUE,FALSE,NA,NA,NA,high,NA,NA,FALSE
Fatty acids: potassium salt - tall oil fatty acid,Unclassified,TRUE,TRUE,Fatty acids and conjugates,subclass,subset,medium,NA,NA,FALSE
sodium (6R-trans)-7-amino-8-oxo-3-[[[1-(sulfomethyl)-1H-tetrazol-5-yl]thio]methyl]-5-thia-1-azabicyclo[4.2.0]oct-2-ene-2-carboxylate monohydrate,CAS without structure,TRUE,FALSE,NA,NA,NA,high,NA,NA,FALSE
"2,4(or 2,5)-xylenol",CAS without structure,TRUE,TRUE,Xylenols,subclass,subset,high,NA,NA,FALSE
PIGMENT RED 5021B,Unclassified,TRUE,FALSE,NA,NA,NA,high,NA,NA,FALSE
"Bis[(1-methylimidazol)-(2-ethyl-hexanoate)], zinc complex",Unclassified,TRUE,FALSE,NA,NA,NA,high,NA,NA,FALSE
A mixture of isomers of: dodecylammonium (octachloro)(sulfonato)phtalocyaninatocuprate(II),Mixture,TRUE,TRUE,Phthalocyanines,subclass,subset,medium,NA,NA,FALSE
"Fatty acids, tall-oil, lead manganese salts",CAS without structure,TRUE,TRUE,Organic metal salts,class,subset,medium,NA,NA,FALSE
PHEPSI,Unclassified,TRUE,FALSE,NA,NA,NA,low,NA,NA,FALSE
"Methyl 4-[(2S,4S)—{[1-(tert-butoxycarbonyl)-4-ethoxy-5-methoxy-7-methyl-1H-indol-4-yl]methyl}piperidin-2-yl]benzoate",CAS without structure,TRUE,FALSE,NA,NA,NA,high,NA,NA,FALSE
Calcium zinc hydroxide,CAS without structure,TRUE,FALSE,NA,NA,NA,medium,NA,NA,FALSE
"ethyl N,S-bis(4-oxo-4-(2,6,6-trimethylcyclohex-3-en-1-yl)butan-2-yl)cysteinate",CAS without structure,TRUE,FALSE,NA,NA,NA,high,NA,NA,FALSE
Substances in tattoo inks and permanent make up,Unclassified,TRUE,FALSE,NA,NA,NA,high,NA,NA,FALSE
[mesitylimino-dialkoxy-oxo-heteropolycyclyl]acetonitrile,Unclassified,TRUE,NA,NA,NA,NA,low,NA,NA,FALSE
"Baseoil - unspecified|Hydrocarbons, C<sub>17-40</sub>, hydrotreated solvent-deasphalted distn. residue, vacuum distn. lights|[A complex combination of hydrocarbons obtained as first runnings from the vacuum distillation of effluents from the catalytic hyd",Mixture,TRUE,TRUE,Hydrocarbons,superclass,subset,medium,NA,NA,FALSE
"Enzymatic hydrolysis products of Laminaria japonica, S. japonica, Laminariaceae",Unclassified,TRUE,FALSE,NA,NA,NA,high,NA,NA,FALSE
Medium-chain chlorinated paraffins (MCCP) and other substances that contain chloroalkanes with carbon chain lengths within the range from C14 to C17,Unclassified,TRUE,TRUE,Alkyl halides,class,subset,medium,NA,NA,FALSE
Godlevskite (Ni7S6),CAS without structure,TRUE,FALSE,NA,NA,NA,high,NA,NA,FALSE
"Spiro[piperidine-1,1'-pyrrolidinium] bifluoride",CAS without structure,TRUE,FALSE,NA,NA,NA,high,NA,NA,FALSE
diatomaceous earth,CAS without structure,TRUE,FALSE,NA,NA,NA,high,NA,NA,FALSE
Pyrolytic sugar from fast pyrolysis bio-oil,CAS without structure,TRUE,FALSE,NA,NA,NA,medium,NA,NA,FALSE
"2-Propanamine, compd. with boron trifluoride, reaction products with Bu glycidyl ether",CAS without structure,TRUE,FALSE,NA,NA,NA,high,NA,NA,FALSE
"poly(oxy-1,2-ethanediyl), .alpha.-sulfo-.omega.-(isotridecyloxy)-, sodium salt (1:1)",CAS without structure,TRUE,TRUE,Organic salts,superclass,subset,low,NA,NA,FALSE
SAR341402 fusion protein from E.coli (K12 Hoe I35 - plasmid pINTgeni 312) fermentation with subsequent homogenisation,Unclassified,TRUE,NA,NA,NA,NA,low,NA,NA,FALSE
hexachloroplatinates with the exception of those specified elsewhere in this Annex,Unclassified,TRUE,TRUE,Transition metal salts,class,subset,medium,NA,NA,FALSE
hydrogen sodium N-carboxylatoethyl-N-octadec-9-enylmaleamate,Unclassified,TRUE,FALSE,NA,NA,NA,high,NA,NA,FALSE
"tetramethyl-bis(4-hydroxyphenyl)methane (TMBPF), reaction product with epichlorohydrin (= TMBPF-diglycidyl ether or TMBPF-DGE)",CAS without structure,TRUE,FALSE,NA,NA,NA,high,NA,NA,FALSE
"antimony compounds, with the exception of the tetroxide (Sb2O4), pentoxide (Sb2O5), trisulphide (Sb2S3), pentasulphide (Sb2S5) and those specified elsewhere in this Annex",Unclassified,TRUE,TRUE,Inorganic antimony salts,class,subset,low,NA,NA,FALSE
"Silicic acid (H4SiO4), zirconium(4+) salt (1:1), reaction products with sodium hydroxide",CAS without structure,TRUE,FALSE,NA,NA,NA,medium,NA,NA,FALSE
Bordeaux mixture,CAS without structure,TRUE,FALSE,NA,NA,NA,high,NA,NA,FALSE
"N-((3R,4R)-1-benzyl-4-alkylpiperidin-3-yl)-2-halogeno-N-alkyl-7H-pyrrolo[2,3-d]pyrimidin-4-amine",Unclassified,TRUE,TRUE,Pyrrolopyrimidines,class,subset,high,NA,NA,FALSE
"Reaction products of diazotised 4-amino-3-hydroxynaphthalene-1-sulfonic acid coupled with 4-(3-methyl-5-oxo-2-pyrazolin-1-yl)benzenesulphonic acid and chelated with chromium (3+), sodium salts",Unclassified,TRUE,FALSE,NA,NA,NA,medium,NA,NA,FALSE
Aluminum magnesium sodium oxide (Al10.33Mg0.67Na1.67O17),CAS without structure,TRUE,FALSE,NA,NA,NA,high,NA,NA,FALSE
"Amides, C8-18 even numbered, N-[3-(dimethylamino)propyl]",Unclassified,TRUE,TRUE,Fatty amides,subclass,subset,high,NA,NA,FALSE
"trimethylolpropane, mixed triesters and diesters with benzoic acid and 2-ethylhexanoic acid",Unclassified,TRUE,TRUE,Carboxylic acid esters,direct_parent,subset,medium,NA,NA,FALSE
"Ichthyolic acid, sodium salt",CAS without structure,TRUE,FALSE,NA,NA,NA,medium,NA,NA,FALSE
PIGMENTORANGE 2289,Unclassified,TRUE,FALSE,NA,NA,NA,high,NA,NA,FALSE
"Reaction products of fatty acids, C12-14 (even numbered) alkyl and triglycerides, C16 and C18 (unsaturated) alkyl with 2-(2-aminoethylamino)ethanol and sodium chloroacetate",Unclassified,TRUE,TRUE,Fatty acids and conjugates,subclass,broader,low,NA,NA,FALSE
HOE 642 STADE 4,Unclassified,TRUE,FALSE,NA,NA,NA,high,NA,NA,FALSE
"Cymbopogon winterianus, ext., reaction products with acetone",CAS without structure,TRUE,FALSE,NA,NA,NA,high,NA,NA,FALSE
224 AUE,Unclassified,TRUE,FALSE,NA,NA,NA,high,NA,NA,FALSE
[confidential],Unclassified,TRUE,FALSE,NA,NA,NA,high,NA,NA,FALSE
"Rosemary, ext.",CAS without structure,TRUE,FALSE,NA,NA,NA,high,NA,NA,FALSE
Man-made vitreous (silicate) fibres with random orientation with alkaline oxide and alkali earth oxide (Na2O+K2O+CaO+MgO+BaO) content greater than 18 % by weight,Unclassified,TRUE,TRUE,NA,NA,broader,high,NA,NA,FALSE
"Aluminum oxide (Al2O3), chromium-doped",CAS without structure,TRUE,FALSE,NA,NA,NA,high,NA,NA,FALSE
"Fatty acids, C8-16-(even numbered), tetraesters with pentaerythritol",Unclassified,TRUE,TRUE,Wax esters,direct_parent,subset,low,NA,NA,FALSE
CHLOROAMIDE 4953,Unclassified,TRUE,FALSE,NA,NA,NA,medium,NA,NA,FALSE
"Fatty acids, C8-18 and C18-unsatd., magnesium salts",CAS without structure,TRUE,TRUE,Fatty acids and conjugates,subclass,subset,medium,NA,NA,FALSE
"Propanenitrile, 3-amino-, N-coco alkyl derivs.",CAS without structure,TRUE,TRUE,Nitriles,direct_parent,subset,medium,NA,NA,FALSE
Cesium potassium fluoroaluminate,Unclassified,TRUE,FALSE,NA,NA,NA,medium,NA,NA,FALSE
Diiron trimolybdenum dodecaoxide,CAS without structure,TRUE,FALSE,NA,NA,NA,high,NA,NA,FALSE
(E)-3-ethoxy-4-(pent-3-en-1-yloxy)benzaldehyde,CAS without structure,TRUE,FALSE,NA,NA,NA,high,NA,NA,FALSE
(Z)-8-Tetradecen-1-ol (SCLP Alcohols),Unclassified,TRUE,FALSE,NA,NA,NA,high,NA,NA,FALSE
"Ceratonia siliqua, ext.",CAS without structure,TRUE,FALSE,NA,NA,NA,high,NA,NA,FALSE
"Imidazolium compounds, 2-C17-unsatd.-alkyl-1-(2-C18-unsatd. amidoethyl)-4,5-dihydro-N-methyl, Me sulfates",Unclassified,TRUE,TRUE,Azoles,class,subset,low,NA,NA,FALSE
Tall-oil fatty acids salts of condensation products of tall-oil fatty acids with diethanolamine and triethanolamine,Unclassified,TRUE,TRUE,Fatty acid esters,subclass,subset,low,NA,NA,FALSE
"Extract oils (coal), tar base",CAS without structure,TRUE,FALSE,NA,NA,NA,high,NA,NA,FALSE
"1,4-Benzenedisulphonic acid, 2,2-[1,2-ethenediylbis[(3-sulpho-4 ,1-phenylene)imino(6-chloro-1,3,5-triazine-4,2-diyl)imino]]bis-, hexasodium salt",CAS without structure,TRUE,FALSE,NA,NA,NA,high,NA,NA,FALSE
"Fatty acids, C18-unsatd., dimers, oligomeric reaction products with 1-chloro-2,3-epoxypropane",CAS without structure,TRUE,TRUE,Fatty acids and conjugates,subclass,broader,low,NA,NA,FALSE
Di(tetraethylammonium)hexahydroxoplatinate(IV),CAS without structure,TRUE,FALSE,NA,NA,NA,high,NA,NA,FALSE
"Fatty acids, C16-18 (even numbered) (linear and branched) and C18 unsatd. (linear and branched), reaction products with diethanolamine",Unclassified,TRUE,TRUE,Fatty amides,subclass,subset,medium,NA,NA,FALSE
"Amides, C8-10 (even-numbered), N-hydroxyethyl",Unclassified,TRUE,TRUE,Fatty amides,subclass,subset,high,NA,NA,FALSE
"Amides, vegetable-oil, N,N-bis(hydroxyethyl)",CAS without structure,TRUE,TRUE,Fatty amides,subclass,subset,medium,NA,NA,FALSE
STABIOL VP 1711,Unclassified,TRUE,FALSE,NA,NA,NA,high,NA,NA,FALSE
BIOPOL L,Unclassified,TRUE,FALSE,NA,NA,NA,high,NA,NA,FALSE
"organopolysiloxanes with 2,4-toluidene diisocyanate groups",Unclassified,TRUE,TRUE,Organosilicon compounds,subclass,subset,medium,NA,NA,FALSE
"Resin acids and Rosin acids, calcium salts, polymers with lead resinates and sapond. linseed oil",CAS without structure,TRUE,TRUE,Organic metal salts,class,broader,low,NA,NA,FALSE
"HDI oligomers, isocyanurate",Unclassified,TRUE,TRUE,Polyureas,superclass,subset,low,NA,NA,FALSE
"Zinc sulfide (ZnS), copper and nickel-doped",CAS without structure,TRUE,FALSE,NA,NA,NA,high,NA,NA,FALSE
Nonylphenol ethoxylates (C2H4O)nC15H24O,Unclassified,TRUE,TRUE,Phenol ethers,class,subset,medium,NA,NA,FALSE
"Titanium, aliphatic ester complexes",Unclassified,TRUE,TRUE,Organotransition metal compounds,class,subset,medium,NA,NA,FALSE
"2-Propenenitrile, polymer with 1,2-ethanediamine",CAS without structure,TRUE,TRUE,Organic Polymers,superclass,subset,medium,NA,NA,FALSE
"Naphthalenesulfonic acid, butyl-, Me derivs., sodium salts",CAS without structure,TRUE,TRUE,Naphthalene sulfonic acids and derivatives,subclass,subset,high,NA,NA,FALSE
"Dodecene, hydroformylation products, low-boiling",CAS without structure,TRUE,TRUE,Aldehydes,subclass,subset,medium,NA,NA,FALSE
"Amines, N-C12-18-alkyltrimethylenedi-",CAS without structure,TRUE,TRUE,Primary amines,direct_parent,subset,low,NA,NA,FALSE
"1,2-benzenedicarboxylic acid, di-C6-10-alkyl esters or mixed decyl and hexyl and octyl diesters",Unclassified,TRUE,TRUE,Phthalate esters,direct_parent,subset,high,NA,NA,FALSE
"1,3-Dioxane, 2-[(1R,2R)-2,4-dimethyl-3-cyclohexen-1-yl]-5-methyl-5-(1-methylpropyl)-, trans-",CAS without structure,TRUE,FALSE,NA,NA,NA,high,NA,NA,FALSE
"Octene, hydroformylation products, high-boiling",CAS without structure,TRUE,TRUE,Aldehydes,direct_parent,subset,low,NA,NA,FALSE
"Acido acetico, 2-[4-[(1Z)-4-cloro-1,2-difenil-1-buten-1-il]fenossi]-, metil estere",CAS without structure,TRUE,FALSE,NA,NA,NA,high,NA,NA,FALSE
"2-Naphthalenol, 1-[[4-(phenylazo)phenyl]azo]-, ar',ar''-Me derivs.",CAS without structure,TRUE,TRUE,Azobenzenes,class,subset,medium,NA,NA,FALSE
[8-[(4-amino-3-nitrophenyl)azo]-7-hydroxy-2-naphthyl]trimethylammonium chloride,CAS without structure,TRUE,FALSE,NA,NA,NA,high,NA,NA,FALSE
PHOSGARD 2000,Unclassified,TRUE,FALSE,NA,NA,NA,high,NA,NA,FALSE
Silicon carbide (SiC) ceramics,Unclassified,TRUE,FALSE,NA,NA,NA,high,NA,NA,FALSE
"Reaction products of 1-(substitutedphenyl)urea coupled with diazotated potassium sodium substituted-5-{[2-(substituted)ethyl]sulfonyl}benzenesulfonate, further condensed with 2,4,6-trichloro-1,3,5-triazine, further converted with disubstituted benzene-1,4-disulfonic acid in aq. sodium hydroxide",Unclassified,TRUE,TRUE,Organic compounds,kingdom,subset,low,NA,NA,FALSE
"Amides, fatty acids C18 unsat, reaction products with polyethylene amines",CAS without structure,TRUE,TRUE,Fatty amides,subclass,subset,medium,NA,NA,FALSE
AQUAPEL E-7188,Unclassified,TRUE,FALSE,NA,NA,NA,high,NA,NA,FALSE
NITROSULFON E,Unclassified,TRUE,FALSE,NA,NA,NA,medium,NA,NA,FALSE
"3,4-dihydroxy-1-[(Z)-octadec-9-enyl]pyrrolidine-2,5-dione",Unclassified,TRUE,FALSE,NA,NA,NA,high,NA,NA,FALSE
OM-65,Unclassified,TRUE,FALSE,NA,NA,NA,high,NA,NA,FALSE
Ammonium 2-methyl-2-[(1-oxo-2-propenyl)amino]-1-propanesulfonate,CAS without structure,TRUE,FALSE,NA,NA,NA,high,NA,NA,FALSE
"Dipotassium (2S)-2-[(4-{[(2,4-diaminopteridin-6-yl)methyl](methyl)amino}benzoyl)amino]pentanedioate",Unclassified,TRUE,FALSE,NA,NA,NA,high,NA,NA,FALSE
"Gasoline, pyrolysis, hydrogenated",CAS without structure,TRUE,FALSE,NA,NA,NA,high,NA,NA,FALSE
"(butadiene, styrene, methyl methacrylate, butyl acrylate) copolymer cross-linked with divinylbenzene or 1,3-butanediol dimethacrylate",CAS without structure,TRUE,TRUE,Organic Polymers,superclass,subset,medium,NA,NA,FALSE
X-70-079MS,Unclassified,TRUE,FALSE,NA,NA,NA,high,NA,NA,FALSE
"(33R,35S,91R,92R,5S,E)-5-(tert-butyl)-14,14- dihalo -4,7-dioxo-2,8,10-trioxa-6-aza-1(2,3)- hetero-polycycle -3(3,1)-pyrrolidina-9(1,2)- cycloalkyl -12-ene-35-carboxylic acid",Unclassified,TRUE,NA,NA,NA,NA,low,NA,NA,FALSE
POLYPERING,Unclassified,TRUE,FALSE,NA,NA,NA,low,NA,NA,FALSE
"Fatty acids, C9-13-neo-, cadmium salts",CAS without structure,TRUE,TRUE,Organic cadmium salts,subclass,subset,medium,NA,NA,FALSE
EC 2120,Unclassified,TRUE,FALSE,NA,NA,NA,high,NA,NA,FALSE
organopolysiloxanes with ethylene oxide groups,Unclassified,TRUE,TRUE,Organosilicon compounds,subclass,subset,medium,NA,NA,FALSE
"sodium 5-(4-amino-6-(4-((E)-4-(4-(bis(2-hydroxyethyl)amino)-6-(8-hydroxy-7-((E)-phenyldiazenyl)-3,6-disulfonatonaphthalen-1-ylamino)-1,3,5-triazin-2-ylamino)-2-sulfonatostyryl)-3-sulfonatophenylamino)-1,3,5-triazin-2-ylamino)-4-hydroxy-3-((E)-phenyldiazenyl)naphthalene-2,7-disulfonate",Unclassified,TRUE,FALSE,NA,NA,NA,high,NA,NA,FALSE
ENS 122,Unclassified,TRUE,FALSE,NA,NA,NA,high,NA,NA,FALSE
"4-Nitrophenyl-alpha-D-maltoheptaosid, Raw: Reaction products of p-nitrophenyl alpha-glucoside with alpha-Cyclodextrin by transglycosylation with cyclodextrin glucanotransferase",Unclassified,TRUE,FALSE,NA,NA,NA,medium,NA,NA,FALSE
"Diphenylether, octabromo derivative C12H2Br8O",Unclassified,TRUE,TRUE,Bromodiphenyl ethers,subclass,subset,high,NA,NA,FALSE
"Fatty acids, C14-18, C14-18-alkyl esters",CAS without structure,TRUE,TRUE,Fatty acid esters,subclass,subset,medium,Fatty acid esters,0.8043158798706005,TRUE
"Reaction products of 4-Diazo-3,4-dihydro-7-nitro-3-oxo-1-naphthalenesulfonic acid coupled with 7-Amino-4-hydroxy-2-naphthalenesulfonic acid, subsequently chelated with Chromium(3+) and cobalt(3+), further mixed with reaction products of 2,4,6-Trichloro-1,3,5-triazine and Ethanol, 2-[(4-aminophenyl)sulfonyl]-, 1-(hydrogen sulfate), sodium salts",Unclassified,TRUE,FALSE,NA,NA,NA,medium,NA,NA,FALSE
"Reaction products of 2-amino-4-chlorophenol, 2-amino-4-nitrophenol-6-sulfonic acid with resorcinol, iron complex, sodium salts",Unclassified,TRUE,FALSE,NA,NA,NA,medium,NA,NA,FALSE
methylhydroxyethylcellulose,CAS without structure,TRUE,TRUE,Polysaccharides,class,subset,medium,NA,NA,FALSE
"Benzene-1,2,4-tricarboxylic acid 1,2-anhydride, oligomeric reaction products with ethane- l,2-diol",CAS without structure,TRUE,TRUE,Carboxylic acid anhydrides,direct_parent,subset,low,NA,NA,FALSE
MERCURY BROMATE,CAS without structure,TRUE,FALSE,NA,NA,NA,high,NA,NA,FALSE
"phenyl, [4,[4-(4-hydroxphenyl)-1-piperazinyl]phenyl)carbamate",Unclassified,TRUE,FALSE,NA,NA,NA,high,NA,NA,FALSE
"Reaction products of diphosphorus pentaoxide and alcohol C7-9-iso, C8 rich, salted with 2-ethylhexylamine",Unclassified,TRUE,TRUE,Organic phosphoric acids and derivatives,superclass,subset,medium,NA,NA,FALSE
"Chrysanthemum cinerariaefolium, extract from open and mature flowers of Tanacetum cinerariifolium obtained with supercritical carbon dioxide",CAS without structure,TRUE,FALSE,NA,NA,NA,high,NA,NA,FALSE
Sodium (ethylenediiminobis((2-hydroxy-4-tolyl)acetato))ferrate(1-),Unclassified,TRUE,FALSE,NA,NA,NA,high,NA,NA,FALSE
(S)-4-(4-dimethylamino-1-(4-fluorophenyl)-1-hydroxybutyl)-3-(hydroxymethyl)benzonitrile,CAS without structure,TRUE,FALSE,NA,NA,NA,high,NA,NA,FALSE
"Pyrrolo[3,4-c]pyrrole-1,3(2H,3aH)-dione, tetrahydro-2,5-bis(phenylmethyl)-, (3aR,6aS)-rel-",CAS without structure,TRUE,FALSE,NA,NA,NA,high,NA,NA,FALSE
"Reaction products of benzenesulfonic acid, 4-C10-13-sec-alkyl derivs. and titanium tetraisopropanolate",Unclassified,TRUE,TRUE,Organic salts,superclass,subset,low,NA,NA,FALSE
Lauryldimethylbenzylammonium bromide,Unclassified,TRUE,FALSE,NA,NA,NA,high,NA,NA,FALSE
METHYLSECODION,Unclassified,TRUE,NA,NA,NA,NA,low,NA,NA,FALSE
"hydrogenation products of (esterification products of 2-ethylhexan-1-ol with (Estolide formation products of oleic acid and Fatty acids, C8-18 and C18-unsatd. (branched or linear)).",Unclassified,TRUE,TRUE,Fatty acid esters,subclass,subset,medium,NA,NA,FALSE
"Fatty acids, C16-18, stearyl esters",CAS without structure,TRUE,TRUE,Wax esters,direct_parent,subset,medium,Fatty acid esters,0.8267117166375408,FALSE
"Tetrakis(hydroxymethyl)phosphonium chloride, oligomeric reaction products with urea",CAS without structure,TRUE,TRUE,Organophosphorus compounds,superclass,subset,low,NA,NA,FALSE
NO.302 ROUGE,Unclassified,TRUE,FALSE,NA,NA,NA,high,NA,NA,FALSE
"Soybean meal, protein extn. residue",CAS without structure,TRUE,FALSE,NA,NA,NA,high,NA,NA,FALSE
CLR-3,Unclassified,TRUE,FALSE,NA,NA,NA,high,NA,NA,FALSE
benzyl (2-chloroethyl)ethyl ether dimethyl ammonium chloride,Unclassified,TRUE,FALSE,NA,NA,NA,high,NA,NA,FALSE
Bentonite/quaternary ammonium compounds,Substance group,TRUE,TRUE,Tetraalkylphosphonium compounds,NA,broader,low,NA,NA,FALSE
"2,2'-[3,3'-(piperazine-1,4-diyl)dipropyl]bis(1H-benzimidazo[2,1—b]benzo[l,m,n][3,8]phenanthroline-1,3,6-trione",Unclassified,TRUE,FALSE,NA,NA,NA,high,NA,NA,FALSE
polydimethylsiloxane,CAS without structure,TRUE,TRUE,Siloxanes,direct_parent,subset,high,NA,NA,FALSE
BK 2256,Unclassified,TRUE,FALSE,NA,NA,NA,high,NA,NA,FALSE
"1,2-Diaminotoluene, ethoxylated and propoxylated.",Unclassified,TRUE,TRUE,Ethers,subclass,subset,low,NA,NA,FALSE
"Fatty acids, C16-18 (even numbered) and C18 (unsaturated), sorbitan monoesters",Unclassified,TRUE,TRUE,Fatty acid esters,subclass,subset,medium,NA,NA,FALSE
"poly(oxo(2-butoxyethyl-3-oxobutanoato-O'1,O'3)aluminium)",Unclassified,TRUE,FALSE,NA,NA,NA,medium,NA,NA,FALSE
"Potassium (1R,3S)-3-formyl-2,2-dimethylcyclopropanecarboxylate",Unclassified,TRUE,FALSE,NA,NA,NA,high,NA,NA,FALSE
6-propylundecane,Unclassified,TRUE,FALSE,NA,NA,NA,high,NA,NA,FALSE
"(2R,3S)-2-(2,4-difluorophenyl)-3-(5-fluoro-4-pyrimidinyl)-1-(1H-12,4-triazol-1-yl)-2-butanol (1R)-10-camphorsulfonate",Unclassified,TRUE,FALSE,NA,NA,NA,high,NA,NA,FALSE
PD 142079,Unclassified,TRUE,FALSE,NA,NA,NA,high,NA,NA,FALSE
DMPQA,Unclassified,TRUE,FALSE,NA,NA,NA,low,NA,NA,FALSE
1-[2-[(S)-(4-Chlorophenyl)phenylmethoxy]ethyl]piperidine hydrochloride,CAS without structure,TRUE,FALSE,NA,NA,NA,high,NA,NA,FALSE
SUBSTANCE S164185,Unclassified,TRUE,FALSE,NA,NA,NA,high,NA,NA,FALSE
U-CAT 5002,Unclassified,TRUE,FALSE,NA,NA,NA,high,NA,NA,FALSE
FR-1808,Unclassified,TRUE,FALSE,NA,NA,NA,medium,NA,NA,FALSE
chloronitroanilines with the exception of those specified elsewhere in this Annex,Unclassified,TRUE,TRUE,Chloroanilines,subclass,subset,medium,NA,NA,FALSE
"Esterification products of 2,5-Furandione, dihydro-, mono-C16-24(even) linear mono-unsaturated alkyl derivs. with propane-1,2,3-triol and propane-1,2,3-triol oligomers",Unclassified,TRUE,TRUE,Fatty acid esters,subclass,subset,medium,NA,NA,FALSE
"Zircon, cadmium orange",CAS without structure,TRUE,FALSE,NA,NA,NA,high,NA,NA,FALSE
Trichoderma atroviride 77B,Unclassified,TRUE,FALSE,NA,NA,NA,high,NA,NA,FALSE
"No IUPAC name is currently defined for Cashew (Anacardium occidentale) Nutshell Extract, Decarboxylated, Distilled (“Distilled Residue Grade”).",Unclassified,TRUE,FALSE,NA,NA,NA,high,NA,NA,FALSE
"1-amino-4-[(4-amino-2-sulfofenyl)amino]-9,10-dihydro-9,10-dioxo-2-anthracenesulfonic acid, disodium salt, reaction products with 2-[[3-[(4,6-dichloro-1,3,5-triazin-2-yl)ethylamino]phenyl]sulfonyl]ethyl hydrogen sulfate, sodium salts",CAS without structure,TRUE,FALSE,NA,NA,NA,medium,NA,NA,FALSE
"5,7-di-tert-butyl-3-(3,4- and 2,3-dimethylphenyl)-3H-benzofuran-2-one containing: a) 5,7-di-tert-butyl-3-(3,4-dimethylphenyl)-3H-benzofuran-2-one (80 to 100 % w/ w) and b) 5,7-di-tert-butyl-3-(2,3-dimethylphenyl)-3H-benzofuran-2-one (0 to 20 % w/w)",Unclassified,TRUE,TRUE,Benzofurans,class,subset,medium,NA,NA,FALSE
"Protein hydrolyzates, milk",CAS without structure,TRUE,FALSE,NA,NA,NA,high,NA,NA,FALSE
"polydimethyl siloxanes and polydimethyl silicones, 3-aminopropyl-group terminated, polymers with 
bis(4-isocyanatocyclohexyl)methane",Unclassified,TRUE,TRUE,Organic Polymers,superclass,subset,medium,NA,NA,FALSE
"Sophorolipids: fermentation products of glucose and fatty acids, C18 (unsaturated), glycerol esters with yeast Starmerella bombicola, partially hydrolysed, partially neutralised, sodium salts",Unclassified,TRUE,TRUE,Sophorolipids,subclass,subset,high,NA,NA,FALSE
Isostearyl (C16 and C18) saturated and unsaturated alkyloate,Unclassified,TRUE,TRUE,Fatty acid esters,subclass,subset,medium,NA,NA,FALSE
"methyl (1E)-N-[[(4S)-2-(3-methoxypropyl)-1,1-dioxo-4-(p-tolylsulfonyloxy)-3,4-dihydrothieno[3,2-e]thiazin-6-yl]sulfonyl]ethanimidate",CAS without structure,TRUE,FALSE,NA,NA,NA,high,NA,NA,FALSE
AE 0033450,Unclassified,TRUE,FALSE,NA,NA,NA,high,NA,NA,FALSE
NOFLAN,Unclassified,TRUE,FALSE,NA,NA,NA,medium,NA,NA,FALSE
"1H-Imidazole, copper(2+) salt",Unclassified,TRUE,FALSE,NA,NA,NA,high,NA,NA,FALSE
"Oligomerisation reaction products of 1,5-diisocyanatopentane",Unclassified,TRUE,TRUE,Polyureas,superclass,subset,low,NA,NA,FALSE
SENSIBILISATOR KF 825 PINA,Unclassified,TRUE,FALSE,NA,NA,NA,high,NA,NA,FALSE
"Oxirane, mono[(C12-14-alkyloxy)methyl] derivs.",CAS without structure,TRUE,TRUE,Epoxides,class,subset,high,NA,NA,FALSE
"1,2-Ethanediamine, N-(2-aminoethyl)-, reaction products with glycidyl Ph ether",CAS without structure,TRUE,TRUE,Organonitrogen compounds,superclass,subset,low,NA,NA,FALSE
"3-{3-[(3,5,5-trimethylhexanoyl)oxy]-2,2-bis({[(3,5,5-trimethylhexanoyl)oxy]methyl})propoxy}-2,2-bis({[(3,5,5-trimethylhexanoyl)oxy]methyl})propyl 3,5,5-trimethylhexanoate",Unclassified,TRUE,FALSE,NA,NA,NA,high,NA,NA,FALSE
"Alcohols, C14-15-branched and linear",Unclassified,TRUE,TRUE,Fatty alcohols,subclass,subset,high,NA,NA,FALSE
"Lead, zinc dross",CAS without structure,TRUE,FALSE,NA,NA,NA,high,NA,NA,FALSE
8-(heptadecan-9-yloxy)-N-(2-hydroxyethyl)-8-oxooctan-1-aminium hydrogen oxalate,Unclassified,TRUE,FALSE,NA,NA,NA,high,NA,NA,FALSE
"D-Glucopyranose, oligomeric, heptyl glycoside",CAS without structure,TRUE,TRUE,Alkyl glycosides,direct_parent,subset,medium,NA,NA,FALSE
A mixture of isomers of: bromobenzylbromotoluene,Mixture,TRUE,TRUE,Organobromides,class,subset,medium,NA,NA,FALSE
"3-(5,6-dimethoxy-1,3-benzothiazol-3-yl-3-ium)propane-1-sulfonate",Unclassified,TRUE,FALSE,NA,NA,NA,high,NA,NA,FALSE
"3-amino-1,5-anhydro-2,3-dideoxy-D-threo-pentitol phosphate salt",Unclassified,TRUE,FALSE,NA,NA,NA,high,NA,NA,FALSE
"Propane-1,2-diol diheptanoate",Unclassified,TRUE,FALSE,NA,NA,NA,high,NA,NA,FALSE
IMEXIXE FW,Unclassified,TRUE,NA,NA,NA,NA,low,NA,NA,FALSE
"Decene, hydroformylation products, low boiling",Unclassified,TRUE,TRUE,Aldehydes,direct_parent,subset,medium,NA,NA,FALSE
TBT-DET,Unclassified,TRUE,FALSE,NA,NA,NA,medium,NA,NA,FALSE
Reaction products of neodecanoic acid and titanium (IV) isopropoxide,Unclassified,TRUE,FALSE,NA,NA,NA,medium,NA,NA,FALSE
"Turpentine, oil",CAS without structure,TRUE,FALSE,NA,NA,NA,high,NA,NA,FALSE
FC-114,Unclassified,TRUE,FALSE,NA,NA,NA,high,NA,NA,FALSE
"Paraffin waxes and Hydrocarbon waxes, chloro, sulfochlorinated, saponified",Unclassified,TRUE,TRUE,Organochlorides,class,subset,low,NA,NA,FALSE
"Benzeneacetic acid, α-hydroxy-, (αR)-, compd. with rel-(1R,4R)-4-(3,4-dichlorophenyl)-1,2,3,4-tetrahydro-N-methyl-1-naphthalenamine (1:1)",CAS without structure,TRUE,FALSE,NA,NA,NA,high,NA,NA,FALSE
"Hydrogen [29H,31H-phthalocyaninesulphonato(3-)-N29,N30,N31,N32]cuprate(1-), compound with dodecylamine (1:1)",CAS without structure,TRUE,FALSE,NA,NA,NA,high,NA,NA,FALSE
"1-Propanaminium, 3-amino-N-[2-[(2-hydroxyethyl)amino]-2-oxoethyl]-N,N-dimethyl-, N-C12-18 acyl derivs., chlorides",CAS without structure,TRUE,TRUE,Quaternary ammonium salts,subclass,subset,high,NA,NA,FALSE
"2-{[2-(Benzyloxy)-4-methoxy-6-methylpyridin-3-yl]methyl}-5,8-dichloro-7-[(R)-methoxy(oxetan-3-yl)methyl]-3,4-dihydroisoquinolin-1(2H)-one",Unclassified,TRUE,FALSE,NA,NA,NA,high,NA,NA,FALSE
"2-Propenoic acid, γ-ω-perfluoro-C8-14-alkyl esters",CAS without structure,TRUE,TRUE,Acrylic acid esters,subclass,subset,medium,NA,NA,FALSE
"4,8-Dimethyl-2,5,7,10-tetraoxaundecane",CAS without structure,TRUE,FALSE,NA,NA,NA,high,NA,NA,FALSE
HEPARINE ESTER BENZYLIQUE,CAS without structure,TRUE,FALSE,NA,NA,NA,medium,NA,NA,FALSE
"Fatty acids, coco, esters with 1,3-butanediol",CAS without structure,TRUE,TRUE,Fatty acid esters,subclass,subset,medium,NA,NA,FALSE
"Fatty acids, C18-unsatd., dimers, compds. with 4,5-dihydro- 2-nortall-oil alkyl-1H-imidazole-1-ethanol and tall-oil fatty acids",Unclassified,TRUE,TRUE,Fatty acids and conjugates,subclass,broader,low,NA,NA,FALSE
"Willow, Salix alba, ext.",CAS without structure,TRUE,FALSE,NA,NA,NA,high,NA,NA,FALSE
"Zeolite, iron containing, crystalline, synthetic, non fibrous",Unclassified,TRUE,TRUE,NA,NA,broader,high,NA,NA,FALSE
"Iodonium, bis(4-(1,1-dimethylethyl)phenyl)-, tetraphenylborate(1-)",CAS without structure,TRUE,FALSE,NA,NA,NA,high,NA,NA,FALSE
chromium yttrium oxide (1:1:3),CAS without structure,TRUE,FALSE,NA,NA,NA,high,NA,NA,FALSE
"phenols, butylated, isobutylated or octylated",CAS without structure,TRUE,TRUE,Phenols,class,subset,high,NA,NA,FALSE
"Fatty acids, C16-18 (even numbered), iron(III) salts",Unclassified,TRUE,TRUE,Fatty acids and conjugates,subclass,subset,medium,NA,NA,FALSE
"Fatty acids, C6-12, cadmium salts",CAS without structure,TRUE,TRUE,Organic cadmium salts,subclass,subset,medium,NA,NA,FALSE
TREATED CARBON BLACK 8,Unclassified,TRUE,FALSE,NA,NA,NA,medium,NA,NA,FALSE
CHESTER 308,Unclassified,TRUE,FALSE,NA,NA,NA,high,NA,NA,FALSE
SUBSTANCE DS6017,Unclassified,TRUE,FALSE,NA,NA,NA,high,NA,NA,FALSE
Cryptohalite,CAS without structure,TRUE,FALSE,NA,NA,NA,high,NA,NA,FALSE
Tris[2-(methoxy-κO)ethanolato-κO]aluminum,CAS without structure,TRUE,FALSE,NA,NA,NA,high,NA,NA,FALSE
Chlorinated paraffins with carbon chain lengths in the range C14-17 and chlorination levels at or exceeding 45 per cent chlorine by weight,Unclassified,TRUE,TRUE,Organochlorides,class,subset,high,NA,NA,FALSE
"Residues (coal tar), pitch distn.",CAS without structure,TRUE,FALSE,NA,NA,NA,high,NA,NA,FALSE
"Melaleuca alternifolia, ext.",CAS without structure,TRUE,FALSE,NA,NA,NA,high,NA,NA,FALSE
(2R)-2-{(2S)-2-[(tert-Butoxycarbonyl)amino]-propanamido}-3-[6-(trimethylazaniumyl)hexanamido]propanoate,Unclassified,TRUE,FALSE,NA,NA,NA,high,NA,NA,FALSE
"N,N’-(oxybis(ethane-2,1-diyl))-bis(N-methylpropan-2-amine",CAS without structure,TRUE,FALSE,NA,NA,NA,high,NA,NA,FALSE
"Reaction products of 2- and 4-methyl-m-phenylene diisocyanate with C16-18-(even numbered, C18-unsaturated)-alkylamines and ethylenediamine",Unclassified,TRUE,TRUE,Ureas,subclass,subset,medium,NA,NA,FALSE
Reaction products of ricinoleic acid and linoleic acid and oleic acid with sodium hydroxide and tin (II) chloride,Unclassified,TRUE,FALSE,NA,NA,NA,high,NA,NA,FALSE
"1,2-Benzenedicarboxylic acid, di-C8-10-branched alkyl esters, C9-rich",CAS without structure,TRUE,TRUE,Phthalic acid and derivatives,level 5,subset,high,NA,NA,FALSE
GR 90,Unclassified,TRUE,FALSE,NA,NA,NA,medium,NA,NA,FALSE
"Aluminate(2-),[[N,N'-1,2-ethanediylbis[N-(carboxymethyl)glycinato]](4-)-N,N',O,O',ON] (oxidoborate-µ-oxido)(-1),disodium",Unclassified,TRUE,FALSE,NA,NA,NA,high,NA,NA,FALSE
"Fatty acids, C8-12, lead salts",CAS without structure,TRUE,TRUE,Organic lead salts,subclass,subset,medium,NA,NA,FALSE
"16β-(pyrrolidinium-1-yl)-2α,3α,5α-2,3-epoxyandrostan-17β-ol chloride",Unclassified,TRUE,FALSE,NA,NA,NA,high,NA,NA,FALSE
AZF-61,Unclassified,TRUE,FALSE,NA,NA,NA,high,NA,NA,FALSE
Kieselgur (diatomaceous earth),CAS without structure,TRUE,FALSE,NA,NA,NA,high,NA,NA,FALSE
"Fatty acids, C18 (even numbered) and C18 unsatd., reaction products with triethanolamine, di-Me sulfate quaternized",Unclassified,TRUE,TRUE,Fatty acids and conjugates,subclass,broader,low,NA,NA,FALSE
Barium europium strontium silicate,CAS without structure,TRUE,FALSE,NA,NA,NA,medium,NA,NA,FALSE
ES 400 C,Unclassified,TRUE,FALSE,NA,NA,NA,high,NA,NA,FALSE
[(methylethylene)bis(oxy)]dipropanol,CAS without structure,TRUE,FALSE,NA,NA,NA,medium,NA,NA,FALSE
copolymers of styrene and/or alpha-methylstyrene with butadiene,Unclassified,TRUE,TRUE,Polystyrenes,superclass,subset,medium,NA,NA,FALSE
"Vanadium, oxalate complexes",CAS without structure,TRUE,TRUE,Transition metal salts,class,subset,medium,NA,NA,FALSE
"Lead, alkyls, manufg. wastes",CAS without structure,TRUE,TRUE,Organolead compounds,subclass,subset,medium,NA,NA,FALSE
"Wastes, lead battery reprocessing",CAS without structure,TRUE,FALSE,NA,NA,NA,high,NA,NA,FALSE
"Triaqua(oxalato-O,O)oxovanadium(IV)",Unclassified,TRUE,FALSE,NA,NA,NA,high,NA,NA,FALSE
"Hydrocarbons, C6-7, naphtha-cracking, solvent-refined",Mixture,TRUE,TRUE,Hydrocarbons,superclass,subset,medium,NA,NA,FALSE
"[1,2-ethanediolate(2-)-0:0'][bis[gallium 29H, 31H-phthalocyaninato(2-)-N29,N30,N31,N32]",Unclassified,TRUE,FALSE,NA,NA,NA,high,NA,NA,FALSE
monoesters of C16 and C18 (branched and linear) fatty acids with decan-1-ol,Unclassified,TRUE,TRUE,Wax monoesters,direct_parent,subset,medium,NA,NA,FALSE
TPP-K,Unclassified,TRUE,FALSE,NA,NA,NA,low,NA,NA,FALSE
"6-chloro-N,N'-bis(2,2,6,6-tetramethyl-4-piperidyl)-1,3,5-triazine-2,4-diamine",Unclassified,TRUE,FALSE,NA,NA,NA,high,NA,NA,FALSE
"Phosphinic acid, bis(perfluoro-C6-12-alkyl) derivs., aluminum salts",CAS without structure,TRUE,TRUE,Organophosphinic acids and derivatives,class,subset,medium,NA,NA,FALSE
POLYFOX PF-136A,Unclassified,TRUE,FALSE,NA,NA,NA,high,NA,NA,FALSE
"Phenol, 2,4-dinitro-, sulfurized, leuco derivatives",CAS without structure,TRUE,TRUE,Nitrophenols,subclass,subset,low,NA,NA,FALSE
"Resin acids and Rosin acids, esters with diethylene glycol",CAS without structure,TRUE,TRUE,Carboxylic acid esters,direct_parent,subset,medium,NA,NA,FALSE
"Fatty acids, C18 unsaturated, reaction products with diethylenetriamine, acetate salts",Unclassified,TRUE,TRUE,Fatty amides,subclass,subset,low,NA,NA,FALSE
"3-((C9-11-iso,C10-rich)alkyloxy)propan-1-amine acetate (1:1)",Unclassified,TRUE,TRUE,Amines,subclass,subset,low,NA,NA,FALSE
trans—N-methyl-2-styryl-[4'-aminomethine-(1-acetyl-1-(2-methoxyphenyl)acetamido)]pyridinium acetate,Unclassified,TRUE,FALSE,NA,NA,NA,high,NA,NA,FALSE
9-[bis(2-Hydroxyethyl)amino]-5-[(3-methylphenyl)amino]-7-phenyl-benzo[a]phenazinium chloride,Unclassified,TRUE,FALSE,NA,NA,NA,high,NA,NA,FALSE
2-chloro-1-(3-fluoro-4-isocyanatophenoxy)-4-(trifluoromethyl)benzene,CAS without structure,TRUE,FALSE,NA,NA,NA,high,NA,NA,FALSE
Aluminum boron cobalt lithium nickel oxide,CAS without structure,TRUE,FALSE,NA,NA,NA,high,NA,NA,FALSE
perilla oil fatty acids,Unclassified,TRUE,TRUE,Fatty acids and conjugates,subclass,subset,high,NA,NA,FALSE
"(2S,3S)-di-tert-butyl 3-ethyl-4-oxopyrrolidine-1,2-dicarboxylate",Unclassified,TRUE,FALSE,NA,NA,NA,high,NA,NA,FALSE
"Iron silicate, copper smelting and refining",Unclassified,TRUE,FALSE,NA,NA,NA,high,NA,NA,FALSE
"Methanesulfonic acid, lead salt",CAS without structure,TRUE,TRUE,Organic metal salts,class,subset,medium,NA,NA,FALSE
chloroanilines (with exception of those specified elsewhere in this Annex),Unclassified,TRUE,TRUE,Chloroanilines,subclass,subset,high,Chloroanilines,0.8666905853895869,TRUE
Escherichia coli dehalogenase catalyst,Unclassified,TRUE,FALSE,NA,NA,NA,high,NA,NA,FALSE
"Amines, C12-14-alkyl, isooctyl phosphates",CAS without structure,TRUE,TRUE,Organic phosphoric acids and derivatives,superclass,subset,medium,NA,NA,FALSE
Methyl 4-(4-substituted-6-methylpyrimidin-2- yl)-1-methoxyalicycle-1-carboxylate,Unclassified,TRUE,TRUE,Pyrimidines and pyrimidine derivatives,subclass,subset,medium,NA,NA,FALSE
"phenolic resins alone or modified with glycerophthalic, epoxy or polyvinyl butyral resins or with butyl alcohol",Unclassified,TRUE,TRUE,Organic Polymers,superclass,subset,medium,NA,NA,FALSE
organic compounds of mercury with the exception of those specified elsewhere in this Annex,Unclassified,TRUE,TRUE,Organomercurial compounds,subclass,subset,high,NA,NA,FALSE
"Disodium 2,2' - {4,4-(1,3-phenylenediamino) - 6,6'[bis(2-hydroxyethyl)amino] - di- 1,3,5-triazin-2,2' - diylamino}-diethanesulfonate",Unclassified,TRUE,FALSE,NA,NA,NA,high,NA,NA,FALSE
BRF 112-1,Unclassified,TRUE,FALSE,NA,NA,NA,high,NA,NA,FALSE
"glycerol monopalmitate, ester with ascorbic acid",Unclassified,TRUE,FALSE,NA,NA,NA,medium,NA,NA,FALSE
2-Hexyl-2 ‘-hydroxy-5 ‘methyldecananilide,Unclassified,TRUE,FALSE,NA,NA,NA,high,NA,NA,FALSE
"Santalene oil: fermentation products of glucose with santalene synthase modified Rhodobacter sphaeroides, distilled",Unclassified,TRUE,FALSE,NA,NA,NA,high,NA,NA,FALSE
[naphthoato(1-)-O]phenylmercury,CAS without structure,TRUE,FALSE,NA,NA,NA,high,NA,NA,FALSE
"Co-polymer of 2-methyl-1,3-propanediol and ethylene glycol with maleic anhydride and adipic acid",Unclassified,TRUE,TRUE,Organic Polymers,superclass,subset,medium,NA,NA,FALSE
"1,3-bis{6-fluoro-4-[1,5-disulfo-4-(3-aminocarbonyl-1-ethyl-6-hydroxy-4-methyl-pyrid-2-on-5-ylazo)-phenyl-2-ylamino]-1,3,5-triazin-2-ylamino}propane lithium-, sodium salt",CAS without structure,TRUE,FALSE,NA,NA,NA,high,NA,NA,FALSE
Paraffin oil/(CAS 64742-46-7),CAS without structure,TRUE,FALSE,NA,NA,NA,high,NA,NA,FALSE
"Waste solids, cadmium-electrolysis, thallium-rich",CAS without structure,TRUE,FALSE,NA,NA,NA,high,NA,NA,FALSE
"silane, dichlorodimethyl-, reaction products with silica",CAS without structure,TRUE,TRUE,Organosilicon compounds,subclass,subset,medium,NA,NA,FALSE
"4,4'-[2,2,2-trifluoro-1-(trifluoromethyl)ethylidene]diphenol and its salts",Substance group,TRUE,TRUE,Bisphenols,subclass,subset,high,NA,NA,FALSE
"Reaction products of 1,4-cyclohexanedimethanol, propylene oxide and ammonia",Unclassified,TRUE,TRUE,Alcohols and polyols,subclass,subset,low,NA,NA,FALSE
"reaction products of oxidation of 2-aminoanthracene-9,10-dione and chlorine",Unclassified,TRUE,TRUE,Anthraquinones,subclass,subset,medium,NA,NA,FALSE
"salts of hydrogen cyanide with the exception of complex cyanides such as ferrocyanides, ferricyanides and mercuric oxycyanide and those specified elsewhere in this Annex",Unclassified,TRUE,TRUE,Cyanide salts,class,subset,high,NA,NA,FALSE
Paraffin oil/(CAS 64741-88-4),CAS without structure,TRUE,FALSE,NA,NA,NA,high,NA,NA,FALSE
"Alkenes, C12-14, hydroformylation products, distn. residues, C-(hydrogen sulfobutanedioates), disodium salts",CAS without structure,TRUE,TRUE,Organic sulfonic acids and derivatives,superclass,subset,medium,NA,NA,FALSE
Sodium dichlorophenate,Unclassified,TRUE,TRUE,Halophenols,subclass,subset,medium,NA,NA,FALSE
UM-214,Unclassified,TRUE,FALSE,NA,NA,NA,high,NA,NA,FALSE
"Cuprate(3-), [3-hydroxy-4-[[2-hydroxy-5-[[2-(sulfooxy)ethyl]sulfonyl]phenyl]azo]-2,7-naphthalenedisulfonato(5-)]-, potassium sodium",CAS without structure,TRUE,FALSE,NA,NA,NA,high,NA,NA,FALSE
"Fatty acids, C18-unsatd., reaction products with acrylic acid and polyethylenepolyamines",CAS without structure,TRUE,TRUE,Fatty acids and conjugates,subclass,broader,low,NA,NA,FALSE
APPEAR,Unclassified,TRUE,FALSE,NA,NA,NA,high,NA,NA,FALSE
HSR-2310,Unclassified,TRUE,FALSE,NA,NA,NA,high,NA,NA,FALSE
COUPLER I,Unclassified,TRUE,FALSE,NA,NA,NA,medium,NA,NA,FALSE
"Cadmium laurate, palmitate, stearate",CAS without structure,TRUE,TRUE,Organic cadmium salts,subclass,subset,high,NA,NA,FALSE
"Fatty acids, C9-11-branched, lead salts",CAS without structure,TRUE,TRUE,Organic lead salts,subclass,subset,medium,NA,NA,FALSE
Spodoptera exigua nuclear polyhedrosis virus,Unclassified,TRUE,NA,NA,NA,NA,low,NA,NA,FALSE
Essential oil of Platycladus orientalis (L.) Franco obtained from branches and leaves by steam distillation followed by vacuum distillation,Unclassified,TRUE,FALSE,NA,NA,NA,high,NA,NA,FALSE
"4-hydroxystyrene, 4-tbutoxy styrene and styrene copolymer",Unclassified,TRUE,TRUE,Organic Polymers,superclass,subset,medium,NA,NA,FALSE
PRANGANETE 1/95,Unclassified,TRUE,FALSE,NA,NA,NA,high,NA,NA,FALSE
Methyl 4(or 1)-isopropyl-1(or 4)-methylbicyclo[2.2.2]oct-5-ene-2-carboxylate,CAS without structure,TRUE,FALSE,NA,NA,NA,high,NA,NA,FALSE
"(R,S)-4-(4-dimethylamino-1-(4-fluorophenyl)-1-hydroxybutyl)-3-(hydroxymethyl)benzonitrile hemisulfate",Unclassified,TRUE,FALSE,NA,NA,NA,high,NA,NA,FALSE
destillation fraction of chlorosilanes,Unclassified,TRUE,TRUE,Organochlorosilanes,subclass,subset,medium,NA,NA,FALSE
"Fatty acids, C12-18 and C18-unsatd., 2-sulfoethyl esters, sodium salts",CAS without structure,TRUE,TRUE,Fatty acid esters,subclass,subset,medium,NA,NA,FALSE
"Reaction products of C13 (branched) alcohol and 6,6'-di-tert-butyl-4,4'-butylidenedi-m-cresol and triphenyl phosphite",Unclassified,TRUE,FALSE,NA,NA,NA,high,NA,NA,FALSE
"iron, complexes with diazotised 4-aminobenzenesulfonamide, diazotised 3-aminobenzenesulfonic acid, diazotised 3-amino-4-hydroxybenzenesulfonamide, diazotised 3-amino-4-hydroxy-N-phenylbenzenesulfonamide, diazotised 5-amino-2-(phenylamino)benzenesulfonic acid and resorcinol, sodium salts",Unclassified,TRUE,TRUE,Organic salts,superclass,subset,low,NA,NA,FALSE
Trichoderma polysporum strain IMI 206039,Unclassified,TRUE,NA,NA,NA,NA,low,NA,NA,FALSE
Strontium arsenide (SrAs3),CAS without structure,TRUE,FALSE,NA,NA,NA,high,NA,NA,FALSE
"1,2-Benzenedicarboxylic acid, isodecyl ester, manuf. of, by-products from",CAS without structure,TRUE,FALSE,NA,NA,NA,high,NA,NA,FALSE
"1,1’-Methylenebis(4-isocyanatobenzene) and its reaction products with [(methylethylene)bis(oxy)]dipropanol, butane-1,3-diol and propylene glycol",Unclassified,TRUE,TRUE,Polycarbamates,class,subset,low,NA,NA,FALSE
"tert-Butylammonium-(3R,5R)-3,5-dihydroxy-7-[(1'S,2'S,8'S,8a'R) -2'-methyl-8'-[(2""S)-2""-methyl-butoxy]-1',2',3',7',8',8a'-hexahydro-napht-1-yl] heptanoate",Unclassified,TRUE,FALSE,NA,NA,NA,high,NA,NA,FALSE
"Dec-1-ene, homopolymer, hydrogenated Dec-1-ene, oligomers, hydrogenated",CAS without structure,TRUE,TRUE,Saturated hydrocarbons,class,subset,medium,NA,NA,FALSE
nitrilotriethyleneammoniopropane-2-ol 2-ethylhexanoate,Unclassified,TRUE,FALSE,NA,NA,NA,high,NA,NA,FALSE
"p-cresol-dicyclopentadiene-isobutylene, copolymer",CAS without structure,TRUE,FALSE,NA,NA,NA,high,NA,NA,FALSE
3-R(-)acetoxy-1-azabicyclo[2.2.2]octane tartrate dihydrate,Unclassified,TRUE,NA,NA,NA,NA,low,NA,NA,FALSE
"Lithium sodium (4-((5-chloro-2-hydroxyphenyl)azo)-2,4-dihydro-5-methyl-3H-pyrazol-3-onato(2-))(3-((4,5-dihydro-3-methyl-1-(4-methylphenyl)-5-oxo-1H-pyrazol-4-yl)azo)-4-hydroxy-5-nitrobenzenesulfonato(3-)) chromate(2-)",CAS without structure,TRUE,FALSE,NA,NA,NA,high,NA,NA,FALSE
AI-0115-37,Unclassified,TRUE,FALSE,NA,NA,NA,high,NA,NA,FALSE
methyl cellulose,CAS without structure,TRUE,FALSE,NA,NA,NA,medium,NA,NA,FALSE
Z-21,Unclassified,TRUE,FALSE,NA,NA,NA,high,NA,NA,FALSE
"Fatty acids, C18-unsatd., mono- and diesters with neopentylglycol and di-and triesters with trimethylolpropane",Unclassified,TRUE,TRUE,Fatty acid esters,subclass,subset,medium,NA,NA,FALSE
C26-28 (even numbered) α-alkenes,Unclassified,TRUE,TRUE,Unsaturated hydrocarbons,superclass,subset,medium,NA,NA,FALSE
"castor oil, hydrogenated",CAS without structure,TRUE,FALSE,NA,NA,NA,high,NA,NA,FALSE
"sodium 5-[(E)-(4-hydroxy-2,6-dioxo-1,2,5,6-tetrahydropyrimidin-5-yl)diazenyl]-2,6-dioxo-1,2,3,6-tetrahydropyrimidin-4-olate",Unclassified,TRUE,FALSE,NA,NA,NA,high,NA,NA,FALSE
"(4-nitrophenyl)methyl [6R,(6α,7β)]-[3-hydroxy-5,8-dioxo-7-(phenoxyacetylamino)-5-thia-1-azabicyclo[4.2.0]oct-2-ene-2-carboxylate]",Unclassified,TRUE,FALSE,NA,NA,NA,high,NA,NA,FALSE
"1,1,3,3-Tetraoctyl-1-3-bis((2,2,3,5-oxotetramethylhexyl)oxy)distannoxane, dimer",Unclassified,TRUE,FALSE,NA,NA,NA,high,NA,NA,FALSE
"Waxes and Waxy substances, jojoba, iso-Pr esters",CAS without structure,TRUE,TRUE,Wax esters,direct_parent,subset,medium,NA,NA,FALSE
"Sulfite liquors and Cooking liquors, green",CAS without structure,TRUE,FALSE,NA,NA,NA,high,NA,NA,FALSE
"Fatty acids, C8-16, 2-sulfopropyl esters, sodium salts",Unclassified,TRUE,TRUE,Fatty acid esters,subclass,subset,medium,NA,NA,FALSE
"9,10-Anthracenedione, 1,4-diamino-, N,N'-mixed 2-ethylhexyl and hexyl and octyl derivs.",CAS without structure,TRUE,TRUE,Anthraquinones,subclass,subset,high,NA,NA,FALSE
Sulfonation products of disodium sulfite with (esterification products of C10-16 (even numbered) Alkyl Polyglycosides with maleic anhydride),Unclassified,TRUE,TRUE,Organic sulfonic acids and derivatives,class,subset,low,NA,NA,FALSE
"Phosphoric acid, C16-18-alkyl esters, potassium salts",CAS without structure,TRUE,TRUE,Organic phosphoric acids and derivatives,superclass,subset,medium,NA,NA,FALSE
Potassium sodium amino-hydroxy-[(3-{[2-(substituted)ethyl]sulfonyl}phenyl)diazenyl]-[(2-sulfonato-4-{[2-(substituted)ethyl]sulfonyl}phenyl)diazenyl]naphthalene-disulfonate,Unclassified,TRUE,TRUE,Azobenzenes,class,subset,medium,NA,NA,FALSE
"1,2-propyleneglycol alginate",CAS without structure,TRUE,FALSE,NA,NA,NA,high,NA,NA,FALSE
"Phosphoric acid, C4 and C12-14(even-numbered) Alkyl Esters, Ammonium Salts",Unclassified,TRUE,TRUE,Organic phosphoric acids and derivatives,superclass,subset,medium,NA,NA,FALSE
Perfluorononan-1-oic-acid and its sodium and ammonium salts,Unclassified,TRUE,TRUE,Perfluoroalkyl carboxylic acid and derivatives,direct_parent,subset,high,NA,NA,FALSE
urea-formaldehyde condensation products,Unclassified,TRUE,TRUE,Organic Polymers,superclass,subset,medium,NA,NA,FALSE
"1,1'-methylenebis(4-isocyanatobenzene) and its oligomeric reaction products with butane-1,3-diol, 2,2'-oxydiethanol and propane-1,2-diol",Unclassified,TRUE,TRUE,Polyureas,superclass,subset,low,NA,NA,FALSE
ABSORBEUR UV BUK 4348,Unclassified,TRUE,FALSE,NA,NA,NA,high,NA,NA,FALSE
"Fatty acids, C16-18 (even numbered), esters with glycerol oligomers",Unclassified,TRUE,TRUE,Glycerolipids,class,subset,medium,NA,NA,FALSE
P2T,Unclassified,TRUE,FALSE,NA,NA,NA,low,NA,NA,FALSE
"4,4'-(2,3-epoxypropoxy)-2,2'- dimethyl-5,5'-tert-butyldiphenylsulphide",Unclassified,TRUE,FALSE,NA,NA,NA,high,NA,NA,FALSE
HSY-2188,Unclassified,TRUE,FALSE,NA,NA,NA,high,NA,NA,FALSE
C14-16 (even numbered) and C16 (branched) saturated and unsaturated aliphatic hydrocarbons,Unclassified,TRUE,TRUE,Saturated hydrocarbons,class,broader,medium,NA,NA,FALSE
"O,O,O-tris(2(or 4)-C9-10-isoalkylphenyl) phosphorothioate",Unclassified,TRUE,TRUE,Organic thiophosphoric acids and derivatives,class,subset,medium,NA,NA,FALSE
2-({[4-({bis[4-({[2-(prop-2-enoyloxy)ethoxy]carbonyl}amino)phenoxy](sulfanylidene)-$l^{5}-phosphanyl}oxy)phenyl]carbamoyl}oxy)ethyl prop-2-enoate,Unclassified,TRUE,FALSE,NA,NA,NA,high,NA,NA,FALSE
NOVAM,Unclassified,TRUE,FALSE,NA,NA,NA,medium,NA,NA,FALSE
"Hexadecanoic acid, lead salt, basic",CAS without structure,TRUE,FALSE,NA,NA,NA,medium,NA,NA,FALSE
"glycerol, esters with oleic acid",Unclassified,TRUE,TRUE,Glycerolipids,class,subset,high,NA,NA,FALSE
"Margosa, ext. [from the kernels of Azadirachta indica extracted with water and further processed with organic solvents]",CAS without structure,TRUE,FALSE,NA,NA,NA,high,NA,NA,FALSE
"stannane, dioctyl-, bis (coco acyloxy) derivs.",CAS without structure,TRUE,TRUE,Dialkyltin dicarboxylates,direct_parent,subset,high,NA,NA,FALSE
Bacillus amyloliquefaciens strain MBI 600,Unclassified,TRUE,FALSE,NA,NA,NA,high,NA,NA,FALSE
palm oil fatty acids,Unclassified,TRUE,TRUE,Fatty acids and conjugates,subclass,subset,high,NA,NA,FALSE
"Sulfuric acid, mono-C12-14 (even numbered)-alkyl esters, compds. with triethanolamine",Unclassified,TRUE,TRUE,Sulfuric acid esters,subclass,subset,medium,NA,NA,FALSE
"reaction and salt formation product of benzene-1,2-dicarboxylic acid and chlorine",Unclassified,TRUE,TRUE,Carboxylic acids and derivatives,class,broader,low,NA,NA,FALSE
"4′-Ethoxy-2′,3,3′-trifluoro-4-(hexyloxy)-biphenyl-2-ol",Unclassified,TRUE,FALSE,NA,NA,NA,high,NA,NA,FALSE
"Fatty acids, C14-18 and C16-18-unsatd., Me esters",CAS without structure,TRUE,TRUE,Fatty acid methyl esters,subclass,subset,high,NA,NA,FALSE
"Oils, fish, sulfated, sodium salts",CAS without structure,TRUE,TRUE,Organic sulfate salts,superclass,subset,medium,NA,NA,FALSE
"Alkanes, C14-17, chloro",CAS without structure,TRUE,TRUE,Alkyl chlorides,subclass,subset,high,NA,NA,FALSE
Cyano-Fluorchinoloncarbonsäure,Unclassified,TRUE,TRUE,Fluoroquinolones,subclass,subset,medium,NA,NA,FALSE
"Mixed esters of 5,5'-dicyclohexyl-4,4',3"", 4""-tetrahydroxy-2,2'-dimethyltriphenylmethane 6-diazo-5,6-dihydro-5-oxo-1-naphthyl sulfonicacid-p-toluenesulfonic acid in the ratio 1: 0-4: 0-2 respectively.",Unclassified,TRUE,TRUE,Carboxylic acid esters,direct_parent,subset,low,NA,NA,FALSE
"Lead, dross, vanadium-zinc-contg.",CAS without structure,TRUE,FALSE,NA,NA,NA,high,NA,NA,FALSE
"Benzenesulfonic acid, 2,2'-(1,2-ethenediyl)bis[5-nitro-, disodium salt, reaction products with 4-[(4-aminophenyl)azo]benzenesulfonic acid monosodium salt",CAS without structure,TRUE,FALSE,NA,NA,NA,high,NA,NA,FALSE
"2,6-bis(2,3,4-trihydroxybenzyl)-p-cresol ester with 6-diazo-5,6-dihydro-5-oxo-1-naphthalenesulfonate",Unclassified,TRUE,FALSE,NA,NA,NA,high,NA,NA,FALSE
"D-Glucose, reaction products with alcohols C16-18 (even numbered)",Unclassified,TRUE,TRUE,Alkyl glycosides,direct_parent,subset,high,NA,NA,FALSE
methyl 2-(4-butanesulfonamidophenoxy)tetradecanoate,Unclassified,TRUE,FALSE,NA,NA,NA,high,NA,NA,FALSE
"(butyl acrylate, methyl methacrylate, styrene) copolymer",CAS without structure,TRUE,TRUE,Organic Polymers,superclass,subset,medium,NA,NA,FALSE
"melamine formaldehyde, toluenesulfonamide polymer",CAS without structure,TRUE,TRUE,Organic Polymers,superclass,subset,medium,NA,NA,FALSE
cellulose,CAS without structure,TRUE,FALSE,NA,NA,NA,high,NA,NA,FALSE
glycerophthalic resins modified with oil and styrene and/or alpha-methylstyrene,Unclassified,TRUE,TRUE,Organic Polymers,superclass,subset,medium,NA,NA,FALSE
"Slimes and Sludges, cadmium electrolytic",CAS without structure,TRUE,FALSE,NA,NA,NA,high,NA,NA,FALSE
Hydrogen tetrabutylphosphanium difluoride,Unclassified,TRUE,FALSE,NA,NA,NA,medium,NA,NA,FALSE
sodium pentamethylenxanthogenate,Unclassified,TRUE,FALSE,NA,NA,NA,high,NA,NA,FALSE
tallow oleine,CAS without structure,TRUE,FALSE,NA,NA,NA,medium,NA,NA,FALSE
"Neodymium oxide, praseodymium oxides and other rare earth metal oxides, recovered from pre-treatment processing and high temperature thermal treatment in oxidative atmosphere of magnet wastes",Unclassified,TRUE,TRUE,Inorganic oxides,class,subset,medium,NA,NA,FALSE
"Sophorolipids: fermentation products of glucose and fatty acids, C18 (unsaturated), glycerol esters with yeast Starmerella Bombicola",Unclassified,TRUE,TRUE,Sophorolipids,subclass,subset,high,NA,NA,FALSE
"tert-butyl ((1S,3S)-3-((5-bromopyridin-2-yl)amino)cyclopentyl)carbamate",Unclassified,TRUE,FALSE,NA,NA,NA,high,NA,NA,FALSE
DOW CORNING (R) X2-7391,Unclassified,TRUE,FALSE,NA,NA,NA,high,NA,NA,FALSE
"Reaction products of acrylonitrile and 2-methylcyclohexane-1,3-diamine and 4-methylcyclohexane-1,3-diamine, hydrogenated",Unclassified,TRUE,TRUE,Amines,subclass,subset,low,NA,NA,FALSE
Custom Yellow #2,Unclassified,TRUE,FALSE,NA,NA,NA,high,NA,NA,FALSE
"D-Glucitol, anhydro-1-deoxy-1-(methylamino)-, N-[C12-14(even numbered) acyl] derivs.",Unclassified,TRUE,TRUE,Fatty amides,subclass,subset,medium,NA,NA,FALSE
VET 8022,Unclassified,TRUE,FALSE,NA,NA,NA,high,NA,NA,FALSE
AAA reaction product,Unclassified,TRUE,FALSE,NA,NA,NA,low,NA,NA,FALSE
Hydrocarbons of plastic waste origin (kerosene type fraction),Unclassified,TRUE,TRUE,Hydrocarbons,superclass,subset,medium,NA,NA,FALSE
Papiliotrema terrestris PT22AV,Unclassified,TRUE,FALSE,NA,NA,NA,high,NA,NA,FALSE
polyethyleneglycol sorbitan trioleate,CAS without structure,TRUE,FALSE,NA,NA,NA,medium,NA,NA,FALSE
"Fatty acids, tall-oil, reaction products with N-(3-aminopropyl)-1,3-propanediamine",CAS without structure,TRUE,TRUE,Fatty amides,subclass,subset,low,NA,NA,FALSE
Mono- and/or di- and/or tri(1-phenylethyl)-m-cresol and p-cresol,Unclassified,TRUE,TRUE,Cresols,subclass,subset,medium,NA,NA,FALSE
"Leach residues, cadmium-contg. flue dust",CAS without structure,TRUE,FALSE,NA,NA,NA,high,NA,NA,FALSE
Sodium diacetoneketogulonate,Unclassified,TRUE,FALSE,NA,NA,NA,high,NA,NA,FALSE
"Complexation products of titanium(4+) tetrapropan-2-olate with 2,2',2''-nitrilotriethanol and glycerol",Unclassified,TRUE,FALSE,NA,NA,NA,medium,NA,NA,FALSE
CuSi4Zn9MnP,Unclassified,TRUE,FALSE,NA,NA,NA,high,NA,NA,FALSE
(E)-Ethyl 4-oxo-but-2-enoate,Unclassified,TRUE,FALSE,NA,NA,NA,high,NA,NA,FALSE
fish oil fatty acids,Unclassified,TRUE,TRUE,Fatty acids and conjugates,subclass,subset,high,NA,NA,FALSE
"High temperature calcination products of titanium dioxide, calcium carbonate, calcium fluoride, quartz and antimony oxide containing lewisite and wollastonite",Unclassified,TRUE,NA,NA,NA,NA,low,NA,NA,FALSE
4-CPH,Unclassified,TRUE,FALSE,NA,NA,NA,low,NA,NA,FALSE
reaction mixture of m-phenylenediamine and sulfanilic acid,Unclassified,TRUE,FALSE,NA,NA,NA,medium,NA,NA,FALSE
"Arsonic acid, tin salt",CAS without structure,TRUE,TRUE,Post-transition metal salts,class,subset,low,NA,NA,FALSE
"Essential oil obtained from the leaves of Cymbopogon flexuosus, gramineae by distillation",Unclassified,TRUE,FALSE,NA,NA,NA,high,NA,NA,FALSE
Polycyclic aromatic hydrocarbons (PAHs),Unclassified,TRUE,TRUE,Polycyclic hydrocarbons,class,subset,high,Aromatic hydrocarbons,0.8110567904055199,FALSE
Alkyltrimethyl ammonium chloride,Unclassified,TRUE,TRUE,Alkyldimethylbenzylammonium chlorides,subclass,broader,low,Alkyldimethylbenzylammonium chlorides,0.82885468402643,TRUE
"Calcines, lead-zinc ore conc.",CAS without structure,TRUE,FALSE,NA,NA,NA,high,NA,NA,FALSE
LONZAMON AAAMDEMA 100,Unclassified,TRUE,FALSE,NA,NA,NA,high,NA,NA,FALSE
"Disilane, chloro Me derivs.",CAS without structure,TRUE,TRUE,Organochlorides,class,subset,medium,NA,NA,FALSE
"(1R)-2-[5-(2-halo-3-methoxyphenyl)-3-[2-halo-6-(trihalomethyl)benzyl]- 4-alkyl-2,6-dioxoheterocyclyl]-1-phenylethanaminium salicylate",Unclassified,TRUE,NA,NA,NA,NA,low,NA,NA,FALSE
"1-[3,5-bis(benzyloxy)phenyl]-2-bromoethanone - 1,4-dioxane (2:1)",Unclassified,TRUE,FALSE,NA,NA,NA,high,NA,NA,FALSE
MCP-1596,Unclassified,TRUE,FALSE,NA,NA,NA,high,NA,NA,FALSE
organopolysiloxanes with trimethylolpropane groups,Unclassified,TRUE,TRUE,Organosilicon compounds,subclass,subset,medium,NA,NA,FALSE
α-cyclodextrine methyl ethers,Unclassified,TRUE,TRUE,Ethers,subclass,subset,low,NA,NA,FALSE
"castor oil, mono- and diglycerides",Unclassified,TRUE,TRUE,Glycerolipids,class,subset,medium,NA,NA,FALSE
"9-Octadecenoic acid (Z)-, isooctyl ester, reaction products with glycerol trioleate and sulfur",CAS without structure,TRUE,TRUE,Organic sulfur compounds,superclass,broader,low,NA,NA,FALSE
naphthalene sulfonates,Unclassified,TRUE,TRUE,Naphthalene sulfonates,subclass,exact,high,Naphthalene sulfonates,1,TRUE
"naphthalenesulfonic acid, polymer with formaldehyde, calcium salt",CAS without structure,TRUE,TRUE,Organic Polymers,superclass,subset,medium,NA,NA,FALSE
"Fatty acids, sunflower-oil, conjugated",CAS without structure,TRUE,TRUE,Fatty acids and conjugates,subclass,subset,high,Fatty acids and conjugates,0.8175043900170713,TRUE
"α-d-Glucopyranoside, β-d-fructofuranosyl, mono, di, and tridodecanoate esters",Unclassified,TRUE,TRUE,Fatty acid esters,subclass,subset,medium,NA,NA,FALSE
(1-(2-chloro-6-((R)-3-methylmorpholino)pyrimidin-4-yl)cyclopropyl)(imino)(R)-(methyl)-λ6-sulfanone hydrochloride,CAS without structure,TRUE,FALSE,NA,NA,NA,high,NA,NA,FALSE
"Heavy gas oil fraction, waste plastic derived, hydrothermal conversion",Unclassified,TRUE,FALSE,NA,NA,NA,high,NA,NA,FALSE
Tris(2-hydroxyethyl)ammonium salts of tall-oil fatty acids,Unclassified,TRUE,TRUE,Fatty acids and conjugates,subclass,subset,medium,NA,NA,FALSE
boron nitride (cubic),Unclassified,TRUE,FALSE,NA,NA,NA,high,NA,NA,FALSE
"Amines, N-(C18 unsaturated, alkyl) trimethylenedi-, ethoxylated (NLP)",CAS without structure,TRUE,TRUE,Tertiary amines,direct_parent,subset,low,NA,NA,FALSE
"Benzaldehyde, 2-hydroxy, dodecyl-, oxime, branched",CAS without structure,TRUE,TRUE,Aldoximes,subclass,subset,medium,NA,NA,FALSE
"Amines, N-C16-18-alkyl (evennumbered) propane-1,3-diamine",CAS without structure,TRUE,TRUE,Secondary amines,subclass,subset,medium,NA,NA,FALSE
PERGASCRIPT VIOLET BD 553,Unclassified,TRUE,FALSE,NA,NA,NA,high,NA,NA,FALSE
"(Z)-N-(3-ammoniopropyl)-N'-octadecenylpropane-1,3-diaminium acetate",Unclassified,TRUE,FALSE,NA,NA,NA,high,NA,NA,FALSE
"Copper, complexes with diazotized 3-amino-4-methoxybenzenesulfonic acid monosodium salt coupled with diazotized 4-nitro-1,3-benzenediamine and resorcinol, sodium salts",CAS without structure,TRUE,FALSE,NA,NA,NA,medium,NA,NA,FALSE
Dipotassium [3-(2-aminoethylamino)propyl]methylsilandiolate,Unclassified,TRUE,FALSE,NA,NA,NA,high,NA,NA,FALSE
"quaternary ammonium compounds, bis(hydrogenated tallow alkyl)dimethyl, salts with bentonite",CAS without structure,TRUE,TRUE,Quaternary ammonium salts,subclass,subset,medium,NA,NA,FALSE
"Reaction products of diazotised 3-amino-2-hydroxy-5-nitrobenzenesulphonic acid, coupled with 1,3-diaminobenzene and diazotised sodium 4-aminobenzenesulfonate, metallised with Basic Chromium (III) Sulphate",Unclassified,TRUE,FALSE,NA,NA,NA,medium,NA,NA,FALSE
"Lead, bis[bis(2-methylpropyl)carbamodithioato-S,S']-, (T-4)-",CAS without structure,TRUE,FALSE,NA,NA,NA,high,NA,NA,FALSE
Soybean extract,Unclassified,TRUE,FALSE,NA,NA,NA,high,NA,NA,FALSE
"Lime (Citrus aurantifolia), ext.",CAS without structure,TRUE,FALSE,NA,NA,NA,high,NA,NA,FALSE
"Humic acids and fulvic acids extracted from leonardite, reaction product with formaldehyde, potassium hydrogen sulfite, sodium hydrogen sulfite and potassium hydroxide",Unclassified,TRUE,FALSE,NA,NA,NA,high,NA,NA,FALSE
"isopropyl(5S)-3-(3,5-difluorophenyl)-5-[(1S)-1-hydroxyethyl]-4,5-dihydro-1,2-oxazole-5-carboxylate",Unclassified,TRUE,FALSE,NA,NA,NA,high,NA,NA,FALSE
"rac-(1R,4S,4aR,8R,8aS)-9-(dichloromethylidene)-8-hydroxyoctahydro-1,4-methanonaphthalen-5(1H)-one",Unclassified,TRUE,FALSE,NA,NA,NA,high,NA,NA,FALSE
"Octadecanoic acid, C16-20-branched alkyl esters",CAS without structure,TRUE,TRUE,Fatty acid esters,subclass,subset,high,NA,NA,FALSE
"Slimes and Sludges, copper conc. roasting off gas scrubbing, lead-mercury-selenium-contg.",CAS without structure,TRUE,FALSE,NA,NA,NA,high,NA,NA,FALSE
"Hydrocarbons, C4, n-butene conc.",CAS without structure,TRUE,TRUE,Unsaturated hydrocarbons,class,subset,medium,NA,NA,FALSE
5-(4-Hydroxymethyl-phenoxymethyl)-3-isopropyloxazolidin-2-one,Unclassified,TRUE,FALSE,NA,NA,NA,high,NA,NA,FALSE
"3-[bis(trifluoroalkyl)phenyl]-1H-1,2,4-heteromonocycle",Unclassified,TRUE,TRUE,Organofluorides,class,subset,low,NA,NA,FALSE
"(E,Z)-8-Dodecen-1-yl acetate",Unclassified,TRUE,FALSE,NA,NA,NA,high,NA,NA,FALSE
"2,3-Epoxypropyl neodecanoate, oligomeric reaction products with phosphorous acid",CAS without structure,TRUE,TRUE,Organic phosphoric acids and derivatives,superclass,subset,low,NA,NA,FALSE
FMOC AMINO ACID 3,Unclassified,TRUE,TRUE,Alpha amino acids and derivatives,direct_parent,subset,medium,NA,NA,FALSE
"alcohols, tallow, propoxylated",CAS without structure,TRUE,TRUE,Fatty alcohols,subclass,subset,medium,NA,NA,FALSE
"Butanedioic acid, sulfo-, C-C16-18-alkyl esters, disodium salt",CAS without structure,TRUE,TRUE,Organic sulfonic acids and derivatives,superclass,subset,medium,NA,NA,FALSE
CuSi4Zn4MnP,Unclassified,TRUE,FALSE,NA,NA,NA,high,NA,NA,FALSE
"9-Octadecenoic acid (Z)-, reaction products with diethylenetriamine, di-Me sulfate-quaternized",CAS without structure,TRUE,TRUE,Quaternary ammonium salts,subclass,subset,medium,NA,NA,FALSE
Alkenes C20+,Unclassified,TRUE,TRUE,Alkenes,direct_parent,subset,high,NA,NA,FALSE
"dimethyl-1-{][}2-methoxy-5-(2-methyl-butoxycarbonyl)phenylcarbamoyl]-[2-octadecyl-1,1-dioxo-1,2,4-benzothiadiazin-3-yl{]methyl[} imidazole-4,5-dicarboxylate",Unclassified,TRUE,NA,NA,NA,NA,low,NA,NA,FALSE
"(Z)-N-(3-ammoniopropyl)-N'-[3-octadecenylamino)propyl]propane-1,3-diaminium acetate",Unclassified,TRUE,FALSE,NA,NA,NA,high,NA,NA,FALSE
Bottom residues resulting from the synthesis of dimethyldioxane and the synthesis of isoprene from dimethyldioxane and trimethylcarbinol,Unclassified,TRUE,FALSE,NA,NA,NA,high,NA,NA,FALSE
3-(2-Hydroxy-ethyl)-5-methylsulfamoylmethyl-1H-indole-2-carboxylic acid methyl ester,Unclassified,TRUE,FALSE,NA,NA,NA,high,NA,NA,FALSE
"fatty acids, tall oil",CAS without structure,TRUE,TRUE,Fatty acids and conjugates,subclass,subset,high,NA,NA,FALSE
"Phosphorodithioic acid, mixed O,O-bis(iso-Bu and pentyl) esters, zinc salts",CAS without structure,TRUE,TRUE,Organic dithiophosphoric acids and derivatives,class,subset,medium,NA,NA,FALSE
methyl (2R)-2-[(3-chloropropyl)amino]propanoate hydrochloride,CAS without structure,TRUE,FALSE,NA,NA,NA,high,NA,NA,FALSE
Corsair Clear #12,Unclassified,TRUE,FALSE,NA,NA,NA,high,NA,NA,FALSE
"Phosphorodithioic acid, mixed O,O-bis(Bu and pentyl) esters, lead(2+) salt",CAS without structure,TRUE,TRUE,Organic dithiophosphoric acids and derivatives,class,subset,medium,NA,NA,FALSE
"Dodecanoic acid, ester with 1,2,3-propanetriol, acetylated",Unclassified,TRUE,FALSE,NA,NA,NA,medium,NA,NA,FALSE
"quaternary ammonium compounds, (carboxymethyl)(3-cocoamidopropyl)dimethyl-hydroxides, inner salts",CAS without structure,TRUE,TRUE,Quaternary ammonium salts,subclass,subset,medium,NA,NA,FALSE
2-Methyl-3-methoxy benzoyl chloride,Unclassified,TRUE,FALSE,NA,NA,NA,high,NA,NA,FALSE
"N-C16-18-(even numbered, C18-unsaturated)-alkyl-1-C16-18-(even numbered, C18-unsaturated)-amine",CAS without structure,TRUE,TRUE,Secondary amines,subclass,subset,medium,NA,NA,FALSE
"Arsenenous acid, cesium salt",CAS without structure,TRUE,FALSE,NA,NA,NA,high,NA,NA,FALSE
"tetrasodium 5-benzamido-3-(5-(4-fluoro-6-(1-sulphonato-2-naphthylamino)-1,3,5-triazin-2-ylamino)-2-sulphonatophenylazo)-4-hydroxynaphthalene-2,7- disulphonate",CAS without structure,TRUE,FALSE,NA,NA,NA,high,NA,NA,FALSE
Casein,Unclassified,TRUE,FALSE,NA,NA,NA,high,NA,NA,FALSE
JARYSOL XX,Unclassified,TRUE,FALSE,NA,NA,NA,high,NA,NA,FALSE
MDI/CHA/SA,Unclassified,TRUE,FALSE,NA,NA,NA,medium,NA,NA,FALSE
"(Z,Z)-7,11-Hexadecadien-1-yl acetate (SCLP Acetates)",Unclassified,TRUE,FALSE,NA,NA,NA,high,NA,NA,FALSE
N-[2-(imidazol-2-yl)ethyl]-(S)-pyrrolidine-2-carboxamide dihydrochloride,Unclassified,TRUE,FALSE,NA,NA,NA,high,NA,NA,FALSE
Nickel Sulfide (Ni4S),CAS without structure,TRUE,FALSE,NA,NA,NA,high,NA,NA,FALSE
Potassium Lauroyl Wheat Amino Acids,Unclassified,TRUE,TRUE,"Amino acids, peptides, and analogues",subclass,subset,medium,NA,NA,FALSE
"Reaction products of diazotised 2-amino-5-(2-(sulfooxy)ethylsulfonyl)benzenesulfonic acid coupled with 7-amino-4-hydroxynaphthalene-2-sulfonic acid, subsequently coupled with diazotized 2-(4-aminophenylsulfonyl)ethyl hydrogen sulfate acid, sodium salt",Unclassified,TRUE,FALSE,NA,NA,NA,high,NA,NA,FALSE
"disodium 2-(5-carbamoyl-1-ethyl-2-hydroxy-4-methyl-6-oxo-1,6-dihydro-pyridine-3-ylazo)-4-(4-fluoro-6-(4-(2-sulfonyloxy-ethylsulfonyl)-phenylamino)-1,3,5-triazine-2-ylamino)benzene sulfonate",CAS without structure,TRUE,FALSE,NA,NA,NA,high,NA,NA,FALSE
"Propionaldehyde, reaction products with formaldehyde",Unclassified,TRUE,TRUE,Aldehydes,direct_parent,broader,low,NA,NA,FALSE
"Fatty acids, C16-18 and C18-unsatd., esters with 2,2'-(methylimino)bis[ethanol]",CAS without structure,TRUE,TRUE,Fatty acid esters,subclass,subset,medium,NA,NA,FALSE
"2-Propyn-1-ol, reaction product with 1-2.5 moles of oxirane",Unclassified,TRUE,TRUE,Alcohols and polyols,subclass,subset,medium,NA,NA,FALSE
"Methylenediphenyl diisocyanate, oligomers, reaction products with 2-ethylhexan-l-ol",Unclassified,TRUE,TRUE,Isocyanates,subclass,subset,low,NA,NA,FALSE
"Copper, [29H,31H-phthalocyaninato(2-)-N29,N30,N31,N32]-, aminosulfonyl sulfo derivs., sodium salts",CAS without structure,TRUE,TRUE,Phthalocyanines,subclass,subset,high,NA,NA,FALSE
"Reaction products of diazotised 2-amin-6-nitrophenol-4-sulphonic Acid and 2-Amino-4-nitrophenol-6-sulfonic Acid, coupled with a mixture of 6-Amino-4-hydroxy-2-naphthalenesulfonic Acid and Acetylated 6-Amino-4-hydroxy-2-naphthalenesulfonic Acid, subsequently metallized with Chromium (III) Basic Sulfate and Acetic Acid, and at the end diazotised and coupled with p-Cresol, sodium salts",Unclassified,TRUE,FALSE,NA,NA,NA,high,NA,NA,FALSE
Rezolyn,Unclassified,TRUE,FALSE,NA,NA,NA,high,NA,NA,FALSE
1-(3-Phenyl-cyclohexyl)-propan-1-one,Unclassified,TRUE,FALSE,NA,NA,NA,high,NA,NA,FALSE
Aluminosilicate Refractory Ceramic Fibres,Substance group,TRUE,TRUE,Inorganic salts,superclass,broader,low,NA,NA,FALSE
"Carbamodithioic acid, bis(mixed 2-ethylhexyl and 2-methylbutyl and pentyl) derivs., antimony (3+) salts",CAS without structure,TRUE,TRUE,Dithiocarbamic acids and derivatives,class,subset,high,NA,NA,FALSE
"Leach residues, zinc ore-calcine, zinc cobalt",CAS without structure,TRUE,FALSE,NA,NA,NA,high,NA,NA,FALSE
castor oil,CAS without structure,TRUE,NA,NA,NA,NA,low,NA,NA,FALSE
"1,1'-[propane-1,3-diylbis(oxy)]bis(2-bromo-4-tert-butylbenzene)",Unclassified,TRUE,FALSE,NA,NA,NA,high,NA,NA,FALSE
SOB 5414,Unclassified,TRUE,FALSE,NA,NA,NA,high,NA,NA,FALSE
BROWN CLA 1262,Unclassified,TRUE,FALSE,NA,NA,NA,high,NA,NA,FALSE
AZURANT DE DISTYRYL-BIPHENYL 4496,Unclassified,TRUE,FALSE,NA,NA,NA,high,NA,NA,FALSE
calcium octadecylxylenesulphonate,Unclassified,TRUE,FALSE,NA,NA,NA,medium,NA,NA,FALSE
FARBASTOFF 393,Unclassified,TRUE,FALSE,NA,NA,NA,high,NA,NA,FALSE
(R)-2-acetamido-3-naphthyl-2-yl-propionic acid,Unclassified,TRUE,FALSE,NA,NA,NA,high,NA,NA,FALSE
CIN 10019800,Unclassified,TRUE,FALSE,NA,NA,NA,high,NA,NA,FALSE
ESD SCN,Unclassified,TRUE,FALSE,NA,NA,NA,low,NA,NA,FALSE
A 11,Unclassified,TRUE,FALSE,NA,NA,NA,high,NA,NA,FALSE
"2-ethyl-2-(hydroxymethyl)propane-1,3-diol, propoxylated, reaction product with methyl 3-oxobutanoate",Unclassified,TRUE,TRUE,Carboxylic acid esters,direct_parent,subset,low,NA,NA,FALSE
ISOSTEARATE D'OXYDE DE CERIUM ET DE FER,Unclassified,TRUE,FALSE,NA,NA,NA,medium,NA,NA,FALSE
"4-[bis(2-tert-butyl-4-hydroxy-6-methylphenyl)methyl]phenyl 6-diazo-5-oxo-5,6-dihydronaphthalene-1-sulfonate",Unclassified,TRUE,FALSE,NA,NA,NA,high,NA,NA,FALSE
"Reaction products of Dihydro-3-(tetrapropenyl)furan-2,5 dione with propane-1,2,diol",Unclassified,TRUE,TRUE,Carboxylic acid derivatives,subclass,subset,medium,NA,NA,FALSE
"C12-14-tert-alkylamine, methylphosphonic acid salt",CAS without structure,TRUE,TRUE,Organic salts,superclass,subset,medium,NA,NA,FALSE
"3-Pyridinemethanesulfonic acid, 5,5′-[(1-methyl-1,2-ethanediyl)bis[imino(6-chloro-1,3,5-triazine-4,2-diyl)imino-4,1-phenylenecarbonylimino(6-sulfo-3,1-phenylene)azo]]bis[1-ethyl-1,2-dihydro-6-hydroxy-4-methyl-2-oxo-, tetrasodium salt",Unclassified,TRUE,FALSE,NA,NA,NA,high,NA,NA,FALSE
"Sodium and potassium 4-(3-aminopropylamino)-2,6-bis[3-(4-methoxy-2-sulfophenylazo)-4-hydroxy-2-sulfo-7-naphthylamino]-1,3,5-triazine",CAS without structure,TRUE,FALSE,NA,NA,NA,high,NA,NA,FALSE
polycarboxylic acid salt type surfactant,CAS without structure,TRUE,TRUE,Carboxylic acid salts,direct_parent,subset,medium,NA,NA,FALSE
"glycine, salts",Unclassified,TRUE,TRUE,Glycine and derivatives,NA,subset,medium,NA,NA,FALSE
sodium 2-[4-(cyclopropylcarbonyl)phenyl]-2-methylpropanoate,Unclassified,TRUE,FALSE,NA,NA,NA,high,NA,NA,FALSE
Renewable hydrocarbons (naphtha type fraction) obtained from the catalytic transformation of ethanol. Predominantly rich in aromatic and saturated hydrocarbons with a carbon number range from C5 to C10.,Mixture,TRUE,TRUE,Hydrocarbons,superclass,subset,medium,NA,NA,FALSE
AGK 4172,Unclassified,TRUE,FALSE,NA,NA,NA,high,NA,NA,FALSE
"(Z,Z)-Octadien-1-yl acetate",Unclassified,TRUE,FALSE,NA,NA,NA,high,NA,NA,FALSE
"Fatty acids, C16-18 and C18-unsatd., Bu esters",CAS without structure,TRUE,TRUE,Fatty acid esters,subclass,subset,high,NA,NA,FALSE
copolymers of alpha-methylstyrene with vinyltoluene,Unclassified,TRUE,TRUE,Organic Polymers,superclass,subset,medium,NA,NA,FALSE
Cobalt zinc aluminate blue spinel,CAS without structure,TRUE,FALSE,NA,NA,NA,high,NA,NA,FALSE
Zirconia Aluminosilicate Refractory Ceramic Fibres,Substance group,TRUE,FALSE,NA,NA,NA,high,NA,NA,FALSE
Reaction products resulting from esterification of sucrose with saturated C16-18 (even numbered) fatty acids,Unclassified,TRUE,TRUE,Carboxylic acid esters,direct_parent,subset,medium,NA,NA,FALSE
Nickel Carbonate Tetra(dihydroxide),Unclassified,TRUE,FALSE,NA,NA,NA,high,NA,NA,FALSE
(R)-3-cyclopentyl-3-hydrazinylpropanenitrile L-tartaric acid salt,Unclassified,TRUE,FALSE,NA,NA,NA,high,NA,NA,FALSE
"Balsams, copaiba, sulfurized, mixed with turpentine, gold salts",CAS without structure,TRUE,FALSE,NA,NA,NA,high,NA,NA,FALSE
"Grapefruit, ext.",CAS without structure,TRUE,FALSE,NA,NA,NA,high,NA,NA,FALSE
"3,4-dichloro-N-[5-chloro-4-[2-[4-(hexadecyloxy)phenylsulfonyl]butyramido]-2-hydroxyphenyl]benzamide",Unclassified,TRUE,FALSE,NA,NA,NA,high,NA,NA,FALSE
Magnesium hydroxide sulphate trihydrate,CAS without structure,TRUE,FALSE,NA,NA,NA,high,NA,NA,FALSE
"(3E)-3-methyl-5-[(1R)-2,2,3-trimethylcyclopent-3-en-1-yl]pent-3-en-2-one",CAS without structure,TRUE,FALSE,NA,NA,NA,high,NA,NA,FALSE
"1-(2,4-Dihydroxy-5-(1-phenylmethanoyl)phenyl)-1-phenylmethan one",Unclassified,TRUE,FALSE,NA,NA,NA,high,NA,NA,FALSE
"Condensation products of 4-methyl-m-phenylene diisocyanate with alcohols, C10-14 (even numbered)",CAS without structure,TRUE,TRUE,Polyureas,superclass,subset,low,NA,NA,FALSE
"5-ethylidene-8,9,10-trinorborn-2-ene, manufacture of, by-products from",Unclassified,TRUE,FALSE,NA,NA,NA,high,NA,NA,FALSE
"5-sec-butyl-2-(2,4-dimethylcyclohex-3-en-1-yl)-5-methyl-1,3-dioxane [1], 5-sec-butyl-2-(4,6-dimethylcyclohex-3-en-1-yl)-5-methyl-1,3-dioxane [2]",Unclassified,TRUE,FALSE,NA,NA,NA,high,NA,NA,FALSE
"tert-butyl (5S,6R,7R)-3-bromomethyl-5,8-dioxo-7-(2-phenylacetamido)-5-thia-1-azabicyclo[4.2.0]oct-2-ene-2-carboxylate",CAS without structure,TRUE,FALSE,NA,NA,NA,high,NA,NA,FALSE
Resinoid of Canarium luzonicum (Burseraceae) obtained from the exudate by cyclohexane extraction,Unclassified,TRUE,FALSE,NA,NA,NA,high,NA,NA,FALSE
AF-188,Unclassified,TRUE,FALSE,NA,NA,NA,high,NA,NA,FALSE
"Tert-butyl(1S,3S,5S)-3-carbamoyl-2-azabicyclo[3.1.0]hexane-2-carboxylate",Unclassified,TRUE,FALSE,NA,NA,NA,high,NA,NA,FALSE
Pyrolysis light oil from waste plastics,Unclassified,TRUE,FALSE,NA,NA,NA,high,NA,NA,FALSE
"Reaction products of propane-1,2-diamine with 2-[(2-methylphenoxy)methyl]oxirane",CAS without structure,TRUE,TRUE,"Amino acids, peptides, and analogues",subclass,broader,low,NA,NA,FALSE
gum arabic,CAS without structure,TRUE,FALSE,NA,NA,NA,high,NA,NA,FALSE
"3,3'-(C16-18-(evennumbered), C18-unsaturated-alkylimino)dipropanenitrile",CAS without structure,TRUE,TRUE,Nitriles,direct_parent,subset,medium,NA,NA,FALSE
organopolysiloxanes with propylene oxide groups,Unclassified,TRUE,TRUE,Organosilicon compounds,subclass,subset,medium,NA,NA,FALSE
"Alkenes, C13-14, hydroformylation products, distn. residues",CAS without structure,TRUE,TRUE,Fatty aldehydes,subclass,subset,low,NA,NA,FALSE
SILOXANE S200,Unclassified,TRUE,FALSE,NA,NA,NA,medium,NA,NA,FALSE
Plant oils / Citronella oil,Unclassified,TRUE,FALSE,NA,NA,NA,high,NA,NA,FALSE
"Oxirane, reaction products with ammonia, distn. residues",CAS without structure,TRUE,TRUE,Epoxides,class,subset,low,NA,NA,FALSE
"Alcohols, C11-15-secondary, ethoxylated",CAS without structure,TRUE,TRUE,Fatty alcohols,subclass,subset,medium,NA,NA,FALSE
"1,6:3,4-dianhydro-2-O-tosyl-β-D-galactopyranose",Unclassified,TRUE,FALSE,NA,NA,NA,high,NA,NA,FALSE
"Oligomerisation products of hexamethylene diisocyanate with aliphatic alcohol(s), allophanate type",Unclassified,TRUE,TRUE,Polycarbamates,class,subset,medium,NA,NA,FALSE
CGCI 1930,Unclassified,TRUE,FALSE,NA,NA,NA,high,NA,NA,FALSE
"Coal Tar Solids Residue|Waste solids, coal-tar pitch coking|[The combination of wastes formed by the coking of bituminous coal tar pitch. It consists predominantly of carbon.]",CAS without structure,TRUE,FALSE,NA,NA,NA,high,NA,NA,FALSE
Distillation product of triethyl citrate and labdanum gum obtained from exudate of Cistus ladaniferus (Cistaceae),Unclassified,TRUE,FALSE,NA,NA,NA,high,NA,NA,FALSE
GIALLO PERGASCRIPT RZ 3386,Unclassified,TRUE,FALSE,NA,NA,NA,high,NA,NA,FALSE
"Decanol, branched and linear",CAS without structure,TRUE,TRUE,Long-chain fatty alcohols,direct_parent,subset,medium,NA,NA,FALSE
"Reaction products of: copper(II) sulfate and tetrasodium 2,4-bis[6-(2-methoxy-5-sulfonatophenylazo)-5-hydroxy-7-sulfonato-2-naphthylamino]-6-(2-hydroxyethylamino)-1,3,5-triazine (2:1)",Unclassified,TRUE,FALSE,NA,NA,NA,high,NA,NA,FALSE
"1,5-bis(3,4-dimethoxyphenyl)-penta-1,4-dien-3-one",Unclassified,TRUE,FALSE,NA,NA,NA,high,NA,NA,FALSE
CIN 10067729,Unclassified,TRUE,FALSE,NA,NA,NA,high,NA,NA,FALSE
"Fatty acids, C16-18 and C18-unsatd., tetraesters with pentaerythritol",CAS without structure,TRUE,TRUE,Wax esters,direct_parent,subset,low,NA,NA,FALSE
"Imidazolium compounds, 2-C7-18-alkyl-1-(2-carboxyethyl)-4,5-dihydro-3-(hydroxyethyl), hydroxides, sodium salts",CAS without structure,TRUE,TRUE,Imidazoles,class,subset,medium,NA,NA,FALSE
"Poly(oxy-1,2-ethanediyl), α-(carboxymethyl)-ω-hydroxy-, C16-18 (even numbered) and C18-unsatd. alkyl ethers",Unclassified,TRUE,TRUE,Polyethylene glycols,direct_parent,subset,medium,NA,NA,FALSE
"trisodium 2-(cyanoamino)-5-[(E)-2-[4-({4-[(E)-2-(6,8-disulfonaphthalen-2-yl)diazen-1-yl]-2-methoxyphenyl}carbamoyl)phenyl]diazen-1-yl]-6-hydroxypyrimidin-4-olate",Unclassified,TRUE,FALSE,NA,NA,NA,high,NA,NA,FALSE
5-(3-chlorophenyl)-2-(2-methoxy-2-oxoethylcarbamoyl)pyrid-3-yl pivalate,Unclassified,TRUE,FALSE,NA,NA,NA,high,NA,NA,FALSE
"Sucrose, glycerol and propane-1,2-diol, reaction products with C16-18(even numbered) fatty acids",Unclassified,TRUE,TRUE,Glycerolipids,class,broader,low,NA,NA,FALSE
V159456,Unclassified,TRUE,FALSE,NA,NA,NA,high,NA,NA,FALSE
Yellow UZ 3217-A,CAS without structure,TRUE,FALSE,NA,NA,NA,high,NA,NA,FALSE
"Oils, animal, sulfonated, sodium salts",CAS without structure,TRUE,TRUE,Organic sulfonic acids and derivatives,superclass,subset,medium,NA,NA,FALSE
HEC 6,Unclassified,TRUE,FALSE,NA,NA,NA,low,NA,NA,FALSE
PHOTOSOL 7-232,Unclassified,TRUE,FALSE,NA,NA,NA,high,NA,NA,FALSE
"Pyridine, 2-(phenylethynyl)-sulphate",Unclassified,TRUE,FALSE,NA,NA,NA,high,NA,NA,FALSE
SC905,Unclassified,TRUE,FALSE,NA,NA,NA,high,NA,NA,FALSE
CIN 10097022,Unclassified,TRUE,FALSE,NA,NA,NA,high,NA,NA,FALSE
Diaminotoluene,CAS without structure,TRUE,TRUE,Diaminotoluenes,subclass,exact,high,Diaminotoluenes,0.9049868489880336,TRUE
LP 101,Unclassified,TRUE,FALSE,NA,NA,NA,high,NA,NA,FALSE
"zinc oxide, nanoparticles, uncoated",Unclassified,TRUE,FALSE,NA,NA,NA,high,NA,NA,FALSE
"9-Octadecenoic acid, 12-hydroxy-, 1,1'-(dimethylstannylene) ester, (9Z,9'Z,12R,12'R)-",CAS without structure,TRUE,FALSE,NA,NA,NA,high,NA,NA,FALSE
Resinoid of Canarium luzonicum (Burseraceae) obtained from the exudate by benzyl benzoate extraction,Unclassified,TRUE,FALSE,NA,NA,NA,high,NA,NA,FALSE
Cobalt magnesium tin spinel,Unclassified,TRUE,FALSE,NA,NA,NA,medium,NA,NA,FALSE
"acetic acid ethenyl ester, polymer with ethenol",CAS without structure,TRUE,TRUE,Organic Polymers,superclass,subset,medium,NA,NA,FALSE
"Fatty acids, C9-13-neo-, calcium salts",CAS without structure,TRUE,TRUE,Alkaline earth metal salts,class,subset,medium,NA,NA,FALSE
"phenol, 4-dodecyl-, branched",CAS without structure,TRUE,TRUE,Phenols,class,subset,medium,NA,NA,FALSE
"2,3-Difluorpropoxybenzol",Unclassified,TRUE,FALSE,NA,NA,NA,high,NA,NA,FALSE
HP-19-1751,Unclassified,TRUE,FALSE,NA,NA,NA,high,NA,NA,FALSE
L 131,Unclassified,TRUE,FALSE,NA,NA,NA,medium,NA,NA,FALSE
ID-11,Unclassified,TRUE,FALSE,NA,NA,NA,high,NA,NA,FALSE
HD6662,Unclassified,TRUE,FALSE,NA,NA,NA,high,NA,NA,FALSE
FT-5.FCL,Unclassified,TRUE,NA,NA,NA,NA,low,NA,NA,FALSE
"Cadmium selenide (CdSe), solid soln. with cadmium sulfide, zinc selenide and zinc sulfide, aluminum and copper-doped",CAS without structure,TRUE,FALSE,NA,NA,NA,high,NA,NA,FALSE
(Z)-9-Octadecen-1-ol ethoxylated,CAS without structure,TRUE,TRUE,Fatty alcohols,subclass,subset,medium,NA,NA,FALSE
Cadmium selenide (Cd0.98Se),CAS without structure,TRUE,FALSE,NA,NA,NA,high,NA,NA,FALSE
"Spiro[bicyclo[3.1.0]hexane-2,2′-[1,3]dithiolan]-3-one, oxime, (1R,5R)- (ACI)",CAS without structure,TRUE,FALSE,NA,NA,NA,high,NA,NA,FALSE
"Oxirane, methyl-, polymer with oxirane, mono[2-hydroxy-3-[( γ-ω-perfluoro-C8-20-alkyl)thio]propyl] ethers",CAS without structure,TRUE,TRUE,Organic Polymers,superclass,subset,medium,NA,NA,FALSE
Plant oils / Lemongrass oil,Unclassified,TRUE,FALSE,NA,NA,NA,high,NA,NA,FALSE
CHESTER 304,Unclassified,TRUE,FALSE,NA,NA,NA,high,NA,NA,FALSE
PHOTOSOL 7-120,Unclassified,TRUE,FALSE,NA,NA,NA,high,NA,NA,FALSE
PHENYLENEDIAMINE DYE,Unclassified,TRUE,TRUE,Phenylenediamines,subclass,subset,high,NA,NA,FALSE
"Fatty acids, tall-oil, reaction products with triethanolamine",CAS without structure,TRUE,TRUE,Fatty acids and conjugates,subclass,subset,medium,NA,NA,FALSE
"Heavy Fuel oil|Fuel oil, residues-straight-run gas oils, high-sulfur",CAS without structure,TRUE,FALSE,NA,NA,NA,high,NA,NA,FALSE
"4-nonylphenol, branched",CAS without structure,TRUE,TRUE,Phenols,class,subset,medium,NA,NA,FALSE
"poly(oxy-1,2-ethanediyl), .alpha.-(4-hydroxybutyl)-.omega.-hydroxy",CAS without structure,TRUE,TRUE,Polyethylene glycols,direct_parent,subset,high,NA,NA,FALSE
SX9509,Unclassified,TRUE,FALSE,NA,NA,NA,high,NA,NA,FALSE
POLYMER SOF03,Unclassified,TRUE,FALSE,NA,NA,NA,high,NA,NA,FALSE
LS-157,Unclassified,TRUE,FALSE,NA,NA,NA,high,NA,NA,FALSE
"Resin acids and Rosin acids, cobalt salts",CAS without structure,TRUE,TRUE,Organic metal salts,class,subset,medium,NA,NA,FALSE
"Fatty acids, C18 unsatd., reaction products with triethanolamine",Unclassified,TRUE,TRUE,Fatty acids and conjugates,subclass,subset,medium,NA,NA,FALSE
Reaction products of boric acid and lithium hydroxide,Unclassified,TRUE,TRUE,Alkali metal borates,subclass,subset,high,NA,NA,FALSE
UC-130,Unclassified,TRUE,FALSE,NA,NA,NA,medium,NA,NA,FALSE
Repellents by smell of animal or plant origin/ tall oil crude,Unclassified,TRUE,FALSE,NA,NA,NA,high,NA,NA,FALSE
"Matte, copper-lead, tellurium-contg.",CAS without structure,TRUE,FALSE,NA,NA,NA,high,NA,NA,FALSE
"Rape oil, reaction products with diethylenetriamine",CAS without structure,TRUE,FALSE,NA,NA,NA,medium,NA,NA,FALSE
"N-C16-18-alkyl-(evennumbered) C18 unsaturated) propane-1,3-diamine",CAS without structure,TRUE,TRUE,Primary amines,direct_parent,subset,low,NA,NA,FALSE
Mustard seeds powder,Unclassified,TRUE,FALSE,NA,NA,NA,high,NA,NA,FALSE
CGZP-2-OT,Unclassified,TRUE,FALSE,NA,NA,NA,medium,NA,NA,FALSE
Artemisia vulgaris L.,CAS without structure,TRUE,FALSE,NA,NA,NA,high,NA,NA,FALSE
"Copper, bis(8-quinolinolato-N1,O8)-, reaction products with C8-10-branched fatty acids, tert-decanoic acid, nickel(2+) diacetate, nickel(2+) carbonate (1:1) and nickel hydroxide (Ni(OH)2)",CAS without structure,TRUE,FALSE,NA,NA,NA,high,NA,NA,FALSE
condensation product of cinnamic aldehyde and hexamethylenediamine,Unclassified,TRUE,FALSE,NA,NA,NA,medium,NA,NA,FALSE
"Diundecyl phthalate, branched and linear",CAS without structure,TRUE,TRUE,Phthalate esters,direct_parent,subset,high,NA,NA,FALSE
sodium monoalkyl dialkylphenoxybenzenedisulfonate,Unclassified,TRUE,TRUE,Organic sulfonic acids and derivatives,superclass,subset,medium,NA,NA,FALSE
FG-7,Unclassified,TRUE,FALSE,NA,NA,NA,medium,NA,NA,FALSE
"pentapotassium 2-(4-{5-[1-(2,5-disulfophenyl)-4,5-dihydro-3-methylcarbamoyl-5-oxopyrazol-4-ylidene]-3-(2-pyrrolidinone-1-yl)-1,3-pentadienyl}-3-methylcarbamoyl-5-oxopyrazol-1-yl)benzene-1,4-disulfonate",Unclassified,TRUE,FALSE,NA,NA,NA,high,NA,NA,FALSE
"C18 unsaturated fatty acids, reaction products with 1-aminopropan-2-ol, maleic anhydride and sodium bisulfite",Unclassified,TRUE,TRUE,Fatty acids and conjugates,subclass,broader,low,NA,NA,FALSE
5-formaminoimidazole-4-carboxamide formate,Unclassified,TRUE,FALSE,NA,NA,NA,high,NA,NA,FALSE
Landes pine tar,Unclassified,TRUE,FALSE,NA,NA,NA,high,NA,NA,FALSE
"Reaction products of 2-ethylhexan-1-ol with hexamethylene diisocyanate, allophanate-type",Unclassified,TRUE,TRUE,Polycarbamates,class,subset,medium,NA,NA,FALSE
"Alkanes, C<sub>12-26</sub>-branched and linear",CAS without structure,TRUE,TRUE,Alkanes,subclass,subset,high,NA,NA,FALSE
"Reaction products of 3-methylbutanal and 3-methylbut-3-en-1-ol, distillation overheads, acid-treated, hydrogenated",Unclassified,TRUE,FALSE,NA,NA,NA,high,NA,NA,FALSE
LANTHANUM STRONTIUM MANGANESE OXIDE,Unclassified,TRUE,FALSE,NA,NA,NA,medium,NA,NA,FALSE
179U60,Unclassified,TRUE,FALSE,NA,NA,NA,high,NA,NA,FALSE
"1H-Imidazole, reaction products with epichlorohydrin",CAS without structure,TRUE,TRUE,Azoles,class,subset,low,NA,NA,FALSE
"Fructofuranosidase, β-",CAS without structure,TRUE,FALSE,NA,NA,NA,high,NA,NA,FALSE
"7-amino-4-hydroxy-2-naphthalenesulfonic acid, coupled with 5 (or 8) -amino-8 (or 5)-[[4-[[4-[[4-amino-6(or 7)-sulfo-1-naphthyl]azo]phenyl]amino]-3-sulfophenyl]azo]-2-naphthalenesulfonic acid and 4-hydroxy-7-(phenylamino)-2-naphthalenesulfonic acid, sodium salt",Unclassified,TRUE,FALSE,NA,NA,NA,high,NA,NA,FALSE
"Alfalfa, ext.",CAS without structure,TRUE,FALSE,NA,NA,NA,high,NA,NA,FALSE
"((2R, 5S)-5-(4-Amino-5-fluoro-2-oxo-2H-pyrimidin-1-yl)-[1,3]oxathiolane-2-carboxylic Acid, (2S)-Isopropyl-(5R)-methyl-(1R)-cyclohexyl Ester",Unclassified,TRUE,FALSE,NA,NA,NA,high,NA,NA,FALSE
"Hydrocarbons, C4, 1,3-butadiene- and isobutene-free",CAS without structure,TRUE,TRUE,Hydrocarbons,superclass,subset,high,NA,NA,FALSE
NTX 1928,Unclassified,TRUE,FALSE,NA,NA,NA,high,NA,NA,FALSE
"Tar bases, coal, crude",CAS without structure,TRUE,FALSE,NA,NA,NA,high,NA,NA,FALSE
"Aluminum chloride, basic, reaction products with silica",CAS without structure,TRUE,FALSE,NA,NA,NA,medium,NA,NA,FALSE
"Reaction products of 2-Anthracenesulfonic acid, 1-amino-4-[[3-[[4-chloro-6-[(3-sulfophenyl)amino]-1,3,5-triazin-2-yl]amino]-2,4,6-trimethyl-5-sulfophenyl]amino]-9,10-dihydro-9,10-dioxo-, trisodium salt and 2-Anthracenesulfonic acid, 1-amino-4-[[3-[[4-chloro-6-[(4-sulfophenyl)amino]-1,3,5-triazin-2-yl]amino]-2,4,6-trimethyl-5-sulfophenyl]amino]-9,10-dihydro-9,10-dioxo-, trisodium salt and lithium chloride",Unclassified,TRUE,FALSE,NA,NA,NA,high,NA,NA,FALSE
"organopolysiloxanes, linear or branched with methylgroups",CAS without structure,TRUE,TRUE,Siloxanes,subclass,subset,medium,NA,NA,FALSE
"1,1,1-trimethyl-2-(methoxycarbonylethyl)hydrazonium bromide",Unclassified,TRUE,FALSE,NA,NA,NA,high,NA,NA,FALSE
PIBH,Unclassified,TRUE,FALSE,NA,NA,NA,low,NA,NA,FALSE
"Stearic acid, reaction product with 2-aminoethanol, maleic anhydride and sodium sulfite",Unclassified,TRUE,FALSE,NA,NA,NA,high,NA,NA,FALSE
tragacanth gum,CAS without structure,TRUE,FALSE,NA,NA,NA,high,NA,NA,FALSE
Condensation products of N-(6-aminohexyl)-12-hydroxyoctadecanamide and sebacic acid,Unclassified,TRUE,TRUE,Carboxylic acid amides,direct_parent,subset,low,NA,NA,FALSE
"(2S,3S,4R)-methyl 4-((3-(1,1-difluorobut-3-en-1-yl)-7-methoxyquinoxalin-2-yl)oxy)-3-ethylpyrrolidine-2-carboxylate 4-methylbenzenesulfonate",CAS without structure,TRUE,FALSE,NA,NA,NA,high,NA,NA,FALSE
Bacillus thuringiensis subsp. Aizawai strain ABTS-1857,Unclassified,TRUE,NA,NA,NA,NA,low,NA,NA,FALSE
"Fatty acids, C16-18, esters with diethylene glycol",CAS without structure,TRUE,TRUE,Fatty acid esters,subclass,subset,high,NA,NA,FALSE
"Cobaltate(3-), bis[6-amino-5-[(2-hydroxy-3,5-dinitrophenyl)azo]-1-naphthalenesulfonato(3-)]-, sodium",CAS without structure,TRUE,FALSE,NA,NA,NA,high,NA,NA,FALSE
barium calcium cesium lead samarium strontium bromide chloride fluoride iodide europium doped,CAS without structure,TRUE,TRUE,Inorganic salts,superclass,subset,medium,NA,NA,FALSE
"Phenol, 4-amino-, reaction products with aniline, 4-methyl-1,3-benzenediamine, p-phenylenediamine, sodium sulfide (Na2S) and sulfur",CAS without structure,TRUE,FALSE,NA,NA,NA,high,NA,NA,FALSE
HECMA,Unclassified,TRUE,FALSE,NA,NA,NA,low,NA,NA,FALSE
"Flue dust, lead-manufg., cadmium-rich",CAS without structure,TRUE,FALSE,NA,NA,NA,high,NA,NA,FALSE
ALKYL SUBSTITUTED SILICA GEL,Unclassified,TRUE,TRUE,Organosilicon compounds,subclass,subset,medium,NA,NA,FALSE
"Phosphoric acid, mono C16-20 (branched, even numbered) alkyl esters",Unclassified,TRUE,TRUE,Organic phosphoric acids and derivatives,superclass,subset,medium,NA,NA,FALSE
"N-(3-Guanidino-4-methyl-phenyl)-4-(4-methyl-piperazin-1-ylmethyl)-benzamide, dihydrochloride",Unclassified,TRUE,FALSE,NA,NA,NA,high,NA,NA,FALSE
"N,N,N',N',N''-Pentamethyl-N-C16-18 (even numbered) C18 unsat.-alkyl-1,3-propanediammonium chloride",CAS without structure,TRUE,TRUE,Quaternary ammonium salts,subclass,subset,medium,NA,NA,FALSE
"Phosphoric acid, C4 and C12-14(even numbered) alkyl esters",Unclassified,TRUE,TRUE,Organic phosphoric acids and derivatives,superclass,subset,medium,NA,NA,FALSE
"9-Octadecenoic acid (Z)-, reaction products with 2-[(2-aminoethyl)amino]ethanol",CAS without structure,TRUE,TRUE,Fatty amides,subclass,subset,medium,NA,NA,FALSE
"Lead oxide sulfate (Pb4O3(SO4)), monohydrate",CAS without structure,TRUE,FALSE,NA,NA,NA,high,NA,NA,FALSE
"N,N‘-di-C16-18 (even numbered) and C18-unsatd. alkyl[1,2-ethanediylbis(imino-3,1-propanediyl)]diamines",Unclassified,TRUE,TRUE,Amines,subclass,subset,low,NA,NA,FALSE
cotton seed oil,CAS without structure,TRUE,FALSE,NA,NA,NA,high,NA,NA,FALSE
Methyl 2-((3-chloro-4-cyanophenyl)amino)-2-methoxyacetate,Unclassified,TRUE,FALSE,NA,NA,NA,high,NA,NA,FALSE
Concrete obtained from lichen of Pseudevernia furfuracea (syn evernia furfuracea)(Parmeliaceae) by extraction with a mixture of polar and apolar solvents,Unclassified,TRUE,FALSE,NA,NA,NA,high,NA,NA,FALSE
polyester derived from the condensation of adipic acid and ethylene glycol,Unclassified,TRUE,TRUE,Organic Polymers,superclass,subset,medium,NA,NA,FALSE
N-[(9H-fluoren-9-ylmethoxy)carbonyl]glycyl-L-prolyl-O-tert-butyl-L-seryl-O-tert-butyl-L-serylglycine,CAS without structure,TRUE,FALSE,NA,NA,NA,high,NA,NA,FALSE
"(3S,6E)- 3,7,11-trimethyldodeca-6,10-dien-1-ol",Unclassified,TRUE,FALSE,NA,NA,NA,high,NA,NA,FALSE
N-isotridecyl-iso-tridecanamide,Unclassified,TRUE,FALSE,NA,NA,NA,high,NA,NA,FALSE
"Fatty acids, tall-oil, manganese salts",CAS without structure,TRUE,TRUE,Organic metal salts,class,subset,medium,NA,NA,FALSE
Thyme oil,Unclassified,TRUE,FALSE,NA,NA,NA,high,NA,NA,FALSE
"Decene, hydroformylation products, high boiling",Unclassified,TRUE,TRUE,Fatty alcohols,subclass,subset,low,NA,NA,FALSE
"Nickel, 2,2'-thiobis[4-nonylphenol] complexes",CAS without structure,TRUE,TRUE,Transition metal salts,class,subset,low,NA,NA,FALSE
"Fatty acids, C16-18, reaction products with diethanolamine",CAS without structure,TRUE,TRUE,Fatty amides,subclass,subset,medium,NA,NA,FALSE
"N,N-Di-(2-Ethylhexyl)-amino Isostearamide",CAS without structure,TRUE,FALSE,NA,NA,NA,high,NA,NA,FALSE
"7,7'-(carbonyldiimino)bis[4-hydroxy-3-[(6-sulpho-2-naphthyl)azo]naphthalene-2-sulphonic] acid, sodium salt, compound with 2,2',2''-nitrilotriethanol",CAS without structure,TRUE,FALSE,NA,NA,NA,high,NA,NA,FALSE
SC-188,Unclassified,TRUE,FALSE,NA,NA,NA,medium,NA,NA,FALSE
Fat distillation residues,Unclassified,TRUE,TRUE,Fatty Acyls,class,subset,low,NA,NA,FALSE
SIMFPI2,Unclassified,TRUE,FALSE,NA,NA,NA,high,NA,NA,FALSE
BLEU PERGASCRIPT BD 551,Unclassified,TRUE,FALSE,NA,NA,NA,high,NA,NA,FALSE
ARANCIO REATTIVO 116,Unclassified,TRUE,FALSE,NA,NA,NA,high,NA,NA,FALSE
"Reaction products of 1,6-hexanediamine and 12-hydroxyoctadecanoic acid",Unclassified,TRUE,TRUE,Fatty amides,subclass,subset,medium,NA,NA,FALSE
Neodecanoic acid,CAS without structure,TRUE,FALSE,NA,NA,NA,high,NA,NA,FALSE
"Reaction products of diazotised 2-amino-5-{[2-(sulfooxy)ethyl]sulfonyl}benzenesulfonic acid coupled with 2,5-diaminobenzenesulfonic acid, subsequently coupled with diazotised 2-[(3-aminophenyl)sulfonyl]ethyl hydrogen sulfate, potassium sodium salts",Unclassified,TRUE,FALSE,NA,NA,NA,medium,NA,NA,FALSE
DITHIODISUCCINIC ACID,Unclassified,TRUE,FALSE,NA,NA,NA,medium,NA,NA,FALSE
"Triammonium salt of 2,2',2'',2'''-(cyclohexane-1,2-diyldinitrilo)tetraacetic acid",Unclassified,TRUE,FALSE,NA,NA,NA,high,NA,NA,FALSE
"Aluminum, dross",CAS without structure,TRUE,FALSE,NA,NA,NA,high,NA,NA,FALSE
"3-C12-18-(even numbered)-alkylamido-N,N-dimethylpropan-1-amino oxide",Unclassified,TRUE,TRUE,Long-chain alkyl amine oxides,direct_parent,subset,medium,NA,NA,FALSE
"Reaction products of 2,7-Naphthalenedisulfonic acid, 5-[[4-chloro-6-(ethylphenylamino)-1,3,5-triazin-2-yl]amino]-4-hydroxy-3-[(2-sulfophenyl)azo]-, trisodium salt and lithium chloride",Unclassified,TRUE,FALSE,NA,NA,NA,high,NA,NA,FALSE
"7-[(ethoxycarbonyl)amino]-4-hydroxynaphthalene-2-sulfonic acid, sodium salt",Unclassified,TRUE,FALSE,NA,NA,NA,high,NA,NA,FALSE
"perchloric acid, salts (perchlorate)",Unclassified,TRUE,TRUE,Organic perchlorate salts,class,broader,medium,Organic perchlorate salts,0.8345977760691042,TRUE
(Trimethoxysilyl)methyl 2-methacrylate,Unclassified,TRUE,FALSE,NA,NA,NA,high,NA,NA,FALSE
"2,3-dihydroxypropyl undecylenat",Unclassified,TRUE,FALSE,NA,NA,NA,high,NA,NA,FALSE
divanadium(5+) dialuminium(3+) magnesium(2+) nonaoxidandiide,CAS without structure,TRUE,FALSE,NA,NA,NA,high,NA,NA,FALSE
"Lead, naphthenate neodecanoate complexes",CAS without structure,TRUE,TRUE,Organic lead salts,subclass,subset,medium,NA,NA,FALSE
"Sulfonic acids, C16-alkane hydroxy and C16-alkene, potassium salts",CAS without structure,TRUE,TRUE,Organic sulfonic acids and derivatives,superclass,subset,medium,NA,NA,FALSE
BFC,Unclassified,TRUE,FALSE,NA,NA,NA,low,NA,NA,FALSE
ACETATE D'ISOHEPTYLE,Unclassified,TRUE,FALSE,NA,NA,NA,medium,NA,NA,FALSE
"Quillaja saponaria, ext.",CAS without structure,TRUE,FALSE,NA,NA,NA,high,NA,NA,FALSE
MG1,Unclassified,TRUE,FALSE,NA,NA,NA,medium,NA,NA,FALSE
"3-[(2,2-Dimethyl-1,2-azasilolidin-1-yl)(dimethyl)silyl]-1-propanamine",Unclassified,TRUE,FALSE,NA,NA,NA,high,NA,NA,FALSE
"Amines, N-C12-18 (even numbered) alkyltrimethylenedi- andamines, N-(3-aminopropyl)-N’-(C12-18 (even numbered) alkyl)trimethylenedi-,carboxymethyl derivs., sodium salts",Unclassified,TRUE,TRUE,Amines,subclass,subset,low,NA,NA,FALSE
"Fatty acids, C14-18 and C16-18-unsatd., esters with neopentyl glycol",CAS without structure,TRUE,TRUE,Fatty acid esters,subclass,subset,high,NA,NA,FALSE
L-2-(Benzyl-methyl-amino)-1-(3-hydroxy-phenyl)-ethanol,Unclassified,TRUE,FALSE,NA,NA,NA,high,NA,NA,FALSE
"cellulose, 2-hydroxypropyl methyl ether (HPMC)",CAS without structure,TRUE,FALSE,NA,NA,NA,medium,NA,NA,FALSE
"sodium hydrogen [5-(diethylamino)-2-[(2-hydroxy-4-nitrophenyl)azo]phenolato(2-)][5-hydroxy-6-[(2-hydroxy-4-nitrophenyl)azo]-1-naphthalenesulfonato(3-)]-, chromate(2-)",Unclassified,TRUE,FALSE,NA,NA,NA,high,NA,NA,FALSE
"Copper, [29H,31H-phthalocyaninato(2-)-N29,N30,N31,N32]-, [[2-[(4-chloro-6-methoxy-1,3,5-triazin-2-yl)amino]ethyl]amino]sulfonyl sulfo derivs., sodium salts",CAS without structure,TRUE,TRUE,Phthalocyanines,subclass,subset,high,NA,NA,FALSE
Hydrolyzed Quinoa,CAS without structure,TRUE,FALSE,NA,NA,NA,high,NA,NA,FALSE
chlorotoluene,CAS without structure,TRUE,TRUE,Halotoluenes,subclass,subset,high,NA,NA,FALSE
"3-Isocyanatomethyl-3,5,5-trimethylcyclohexyl isocyanate, oligomers, 2-Hydroxy-1(2)- methylethyl carbamate blocked",Unclassified,TRUE,TRUE,Polycarbamates,class,subset,medium,NA,NA,FALSE
"Hexanedioic acid oligomeric reaction products with 2,2'-oxybis[ethanol]",CAS without structure,TRUE,TRUE,Macrolides and analogues,class,subset,low,NA,NA,FALSE
"Fatty acids, C16-18, lithium salts",CAS without structure,TRUE,TRUE,Organic alkali metal salts,subclass,subset,medium,NA,NA,FALSE
"1-(2,2,3,3,3-pentafluoropropoxy)-butan-2-ol",CAS without structure,TRUE,FALSE,NA,NA,NA,high,NA,NA,FALSE
REVERSACOL FLAME,Unclassified,TRUE,FALSE,NA,NA,NA,high,NA,NA,FALSE
"4,4'-methylenediphenyldiisocyanate and 2,4'-diisocyanatodiphenylmethane and their oligomerisation reaction products with 2,2'-oxydiethanol, propane-1,2-diol and butane-1,3-diol",Unclassified,TRUE,TRUE,Polycarbamates,class,subset,medium,NA,NA,FALSE
"Trisodium 1-hydroxynaphthalene-2-azo-4'-(5',5''-dimethylbiphenyl)-4''-azo(4''-phenylsulfonyloxybenzene)-2',2'',4-trisulfonate",CAS without structure,TRUE,FALSE,NA,NA,NA,high,NA,NA,FALSE
(2S)-2-hydrazinyl-3-[4-hyrdoxy-3-(substituted)phenyl]-2-alkylpropanoic acid — tert-alkylamine (1/1),Unclassified,TRUE,TRUE,Hydrazines and derivatives,subclass,subset,medium,NA,NA,FALSE
"Alpha,alpha-trehalaseIUBMB 3.2.1.28",CAS without structure,TRUE,FALSE,NA,NA,NA,high,NA,NA,FALSE
Transaminase enzyme powder,CAS without structure,TRUE,FALSE,NA,NA,NA,high,NA,NA,FALSE
"Resin acids and Rosin acids, fumarated, esters with glycerol",CAS without structure,TRUE,TRUE,Carboxylic acid esters,direct_parent,subset,medium,NA,NA,FALSE
"Phosphoric acid, mono- and di-C8-10-(even numbered)-alkyl esters",Unclassified,TRUE,TRUE,Organic phosphoric acids and derivatives,superclass,subset,medium,NA,NA,FALSE
"Fatty acids, C16-18, Bu esters",CAS without structure,TRUE,TRUE,Fatty acid esters,subclass,subset,high,Fatty acid esters,0.8200929502279364,TRUE
2-hydroxyethylammonium perbromide,Unclassified,TRUE,FALSE,NA,NA,NA,high,NA,NA,FALSE
"(R)-3-(2-fluoro-4-phenoxyphenyl)-1-(piperidin-3-yl)-1H-pyrazolo[3,4-d]pyrimidin-4-amine",Unclassified,TRUE,FALSE,NA,NA,NA,high,NA,NA,FALSE
"Amides, coco, N-[3-(dimethylamino)propyl]",CAS without structure,TRUE,TRUE,Fatty amides,subclass,subset,high,NA,NA,FALSE
PDS-1799,Unclassified,TRUE,FALSE,NA,NA,NA,high,NA,NA,FALSE
Enamel,Unclassified,TRUE,FALSE,NA,NA,NA,high,NA,NA,FALSE
"Amines, C12-14-tert-alkyl, compds. with 2(3H)-benzothiazolethione",CAS without structure,TRUE,TRUE,Organosulfur compounds,superclass,broader,low,NA,NA,FALSE
"Anthemis nobilis, ext.",CAS without structure,TRUE,FALSE,NA,NA,NA,high,NA,NA,FALSE
Reaction mixture of hydrogenated tallow alkyl amines with sebacic acid and barium hydroxide,Unclassified,TRUE,FALSE,NA,NA,NA,high,NA,NA,FALSE
Pseudomonas sp. Strain DSMZ 13134,Unclassified,TRUE,FALSE,NA,NA,NA,high,NA,NA,FALSE
Essential oil of Cedarwood Texas obtained from the wood of Juniperus mexicana (Cupressaceae) by distillation - Terpenes,Unclassified,TRUE,FALSE,NA,NA,NA,high,NA,NA,FALSE
"Fatty acids, C18-unsatd., dimers, hydrogenated, diisooctadecyl esters",CAS without structure,TRUE,TRUE,Fatty acid esters,subclass,subset,medium,NA,NA,FALSE
Xylene,CAS without structure,TRUE,TRUE,Xylenes,subclass,exact,high,Xylenes,0.9376536106705246,TRUE
NK-4293,Unclassified,TRUE,FALSE,NA,NA,NA,high,NA,NA,FALSE
"(butadiene, styrene, methyl methacrylate) copolymer cross-linked with 1,3-butanediol dimethacrylate",Unclassified,TRUE,FALSE,NA,NA,NA,high,NA,NA,FALSE
Diethyl 2-[2-bromoethyl]-2-ethoxycarbonylmalonate,Unclassified,TRUE,FALSE,NA,NA,NA,high,NA,NA,FALSE
2-(2-oxopyrrolidin-1-yl)butyramide,Unclassified,TRUE,FALSE,NA,NA,NA,high,NA,NA,FALSE
polyterpenes,Unclassified,TRUE,TRUE,Polyterpenoids,subclass,exact,medium,Polyterpenoids,0.931239905915452,TRUE
pumpkin seed oil,CAS without structure,TRUE,FALSE,NA,NA,NA,high,NA,NA,FALSE
"Amides, C8-18 (even numbered) and C18-unsatd., N-(hydroxyethyl)",Unclassified,TRUE,TRUE,Fatty amides,subclass,subset,high,NA,NA,FALSE
Trisodium [5-[[4-[(3-chloro-2-hydroxy-5-sulphophenyl)azo]-3-hydroxyphenyl]azoxy]-2-[2-(4-nitro-2-sulphophenyl)vinyl]benzenesulphonato(5-)]cuprate(3-),CAS without structure,TRUE,FALSE,NA,NA,NA,high,NA,NA,FALSE
BXDA,Unclassified,TRUE,NA,NA,NA,NA,low,NA,NA,FALSE
NEJI-18,Unclassified,TRUE,FALSE,NA,NA,NA,high,NA,NA,FALSE
[(S)-2-(4-{3-[3-benzhydrylidene-amino-5-chloro-2-fluoro-phenyl]-1-isopropyl-1H-pyrazol-4-yl}-pyrimidin-2-ylamino)-1-methyl-ethyl]-carbamic acid methyl ester,Unclassified,TRUE,FALSE,NA,NA,NA,high,NA,NA,FALSE
"Hydrocarbons, C5, ethylene-manuf.-by-product, hydrogenated",CAS without structure,TRUE,TRUE,Saturated hydrocarbons,class,subset,medium,NA,NA,FALSE
"5-CHLORCARBONYL-5H-DIBENZ(B,F)AZEPIN",Unclassified,TRUE,FALSE,NA,NA,NA,high,NA,NA,FALSE
Graphites,Unclassified,TRUE,FALSE,NA,NA,NA,high,NA,NA,FALSE
1-Hydroxycyclopentanecarboxylic acid ethyl ester,Unclassified,TRUE,FALSE,NA,NA,NA,high,NA,NA,FALSE
"Trisodium 2-{2-[1-ethyl-2-hydroxy-4-methyl-6-oxo-5-(sulfonatomethyl)-1,6-dihydropyridin-3-yl]diazen-1-yl}-4-{[4-fluoro-6-({4-[2-(sulfonatooxy)ethanesulfonyl]phenyl}amino)-1,3,5-triazin-2-yl]amino}benzene-1-sulfonate",Unclassified,TRUE,FALSE,NA,NA,NA,high,NA,NA,FALSE
"Lead, dross, bismuth-rich",CAS without structure,TRUE,FALSE,NA,NA,NA,high,NA,NA,FALSE
"Benzamide, N-[9-[(2R,6S)-6-(hydroxymethyl)-2-morpholinyl]-9H-purin-6-yl]-, ethanedioate (1:1)",CAS without structure,TRUE,FALSE,NA,NA,NA,high,NA,NA,FALSE
"Benzenesulfonic acid, mono- and dialkylation products with C16-20 (even numbered, branched and linear) olefins",Unclassified,TRUE,TRUE,Benzenesulfonic acids and derivatives,subclass,subset,high,NA,NA,FALSE
"Nonanoic acid, mixed esters with heptanoic acid, pentaerythritol and valeric acid",CAS without structure,TRUE,TRUE,Carboxylic acid esters,direct_parent,subset,medium,NA,NA,FALSE
"Artemisia herba-alba, ext.",CAS without structure,TRUE,FALSE,NA,NA,NA,high,NA,NA,FALSE
Other inorganic mercury compounds,Substance group,TRUE,TRUE,Inorganic mercury compounds,class,subset,medium,Inorganic mercury compounds,0.9668960312485926,TRUE
"Wheat, ext.",CAS without structure,TRUE,FALSE,NA,NA,NA,high,NA,NA,FALSE
"Amides, C10-12 (even numbered) and C18 (unsaturated) alkyl, N, N-bis(hydroxyethyl)",Unclassified,TRUE,TRUE,Fatty amides,subclass,subset,high,NA,NA,FALSE
Dextransucrase,CAS without structure,TRUE,FALSE,NA,NA,NA,high,NA,NA,FALSE
"Naphthalenesulfonic acids, branched and linear Bu derivs., sodium salts",CAS without structure,TRUE,TRUE,Naphthalene sulfonic acids and derivatives,subclass,subset,high,NA,NA,FALSE
DMPAIPC,Unclassified,TRUE,FALSE,NA,NA,NA,low,NA,NA,FALSE
NT-17,Unclassified,TRUE,FALSE,NA,NA,NA,high,NA,NA,FALSE
arsenic acid and its salts with the exception of those specified elsewhere in this Annex,Substance group,TRUE,TRUE,Inorganic arsenic compounds,class,subset,medium,NA,NA,FALSE
"Fatty acid chlorides, C18 unsatd., reaction products with sodium N-methyltaurinate",CAS without structure,TRUE,TRUE,Fatty amides,subclass,subset,medium,NA,NA,FALSE
"Slags, ferronickel-manufg.",CAS without structure,TRUE,FALSE,NA,NA,NA,high,NA,NA,FALSE
"hydrocarbons C26-55, arom-rich",CAS without structure,TRUE,TRUE,Aromatic hydrocarbons,class,subset,medium,NA,NA,FALSE
"α-hydroxypoly(methyl-(3-(2,2,6,6-tetramethylpiperidin-4-yloxy)propyl)siloxane)",Unclassified,TRUE,TRUE,Organic Polymers,superclass,subset,medium,NA,NA,FALSE
GCA 11,Unclassified,TRUE,FALSE,NA,NA,NA,low,NA,NA,FALSE
SD956,Unclassified,TRUE,FALSE,NA,NA,NA,high,NA,NA,FALSE
Zinc iron chromite brown spinel,CAS without structure,TRUE,FALSE,NA,NA,NA,medium,NA,NA,FALSE
SOLSPERSE 25000,Unclassified,TRUE,FALSE,NA,NA,NA,high,NA,NA,FALSE
"2-benzofuran-1,3-dione, addition product with (2R,3R,4R,5S)-hexane-1,2,3,4,5,6-hexol and 2-(2-hydroxyethoxy)ethanol, propoxylated",CAS without structure,TRUE,FALSE,NA,NA,NA,medium,NA,NA,FALSE
(Z)-7-Tetradecanole,Unclassified,TRUE,FALSE,NA,NA,NA,high,NA,NA,FALSE
salts of hyoscyamine,Unclassified,TRUE,TRUE,Tropane alkaloids,class,subset,high,NA,NA,FALSE
"1,5-naphthylenediisocyanate, or 4,4'-diphenylmethanediisocyanate, or toluylenediisocyanate",Unclassified,TRUE,TRUE,Isocyanates,subclass,subset,medium,NA,NA,FALSE
"(15α,16α,17β)-3-hydroxyestra-1,3,5(10)-triene-15,16,17-triyl triacetate",CAS without structure,TRUE,FALSE,NA,NA,NA,high,NA,NA,FALSE
"Pentanoic acid, 2-propyl-, lead(2+) salt",CAS without structure,TRUE,FALSE,NA,NA,NA,high,NA,NA,FALSE
"Almond, sweet, ext.",CAS without structure,TRUE,FALSE,NA,NA,NA,high,NA,NA,FALSE
"Coal Tar Solids Residue|Tar, coal, storage residues|[The deposit removed from crude coal tar storages. Composed primarily of coal tar and carbonaceous particulate matter.]",CAS without structure,TRUE,FALSE,NA,NA,NA,high,NA,NA,FALSE
polyethylene wax,CAS without structure,TRUE,TRUE,Polyethylene glycols,direct_parent,broader,low,NA,NA,FALSE
"salts and esters of dinoseb, with the exception of those specified elsewhere in this Annex",Unclassified,TRUE,TRUE,Organic salts,superclass,broader,medium,NA,NA,FALSE
"Reaction products of cyclohexylamine, alkan-1-amine and 1,1'-methanediylbis(4-isocyanatobenzene)",Unclassified,TRUE,TRUE,Polyureas,superclass,subset,medium,NA,NA,FALSE
"Lead, C5-23-branched carboxylate naphthenate octanoate complexes",CAS without structure,TRUE,TRUE,Organic metal salts,superclass,subset,medium,NA,NA,FALSE
alkylpolyethoxypolypropoxy benzylether,CAS without structure,TRUE,TRUE,Phenol ethers,class,subset,medium,NA,NA,FALSE
"Phosphoric acid, C14-15 branched and linear alkyl esters, potassium salts",CAS without structure,TRUE,TRUE,Organic phosphoric acids and derivatives,superclass,subset,medium,NA,NA,FALSE
"Esterification products of glycerol with docosanoic acid, icosanedioic acid and 16-methylheptadecanoic acid",Unclassified,TRUE,TRUE,Triacylglycerols,subclass,subset,medium,NA,NA,FALSE
"Phosphoric acid, isotridecyl esters",Unclassified,TRUE,TRUE,Organic phosphoric acids and derivatives,superclass,subset,medium,NA,NA,FALSE
"4-Nonylphenol, branched, ethoxylated",CAS without structure,TRUE,TRUE,Phenol ethers,class,subset,medium,NA,NA,FALSE
Straight Chain Lepidopteran Pheromones (SCLPs) - Aldehydes,Unclassified,TRUE,TRUE,Fatty aldehydes,subclass,subset,high,NA,NA,FALSE
"Margosa, ext. [cold-pressed oil of Azadirachta indica seeds without shells extracted with super-critical carbon dioxide]",CAS without structure,TRUE,FALSE,NA,NA,NA,high,NA,NA,FALSE
Imazethabenz,Unclassified,TRUE,FALSE,NA,NA,NA,high,NA,NA,FALSE
(3R)-4[(4-Methoxyphenyl)methyl]-3-methylpiperazine-2-one,Unclassified,TRUE,FALSE,NA,NA,NA,high,NA,NA,FALSE
"Lithium 1,1-dimethylpropoxide",Unclassified,TRUE,FALSE,NA,NA,NA,high,NA,NA,FALSE
2-({2-[4-(dimethylamino)benzoyloxy]ethyl}(methyl)amino)ethyl 4-(dimethylamino)benzoate,Unclassified,TRUE,FALSE,NA,NA,NA,high,NA,NA,FALSE
"di-n-octyltin dimaleate, esterified",Unclassified,TRUE,FALSE,NA,NA,NA,medium,NA,NA,FALSE
"Glycine, N-methyl-, N-coco acyl derivs., sodium salts",CAS without structure,TRUE,TRUE,"Amino acids, peptides, and analogues",subclass,subset,medium,NA,NA,FALSE
"Amides, tall-oil fatty, N,N'-(iminodi-2,1-ethanediyl)bis-, phosphates",CAS without structure,TRUE,TRUE,Fatty amides,subclass,subset,medium,NA,NA,FALSE
ABE-IT 56,Unclassified,TRUE,NA,NA,NA,NA,low,NA,NA,FALSE
"Acetamide, N-(2,4-dinitrophenyl)-, reaction products with 1-methyl-2,4-dinitrobenzene and sodium sulfide (Na2(Sx)), leuco derivatives",CAS without structure,TRUE,TRUE,Organonitrogen compounds,superclass,subset,low,NA,NA,FALSE
"2,2',2''-Nitrilotriethanol, propoxylated",CAS without structure,TRUE,TRUE,Alcohols and polyols,subclass,subset,medium,NA,NA,FALSE
"Tagetes minuta, ext.",CAS without structure,TRUE,FALSE,NA,NA,NA,high,NA,NA,FALSE
"2,3-Epoxypropyl neodecanoate, oligomeric reaction products with toluene-4-sulfonic acid",CAS without structure,TRUE,TRUE,Organic oxygen compounds,superclass,broader,low,NA,NA,FALSE
TRIAZINE B,Unclassified,TRUE,FALSE,NA,NA,NA,medium,Triazines,0.8749003831082924,FALSE
Urtica spp.,Unclassified,TRUE,FALSE,NA,NA,NA,high,NA,NA,FALSE
"Synthetic resin, a reaction product of 4,4'-bis(N-maleimido)diphenylmethane with 3-aminobenzoic acid hydrazide",CAS without structure,TRUE,FALSE,NA,NA,NA,high,NA,NA,FALSE
UCAR POLYPHOBE THICKENER (STRIPPED),Unclassified,TRUE,FALSE,NA,NA,NA,high,NA,NA,FALSE
Reaction products of hydrogenated tallow alkyl amines with sebacic acid and calcium hydroxide,CAS without structure,TRUE,TRUE,Organic salts,superclass,subset,low,NA,NA,FALSE
Trichoderma harzianum T78,Unclassified,TRUE,FALSE,NA,NA,NA,high,NA,NA,FALSE
C-1809,Unclassified,TRUE,FALSE,NA,NA,NA,high,NA,NA,FALSE
"3-Chloro-4-(pyridine-3-yl)-1,2,5-thiadiazole",Unclassified,TRUE,FALSE,NA,NA,NA,high,NA,NA,FALSE
"Nonylphenol, branched and linear, ethoxylated (with average molecular weight < 352 g/mol)",Unclassified,TRUE,TRUE,Phenol ethers,class,subset,medium,NA,NA,FALSE
3-(Bromomethyl)-2-chloro-4-(methylsulfonyl) benzoic acid,Unclassified,TRUE,FALSE,NA,NA,NA,high,NA,NA,FALSE
"Phosphoric acid, mono- and di-isotridecyl esters, potassium salts",Unclassified,TRUE,TRUE,Organic phosphoric acids and derivatives,superclass,subset,medium,NA,NA,FALSE
"Sulfuric acid, mono-C16-18-alkyl esters, sodium salts",CAS without structure,TRUE,TRUE,Sulfuric acid monoesters,subclass,subset,high,NA,NA,FALSE
β-cyclodextrine methyl ethers,Unclassified,TRUE,TRUE,Ethers,subclass,subset,low,NA,NA,FALSE
NT-16,Unclassified,TRUE,FALSE,NA,NA,NA,high,NA,NA,FALSE
"Hematite, chromium green black",CAS without structure,TRUE,FALSE,NA,NA,NA,high,NA,NA,FALSE
N-(2-{[C16-18 (even numbered) alkanoyl]amino}ethyl)-N-(2-hydroxyethyl)[C16-18 (even numbered) alkylamide],Unclassified,TRUE,TRUE,Fatty amides,subclass,subset,medium,NA,NA,FALSE
"2-alkoyloxyethyl hydrogen maleate, where alkoyl represents (by weight) 70 to 85 % unsaturated octadecoyl, 0.5 to 10 % saturated octadecoyl, and 2 to 18 % saturated hexadecoyl",Unclassified,TRUE,TRUE,Carboxylic acid esters,direct_parent,subset,medium,NA,NA,FALSE
"Perchloric acid, reaction products with lead oxide (PbO) and triethanolamine",CAS without structure,TRUE,FALSE,NA,NA,NA,high,NA,NA,FALSE
UETR4,Unclassified,TRUE,FALSE,NA,NA,NA,high,NA,NA,FALSE
ADOGEN CDMC,Unclassified,TRUE,FALSE,NA,NA,NA,high,NA,NA,FALSE
Reaction products of DL-methionine and C18 unsaturated fatty acid chloride and isopropanol,Unclassified,TRUE,TRUE,Carboxylic acid amides,direct_parent,subset,low,NA,NA,FALSE
"Benzenesulfonic acid, mono-C11-13-branched alkyl derivs., sodium salts",CAS without structure,TRUE,TRUE,Benzenesulfonic acids and derivatives,subclass,subset,high,NA,NA,FALSE
"Alcohols, C9-11-branched",CAS without structure,TRUE,TRUE,Branched fatty alcohols,NA,subset,medium,NA,NA,FALSE
Hydrotreated mixture of middle straight-run gas oil and soybean oil,Unclassified,TRUE,FALSE,NA,NA,NA,high,NA,NA,FALSE
"Dihexyl 2-hydroxy-5-methoxybenzene-1,4-bis(5,5-dimethylvalerate)",Unclassified,TRUE,FALSE,NA,NA,NA,high,NA,NA,FALSE
(3-(4-((((3β)-cholest-5-en-yl)oxy)carbonyl)phenoxy)propylmethyl-co-3-(4-((2-methyl-2-propenoyloxy)phenyloxy)carbonyl)-phenoxy)propylmethyl)cyclotetrasiloxane),Unclassified,TRUE,FALSE,NA,NA,NA,medium,NA,NA,FALSE
"Esterification products of C10-14 (even numbered) alkyl oligomeric glycosides with citric acid, disodium salts",Unclassified,TRUE,TRUE,Carboxylic acid esters,direct_parent,subset,medium,NA,NA,FALSE
Methylnaphthylacetic acid,Unclassified,TRUE,TRUE,Naphthalenecarboxylic acids and derivatives,subclass,subset,medium,NA,NA,FALSE
"Cashew (Anacardium occidentale) Nutshell Extract, Decarboxylated, Distilled",CAS without structure,TRUE,FALSE,NA,NA,NA,high,NA,NA,FALSE
C5 rare sugars concentrated extract from hardwood by steam explosion and acidic hydrolysis,Unclassified,TRUE,FALSE,NA,NA,NA,high,NA,NA,FALSE
Naphthenic acids,CAS without structure,TRUE,TRUE,Carboxylic acids and derivatives,class,subset,medium,Naphthalenecarboxylic acids,0.828287331008194,FALSE
"1,6,7,8,9,14,15,16,17,17,18,18-Dodecachloropentacyclo[12.2.1.16,9.02,13.05,10]octadeca-7,15-diene (“Dechlorane Plus”™)",Unclassified,TRUE,FALSE,NA,NA,NA,high,NA,NA,FALSE
Alkyl-[2-(alkyl-substituted-phosphinoyl)-alkyl]-phosphinic acid,Unclassified,TRUE,TRUE,Organophosphinic acids and derivatives,subclass,subset,medium,NA,NA,FALSE
"2-Propenoic acid, 2-methyl-, C12-15-branched and linear alkyl esters",CAS without structure,TRUE,TRUE,Carboxylic acid esters,direct_parent,subset,medium,NA,NA,FALSE
"1,3-Benzenedimethanamine, reaction products with glycidyl tolyl ether",CAS without structure,TRUE,TRUE,"Amino acids, peptides, and analogues",subclass,broader,low,NA,NA,FALSE
soya polymers,Unclassified,TRUE,FALSE,NA,NA,NA,medium,NA,NA,FALSE
"Germanium hydroxide oxides, amorphous silica and sodium chloride, recovery products from germanium refining",Unclassified,TRUE,FALSE,NA,NA,NA,high,NA,NA,FALSE
"Chromium, acetylacetone 6-methyl-2,4-heptanedione complexes",CAS without structure,TRUE,TRUE,Organometallic compounds,superclass,subset,medium,NA,NA,FALSE
"Copper, [29H,31H-phthalocyaninato(2-)-N29,N30,N31,N32]-, sulfonated",CAS without structure,TRUE,FALSE,NA,NA,NA,medium,NA,NA,FALSE
"Schinus molle, ext.",CAS without structure,TRUE,FALSE,NA,NA,NA,high,NA,NA,FALSE
"Neodecanoic acid, zirconium salt",CAS without structure,TRUE,FALSE,NA,NA,NA,high,NA,NA,FALSE
"Benzeneacetic acid, α-hydroxy-, (αS)-(γS)-compd. with N-methyl-γ-(2-methylphenoxy)benzenepropanamine (1:1)",CAS without structure,TRUE,FALSE,NA,NA,NA,high,NA,NA,FALSE
"Resin acids and Rosin acids, esters with glycerol and diethylene glycol",CAS without structure,TRUE,TRUE,Carboxylic acid esters,direct_parent,subset,medium,NA,NA,FALSE
DMP,Unclassified,TRUE,FALSE,NA,NA,NA,medium,NA,NA,FALSE
"Gadolinium oxide sulfide (Gd2O2S), ytterbium-doped",CAS without structure,TRUE,FALSE,NA,NA,NA,high,NA,NA,FALSE
"Benzene, methyl-, reaction products with sulfur chloride (S2Cl2), hexafluorophosphates(1-)",CAS without structure,TRUE,TRUE,Organosulfur compounds,superclass,subset,low,NA,NA,FALSE
SB-1979,Unclassified,TRUE,FALSE,NA,NA,NA,high,NA,NA,FALSE
"Co polymer of 2-methyl-2-adamantyl 2-methyl-2-propenoate, 2-",CAS without structure,TRUE,TRUE,Organic Polymers,superclass,subset,medium,NA,NA,FALSE
Essential oil of Canarium commune (Burseraceae) obtained from gum by steam distillation,Unclassified,TRUE,FALSE,NA,NA,NA,high,NA,NA,FALSE
"1-isocyanato-2(or 4)-(4-isocyanatobenzyl)benzene and their reaction products with [(methylethylene)bis(oxy)]dipropanol and butane-1,3-diol and propylene glycol",Unclassified,TRUE,TRUE,Isocyanates,subclass,broader,medium,NA,NA,FALSE
Trichoderma gamsii (formerly T. viride) strain ICC080,Unclassified,TRUE,NA,NA,NA,NA,low,NA,NA,FALSE
"1,4'-Bipiperidine-4'-carboxamide acetate (1:1)",Unclassified,TRUE,FALSE,NA,NA,NA,high,NA,NA,FALSE
C.I. DISPERSE YELLOW 244,Unclassified,TRUE,FALSE,NA,NA,NA,high,NA,NA,FALSE
"Amides, fatty acids C18 unsat, reaction products with diethylenetriamine",Unclassified,TRUE,TRUE,Fatty amides,subclass,subset,medium,NA,NA,FALSE
"glycerol, esters with myristic acid",Unclassified,TRUE,TRUE,Glycerolipids,class,subset,high,NA,NA,FALSE
"Tungstate (WO42-), calcium (1:1), (T-4)-, lead-doped",CAS without structure,TRUE,FALSE,NA,NA,NA,high,NA,NA,FALSE
"Glycerides, C16-18(even numbered) and C18-unsatd., reaction products with 2,2'-iminodi(ethylamine)",Unclassified,TRUE,TRUE,Fatty amides,subclass,subset,low,NA,NA,FALSE
"Hydrocarbons, C4-6, depentanizer lights, arom. hydrotreater",CAS without structure,TRUE,TRUE,Hydrocarbons,superclass,subset,medium,NA,NA,FALSE
"Alkenes, C6-8",Unclassified,TRUE,TRUE,Alkenes,subclass,subset,high,NA,NA,FALSE
reaction products of (Z)-octadeca-9-enoic acid and zinc selenide and cadmium selenide and zinc sulfide,CAS without structure,TRUE,FALSE,NA,NA,NA,high,NA,NA,FALSE
calcium iodoxybenzoate,Unclassified,TRUE,FALSE,NA,NA,NA,high,NA,NA,FALSE
EPIDEMETHYLPODOPHYLLOTOXIN,Unclassified,TRUE,FALSE,NA,NA,NA,high,NA,NA,FALSE
5-endo-decyl-bicyclo[hept-2-ene / 5-endo/decyl-bicyclo[2.2.1]hept-2-ene,Unclassified,TRUE,FALSE,NA,NA,NA,high,NA,NA,FALSE
"Benzenesulfonic acid, C10-13-alkyl derivs., calcium salt",CAS without structure,TRUE,TRUE,Organic calcium salts,subclass,subset,medium,NA,NA,FALSE
2P45AZ,Unclassified,TRUE,FALSE,NA,NA,NA,high,NA,NA,FALSE
Citrus extract,Unclassified,TRUE,FALSE,NA,NA,NA,high,NA,NA,FALSE
"Amides, C8-18 (even numbered) and C18-unsatd., N,N-bis(hydroxyethyl)",Unclassified,TRUE,TRUE,Fatty amides,subclass,subset,high,NA,NA,FALSE
"Nickel(2+), tris(1,2-ethanediamine-κN,κN')-, (OC-6-11)-, salt with dimethylbenzenesulfonic acid (1:2)",CAS without structure,TRUE,FALSE,NA,NA,NA,high,NA,NA,FALSE
"Alkanol reaction products with bis(aminoalkyl(C=1~6))carbomonocycle, alkoxy(C=3~8)alkanol(C=2~7) and 2,4-TDI",Unclassified,TRUE,TRUE,Polyureas,superclass,subset,low,NA,NA,FALSE
"Boron doped barium europium strontium silicate, orthorombic",Unclassified,TRUE,FALSE,NA,NA,NA,high,NA,NA,FALSE
MORPHOLINE ADDUCT,Unclassified,TRUE,TRUE,Morpholines,subclass,subset,medium,NA,NA,FALSE
"Sulfuric acid, C10-12 (even numbered)-alkyl esters, sodium salts",Unclassified,TRUE,TRUE,Sulfuric acid esters,subclass,subset,high,NA,NA,FALSE
"Reaction products of (E)-5-((4-amino-5-methoxy-2-methylphenyl)diazenyl)-3-((phenylsulfonyl)oxy)naphthalene-2,7-disulfonic acid condensate with cyanurchloride, then condensate with (E)-7-amino-4-hydroxy-3-((2-methoxy-5-sulfophenyl)diazenyl)naphthalene-2-sulfonic acid, finally condensate with aniline, sodium salts",Unclassified,TRUE,FALSE,NA,NA,NA,high,NA,NA,FALSE
"Amines, (C16-18 and C18-unsatd. alkyl)dimethyl",CAS without structure,TRUE,TRUE,Tertiary amines,direct_parent,subset,high,NA,NA,FALSE
carboxymethylcellulose,CAS without structure,TRUE,FALSE,NA,NA,NA,medium,NA,NA,FALSE
"polytitanic acid, butyl ester (butylpolytitanate)",Unclassified,TRUE,TRUE,Organometallic compounds,superclass,subset,low,NA,NA,FALSE
"Methylium, triphenyl-, tetrakis (pentafluoro) borate (1-)",CAS without structure,TRUE,FALSE,NA,NA,NA,high,NA,NA,FALSE
polyethyleneglycol ester of castor oil,CAS without structure,TRUE,NA,NA,NA,NA,low,NA,NA,FALSE
"Tris(1,3-dihydroxyprop-2-yl) borate",Unclassified,TRUE,FALSE,NA,NA,NA,high,NA,NA,FALSE
"Methyl ester of fatty acids, Cx-Cy, Hydroxymethylated",Unclassified,TRUE,TRUE,Fatty acid methyl esters,subclass,subset,high,Fatty acid methyl esters,0.8172067870446177,TRUE
"Reaction products of cuprate(4-), [C-(aminosulfonyl)-C-[[[2-[[4-chloro-6-[(2,5-disulfophenyl)amino]-1,3,5-triazin-2-yl]amino]ethyl]amino]sulfonyl]-29H,31H-phthalocyanine-C,C-disulfonato(6-)-N29,N30,N31,N32]-, tetrasodium and lithium chloride",Unclassified,TRUE,FALSE,NA,NA,NA,high,NA,NA,FALSE
"Ylang-ylang, ext.",CAS without structure,TRUE,FALSE,NA,NA,NA,high,NA,NA,FALSE
"N*4*-(3-Chloro-4-fluoro-phenyl)-7-[(S)-(tetrahydro-furan-3-yl)oxy]-quinazoline-4,6-diamine",Unclassified,TRUE,FALSE,NA,NA,NA,high,NA,NA,FALSE
"organopolysiloxanes with 2,6-toluidene diisocyanate groups",Unclassified,TRUE,TRUE,Organosilicon compounds,subclass,subset,medium,NA,NA,FALSE
2 PZ.TMA,Unclassified,TRUE,FALSE,NA,NA,NA,low,NA,NA,FALSE
"[N,N',N''-tris[3-(dimethylamino)propyl]-29H,31H-phthalocyaninetrisulphonamidato(2-)-N29,N30,N31,N32]copper trihydrochloride",CAS without structure,TRUE,FALSE,NA,NA,NA,high,NA,NA,FALSE
Bis(hexamethylene triamine) diketimine with methyl ethylketone,Unclassified,TRUE,FALSE,NA,NA,NA,medium,NA,NA,FALSE
"Sulfuric acid, ammonium magnesium salt (3:2:2)",CAS without structure,TRUE,FALSE,NA,NA,NA,high,NA,NA,FALSE
"Arsenous acid, iron(3+) salt (1:1)",CAS without structure,TRUE,FALSE,NA,NA,NA,high,NA,NA,FALSE
(Tert-butylimido) bis (dimethylamino) cyclopentadienyl Niobium,CAS without structure,TRUE,FALSE,NA,NA,NA,high,NA,NA,FALSE
Silver electrolyte,Unclassified,TRUE,FALSE,NA,NA,NA,medium,NA,NA,FALSE
"Amines, rosin",CAS without structure,TRUE,TRUE,Amines,subclass,subset,medium,NA,NA,FALSE
"Alkenes, C20-24 α-",CAS without structure,TRUE,TRUE,Alkenes,direct_parent,subset,high,NA,NA,FALSE
"Reaction products of 6-amino-4-hydroxynaphthalene-2-sulphonic acid and 7-amino-4-hydroxynaphthalene-2-sulphonic acid, condensed with Formaldehyde and Sodium hydrogensulfite, coupled with diazotised Sodium 2-amino-4,6-dinitrophenoxide, metalized with Sodium Dichromate, sodium salts",Unclassified,TRUE,FALSE,NA,NA,NA,medium,NA,NA,FALSE
"2-[3,5-bis(trifluoromethyl)phenyl]-N-{4-(4-fluoro-2-methylphenyl)-6-[(7S,9aS)-7-(hydroxymethyl)hexahydropyrazino[2,1-c][1,4]oxazin-8(1H)-yl]pyridin-3-yl}-N,2-dimethylpropanamide dihydrochloride isopropanol solvate",CAS without structure,TRUE,FALSE,NA,NA,NA,high,NA,NA,FALSE
"Paraffin waxes (Fischer-Tropsch), full range, C15-50 - branched and linear",Unclassified,TRUE,TRUE,Branched alkanes,subclass,broader,medium,NA,NA,FALSE
"Schiff bases, C11-14-tert-alkyl methylene",CAS without structure,TRUE,TRUE,Imines,subclass,subset,medium,NA,NA,FALSE
"Arsenic acid (H3AsO4), ammonium salt (2:1)",CAS without structure,TRUE,FALSE,NA,NA,NA,high,NA,NA,FALSE
"R,R-2-carboxy –[2-(2-propen-1-yl)-cyclopropyl] benzoate dicyclohexylamonium salt",Unclassified,TRUE,FALSE,NA,NA,NA,high,NA,NA,FALSE
"Fatty acids, coco, hydrogenated",CAS without structure,TRUE,TRUE,Fatty acids and conjugates,subclass,subset,high,NA,NA,FALSE
CHDMMA,Unclassified,TRUE,FALSE,NA,NA,NA,low,NA,NA,FALSE
"(3RS,3aRS,6SR,7aSR)-hexahydro-3,6-dimethyl-2(3H)-benzofuranone and (3RS,3aSR,6RS,7aRS)-hexahydro-3,6-dimethyl-2(3H)-benzofuranone",Unclassified,TRUE,FALSE,NA,NA,NA,high,NA,NA,FALSE
Diammonium 5-[4-(7-amino-1-hydroxy-3-sulphonate-2-naphthylazo)-1-naphthylazo]isophthalate,CAS without structure,TRUE,FALSE,NA,NA,NA,high,NA,NA,FALSE
Tetrasodium enneatitanium icosaoxide hydrate,CAS without structure,TRUE,FALSE,NA,NA,NA,high,NA,NA,FALSE
"Reaction products of diazotised 2-amino-4,6-dinitrophenol coupled with reaction products of 6-amino-4-naphthol-2-sulfonic acid, sodium metabisulfite and formaòdehyde, chelated with chromium (3+), sodium potassium salts",Unclassified,TRUE,FALSE,NA,NA,NA,medium,NA,NA,FALSE
"Cassava, ext.",CAS without structure,TRUE,FALSE,NA,NA,NA,high,NA,NA,FALSE
"iron, complexes with diazotised 4-aminobenzenesulfonamide,diazotised 3-aminobenzenesulfonic acid, diazotised 3-amino-4-hydroxybenzenesulfonamide,diazotised 3-amino-4-hydroxy-N-phenylbenzenesulfonamide, diazotised 5-amino-2-(phenylamino)benzenesulfonic acid and resorcinol, sodium salts",Unclassified,TRUE,TRUE,Organic diazonium salts,subclass,subset,low,NA,NA,FALSE
"Plumbane, ethyl methyl derivs.",CAS without structure,TRUE,TRUE,Organolead compounds,subclass,subset,high,NA,NA,FALSE
"Slags, ferrochromium-manufg.",CAS without structure,TRUE,FALSE,NA,NA,NA,high,NA,NA,FALSE
"Hydrocarbons, C6-11, hydrotreated, dearomatized",CAS without structure,TRUE,TRUE,Saturated hydrocarbons,class,subset,medium,NA,NA,FALSE
NQD-TP-3M,CAS without structure,TRUE,FALSE,NA,NA,NA,high,NA,NA,FALSE
"2-((1,1,2-trifluoro-2-(heptafluoropropyloxy)ethyl)sulfanyl)ethan-1-ol",CAS without structure,TRUE,FALSE,NA,NA,NA,high,NA,NA,FALSE
"8-ethylidene-tetracyclo[4.4.0.1(2,5).1(7,10)]dodeca-3-ene",Unclassified,TRUE,FALSE,NA,NA,NA,high,NA,NA,FALSE
Essential Oil of Piper nigrum L. (Family: Piperaceae). Obtained by the steam distillation of dried unripe berries.,CAS without structure,TRUE,FALSE,NA,NA,NA,high,NA,NA,FALSE
"Fatty alcohols, manuf. of, by-products from",Unclassified,TRUE,TRUE,Fatty alcohols,subclass,subset,medium,Fatty alcohols,0.818514981201055,TRUE
TDI Biuret,Unclassified,TRUE,FALSE,NA,NA,NA,medium,NA,NA,FALSE
N-Phenyl-N-benzyl-N’-(N-methyl)piperidylazine acetate,Unclassified,TRUE,FALSE,NA,NA,NA,high,NA,NA,FALSE
SUBSTANCE S159521,Unclassified,TRUE,FALSE,NA,NA,NA,high,NA,NA,FALSE
"Fatty acids, C18-unsatd., dimers, di-Me esters, hydrogenated",CAS without structure,TRUE,TRUE,Fatty acid esters,subclass,subset,medium,NA,NA,FALSE
Bacillus thuringiensis subsp. Kurstaki strain PB 54,Unclassified,TRUE,NA,NA,NA,NA,low,NA,NA,FALSE
"proteinase, microbial neutral",CAS without structure,TRUE,FALSE,NA,NA,NA,high,NA,NA,FALSE
"Naphtha, thermal cracked, residues, naphthalene cut",Mixture,TRUE,FALSE,NA,NA,NA,high,NA,NA,FALSE
"Fatty acids, C14-18 and C18-unsatd., branched and linear, Me esters",CAS without structure,TRUE,TRUE,Fatty acid methyl esters,subclass,subset,high,NA,NA,FALSE
hempseed oil fatty acids,Unclassified,TRUE,TRUE,Fatty acids and conjugates,subclass,subset,high,NA,NA,FALSE
"Tin, dross",CAS without structure,TRUE,FALSE,NA,NA,NA,high,NA,NA,FALSE
(4-vinylphenyl)methyl-2-[(1Z)-1-aza-3-methyl-2-(4-methylthiophenyl)-3-morpholin-4-ylbut-1-enyloxy]acetate,Unclassified,TRUE,FALSE,NA,NA,NA,high,NA,NA,FALSE
2-Hydroxy-5-nonyl(branched)-benzaldehyde oxime,CAS without structure,TRUE,TRUE,Aldoximes,subclass,subset,medium,NA,NA,FALSE
"Yucca schidigera, ext.",CAS without structure,TRUE,FALSE,NA,NA,NA,high,NA,NA,FALSE
"Fatty acid chlorides, C12-18 (even numbered) and C18 unsatd., reaction products with sodium N-methyltaurinate",CAS without structure,TRUE,TRUE,Fatty amides,subclass,subset,medium,NA,NA,FALSE
Calcium tetraborate,CAS without structure,TRUE,FALSE,NA,NA,NA,high,NA,NA,FALSE
"Propanenitrile, 3-amino-, N-tallow alkyl derivs.",CAS without structure,TRUE,TRUE,Nitriles,direct_parent,subset,medium,NA,NA,FALSE
"Pentanoic acid, 2-propyl-, cadmium salt",CAS without structure,TRUE,FALSE,NA,NA,NA,high,NA,NA,FALSE
"7-chloro-6-fluoro-1-(4-fluorophenyl)-1,4-dihydro-4-oxoquinoline-3-carboxylic acid",Unclassified,TRUE,FALSE,NA,NA,NA,high,NA,NA,FALSE
"[(8R,9S,13S,14S,15R,16R,17R)-3,16,17-triacetyloxy-13-methyl-6,7,8,9,11,12,14,15,16,17-decahydrocyclopenta[a]phenanthren-15-yl] acetate",CAS without structure,TRUE,FALSE,NA,NA,NA,high,NA,NA,FALSE
"12-hydroxyoctadecanoic acid, reaction products with 1,3-benzenedimethanamine and hexamethylenediamine",CAS without structure,TRUE,TRUE,Carboxylic acid amides,direct_parent,subset,low,NA,NA,FALSE
"Ethanamine, N-ethyl-, reaction products with polyethylene-polypropylene glycol ether with trimethylolpropane (3:1) acrylate (>1 <6.5 mol EO and >1 < 6.5 mol PO)",CAS without structure,TRUE,TRUE,Organic Polymers,superclass,subset,low,NA,NA,FALSE
4-(4-trans-propylcylohexyl)phenol,Unclassified,TRUE,FALSE,NA,NA,NA,high,NA,NA,FALSE
T-159,Unclassified,TRUE,FALSE,NA,NA,NA,high,NA,NA,FALSE
FM 1409,Unclassified,TRUE,FALSE,NA,NA,NA,medium,NA,NA,FALSE
REAKTIV-SCHARLACH F97-0319,Unclassified,TRUE,FALSE,NA,NA,NA,high,NA,NA,FALSE
Lemon essential oil,Unclassified,TRUE,FALSE,NA,NA,NA,high,NA,NA,FALSE
Isomerisation products of Turpentine oil,Unclassified,TRUE,TRUE,Monoterpenoids,subclass,subset,medium,NA,NA,FALSE
"Arctium lappa, ext.",CAS without structure,TRUE,FALSE,NA,NA,NA,high,NA,NA,FALSE
Sodium Salts of (1-Hydroxyethylidene)bisphosphonic acid (1-2:1),Unclassified,TRUE,TRUE,Alkali metal salts,class,subset,medium,NA,NA,FALSE
"N-[4-chloro-2-[(methylamino)methyl]-carbamic acid 1, 1-dimethylethyl ester, 1.5 acetate",CAS without structure,TRUE,FALSE,NA,NA,NA,medium,NA,NA,FALSE
"Lead, C8-10-branched fatty acids C9-11-neofatty acids naphthenate complexes, overbased",CAS without structure,TRUE,TRUE,Organic metal salts,class,subset,medium,NA,NA,FALSE
BLEU REACTIF 239,Unclassified,TRUE,FALSE,NA,NA,NA,high,NA,NA,FALSE
acetyl phytosphingosines from yeast fermentation and butyl acetate extraction,Unclassified,TRUE,FALSE,NA,NA,NA,high,NA,NA,FALSE
bis-2-tert-butyl-6-(3-tert-butyl-5-methyl-2-hydroxybenzylphenyl) terephthalate,Unclassified,TRUE,FALSE,NA,NA,NA,high,NA,NA,FALSE
9-[2-(2-Bromophenyl)phenyl]-4-phenyl-fluoren-9-ol,Unclassified,TRUE,FALSE,NA,NA,NA,high,NA,NA,FALSE
"cellobiohydrolase, exo-",CAS without structure,TRUE,FALSE,NA,NA,NA,high,NA,NA,FALSE
"Resin acids and Rosin acids, calcium zinc salts",CAS without structure,TRUE,TRUE,Carboxylic acids and derivatives,class,subset,medium,NA,NA,FALSE
Perfluoroheptanoic acid and its salts,Substance group,TRUE,TRUE,Perfluoroalkyl carboxylic acid and derivatives,direct_parent,subset,high,NA,NA,FALSE
"Low chlorinated copper, [29H,31Hphthalocyaninato(2-)-N29,N30,N31,N32]-, wherein the number of chlorines ismore than or equal to 0 and less than or equal to 5",Unclassified,TRUE,TRUE,Phthalocyanines,subclass,subset,high,NA,NA,FALSE
Cadmium chloride magnesium dodecahydrate,CAS without structure,TRUE,FALSE,NA,NA,NA,high,NA,NA,FALSE
"2-Naphthalenesulfonic acid, 7-amino-4-hydroxy-8-[2-[4-[[2-(sulfooxy)ethyl]sulfonyl]phenyl]diazenyl]-3-[2-[2-sulfo-4-[[2-(sulfooxy)ethyl]sulfonyl]phenyl]diazenyl]-, potassium sodium salt",CAS without structure,TRUE,FALSE,NA,NA,NA,high,NA,NA,FALSE
"Hexanedioic acid, di-C16-18 (even numbered) alkyl esters",Unclassified,TRUE,TRUE,Fatty acid esters,subclass,subset,medium,NA,NA,FALSE
"5-Amino-N,N'-bis(2,3-dihydroxypropyl)-1,3-phthaldiamidehydrochloride",Unclassified,TRUE,FALSE,NA,NA,NA,high,NA,NA,FALSE
"Soybean oil, epoxidized, Me ester, reaction products with propylene glycol",CAS without structure,TRUE,FALSE,NA,NA,NA,high,NA,NA,FALSE
Wheat gluten,Unclassified,TRUE,FALSE,NA,NA,NA,high,NA,NA,FALSE
Gasoline,CAS without structure,TRUE,FALSE,NA,NA,NA,medium,NA,NA,FALSE
"Rape oil, reaction products with diethylenetriamine, di-Me sulfate-quaternized",CAS without structure,TRUE,FALSE,NA,NA,NA,high,NA,NA,FALSE
"trisodium (6-anilino-2-(5-nitro-2-oxidophenylazo)-3-sulphonato-1-naphtholato)(4-sulphonato-1,1'-azodi-2,2'naphtholato)chromate(1-)",Unclassified,TRUE,FALSE,NA,NA,NA,high,NA,NA,FALSE
"Fatty acids, coco, cadmium salts",CAS without structure,TRUE,TRUE,Organic metal salts,class,subset,medium,NA,NA,FALSE
"Reaction products of phosphoric acid, rock phosphate and humic acids, potassium salts",Unclassified,TRUE,FALSE,NA,NA,NA,medium,NA,NA,FALSE
"cellulose, regenerated",CAS without structure,TRUE,FALSE,NA,NA,NA,medium,NA,NA,FALSE
"1,2-Benzenedicarboxylic acid, di-C6-10-alkyl esters",CAS without structure,TRUE,TRUE,Phthalate esters,direct_parent,subset,high,NA,NA,FALSE
epoxy resins,Unclassified,TRUE,TRUE,Epoxides,class,subset,medium,NA,NA,FALSE
"Hydrocarbons, C6, isoalkanes, <5% n-hexane",Unclassified,TRUE,TRUE,Branched alkanes,subclass,subset,high,NA,NA,FALSE
"Olefines polymer, oxidized, hydrolyzed, distn. residues, from C20 alcohols manuf.",Unclassified,TRUE,TRUE,Organic Polymers,superclass,subset,medium,NA,NA,FALSE
AP-5251,Unclassified,TRUE,FALSE,NA,NA,NA,high,NA,NA,FALSE
bis(C10-13alkylphenyl)iodonium tetrakis(pentafluorphenyl)borate,CAS without structure,TRUE,TRUE,Organoiodides,class,subset,medium,NA,NA,FALSE
"2-{2-[(2R,4R,6R)-4,6-dihydroxytetrahydro-2H-pyran-2-yl]ethyl}-1H-isoindole-1,3(2H)-dione",Unclassified,TRUE,FALSE,NA,NA,NA,high,NA,NA,FALSE
"Anode, copper",Unclassified,TRUE,FALSE,NA,NA,NA,high,NA,NA,FALSE
N-benzyl-N-C16-18 (even numbered)-alkyl-N-methyl-C16-18 (even numbered)-alkyl-1-aminium chloride,CAS without structure,TRUE,TRUE,Alkyldimethylbenzylammonium chlorides,subclass,subset,medium,NA,NA,FALSE
"Benzoic acid, 4-hydroxy- ester with alcohols C18-22-alkyl (even numbered)",CAS without structure,TRUE,TRUE,p-Hydroxybenzoic acid alkyl esters,direct_parent,subset,high,NA,NA,FALSE
Yucca Schidigera extract,Unclassified,TRUE,FALSE,NA,NA,NA,high,NA,NA,FALSE
"5-{4-[5-amino-2-[4-(2-sulfoxyethylsulfonyl)phenylazo]-4-sulfo-phenylamino]-6-chloro-1,3,5-triazin-2-ylamino}-4-hydroxy-3-(1-sulfo-naphthalen-2-ylazo)-naphthalene-2,7-disulfonicacid sodium salt.",CAS without structure,TRUE,FALSE,NA,NA,NA,high,NA,NA,FALSE
"Sodium/lithium, 3,3'-{(6-hydroxy-1,3,5-triazine-2,4-diyl)bis[imino(2-methyl-4,1-phenylene)diazene-2,1-diyl]}dinaphthalene-1,5-disulfonate",Unclassified,TRUE,FALSE,NA,NA,NA,high,NA,NA,FALSE
"glycerol monooleate, ester with citric acid",Unclassified,TRUE,FALSE,NA,NA,NA,medium,NA,NA,FALSE
p-tert-Butylbenzoic acid lead salt,CAS without structure,TRUE,FALSE,NA,NA,NA,high,NA,NA,FALSE
"[(E)-1-methyl-3-(2,6,6-trimethylcyclohex-2-en-1-yl)allyl] acetate",Unclassified,TRUE,FALSE,NA,NA,NA,high,NA,NA,FALSE
"Fatty acids, castor-oil, hydrogenated, lead salts",CAS without structure,TRUE,TRUE,Organic metal salts,class,subset,medium,NA,NA,FALSE
AF-348,Unclassified,TRUE,FALSE,NA,NA,NA,medium,NA,NA,FALSE
"sodium salt of 4-amino-3,6-bis[[5-[[4-chloro-6-[(2-methyl-4-sulfophenyl)amino]-1,3,5-triazin-2-yl]amino]-2-sulfophenyl]azo]-5-hydroxy-2,7-naphthalenedisulfonic acid",CAS without structure,TRUE,FALSE,NA,NA,NA,high,NA,NA,FALSE
"(6R,7R,14S)-7,8-dihydro-7-[(1S)-1-hydroxy-1,2,2-trimethylpropyl]-3,6-O-dimethyl-6,14-ethanomorphine",Unclassified,TRUE,FALSE,NA,NA,NA,high,NA,NA,FALSE
PX-7-5,Unclassified,TRUE,FALSE,NA,NA,NA,high,NA,NA,FALSE
"Linseed oil, ester with pentaerythritol",CAS without structure,TRUE,FALSE,NA,NA,NA,high,NA,NA,FALSE
"1,6-dihydro-3-hydroxy-1-phenylpyridazin-6-one",Unclassified,TRUE,FALSE,NA,NA,NA,high,NA,NA,FALSE
"Sage, Salvia lavandulifolia, ext.",CAS without structure,TRUE,FALSE,NA,NA,NA,high,NA,NA,FALSE
Basic lead beta-resorcylate,CAS without structure,TRUE,FALSE,NA,NA,NA,medium,NA,NA,FALSE
Hydrogen μ-hydroxy[μ-[orthoborato(3-)-O:O']]diphenyldimercurate(1-),CAS without structure,TRUE,FALSE,NA,NA,NA,high,NA,NA,FALSE
"formaldehyde-xylene, copolymer",CAS without structure,TRUE,TRUE,Organic Polymers,superclass,subset,medium,NA,NA,FALSE
lyophilizate of a sterile bacterial suspension ofvitreoscilla filimormis,Unclassified,TRUE,NA,NA,NA,NA,low,NA,NA,FALSE
Oxazoline-functional copolymer,Unclassified,TRUE,TRUE,Organic Polymers,superclass,subset,medium,NA,NA,FALSE
"5-((4-chloro-6-((8-hydroxy-3,6-disulfo-7-((2-sulfo-4-((2(sulfooxy)ethyl)sulfonyl)phenyl)diazenyl)naphthalen-1-yl)amino)-1,3,5-triazin-2-yl)amino)-4-hydroxy-3-((Z)-(3-sulfophenyl)diazenyl)naphthalene-2,7-disulfonic acid",Unclassified,TRUE,FALSE,NA,NA,NA,high,NA,NA,FALSE
"Slags, sponge iron production by coal reduction in retort",Unclassified,TRUE,FALSE,NA,NA,NA,high,NA,NA,FALSE
"Naphthalene, chloro derivs.",CAS without structure,TRUE,TRUE,Chloronaphthalenes,subclass,exact,high,NA,NA,FALSE
"Boron, triethyl(1,3-propanediamine-kN)-, (T-4)-",Unclassified,TRUE,FALSE,NA,NA,NA,high,NA,NA,FALSE
TOMILAC 214,Unclassified,TRUE,FALSE,NA,NA,NA,high,NA,NA,FALSE
PROTECT H,Unclassified,TRUE,FALSE,NA,NA,NA,high,NA,NA,FALSE
"Phlebiopsis gigantea strains FOC PG B20/5, B22/SP1190/3.2, B22/SP1287/3.1, BU 3, BU 4, SH 1, SP log 5, SP log 6, and 97/1062/116/1.1",Unclassified,TRUE,NA,NA,NA,NA,low,NA,NA,FALSE
M743BU,Unclassified,TRUE,FALSE,NA,NA,NA,high,NA,NA,FALSE
"1-Propanaminium, 3-amino-N-ethyl-N,N-dimethyl-, N-lanolin acyl derivs., Et sulfates",CAS without structure,TRUE,TRUE,Quaternary ammonium salts,subclass,subset,medium,NA,NA,FALSE
"Low boiling point cat-reformed naphtha|Aromatic hydrocarbons, C<sub>8</sub>, catalytic reforming-derived",Mixture,TRUE,TRUE,Aromatic hydrocarbons,class,subset,medium,NA,NA,FALSE
Medium-chain chlorinated paraffins (MCCP),Unclassified,TRUE,TRUE,Alkyl halides,class,subset,medium,NA,NA,FALSE
"Multi-Wall Carbon Nanotubes (MWCNT), synthetic graphite in tubular shape",Unclassified,TRUE,TRUE,Hydrocarbons,superclass,subset,low,NA,NA,FALSE
"(S)-2-(3,4-dihydro-2H-benzo[b][1,4]oxazin-3-yl)-N-methylacetamide",CAS without structure,TRUE,FALSE,NA,NA,NA,high,NA,NA,FALSE
Stainless steels according to EN 10088 and EN 10283,Unclassified,TRUE,FALSE,NA,NA,NA,high,NA,NA,FALSE
"disodium 5-[5-[4-(5-chloro-2,6-difluoropyrimidin-4-ylamino)benzamido]-2-sulfonatophenylazo]-1-ethyl-6-hydroxy-4-methyl-2-oxo-3-pyridylmethylsulfonate",Unclassified,TRUE,FALSE,NA,NA,NA,high,NA,NA,FALSE
Sodium-6-[(3-carboxylatopropanoyl)amino]-2-[(3carboxypropanoyl)amino]hexanoic acid,Unclassified,TRUE,FALSE,NA,NA,NA,high,NA,NA,FALSE
Akanthomyces muscarius Ve6 (formerly Lecanicillium muscarium strain Ve6),Unclassified,TRUE,NA,NA,NA,NA,low,NA,NA,FALSE
"Filter cake from enzyme fermentation, consisting of fungal biomass and inorganic filtration aid",Unclassified,TRUE,FALSE,NA,NA,NA,high,NA,NA,FALSE
"(3R,7aR)-3-tert-butyl-7a-{methoxy[(trimethylsilyl)oxy]methyl}dihydro-1H-pyrrolo[1,2-c][1,3]oxazole-1,5(6H)-dione",Unclassified,TRUE,FALSE,NA,NA,NA,high,NA,NA,FALSE
"Protein hydrolyzates, rice bran",CAS without structure,TRUE,FALSE,NA,NA,NA,high,NA,NA,FALSE
"acetic acid ethenyl ester, polymer with chloroethene and ethene",CAS without structure,TRUE,TRUE,Organic Polymers,superclass,subset,high,NA,NA,FALSE
CHEMICAL CODE NO 1604,Unclassified,TRUE,FALSE,NA,NA,NA,high,NA,NA,FALSE
"Nonanoic acid (branched), 2-oxiranylmethyl ester",Unclassified,TRUE,TRUE,Carboxylic acid esters,direct_parent,subset,medium,NA,NA,FALSE
N-ethyl-2-nitrobenzylsulfonamide,Unclassified,TRUE,FALSE,NA,NA,NA,high,NA,NA,FALSE
Phosametine (LS830556),Unclassified,TRUE,FALSE,NA,NA,NA,medium,NA,NA,FALSE
Nickel(II) bromide ethylene glycol dimethyl ether complex,CAS without structure,TRUE,FALSE,NA,NA,NA,high,NA,NA,FALSE
By-products from hydroxyethyl cellulose manufacturing,Unclassified,TRUE,TRUE,Polysaccharides,class,subset,low,NA,NA,FALSE
"Nickel, C4-10 fatty acids octanoate complexes",CAS without structure,TRUE,TRUE,Transition metal salts,class,subset,medium,NA,NA,FALSE
"L-Glutamic acid, N-coco acyl derivs., monosodium salts",CAS without structure,TRUE,TRUE,N-acyl-alpha amino acids and derivatives,direct_parent,subset,medium,NA,NA,FALSE
IPDA-BADGE-BUMGE,Unclassified,TRUE,FALSE,NA,NA,NA,medium,NA,NA,FALSE
polyphosphoric acids,CAS without structure,TRUE,TRUE,Organic phosphoric acids and derivatives,class,subset,medium,Organic phosphoric acids,0.8121286816294712,FALSE
C-Benzo[d]isoxazol-3-yl-N-tert-butyl-methanesulfonamide,CAS without structure,TRUE,FALSE,NA,NA,NA,high,NA,NA,FALSE
Clayed charcoal,Unclassified,TRUE,FALSE,NA,NA,NA,high,NA,NA,FALSE
"iso butyl 2,2-dimethylpropanoate",Unclassified,TRUE,FALSE,NA,NA,NA,high,NA,NA,FALSE
"Tetradecenes (mixture of isomers), reaction products with hydrogen peroxide",Unclassified,TRUE,TRUE,Organic oxygen compounds,superclass,broader,low,NA,NA,FALSE
"Alkenes, C10-14-branched and linear, C12-rich",CAS without structure,TRUE,TRUE,Alkenes,subclass,subset,high,NA,NA,FALSE
Absolute of Jasmine (Jasminum grandiflorum) obtained from Jasmine concrete by ethanol extraction,Unclassified,TRUE,FALSE,NA,NA,NA,high,NA,NA,FALSE
"Benzenesulfonic acid, 4-C10-13-sec-alkyl derivs.-, compd. with 1-aminopropane-2-ol",Unclassified,TRUE,TRUE,Benzenesulfonic acids and derivatives,subclass,subset,medium,NA,NA,FALSE
HM-CATALYST 403AA-AP,Unclassified,TRUE,FALSE,NA,NA,NA,high,NA,NA,FALSE
"Reaction products of diazotised 2-aminophenol-4-sulfonamide coupled with 7-amino-4-hydroxynaphthalene-2-sulfonic acid, chelated with chromium (3+), subsequently diazotised and coupled with 3-oxo-N-phenylbutanamide and 3-aminophenol, sodium salts",Unclassified,TRUE,FALSE,NA,NA,NA,medium,NA,NA,FALSE
"trivinyl cyclohexane and α,ω-dihydrogenpolyhydrogenmethyldimethyl-siloxanes, addition products of",Unclassified,TRUE,TRUE,Organosilicon compounds,subclass,subset,medium,NA,NA,FALSE
"Fenugreek, ext.",CAS without structure,TRUE,FALSE,NA,NA,NA,high,NA,NA,FALSE
DBEG,Unclassified,TRUE,FALSE,NA,NA,NA,low,NA,NA,FALSE
ELDEW PS-203,Unclassified,TRUE,FALSE,NA,NA,NA,high,NA,NA,FALSE
"Glycerides, C16-18 mono-, di- and tri-",CAS without structure,TRUE,TRUE,Glycerolipids,class,subset,high,NA,NA,FALSE
LEATHER BROWN JF 263/2,Unclassified,TRUE,FALSE,NA,NA,NA,high,NA,NA,FALSE
"Fatty acids, olive-oil, cadmium salts",CAS without structure,TRUE,TRUE,Organic metal salts,class,subset,medium,NA,NA,FALSE
Plant oils / Soya oil,Unclassified,TRUE,FALSE,NA,NA,NA,high,NA,NA,FALSE
hydrobromic acid ... %,Unclassified,TRUE,TRUE,Hydrobromides,class,subset,medium,NA,NA,FALSE
Marigold extract,Unclassified,TRUE,FALSE,NA,NA,NA,high,NA,NA,FALSE
"Fatty acids, vegetable-oil, esters with neopentyl glycol",CAS without structure,TRUE,TRUE,Fatty acid esters,subclass,subset,high,NA,NA,FALSE
"Light oil (coal), coke-oven",CAS without structure,TRUE,FALSE,NA,NA,NA,high,NA,NA,FALSE
"Benzene-1,2,4-tricarboxylic acid 1,2-anhydride, oligomeric reaction products with ethane-1,2-diol and glycerol",CAS without structure,TRUE,TRUE,Polyesters,NA,broader,medium,NA,NA,FALSE
"Thiophene, tetrahydro-, 1,1-dioxide, 3-(C9-11-isoalkyloxy) derivs., C10-rich",CAS without structure,TRUE,TRUE,Sultones,class,subset,low,NA,NA,FALSE
"Fatty acids, C16-18 (even numbered), esters with 1,2,3-propanetriol and oligomers, ethoxylated",Unclassified,TRUE,TRUE,Fatty acid esters,subclass,subset,medium,NA,NA,FALSE
maleic resins modified with rosin and abietic acid,Unclassified,TRUE,FALSE,NA,NA,NA,medium,NA,NA,FALSE
"5-[(4-vinylbenzyl)thio]-1,3,4-thiadiazole-2(3H)-thione",Unclassified,TRUE,FALSE,NA,NA,NA,high,NA,NA,FALSE
Black Pepper Oleoresin,Unclassified,TRUE,FALSE,NA,NA,NA,high,NA,NA,FALSE
ADS 2-5,Unclassified,TRUE,FALSE,NA,NA,NA,low,NA,NA,FALSE
"Acetic acid, C11-14-branched alkyl esters, C13-Rich",CAS without structure,TRUE,TRUE,Fatty acid esters,subclass,subset,medium,NA,NA,FALSE
"N-(3-aminopropyl)-N-N-(C16-18 evennumbered, 18 unsaturated)-alkylpropane-1,3-diamine",CAS without structure,TRUE,TRUE,Primary amines,direct_parent,subset,low,NA,NA,FALSE
"Reaction products of acrylic acid with 2,2'-[oxybis(methylene)]bis[2-ethylpropane-1,3-diol]",CAS without structure,TRUE,TRUE,Carboxylic acid esters,direct_parent,subset,medium,NA,NA,FALSE
mixture composed of 97 % tetraethyl orthosilicate (TEOS) with CAS No. 78-10-4 and 3 % hexamethyldisilazane (HMDS) with CAS No. 999-97-3,Mixture,TRUE,FALSE,NA,NA,NA,high,NA,NA,FALSE
"Rhodium chloride (RhCl3), hydrate",CAS without structure,TRUE,FALSE,NA,NA,NA,high,NA,NA,FALSE
"(4R,4aS,7aR,12bS)-4a,9-dihydroxy-2,3,4,4a,5,6-hexahydro-1H-4,12-methanobenzofuro[3,2-e]isoquinolin-7(7aH)-one hemi((2R,3R)-2,3-dihydroxysuccinate)",Unclassified,TRUE,FALSE,NA,NA,NA,high,NA,NA,FALSE
"Nonylphenol, branched, ethoxylated",CAS without structure,TRUE,TRUE,Phenol ethers,class,subset,medium,NA,NA,FALSE
"Sulfuric acid, nickel(2+) salt (1:1), trihydrate",CAS without structure,TRUE,FALSE,NA,NA,NA,high,NA,NA,FALSE
Polycyclic-aromatic hydrocarbons (PAH),Substance group,TRUE,TRUE,Polycyclic hydrocarbons,class,subset,high,Aromatic hydrocarbons,0.8041635323341243,FALSE
"Enzymatic hydrolysis products of Ophiopogon japonicus, Liliaceae, root",Unclassified,TRUE,FALSE,NA,NA,NA,high,NA,NA,FALSE
"Sodium 2-(4-(4-fluoro-6-(2-sulfoethylamino)-[1,3,5]triazin-2-ylamino)-2-ureidophenylazo)-5-(4-sulfophenylazo)benzene-1-sulfonate",CAS without structure,TRUE,FALSE,NA,NA,NA,high,NA,NA,FALSE
OM-61,Unclassified,TRUE,FALSE,NA,NA,NA,high,NA,NA,FALSE
"Mentha citrata, ext.",CAS without structure,TRUE,FALSE,NA,NA,NA,high,NA,NA,FALSE
"Alcohols, C16-18 and ethoxylated C16-18 , phosphates (20 moles ethoxylation)",Unclassified,TRUE,TRUE,Organic phosphoric acids and derivatives,superclass,subset,medium,NA,NA,FALSE
N 136,Unclassified,TRUE,FALSE,NA,NA,NA,high,NA,NA,FALSE
methylcellulose,CAS without structure,TRUE,FALSE,NA,NA,NA,high,NA,NA,FALSE
"Lead chloride hydroxides, recovery products from lead and bismuth chemicals manufacturing",Unclassified,TRUE,TRUE,Inorganic lead salts,class,subset,medium,NA,NA,FALSE
salts of ioxynil with the exception of those specified elsewhere in this Annex,Unclassified,TRUE,TRUE,Organic iodide salts,class,subset,medium,NA,NA,FALSE
Species of monomeric platinum alkane dicarboxylate from the reaction of dihydrogen polyhydroxyplatinate(2-) and alkane dicarboxylic acid,Unclassified,TRUE,TRUE,Transition metal salts,class,subset,medium,NA,NA,FALSE
"Fatty acids, C8-18 (even numbered) and C18 unsatd., reaction products with triethanolamine, di-Me sulfate-quaternized",Unclassified,TRUE,TRUE,Quaternary ammonium salts,subclass,subset,medium,NA,NA,FALSE
"β-Alanine, N-(2-aminoethyl)-N-[2-(2-carboxyethoxy)ethyl]-, N-coco acyl derivs., disodium salts",CAS without structure,TRUE,TRUE,"Amino acids, peptides, and analogues",subclass,subset,low,NA,NA,FALSE
"Hydrocarbons, C4, 1,3-butadiene-free, polymd., pentaisobutylene fraction, hydrogenated",CAS without structure,TRUE,TRUE,Saturated hydrocarbons,class,subset,medium,NA,NA,FALSE
"salts of thiocyanic acid, with the exception of those specified elsewhere in this Annex",Unclassified,TRUE,TRUE,Thiocyanates,class,subset,high,NA,NA,FALSE
"Phosphorodithioic acid, mixed O,O-bis(2-ethylhexyl and iso-Bu and iso-Pr) esters, zinc salts",CAS without structure,TRUE,TRUE,Organic dithiophosphoric acids and derivatives,class,subset,medium,NA,NA,FALSE
CW004A (Cu-ETP),Unclassified,TRUE,FALSE,NA,NA,NA,high,NA,NA,FALSE
Reactionmass of octan-2-yl prop-2-enoate and octan-3-yl prop-2-enoate and octan-4-yl prop-2-enoate,Unclassified,TRUE,TRUE,Acrylic acid esters,subclass,subset,high,NA,NA,FALSE
NORPOL E-3149,Unclassified,TRUE,FALSE,NA,NA,NA,high,NA,NA,FALSE
"Esterification products of Guerbet alcohols, C24-26, branched and cyclic with benzene-1,2,4-tricarboxylic acid 1,2-anhydride (3:1)",Unclassified,TRUE,TRUE,Carboxylic acid esters,direct_parent,subset,medium,NA,NA,FALSE
"Perfluorohexane sulfonic acid (PFHxS), its salts and PFHxS-related compounds",Substance group,TRUE,TRUE,Perfluoroalkyl sulfonic acid and derivatives,direct_parent,subset,high,Perfluoroalkyl sulfonic acid and derivatives,0.810844882060661,TRUE
TRIAZIN ST PINA,Unclassified,TRUE,FALSE,NA,NA,NA,medium,NA,NA,FALSE
ISOKAP,Unclassified,TRUE,FALSE,NA,NA,NA,low,NA,NA,FALSE
Calcium dihydroxide precipitated with carbon dioxide during sugar juice purification,Unclassified,TRUE,FALSE,NA,NA,NA,high,NA,NA,FALSE
"Residues, lead smelting wastewater treatment",CAS without structure,TRUE,FALSE,NA,NA,NA,high,NA,NA,FALSE
bis(2-hydroxy-3-tert-octyl-5-methylphenyl)methane,Unclassified,TRUE,FALSE,NA,NA,NA,high,NA,NA,FALSE
"Silicic acid (H4SiO4), magnesium manganese(2+) zinc salt, arsenic and lead-doped",CAS without structure,TRUE,FALSE,NA,NA,NA,high,NA,NA,FALSE
MDI/CHA/PTL,Unclassified,TRUE,FALSE,NA,NA,NA,low,NA,NA,FALSE
"Mentha arvensis, ext.",CAS without structure,TRUE,FALSE,NA,NA,NA,high,NA,NA,FALSE
"Barium fluoride, Strontium fluoride, europium doped",Unclassified,TRUE,FALSE,NA,NA,NA,high,NA,NA,FALSE
2-Naphthyloxyacetic acid (2-NOA),Unclassified,TRUE,FALSE,NA,NA,NA,high,NA,NA,FALSE
"Fatty acids, C14-26, lead salts",CAS without structure,TRUE,TRUE,Organic metal salts,class,subset,medium,NA,NA,FALSE
"tert-decanoic acid, ethenyl ester, polymer with ethene and ethenyl acetate",CAS without structure,TRUE,TRUE,Organic Polymers,superclass,subset,medium,NA,NA,FALSE
LEXMARK ACRYLIC COPOLYMER,Unclassified,TRUE,FALSE,NA,NA,NA,high,NA,NA,FALSE
"octasodium 2-(6-(4-chloro-6-(3-(N-methyl-N-(4-chloro-6-(3,5-disulfonato-2-naphthylazo)-1-hydroxy-6-naphthylamino)-1,3,5-triazin-2-yl)aminomethyl)phenylamino)-1,3,5-triazin-2-ylamino)-3,5-disulfonato-1-hydroxy-2-naphthylazo)naphthalene-1,5-disulfonate",CAS without structure,TRUE,FALSE,NA,NA,NA,high,NA,NA,FALSE
"6-(3-pentapropenyl-2,5-dioxopyrrolidin-1-yl)hexanoic acid",CAS without structure,TRUE,FALSE,NA,NA,NA,high,NA,NA,FALSE
Polychlorinated naphthalenes,Unclassified,TRUE,TRUE,Chloronaphthalenes,subclass,subset,high,NA,NA,FALSE
"3,4-Dichloro-N-(5-chloro-4-{[2-({4-[(2-hexyldecyl)oxy]phenyl}sulfonyl)butanoyl]amino}-2-hydroxyphenyl)benzamide",Unclassified,TRUE,FALSE,NA,NA,NA,high,NA,NA,FALSE
"2,2-dimethyl-3-(m-tolyl)propanal",Unclassified,TRUE,FALSE,NA,NA,NA,high,NA,NA,FALSE
sodium(S)-3-benzyloxycarbonylamino-2-methyl-4-oxo-azetidine-1-sulphonate,Unclassified,TRUE,FALSE,NA,NA,NA,high,NA,NA,FALSE
2-(dithiocyanomethylthio)-benzothiazol,Unclassified,TRUE,FALSE,NA,NA,NA,high,NA,NA,FALSE
"Amides, C16-18 (even numbered), N-C16-18 (even numbered) alkyl",Unclassified,TRUE,TRUE,Fatty amides,subclass,subset,high,NA,NA,FALSE
Soda-lime glass,Unclassified,TRUE,FALSE,NA,NA,NA,high,NA,NA,FALSE
"Plum, ext.",CAS without structure,TRUE,FALSE,NA,NA,NA,high,NA,NA,FALSE
"Hop, Humulus lupulus, ext., isomerized, potassium salt",CAS without structure,TRUE,FALSE,NA,NA,NA,high,NA,NA,FALSE
Bacteriophages against Clavibacter michiganensis subsp. michiganensis (BACMM),Unclassified,TRUE,NA,NA,NA,NA,low,NA,NA,FALSE
Concrete of Cistus ladaniferus (Cistaceae) obtained from labdanum gum by organic solvant extraction.,Unclassified,TRUE,FALSE,NA,NA,NA,high,NA,NA,FALSE
(E)-4-Dimethylamino-but-2-enoic acid [4-(3-chloro-4-fluoro-phenyl-amino)-7-((S)-(tetrahydrofuran-3-yl)oxy)-quinazoline-6-yl]-amide,Unclassified,TRUE,FALSE,NA,NA,NA,high,NA,NA,FALSE
"Cyclohexene, 1-methyl-4-(1-methylethenyl)-, sulfurized",CAS without structure,TRUE,FALSE,NA,NA,NA,medium,NA,NA,FALSE
"alcohols, C7-9-iso-, C8-rich",CAS without structure,TRUE,TRUE,Fatty alcohols,subclass,subset,medium,NA,NA,FALSE
"N-(9,9-dimethylfluoren-2-yl)-N-(9,9-dimethylfluoren-4-yl)-9,9'-spirobi[fluorene]-4'-amine",Unclassified,TRUE,FALSE,NA,NA,NA,high,NA,NA,FALSE
"1,2,3,4,5,6-hexachlorcyclohexanes with the exception of those specified elsewhere in this Annex",Unclassified,TRUE,TRUE,Cyclohexyl halides,subclass,subset,medium,NA,NA,FALSE
"Hydrocarbons, C3",CAS without structure,TRUE,TRUE,Hydrocarbons,superclass,subset,high,NA,NA,FALSE
MP-633,Unclassified,TRUE,FALSE,NA,NA,NA,high,NA,NA,FALSE
"Dinaphtho[1,2,3-cd:3',2',1'-lm]perylene-5,10-dione, (9,10-dihydro-9,10-dioxo-1-anthracenyl)amino derivs.",CAS without structure,TRUE,TRUE,Anthraquinones,subclass,subset,medium,NA,NA,FALSE
"2-(2-(4-(dibenzo[b,f][1,4]thiazepin-11-yl)piperazin-1-yl)ethoxy)ethan-1-ol fumarate",Unclassified,TRUE,FALSE,NA,NA,NA,high,NA,NA,FALSE
"Reaction products of 12-hydroxyoctadecanoic acid with ethane-1,2-diamine and hexane-1,6-diamine and 1,3-phenylenedimethanamine",Unclassified,TRUE,TRUE,Carboxylic acid amides,direct_parent,subset,low,NA,NA,FALSE
2-(tert-butylamino)-1-(3-chloro-4-hydroxy-5-chloromethylphenyl)ethanone hydrochloride,Unclassified,TRUE,FALSE,NA,NA,NA,high,NA,NA,FALSE
C-1639,Unclassified,TRUE,FALSE,NA,NA,NA,high,NA,NA,FALSE
"nonylphenol, branched and linear, ethoxylated (with average molecular weight ≤ 1 540 g/mol) [includes ortho-, meta-, para- isomers or any combination thereof]",Unclassified,TRUE,TRUE,Phenol ethers,class,subset,medium,NA,NA,FALSE
tricyclodecanedimethanol bis(hexahydrophthalate),Unclassified,TRUE,FALSE,NA,NA,NA,high,NA,NA,FALSE
"quaternary ammonium compounds, benzyl(hydrogenated tallow alkyl)dimethyl, chlorides, compounds with bentonite",CAS without structure,TRUE,TRUE,Alkyldimethylbenzylammonium chlorides,subclass,subset,medium,NA,NA,FALSE
Reaction products from Nerolidol by dehydration,Unclassified,TRUE,TRUE,Sesquiterpenoids,subclass,subset,medium,NA,NA,FALSE
Divinylbenzene,CAS without structure,TRUE,FALSE,NA,NA,NA,high,NA,NA,FALSE
"1-(4'-N,N-DIMETHYLAMINOPHENYL)-1-PHENYLETHYLENE",Unclassified,TRUE,FALSE,NA,NA,NA,high,NA,NA,FALSE
CIN # 10076634,Unclassified,TRUE,FALSE,NA,NA,NA,high,NA,NA,FALSE
"Fatty acids, C16-18 and C18-unsatd., Me esters",CAS without structure,TRUE,TRUE,Fatty acid methyl esters,subclass,subset,high,NA,NA,FALSE
6-METILNICOTINATO DI METILE,Unclassified,TRUE,FALSE,NA,NA,NA,high,NA,NA,FALSE
"Pentaerythritol tetraesters of decanoic acid, heptanoic acid, octanoic acid, and valeric acid",Unclassified,TRUE,TRUE,Carboxylic acid esters,direct_parent,subset,medium,NA,NA,FALSE
"Gasoline, pyrolysis, debutanizer bottoms",CAS without structure,TRUE,FALSE,NA,NA,NA,high,NA,NA,FALSE
"Benzene, 1,1'-oxybis-, tetrapropylene derivs., sulfonated, sodium salts",CAS without structure,TRUE,TRUE,Organic sulfonic acids and derivatives,superclass,subset,medium,NA,NA,FALSE
"3-(5-acetylamino-4-(4-[4,6-bis(3-diethylaminopropylamino)-1,3,5-triazin-2-ylamino]phenylazo)-2-(2-methoxyethoxy)phenylazo)-6-amino-4-hydroxy-2-naphtalenesulfonic acid",CAS without structure,TRUE,FALSE,NA,NA,NA,high,NA,NA,FALSE
HYDANTOIN HEXACRYLATE,Unclassified,TRUE,FALSE,NA,NA,NA,medium,NA,NA,FALSE
"2-ketogluconic acid, calcium salt",Unclassified,TRUE,FALSE,NA,NA,NA,high,NA,NA,FALSE
"N-[3-(5-thioxo-2,5-dihydro-1H-tetrazol-1-yl)phenyl]benzamide",Unclassified,TRUE,FALSE,NA,NA,NA,high,NA,NA,FALSE
"Essential oil of Cinnamon bark obtained from the bark of Cinnamomum zeylanicum, Lauraceae by distillation",Unclassified,TRUE,FALSE,NA,NA,NA,high,NA,NA,FALSE
"A mixture of complexes of: titanium, 2,2'-oxydiethanol, ammonium lactate, nitrilotris(2-propanol) and ethylene glycol",Mixture,TRUE,FALSE,NA,NA,NA,high,NA,NA,FALSE
"Glycerol, propoxylated",CAS without structure,TRUE,TRUE,Glycerolipids,class,broader,low,NA,NA,FALSE
"Boric acid (HBO2), cadmium salt",CAS without structure,TRUE,FALSE,NA,NA,NA,high,NA,NA,FALSE
"soybean oil, epoxidised",CAS without structure,TRUE,FALSE,NA,NA,NA,high,NA,NA,FALSE
"[6-(4-Ethoxy-2,3-difluoro-phenyl)-2-fluoro-3-pentoxy-phenyl] trifluoromethanesulfonate",Unclassified,TRUE,FALSE,NA,NA,NA,high,NA,NA,FALSE
PEPS,Unclassified,TRUE,FALSE,NA,NA,NA,low,NA,NA,FALSE
"5-[[[4-(alkyl)alicyclic]carbonyl]amino]-N1,N3-bis[4-(alkyl)alicyclic]-1,3-benzenedicarboxamide",Unclassified,TRUE,TRUE,Benzamides,subclass,subset,medium,NA,NA,FALSE
Arctium lappa L. (aerial parts),CAS without structure,TRUE,FALSE,NA,NA,NA,high,NA,NA,FALSE
"Cuprate(2-), [4-hydroxy-3-[(2-hydroxy-4-nitrophenyl)azo]-6-[(3-sulfophenyl)amino]-2-naphthalenesulfonato(4-)]-, disodium",CAS without structure,TRUE,FALSE,NA,NA,NA,high,NA,NA,FALSE
"N,N-Bis([1,1'-biphenyl]-4-yl)-9,9'-spirobi[9H-fluoren]-2-amine",CAS without structure,TRUE,FALSE,NA,NA,NA,high,NA,NA,FALSE
AKPT-1,Unclassified,TRUE,FALSE,NA,NA,NA,high,NA,NA,FALSE
"3-aminocrotonic acid, esters with mono- or dihydric alcohols",Unclassified,TRUE,TRUE,Carboxylic acid esters,direct_parent,subset,medium,NA,NA,FALSE
"Benzyl (22S)-22-[(benzyloxy)carbonyl]-1-[(2,5-dioxo-1-pyrrolidinyl)oxy]-1,10,19,24-tetraoxo-3,6,12,15-tetraoxa-9,18,23-triazahentetracontan-41-oate",CAS without structure,TRUE,FALSE,NA,NA,NA,high,NA,NA,FALSE
"Chromate(2-), [3-[4,5-dihydro-4-[(2-hydroxy-5-nitrophenyl)azo]-3-methyl-5-oxo-1H-pyrazol-1-yl]benzenesulfonato(3-)][2,4-dihydro-4-[(2-hydroxy-5-nitrophenyl)azo]-5-methyl-2-phenyl-3H-pyrazol-3-onato(2-)]-, sodium",CAS without structure,TRUE,FALSE,NA,NA,NA,high,NA,NA,FALSE
"Aromatic hydrocarbons, C10-13, reaction products with branched nonene, sulfonated, sodium salts",CAS without structure,TRUE,TRUE,Organic sulfonic acids and derivatives,superclass,subset,medium,NA,NA,FALSE
"organopolysiloxanes, linear or branched with methyl- or phenylgroups",CAS without structure,TRUE,TRUE,Organosilicon compounds,subclass,subset,medium,NA,NA,FALSE
Oct-7-en-1-yl dec-9-enoate,CAS without structure,TRUE,FALSE,NA,NA,NA,high,NA,NA,FALSE
"Decanoic acid, mixed esters with heptanoic acid, octanoic acid, pentaerythritol and valeric acid",CAS without structure,TRUE,TRUE,Carboxylic acid esters,direct_parent,subset,medium,NA,NA,FALSE
"Yttrium oxide sulfide, ytterbium-doped",CAS without structure,TRUE,FALSE,NA,NA,NA,high,NA,NA,FALSE
"Hydrogen potassium sodium 4-amino-6-(5-(5-chloro-2-fluoro-6-methylpyrimidin-4-ylamino)-2-sulfonatophenylazo)-3-(2,5-disulfonatophenylazo)-5-hydroxynaphthalene-2,7-disulfonate",Unclassified,TRUE,FALSE,NA,NA,NA,high,NA,NA,FALSE
"A co-polymer of 2-methyl-1,3-propanediol, propylene glycol and diethylene glycol with maleic anhydride, terephthalic acid and isophthalic acid",Unclassified,TRUE,FALSE,NA,NA,NA,high,NA,NA,FALSE
ß-CDX-DERIVAT,Unclassified,TRUE,TRUE,Carbohydrates and carbohydrate conjugates,subclass,subset,medium,NA,NA,FALSE
"1,4-Benzene disulfonic acid, 2,2'-[1,2-ethenediylbis[(3-sulfo-4 ,1-phenylene)imino[6-(1-methylpropyl)amino]-1,3,5-triazine-4 ,2-diyl]imino]]bis-, hexasodium salt",CAS without structure,TRUE,FALSE,NA,NA,NA,high,NA,NA,FALSE
"Crude Tall Oil (CTO) is obtained from the wood pulping industry. It is a dark brown viscous liquid extracted and processed from softwoods and hardwoods. CTO has a complex composition of fatty acids, resin acids, and neutrals.",Unclassified,TRUE,FALSE,NA,NA,NA,high,NA,NA,FALSE
"Residues, zinc refining flue dust wastewater, mercury-selenium",CAS without structure,TRUE,FALSE,NA,NA,NA,high,NA,NA,FALSE
Spent liquor from semi-chemical pulping containing spent inorganic process chemicals and dissolved organic substances originating from the wood raw material,Unclassified,TRUE,FALSE,NA,NA,NA,high,NA,NA,FALSE
1-(N6-trifluoroacetyl-L-lysyl)-L-proline-mono-p-toluenesulfonate,Unclassified,TRUE,FALSE,NA,NA,NA,high,NA,NA,FALSE
"2-methyl-1-(3-sulfonatopropyl)naphth[1,2-d]oxazolium",Unclassified,TRUE,FALSE,NA,NA,NA,high,NA,NA,FALSE
Ti3.5Al3.0V0.4Mo0.9Ni0.25Pd0.14Ru0.2Fe,Unclassified,TRUE,FALSE,NA,NA,NA,high,NA,NA,FALSE
(3-Chloro-2-hydroxypropyl)cocoalkyldimethyl ammonium chloride,Unclassified,TRUE,TRUE,Alkyldimethylbenzylammonium halides,subclass,subset,low,NA,NA,FALSE
"Resin acids and Rosin acids, hydrogenated, esters with glycerol",CAS without structure,TRUE,TRUE,Triacylglycerols,subclass,subset,medium,NA,NA,FALSE
bentonite,CAS without structure,TRUE,FALSE,NA,NA,NA,high,NA,NA,FALSE
Chloro-1-ethyl isopropyl carbonate,Unclassified,TRUE,FALSE,NA,NA,NA,medium,NA,NA,FALSE
Zirconium vanadium blue zircon,CAS without structure,TRUE,FALSE,NA,NA,NA,high,NA,NA,FALSE
"Alkaline Extract|Tar acids, cresylic, sodium salts, caustic solns.",CAS without structure,TRUE,TRUE,Cresols,subclass,subset,medium,NA,NA,FALSE
trisodium bis[3-[1-(3-chlorophenyl)-5-(hydroxykO)-3-methyl-1H-pyrazol-4-yl]diazenyl}-4-(hydroxy-kO)5-nitrobenzenesulfonato(3-)]chromate(3-),Unclassified,TRUE,FALSE,NA,NA,NA,high,NA,NA,FALSE
"potassium sodium 7-[{2-(acetylamino)-4-[(4-ammonio-5-sulfonato-1-naphthyl)diazenyl]-5-methoxyphenyl}diazenyl]naphthalene-1,3,6-trisulfonate",CAS without structure,TRUE,FALSE,NA,NA,NA,high,NA,NA,FALSE
"1,5-Pentanediamine, 2-methyl-, reaction products with 2-ethyl-1,4-butanediamine and glycidyl tolyl ether",CAS without structure,TRUE,TRUE,Organonitrogen compounds,superclass,subset,low,NA,NA,FALSE
REAKTIVGELB 2404,Unclassified,TRUE,FALSE,NA,NA,NA,high,NA,NA,FALSE
PVL MARKER SOLID,Unclassified,TRUE,FALSE,NA,NA,NA,high,NA,NA,FALSE
2-naphthylamine and its salts,Substance group,TRUE,TRUE,Naphthalenes,class,subset,medium,NA,NA,FALSE
"Esterification product of glycerol and C16-18 (even numbered) and C18 (unsaturated) triglycerides, hydroxylated, oxidatively cleaved, hydrolised (glycerol free)",Unclassified,TRUE,TRUE,Glycerolipids,class,subset,medium,NA,NA,FALSE
"Pitch, coal tar, high-temp., heat-treated|[The heat treated residue from the distillation of high temperature coal tar. A black solid with an approximate softening point from 80 °C to 180 °C (176 °F to 356 °F). Composed primarily of a complex mixture of t",CAS without structure,TRUE,FALSE,NA,NA,NA,high,NA,NA,FALSE
aluminium alkyls,Unclassified,TRUE,TRUE,Alkylaluminium and derivatives,direct_parent,exact,high,Metal alkyls,0.8567250065518855,FALSE
GEROL 007,Unclassified,TRUE,FALSE,NA,NA,NA,high,NA,NA,FALSE
"1,4-diazabicyclooctane, ethane-1,2-diol and 1-(2-hydroxypropyl)-1,4-diazabicyclo[2.2.2]octan-1-ium neodecanoate",Unclassified,TRUE,FALSE,NA,NA,NA,high,NA,NA,FALSE
Reaction products resulting from the esterification of C18 unsaturated fatty acid with glycerol and glycerol oligomers,Unclassified,TRUE,TRUE,Glycerolipids,class,subset,medium,NA,NA,FALSE
KP-18C,Unclassified,TRUE,FALSE,NA,NA,NA,high,NA,NA,FALSE
"Acetic acid, nickel(2+) salt (2:1), polymer with formaldehyde and 4-(1,1,3,3-tetramethylbutyl)phenol",CAS without structure,TRUE,FALSE,NA,NA,NA,medium,NA,NA,FALSE
(R)-2-tert-butoxycarbonylamino-3-(pyridin-3-yl)propionic acid,Unclassified,TRUE,FALSE,NA,NA,NA,high,NA,NA,FALSE
FAT 41023,Unclassified,TRUE,FALSE,NA,NA,NA,high,NA,NA,FALSE
"Slags, tin-smelting",CAS without structure,TRUE,FALSE,NA,NA,NA,high,NA,NA,FALSE
"Fatty acids lanolin, di-, tri- and tetraesters with pentaerythritol and rape fatty acid",Unclassified,TRUE,TRUE,Carboxylic acid esters,direct_parent,subset,medium,NA,NA,FALSE
Ammonium sulfide ((NH4)2(Sx)),CAS without structure,TRUE,TRUE,Inorganic sulfides,class,subset,medium,NA,NA,FALSE
SIR-159,Unclassified,TRUE,FALSE,NA,NA,NA,high,NA,NA,FALSE
"slimes and sludges, copper electrolytic refining, decopperised, nickel sulfate",CAS without structure,TRUE,FALSE,NA,NA,NA,high,NA,NA,FALSE
"copolymer of 3-oxa-2-oxotricyclo[4.2.1.0(4,8)] nonane-5-ylmethacrylate, 1-ethyl-1-cyclopentylacrylate and 3-hydroxy-1-tricyclo[3.3.1.1(3,7)] decane-1-yl-methacrylate",Unclassified,TRUE,FALSE,NA,NA,NA,high,NA,NA,FALSE
BW-XAJ (Bacteriophage against Walnut Xanthomonas arboricola pv. juglandis),Unclassified,TRUE,NA,NA,NA,NA,low,NA,NA,FALSE
"Amides, C12-18(even-numbered) and C18(unsatd.), N,N-bis(hydroxyethyl)",CAS without structure,TRUE,TRUE,Fatty amides,subclass,subset,high,NA,NA,FALSE
"Titanium, diethylene glycol propylene glycol triethanolamine complexes",CAS without structure,TRUE,TRUE,Organometallic compounds,superclass,subset,medium,NA,NA,FALSE
alkylarylsulfonic acid,Unclassified,TRUE,TRUE,Organosulfonic acids and derivatives,subclass,subset,medium,NA,NA,FALSE
Cetyl Acetate and Stearyl Acetate and Oleyl Acetate and Acetylated Lanolin Alcohol,Unclassified,TRUE,TRUE,Fatty acid esters,subclass,subset,medium,NA,NA,FALSE
Conifer needle powder,Unclassified,TRUE,FALSE,NA,NA,NA,high,NA,NA,FALSE
"Oligomerisation products of 2-(chloromethyl)oxirane and 2-ethyl-2-(hydroxymethyl)propane-1,3-diol",Unclassified,TRUE,TRUE,Epoxides,class,subset,medium,NA,NA,FALSE
Platinum group metal and silver nitrates and nitric acid from leaching of precious metals containing source materials,Unclassified,TRUE,TRUE,Transition metal salts,class,subset,medium,NA,NA,FALSE
REACTIVE SCARLET 9909,Unclassified,TRUE,FALSE,NA,NA,NA,high,NA,NA,FALSE
"organopolysiloxanes with 1,2-propanediol groups",Unclassified,TRUE,TRUE,Siloxanes,subclass,subset,medium,NA,NA,FALSE
"Esterification products of acrylic acid and 4,4'-isopropylidenediphenol ethoxylated",Unclassified,TRUE,TRUE,Carboxylic acid esters,direct_parent,subset,medium,NA,NA,FALSE
"(E,Z)-4,7-Tridecadien-1-yl acetate",Unclassified,TRUE,FALSE,NA,NA,NA,high,NA,NA,FALSE
"silicates, natural, silanated (with the exception of asbestos)",Unclassified,TRUE,TRUE,Miscellaneous silicates,direct_parent,subset,low,NA,NA,FALSE
"tetrasodium 2-[(1,2-dicarboxylatoethyl)amino]butanedioate",Unclassified,TRUE,FALSE,NA,NA,NA,high,NA,NA,FALSE
PDS-1099,Unclassified,TRUE,FALSE,NA,NA,NA,high,NA,NA,FALSE
"Phosphoric Acid, Esters with Alcohols, C11-14 iso, C13-rich",Unclassified,TRUE,TRUE,Organic phosphoric acids and derivatives,superclass,subset,medium,NA,NA,FALSE
"Cuprate(2-), [μ-[[3,3'-[methylenebis[(4,6-dihydroxy-3,1-phenylene)azo]]bis[4-hydroxy-5-nitrobenzenesulfonato]](6-)]]di-, sodium",CAS without structure,TRUE,FALSE,NA,NA,NA,high,NA,NA,FALSE
Ni55Ti45,Unclassified,TRUE,FALSE,NA,NA,NA,high,NA,NA,FALSE
FORAFAC 1216 N,Unclassified,TRUE,FALSE,NA,NA,NA,medium,NA,NA,FALSE
tetrachloroplatinates with the exception of those specified elsewhere in this Annex,Unclassified,TRUE,TRUE,Transition metal salts,class,subset,medium,NA,NA,FALSE
"phthalic anhydride, distillation residues",Unclassified,TRUE,TRUE,Phthalic anhydrides,subclass,subset,medium,NA,NA,FALSE
"Baseoil - unspecified|Hydrocarbons, C<sub>27-45</sub>, dearomatized",CAS without structure,TRUE,TRUE,Hydrocarbons,superclass,subset,medium,NA,NA,FALSE
"Non-volatile extract of Ginger, obtained from the roots of Zingiber officinalis (Zingiberaceae) by supercritical CO2 extraction",Unclassified,TRUE,FALSE,NA,NA,NA,high,NA,NA,FALSE
"Fatty acids, C16-18 (even numbered), compds. with triethanolamine",Unclassified,TRUE,TRUE,Fatty acids and conjugates,subclass,subset,medium,NA,NA,FALSE
IDU-2,Unclassified,TRUE,FALSE,NA,NA,NA,medium,NA,NA,FALSE
"Mercury, (1-methoxyethyl)(9-octadecenoato-O)-, (Z)-",CAS without structure,TRUE,FALSE,NA,NA,NA,high,NA,NA,FALSE
"magnesium, powder or turnings",Unclassified,TRUE,FALSE,NA,NA,NA,high,NA,NA,FALSE
"Octene, hydroformylation products",CAS without structure,TRUE,TRUE,Fatty alcohols,subclass,subset,low,NA,NA,FALSE
N-(3-(dimethylamino)propyl)-C12-14-(even numbered)-alkylamide,Unclassified,TRUE,TRUE,Fatty amides,subclass,subset,medium,NA,NA,FALSE
Beer,Unclassified,TRUE,FALSE,NA,NA,NA,high,NA,NA,FALSE
polymers derived from the esterification of azelaic acid with n-hexyl and 2-ethylhexyl alcohols,Unclassified,TRUE,TRUE,Organic Polymers,superclass,subset,medium,NA,NA,FALSE
"Octanethioic acid, S-[3-(triethoxysilyl)propyl] ester, reaction products with 2-methyl-1,3-propanediol and 3-(triethoxysilyl)-1-propanethiol",CAS without structure,TRUE,FALSE,NA,NA,NA,medium,NA,NA,FALSE
Calcium fluoride hydroxide phosphate (5 : 0.6-0.8 : 0.2-0.4 : 3),Unclassified,TRUE,FALSE,NA,NA,NA,medium,NA,NA,FALSE
Lithium salt of branched-aliphatic dicarboxylic acid,Unclassified,TRUE,TRUE,Dicarboxylic acids and derivatives,subclass,subset,medium,NA,NA,FALSE
"Amines, C11-13 (branched) alkyl, salts with O,O-bis(2-ethylhexyl) hydrogen dithiophosphate",Unclassified,TRUE,TRUE,Organic dithiophosphoric acids and derivatives,class,subset,medium,NA,NA,FALSE
"starch, hydrolysed",CAS without structure,TRUE,TRUE,Polysaccharides,class,subset,medium,NA,NA,FALSE
"AC 900,001",Unclassified,TRUE,FALSE,NA,NA,NA,high,NA,NA,FALSE
Hexabromodiphenyl ether (group),Substance group,TRUE,TRUE,Bromodiphenyl ethers,subclass,subset,high,NA,NA,FALSE
"Benzoic acid, 2-methyl-, lead salt",CAS without structure,TRUE,TRUE,Organic lead salts,level 5,subset,medium,NA,NA,FALSE
"Synthetic amorphous magnesium silicate, with molar ratio (SiO2:MgO) range of 1.4-4",Unclassified,TRUE,TRUE,Inorganic salts,superclass,subset,low,NA,NA,FALSE
"Tin, melting residues",CAS without structure,TRUE,FALSE,NA,NA,NA,high,NA,NA,FALSE
"2-Oxepanone, polymer with 1,4-butanediol",CAS without structure,TRUE,TRUE,Macrolides and analogues,class,subset,low,NA,NA,FALSE
"Rape oil, polymer with tung oil",CAS without structure,TRUE,FALSE,NA,NA,NA,high,NA,NA,FALSE
QUINAZOLINONE,Unclassified,TRUE,TRUE,Quinazolines,subclass,subset,medium,NA,NA,FALSE
Mercury nitride,CAS without structure,TRUE,FALSE,NA,NA,NA,high,NA,NA,FALSE
Gelatine,Unclassified,TRUE,FALSE,NA,NA,NA,high,NA,NA,FALSE
"[(-)-(4-amino-2-hydroxy-4-oxobutyl)trimethylammonium](1R,3S)-1,2,2-Trimethyl-1,3-cyclopentanedicarboxylic acid monocarboxylate",Unclassified,TRUE,FALSE,NA,NA,NA,high,NA,NA,FALSE
Cell Free Harpin Extract of Harpinαβ produced by fermentation,Unclassified,TRUE,NA,NA,NA,NA,low,NA,NA,FALSE
"(-)-3R,4R-1-Benzyl-4-(4-fluorophenyl)-3-hydroxymethyl-piperide-L-dibenzoyl tartrate",CAS without structure,TRUE,FALSE,NA,NA,NA,high,NA,NA,FALSE
null,Unclassified,TRUE,FALSE,NA,NA,NA,high,NA,NA,FALSE
linseed oils epoxidised using good industrial practice,Unclassified,TRUE,FALSE,NA,NA,NA,medium,NA,NA,FALSE
"Linseed oil, polymer with tung oil, lead salt",CAS without structure,TRUE,FALSE,NA,NA,NA,medium,NA,NA,FALSE
"6,6'-bis(diazo-5,5', 6,6'-tetrahydro-5,5'-dioxo)[methylene-bis(5-(6-diazo-5,6-dihydro-5-oxo-1-naphthylsulphonyloxy)-6-methyl-2-phenylene]di(naphthalene-1-sulfonate)",Unclassified,TRUE,FALSE,NA,NA,NA,high,NA,NA,FALSE
a mixture of: triphenylthiophosphate and tertiary butylated phenyl derivatives,Mixture,TRUE,TRUE,Organothiophosphorus compounds,superclass,broader,low,NA,NA,FALSE
2-hydroxypropan-1-aminium sulfate,Unclassified,TRUE,FALSE,NA,NA,NA,high,NA,NA,FALSE
"2-Naphthalenol, 1-[[2-methyl-4-[(2-methylphenyl)azo]phenyl]azo]-, ar-styrenated",CAS without structure,TRUE,TRUE,Azobenzenes,class,subset,medium,NA,NA,FALSE
propylhydroxypropylcellulose,Unclassified,TRUE,TRUE,Polysaccharides,class,subset,medium,NA,NA,FALSE
methyl 3-(2-bromopropanoylamino)-4-methyl-thiophene-2-carboxylate,Unclassified,TRUE,FALSE,NA,NA,NA,high,NA,NA,FALSE
"Fatty acids, linseed-oil, reaction products with 2-amino-2-(hydroxymethyl)-1,3-propanediol and formaldehyde",CAS without structure,TRUE,FALSE,NA,NA,NA,high,NA,NA,FALSE
STABILISATOR 1026,Unclassified,TRUE,FALSE,NA,NA,NA,high,NA,NA,FALSE
Butyl (dialkyloxy(dibutoxyphosphoryloxy))titanium(trialkyloxy)titanium phosphate,CAS without structure,TRUE,TRUE,Organometallic compounds,superclass,subset,low,NA,NA,FALSE
Pigment 11990,Unclassified,TRUE,FALSE,NA,NA,NA,high,NA,NA,FALSE
BIS TOB-F6-PARTIALESTER,Unclassified,TRUE,NA,NA,NA,NA,low,NA,NA,FALSE
"Protein hydrolyzates, animal",CAS without structure,TRUE,FALSE,NA,NA,NA,high,NA,NA,FALSE
"1,2,3-tris[1-(2,2,3,3,3-pentafluoropropoxy)butan-2-yl] (1E)-prop-1-ene-1,2,3-tricarboxylate",Unclassified,TRUE,FALSE,NA,NA,NA,high,NA,NA,FALSE
AMINO SUCCINIC ACID DERIVATIVE,Unclassified,TRUE,TRUE,Aspartic acid and derivatives,direct_parent,exact,high,NA,NA,FALSE
"formaldehyde-2,4,6-triamino-1,3,5-triazine, copolymer",CAS without structure,TRUE,TRUE,Organic Polymers,superclass,subset,medium,NA,NA,FALSE
Tetraethylammonium hydrogen maleate anhydrous,Unclassified,TRUE,FALSE,NA,NA,NA,high,NA,NA,FALSE
4-amino-10-methyl folic acid ethylester hydroiodide,CAS without structure,TRUE,FALSE,NA,NA,NA,high,NA,NA,FALSE
"(Z,E)-9,11-tetradecadien-1-yl-acetate (SCLP Acetates)",Unclassified,TRUE,FALSE,NA,NA,NA,medium,NA,NA,FALSE
"Fatty acids, C8-18 and C18-unsatd., barium salts",CAS without structure,TRUE,TRUE,Fatty acids and conjugates,subclass,subset,high,NA,NA,FALSE
Reaction products of triphenyl phosphite and isodecanol (1:2),Unclassified,TRUE,FALSE,NA,NA,NA,medium,NA,NA,FALSE
copolymers of vinyl chloride with vinyl acetate modified with maleic anhydride and polyvinyl alcohol,Unclassified,TRUE,TRUE,Organic Polymers,superclass,subset,medium,NA,NA,FALSE
"Fatty acids, C16-18 and C18-unsatd., esters with sorbitol",CAS without structure,TRUE,TRUE,Fatty acid esters,subclass,subset,high,NA,NA,FALSE
PHOTOSOL 7-114,Unclassified,TRUE,FALSE,NA,NA,NA,high,NA,NA,FALSE
"condensation products of formaldehyde with: 
phenol 
cresol 
xylenol 
resorcinol 
melamine",Unclassified,TRUE,TRUE,Organic Polymers,superclass,subset,medium,NA,NA,FALSE
"Amides, tall-oil fatty, N-[3-(dimethylamino)propyl]",CAS without structure,TRUE,TRUE,Fatty amides,subclass,subset,high,NA,NA,FALSE
salts of nicotine,Unclassified,TRUE,TRUE,Organic salts,superclass,subset,medium,NA,NA,FALSE
"Extract residues (coal), light oil alk., acid ext., indene fraction|Light Oil Extract Residues, intermediate boiling",CAS without structure,TRUE,FALSE,NA,NA,NA,high,NA,NA,FALSE
GOKILAHT-S,Unclassified,TRUE,FALSE,NA,NA,NA,high,NA,NA,FALSE
POLYFOX PF-156A,Unclassified,TRUE,FALSE,NA,NA,NA,high,NA,NA,FALSE
"Flue dust, lead-refining",CAS without structure,TRUE,FALSE,NA,NA,NA,high,NA,NA,FALSE
"Alkenes, C>8",CAS without structure,TRUE,TRUE,Alkenes,subclass,subset,high,NA,NA,FALSE
PMMBENZILNITRILE,Unclassified,TRUE,FALSE,NA,NA,NA,medium,NA,NA,FALSE
"(IR)-1,3,3-Trimethyl-4,6-dioxatricyclo[3.3.1.02,7]nonane (lineatin)",Unclassified,TRUE,NA,NA,NA,NA,low,NA,NA,FALSE
"Glycerides, C16-18 and C18-unsatd. mono-",CAS without structure,TRUE,TRUE,Monoacylglycerols,subclass,subset,high,NA,NA,FALSE
"C16-(branched), C20-(branched) and C24-(branched)-alkanes",Unclassified,TRUE,TRUE,Branched alkanes,subclass,subset,high,Branched alkanes,0.8360909643487691,TRUE
DCC-CHLORID,Unclassified,TRUE,FALSE,NA,NA,NA,medium,NA,NA,FALSE
"1-(3,3-dimethylcyclohexyl)ethyl glycolate",CAS without structure,TRUE,FALSE,NA,NA,NA,high,NA,NA,FALSE
"N-(5-methyl-5-carboxymethylbicyclo[2,2,1]heptan-2-yl)sulfonyloxysuccinimide",Unclassified,TRUE,FALSE,NA,NA,NA,high,NA,NA,FALSE
Ammonium polysulphide,CAS without structure,TRUE,FALSE,NA,NA,NA,medium,NA,NA,FALSE
PRODUKT P-4G,Unclassified,TRUE,FALSE,NA,NA,NA,high,NA,NA,FALSE
"(methyl methacrylate, butyl acrylate, styrene, glycidylmethacrylate) copolymer",CAS without structure,TRUE,TRUE,Organic Polymers,superclass,subset,medium,NA,NA,FALSE
"Acetic acid, oleic acid, candelilla wax, tallow, calcium-lead complex salt",CAS without structure,TRUE,FALSE,NA,NA,NA,high,NA,NA,FALSE
Resinoid of Commiphora erythraea (Burseraceae) obtained from the gum by ethanol extraction,Unclassified,TRUE,FALSE,NA,NA,NA,high,NA,NA,FALSE
"{2-[2,6-difluoro-4-(methylcarbamoyl)phenyl]-7-methylimidazo[1,2-a]pyridin-3-yl}acetic acid",CAS without structure,TRUE,FALSE,NA,NA,NA,high,NA,NA,FALSE
"Alcohols, C9-11, branched and linear, ethoxylated",CAS without structure,TRUE,TRUE,Fatty alcohols,subclass,subset,medium,NA,NA,FALSE
VE-LINOLEATE,Unclassified,TRUE,FALSE,NA,NA,NA,medium,NA,NA,FALSE
propan-2-amine:isopropyl N-(tert-butoxycarbonyl)-oxo-phenylnorleucinate transaminase,Unclassified,TRUE,FALSE,NA,NA,NA,high,NA,NA,FALSE
"C16-18 (even numbered) and C18 (unsaturated) triglycerides, hydroxylated, oxidatively cleaved (glycerol free and fatty acids free)",Unclassified,TRUE,TRUE,Triacylglycerols,subclass,subset,medium,NA,NA,FALSE
"1H-Imidazole-1-ethanol, 4,5-dihydro, 2-(C7-17 alkyl) derivs.",CAS without structure,TRUE,TRUE,Imidazoles,class,subset,medium,NA,NA,FALSE
"Tetraester of 2,2-bis(pyrogallol-4-yl)propane and 6-diazo-5,6-dihydro-5-oxonapthalene-1-sulfonic acid (1:4)",Unclassified,TRUE,FALSE,NA,NA,NA,high,NA,NA,FALSE
"Mercurate(1-), [dodecenylbutanedioato(2-)-O']phenyl-, hydrogen",CAS without structure,TRUE,FALSE,NA,NA,NA,high,NA,NA,FALSE
"Benzoic acid, methyl-, lead(2+) salt",CAS without structure,TRUE,FALSE,NA,NA,NA,high,NA,NA,FALSE
"C12-14-tert-alkyl ammonium 1-amino-9,10-dihydro-9,10-dioxo-4-(2,4,6-trimethylanilino)-anthracen-2-sulfonate",Unclassified,TRUE,TRUE,Organic sulfonate salts,NA,subset,low,NA,NA,FALSE
"potassium iron(III) 1,3-propanediamine-N,N,N',N'-tetraacetate hemihydrate",Unclassified,TRUE,FALSE,NA,NA,NA,high,NA,NA,FALSE
"3-Isocyanatomethyl-3,5,5-trimethylcyclohexyl isocyanate, oligomers, reaction products with 2-butanone oxime",CAS without structure,TRUE,TRUE,Isocyanates,subclass,subset,low,NA,NA,FALSE
"Fatty acids, C12-18 (even-numbered), 3-methylbutyl esters",Unclassified,TRUE,TRUE,Fatty acid esters,subclass,subset,high,NA,NA,FALSE
"Trimethoxy(methyl)silane and its reaction products with 3-aminopropyltriethoxysilane and [3-2,3-epoxypropoxy)propyl]trimethoxysilane",Unclassified,TRUE,TRUE,Organosilicon compounds,subclass,subset,medium,NA,NA,FALSE
KROMO-II,Unclassified,TRUE,FALSE,NA,NA,NA,high,NA,NA,FALSE
Z-85,Unclassified,TRUE,FALSE,NA,NA,NA,high,NA,NA,FALSE
"1-(3,4-polymethoxyarylethyl)heteromonocycle-2,4,6(1H,3H,5H)-trione",Unclassified,TRUE,TRUE,Pyrimidines and pyrimidine derivatives,subclass,subset,medium,NA,NA,FALSE
[3-acetoxy-2-[(2-amino-6-hydroxy-purin-9-yl)methoxy]propyl] (2S)-[[(5-chloro-2-hydroxy-phenyl)-phenyl-methylene]amino]-3-methyl-butanoate,Unclassified,TRUE,FALSE,NA,NA,NA,high,NA,NA,FALSE
PHOTO DYE BLUE MRM 594 PINA,Unclassified,TRUE,FALSE,NA,NA,NA,high,NA,NA,FALSE
"2-Butenedioic acid (E)-, di-C12-18-alkyl esters",CAS without structure,TRUE,TRUE,Carboxylic acid esters,direct_parent,subset,medium,NA,NA,FALSE
"octasodium 2-{[2-anilino-5-hydroxy-6-({5-hydroxy-7-sulfonato-6-[(2-sulfonatophenyl)diazenyl]-2-naphthyl}diazenyl)-7-sulfonato-1-naphthyl]diazenyl}-5-hydroxy-6-({4-[(8-hydroxy-3,6-disulfonato-1-naphthyl)diazenyl]-5-methyl-2-(3-sulfonatopropoxy)phenyl}diazenyl)naphthalene-1,7-disulfonate",Unclassified,TRUE,FALSE,NA,NA,NA,high,NA,NA,FALSE
"Thermal cracking oil from blends of rubber, fuel oils and paraffin waxes, steam-stripped",Unclassified,TRUE,FALSE,NA,NA,NA,high,NA,NA,FALSE
(Z)-3-Methyl-6-isopropenyl-9-decen-1-yl acetate,CAS without structure,TRUE,FALSE,NA,NA,NA,high,NA,NA,FALSE
"amylase, α-",CAS without structure,TRUE,FALSE,NA,NA,NA,high,NA,NA,FALSE
amylose,CAS without structure,TRUE,FALSE,NA,NA,NA,high,NA,NA,FALSE
"7-bromo-4-methoxy-1H-pyrrolo[2,3-c]pyridine hydrogen chloride (1:1) monohydrate",Unclassified,TRUE,FALSE,NA,NA,NA,high,NA,NA,FALSE
Beta-mannosidaseIUBMB 3.2.1.25,CAS without structure,TRUE,FALSE,NA,NA,NA,high,NA,NA,FALSE
PHTALIDE,Unclassified,TRUE,TRUE,Phthalides,subclass,exact,high,NA,NA,FALSE
"polyvinyl alcohol, partially acetylated with < 20 % acetyl groups and a K-value of > 40",Unclassified,TRUE,TRUE,Organic Polymers,superclass,subset,medium,NA,NA,FALSE
"Lanolin, hydroxylated",CAS without structure,TRUE,FALSE,NA,NA,NA,medium,NA,NA,FALSE
"N,N-bis(9,9-dimethylfluoren-2-yl)-4-phenyl-9,9'-spirobi[fluorene]-4'-amine",Unclassified,TRUE,FALSE,NA,NA,NA,high,NA,NA,FALSE
"(2Z)-{2-[(tert-butoxycarbonyl)amino]-1,3-thiazol-4-yl}{[(1-tert-butoxy-2-methyl-1-oxopropan-2-yl)oxy]imino}acetic acid",CAS without structure,TRUE,FALSE,NA,NA,NA,high,NA,NA,FALSE
SETAFIX XD 1289,Unclassified,TRUE,FALSE,NA,NA,NA,high,NA,NA,FALSE
1-Phenyl-1-(2-pyridinyl)ethanol hydrochloride (1:1),CAS without structure,TRUE,FALSE,NA,NA,NA,high,NA,NA,FALSE
"2-[4-(2-ethoxyethoxy)naphtalen-1-yl]-4,6-bis(trichloromethyl)-1,3,5-triazine",Unclassified,TRUE,FALSE,NA,NA,NA,high,NA,NA,FALSE
"Oils, persicaria odorata",Unclassified,TRUE,FALSE,NA,NA,NA,high,NA,NA,FALSE
"Trisodium 5-[[dihydroxy[(2-hydroxynitrosulfophenyl)azo]phenyl]azo]4-hydroxy-3-[(4-nitrophenyl)azo-2,7-naphthalenedisulfonate",Unclassified,TRUE,FALSE,NA,NA,NA,high,NA,NA,FALSE
1-(4-(propyloxyphenyl)ethynyl)-trans-4-(4-propylcyclohexyl)benzene,Unclassified,TRUE,FALSE,NA,NA,NA,high,NA,NA,FALSE
"Fatty acids, tall-oil, reaction products with bisphenol A, epichlorohydrin, glycidyl tolyl ether and triethylenetetramine",CAS without structure,TRUE,FALSE,NA,NA,NA,high,NA,NA,FALSE
"Benzoic acid, C12-15-alkyl esters",CAS without structure,TRUE,TRUE,Benzoic acid esters,direct_parent,subset,high,Benzoic acid esters,0.822894754819819,TRUE
2-(2-Ethoxyphenoxy)ethanaminium methanesulfonate,Unclassified,TRUE,FALSE,NA,NA,NA,high,NA,NA,FALSE
RD 14156,Unclassified,TRUE,FALSE,NA,NA,NA,high,NA,NA,FALSE
"L-threonine, fermentation products byproduct",Unclassified,TRUE,FALSE,NA,NA,NA,high,NA,NA,FALSE
"C16-18 evennumbered, C18 unsaturated alkyl nitrile",CAS without structure,TRUE,TRUE,Nitriles,direct_parent,subset,medium,NA,NA,FALSE
"1,2,3-Propanetricarboxylic acid, 2-hydroxy-, silver(1+) salt, monohydrate",Unclassified,TRUE,FALSE,NA,NA,NA,high,NA,NA,FALSE
(η-cyclopentadienyl)(η-cumenyl)iron(1+) hexafluorophosphate(1-),CAS without structure,TRUE,FALSE,NA,NA,NA,high,NA,NA,FALSE
"1-({[(7,7-dimethyl-2-oxobicyclo[2.2.1]heptan-1-yl)methyl]sulfonyl}oxy)pyrrolidine-2,5-dione",Unclassified,TRUE,FALSE,NA,NA,NA,high,NA,NA,FALSE
"Boric acid (H3BO3), reaction products with ethanolamine and triethanolamine",CAS without structure,TRUE,TRUE,Borate esters,class,subset,medium,NA,NA,FALSE
"Lead, isooctanoate neodecanoate complexes",CAS without structure,TRUE,TRUE,Organic lead salts,subclass,subset,medium,NA,NA,FALSE
Vegeflux Soy,Unclassified,TRUE,FALSE,NA,NA,NA,high,NA,NA,FALSE
MCF-312,Unclassified,TRUE,FALSE,NA,NA,NA,high,NA,NA,FALSE
"[μ-[4-[[3,3'-dihydroxy-4'-[(2-hydroxy-6-sulpho-1-naphthyl)azo][1,1'-biphenyl]-4-yl]azo]-3-hydroxynaphthalene-2,7-disulphonato(7-)]]dicuprate(3-), ammonium and sodium salts",Unclassified,TRUE,FALSE,NA,NA,NA,medium,NA,NA,FALSE
PERFLUORELASTOMER E-16138,Unclassified,TRUE,FALSE,NA,NA,NA,high,NA,NA,FALSE
QUARTERNÄRES AMMONIUMPERFLUORALKYLCARBOXYLAT,Unclassified,TRUE,TRUE,Perfluoroalkyl carboxylic acid and derivatives,direct_parent,subset,medium,NA,NA,FALSE
"Alcohols, C6-24 and C6-24-unsatd., distn. residues",CAS without structure,TRUE,TRUE,Fatty alcohols,subclass,subset,medium,NA,NA,FALSE
"Slags, tellurium",CAS without structure,TRUE,FALSE,NA,NA,NA,high,NA,NA,FALSE
Brightener 0503E,Unclassified,TRUE,FALSE,NA,NA,NA,high,NA,NA,FALSE
"Extract residues (coal), benzole fraction acid",CAS without structure,TRUE,FALSE,NA,NA,NA,high,NA,NA,FALSE
"Arsenenous acid, mercury(2+) salt",CAS without structure,TRUE,FALSE,NA,NA,NA,high,NA,NA,FALSE
barium tetraborate,CAS without structure,TRUE,FALSE,NA,NA,NA,high,NA,NA,FALSE
"thallium compounds, with the exception of those specified elsewhere in this Annex",Unclassified,TRUE,TRUE,Inorganic thalium compounds,class,broader,medium,NA,NA,FALSE
C.I. REACTIVE RED 238,Unclassified,TRUE,FALSE,NA,NA,NA,high,NA,NA,FALSE
"Poly(oxy-1,4-phenylenoxy-1,4-phenyleneterephthaloyl-1,4-phenylene)",Unclassified,TRUE,FALSE,NA,NA,NA,high,NA,NA,FALSE
"Resin acids and Rosin acids, hydrogenated, calcium salts",CAS without structure,TRUE,TRUE,Alkaline earth metal salts,class,subset,medium,NA,NA,FALSE
"Amines, N-C10-16-alkyltrimethylenedi-, reaction products with chloroacetic acid",CAS without structure,TRUE,TRUE,Amines,subclass,subset,low,NA,NA,FALSE
"Residues, precious metal refining cementation",CAS without structure,TRUE,FALSE,NA,NA,NA,high,NA,NA,FALSE
DS-1293B-E,Unclassified,TRUE,FALSE,NA,NA,NA,high,NA,NA,FALSE
"Amines, bis(hydrogenated rape oilalkyl)methyl, N-oxides",Unclassified,TRUE,TRUE,Long-chain alkyl amine oxides,direct_parent,subset,medium,NA,NA,FALSE
4’-(2-Propyl-4-methyl-6-(1-methylbenzimidazolyl-2-yl)-benzimidazol-1-ylmethyl)biphenyl-2-carbonsäure Hydrochlorid,Unclassified,TRUE,FALSE,NA,NA,NA,high,NA,NA,FALSE
3-(methylsulfanyl)-N-(piperidin-4-yl)propanamide dihydrochloride,Unclassified,TRUE,FALSE,NA,NA,NA,high,NA,NA,FALSE
"Reaction products of (2,2,3-trimethylcyclopent-3-en-1-yl)acetaldehyde and butan-2-one",Unclassified,TRUE,FALSE,NA,NA,NA,high,NA,NA,FALSE
Lead sulphates,Unclassified,TRUE,TRUE,Post-transition metal sulfates,subclass,exact,high,NA,NA,FALSE
"Phenol, 2,4-dinitro-, sulfurized, thiosulfonated",CAS without structure,TRUE,FALSE,NA,NA,NA,medium,NA,NA,FALSE
"Mercurate(1-), methylthioxo-",CAS without structure,TRUE,FALSE,NA,NA,NA,medium,NA,NA,FALSE
"sodium 3,5-dichloro-2-(5-cyano-2,6-bis(3-hydroxypropylamino)-4-methylpyridin-3-ylazo)benzenesulphonate",Unclassified,TRUE,FALSE,NA,NA,NA,high,NA,NA,FALSE
"Pentasodium 5-[4-chloro-6-[4-(2-sulfatoethylsulfonyl)phenylamino]-1,3,5-triazin-2-ylamino]-4-hydroxy-3-(1,5-disulfonatonaphthalen-2-ylazo)naphthalene-2,7-disulfonate",Unclassified,TRUE,FALSE,NA,NA,NA,high,NA,NA,FALSE
3-OXIMETHER,Unclassified,TRUE,FALSE,NA,NA,NA,low,NA,NA,FALSE
Cadmium chloride potassium hydrate,CAS without structure,TRUE,FALSE,NA,NA,NA,high,NA,NA,FALSE
BYK36434,Unclassified,TRUE,FALSE,NA,NA,NA,high,NA,NA,FALSE
Sodium p-t-amylphenoxide,Unclassified,TRUE,FALSE,NA,NA,NA,high,NA,NA,FALSE
inorganic compounds of mercury with the exception of mercuric sulphide and those specified elsewhere in this Annex,Unclassified,TRUE,TRUE,Inorganic mercury compounds,class,subset,high,NA,NA,FALSE
PD 0157890,Unclassified,TRUE,FALSE,NA,NA,NA,high,NA,NA,FALSE
"1,2,3,6,7,8,9,10,11,13a,14,15,16,16a-tetradecahydro-15-[[(1,1-dimethylethoxy)carbonyl]amino]-6-[[(5-methyl-2-heteromonocyclic)carbonyl]amino]-5,16-dioxo-2-(6-heteropolycyclicoxy)-alicyclic[e]heteromonocyclic[1,2-a][1,4]heteromonocycle-14a(5H) -carboxylic acid ethyl ester (2R,6S,12Z,13aS,14aR,16aS)",Unclassified,TRUE,NA,NA,NA,NA,low,NA,NA,FALSE
EG-K,Unclassified,TRUE,FALSE,NA,NA,NA,low,NA,NA,FALSE
"1,5,10-Trimethylcyclododeca-1,5,9-triene with 1,5,9-trimethylcyclododeca-1,5,9-triene and 2-methyl-1,3-butadiene homopolymer",Unclassified,TRUE,FALSE,NA,NA,NA,medium,NA,NA,FALSE
AAMBA-SULFAT,Unclassified,TRUE,FALSE,NA,NA,NA,low,NA,NA,FALSE
"di-tert-butyl-dimethoxy-({3,3',5,5'-tetramethyl-2'-[(tetramethyldisubstitutedheteropolycyclyl)oxy]biphenyl-2-yl}oxy) disubstituted heteropolycycle",Unclassified,TRUE,FALSE,NA,NA,NA,medium,NA,NA,FALSE
"(3-Bromo-2,5-dichloro-phenyl)-oxetan-3-yl-methanone",Unclassified,TRUE,FALSE,NA,NA,NA,high,NA,NA,FALSE
Clonostachys rosea strain J1446 (Gliocladium catenulatum strain J1446),Unclassified,TRUE,NA,NA,NA,NA,low,NA,NA,FALSE
O-98,Unclassified,TRUE,FALSE,NA,NA,NA,high,NA,NA,FALSE
"Reaction products of: 4-nonylphenol, formaldehyde and dodecane-1-thiol",CAS without structure,TRUE,TRUE,Phenols,class,subset,low,NA,NA,FALSE
gadolinium(III)sulfite trihydrate,CAS without structure,TRUE,FALSE,NA,NA,NA,high,NA,NA,FALSE
"Fatty acids, vegetable-oil, polymd., esters with 1,2-hexadecanediol",CAS without structure,TRUE,TRUE,Fatty acid esters,subclass,subset,medium,NA,NA,FALSE
"(ethyl acrylate, methyl methacrylate) copolymer",CAS without structure,TRUE,TRUE,Organic Polymers,superclass,subset,medium,NA,NA,FALSE
"Crude Phenols|Tar acids, brown-coal gasification|[A complex combination of organic compounds obtained from brown coal gasification. Composed primarily of C<sub>6-10</sub> hydroxy aromatic phenols and their homologs.]",Mixture,TRUE,TRUE,Phenols,class,subset,high,NA,NA,FALSE
Sodium salts of substituted amino acid (2),Unclassified,TRUE,TRUE,"Amino acids, peptides, and analogues",subclass,subset,medium,NA,NA,FALSE
"Reaction products of aniline-4-sulfonic acid diazo with formaldehyde and resorcinol, sodium salts",Unclassified,TRUE,TRUE,Azobenzenes,class,subset,medium,NA,NA,FALSE
Creosote oil,Mixture,TRUE,FALSE,NA,NA,NA,medium,NA,NA,FALSE
Bacillus amyloliquefaciens strain FZB42,Unclassified,TRUE,FALSE,NA,NA,NA,high,NA,NA,FALSE
Tungsten carbide (WC) ceramics,Unclassified,TRUE,FALSE,NA,NA,NA,high,NA,NA,FALSE
PM-811,Unclassified,TRUE,FALSE,NA,NA,NA,high,NA,NA,FALSE
"(isopropyl (1s,3s)-3-(methyl(7H-pyrrolo[2,3-d]pyrimidin-4-yl)amino)cyclobutane-1-carboxylate)",Unclassified,TRUE,FALSE,NA,NA,NA,high,NA,NA,FALSE
"1-Naphthalenesulfonic acid, 4-amino-, diazotized, coupled with diazotized 5(or 8)-amino-2-naphthalenesulfonic acid, diazotized 4-nitrobenzenamine and resorcinol",CAS without structure,TRUE,FALSE,NA,NA,NA,medium,NA,NA,FALSE
"Rosin, oligomers",CAS without structure,TRUE,FALSE,NA,NA,NA,medium,NA,NA,FALSE
"Fatty acids, rape-oil, hydrogenated, reaction products with diethylenetriamine, di-Me sulfate-quaternized",CAS without structure,TRUE,TRUE,Quaternary ammonium salts,subclass,subset,medium,NA,NA,FALSE
"Condensation products of fatty acids, tall oil with 2-amino-2-ethylpropanediol",Unclassified,TRUE,TRUE,Fatty amides,subclass,subset,medium,NA,NA,FALSE
"1,3-bis(4-benzoyl-3-hydroxyphenoxy)prop-2-yl methacrylate",Unclassified,TRUE,FALSE,NA,NA,NA,high,NA,NA,FALSE
"Castor oil, ethoxylated",CAS without structure,TRUE,FALSE,NA,NA,NA,medium,NA,NA,FALSE
"Nickel, C5-23-branched carboxylate naphthenate complexes",CAS without structure,TRUE,TRUE,Transition metal salts,class,subset,medium,NA,NA,FALSE
(E)-2-chloro-4-(3-(((4-((2-(2-chloroethoxy)-5-nitrobenzyl)oxy)but-2-en-1-yl)oxy)methyl)phenyl)pyrimidine,Unclassified,TRUE,FALSE,NA,NA,NA,high,NA,NA,FALSE
"Reductive amination products of 2,6-dimethylindan-1-one and ammonia and hydrogen",Unclassified,TRUE,TRUE,Indanes,class,subset,medium,NA,NA,FALSE
1-[(2-Chlorophenyl)(diphenyl)methyl]-1H-imidazole nitrate,CAS without structure,TRUE,FALSE,NA,NA,NA,high,NA,NA,FALSE
CNN-8,Unclassified,TRUE,FALSE,NA,NA,NA,high,NA,NA,FALSE
"Acetic acid, capric acid, caprylic acid, coconut oil, hydrogenated tallow fatty acids, calcium-lead complex salt",CAS without structure,TRUE,FALSE,NA,NA,NA,medium,NA,NA,FALSE
Galvanised steel,Unclassified,TRUE,FALSE,NA,NA,NA,high,NA,NA,FALSE
paraffin waxes and hydrocarbon waxes,CAS without structure,TRUE,TRUE,Saturated hydrocarbons,class,subset,medium,NA,NA,FALSE
"5-Thia-1-azabicyclo[4.2.0]oct-2-ene-2-carboxylic acid, 7-amino-8-oxo-3-[[[1-(sulfomethyl)-1H-tetrazol-5-yl]thio]methyl]-, sodium salt, (6R-trans)-",CAS without structure,TRUE,FALSE,NA,NA,NA,high,NA,NA,FALSE
"N,N'-bis(2-methyl-2-nitropropyl)hexamethylenediamine",Unclassified,TRUE,FALSE,NA,NA,NA,high,NA,NA,FALSE
"µ2-(2-oxido-2-acetato- κ1O-1,3-dicarboxylate- κ2O)-bis[(2-oxidopropane-2-carboxylato-1,3-dicarboxylate)(2-oxidopropane-1,2,3-tricarboxylate- κO)titanium](4+)",Unclassified,TRUE,FALSE,NA,NA,NA,high,NA,NA,FALSE
"Thuya plicata, ext.",CAS without structure,TRUE,FALSE,NA,NA,NA,high,NA,NA,FALSE
"Spinels, cobalt nickel zinc grey",CAS without structure,TRUE,FALSE,NA,NA,NA,high,NA,NA,FALSE
Plant oils / Maize oil,Unclassified,TRUE,FALSE,NA,NA,NA,high,NA,NA,FALSE
"1,2,3,6,7,8,9,10,11,13a,14,15,16,16a-tetradecahydro-6-[[(5-methyl-2-heteromonocyclic)carbonyl]amino]-5,16-dioxo-2-(6-heteropolycyclicoxy)-alicyclic[e]heteromonocyclic[1,2-a][1,4]heteromonocycle-14a(5H)-carboxylic acid (2R,6S,12Z,13aS,14aR,16aS)",Unclassified,TRUE,NA,NA,NA,NA,low,NA,NA,FALSE
"Hydrocarbons, C4, 1,3-butadiene-free, polymd., dibutylene fraction",CAS without structure,TRUE,TRUE,Hydrocarbons,superclass,subset,medium,NA,NA,FALSE
"Low boiling point naphtha - unspecified|Hydrocarbons, C<sub>5</sub>-rich, dicyclopentadiene-contg.|[A complex combination of hydrocarbons obtained by distillation of the products from a steam-cracking process.  It consists predominantly of hydrocarbons ha",Mixture,TRUE,TRUE,Hydrocarbons,superclass,subset,medium,NA,NA,FALSE
"Fatty acids, montan-wax, compds. with diethanolamine",CAS without structure,TRUE,TRUE,Fatty amides,subclass,subset,low,NA,NA,FALSE
"Chromate(2-), [2,4-dihydro-4-[(2-hydroxy-4-nitrophenyl)azo]-5-methyl-2-phenyl-3H-pyrazol-3-onato(2-)][3-[(4,5-dihydro-3-methyl-5-oxo-1-phenyl-1H-pyrazol-4-yl)azo]-2-hydroxy-5-nitrobenzenesulfonato(3-)]-, disodium",CAS without structure,TRUE,FALSE,NA,NA,NA,high,NA,NA,FALSE
H6-PMSA,Unclassified,TRUE,FALSE,NA,NA,NA,low,NA,NA,FALSE
"Phenol, sulfonated",CAS without structure,TRUE,TRUE,Organic sulfonic acids and derivatives,superclass,subset,medium,NA,NA,FALSE
UM-225,Unclassified,TRUE,FALSE,NA,NA,NA,high,NA,NA,FALSE
"Lead, di-mu-hydroxy(2-methyl-4,6-dinitrophenolato-kappaO)(nitrato-kappaO)di-",CAS without structure,TRUE,FALSE,NA,NA,NA,high,NA,NA,FALSE
tri{[(2S)-1-ethoxy-1-oxopropan-2-yl]oxy}(vinyl)silane,Unclassified,TRUE,FALSE,NA,NA,NA,high,NA,NA,FALSE
UNDECANSAEURE-CD-SALZ,CAS without structure,TRUE,FALSE,NA,NA,NA,high,NA,NA,FALSE
Alkanoic acid and polyoxomolybdate borate alkanoate clusters,Unclassified,TRUE,TRUE,NA,NA,broader,high,NA,NA,FALSE
"Glycerides, C16-18 mono-, di- and tri-, hydrogenated, citrates",Unclassified,TRUE,TRUE,Triacylglycerols,subclass,broader,medium,NA,NA,FALSE
"2,2',6,6'-Tetrabromo-4,4'-isopropylidenediphenol, oligomeric reaction products with 1-chloro-2,3-epoxypropane",CAS without structure,TRUE,TRUE,Epoxides,class,subset,low,NA,NA,FALSE
"Fatty acids, lanolin, esters with pentaerythritol",CAS without structure,TRUE,TRUE,Wax esters,direct_parent,subset,medium,NA,NA,FALSE
Saponification and oxidation product of carnauba wax with acidic sodium dichromate solution,Unclassified,TRUE,FALSE,NA,NA,NA,high,NA,NA,FALSE
"Reaction products of 16β-(pyrrolidinium-1-yl)-2α,3α,5α-2,3-epoxyandrostan-17β-ol chloride and morpholine",Unclassified,TRUE,FALSE,NA,NA,NA,high,NA,NA,FALSE
HBTA (high boiling tar acid),Unclassified,TRUE,TRUE,Phenols,class,subset,medium,NA,NA,FALSE
"Anthra[9,1,2-cde]benzo[rst]pentaphene-5,10-dione, amino-, reaction products with 1-amino-9,10-anthracenedione and tetrabromo-8,16-pyranthrenedione",CAS without structure,TRUE,FALSE,NA,NA,NA,high,NA,NA,FALSE
"Fatty acids, C16-18, lead salts",CAS without structure,TRUE,TRUE,Organic lead salts,subclass,subset,medium,NA,NA,FALSE
Creosote and Creosote related substances,Mixture,TRUE,TRUE,Phenols,class,broader,low,NA,NA,FALSE
"Nitric acid, cadmium salt, dodecahydrate",CAS without structure,TRUE,FALSE,NA,NA,NA,high,NA,NA,FALSE
"Butanedioic acid, 2,3-dihydroxy- [R-(R*,R*)]-,C12-13-branched alkyl esters",Unclassified,TRUE,TRUE,Carboxylic acid esters,direct_parent,subset,medium,NA,NA,FALSE
"Cadmium sulfide (CdS), solid soln. with zinc sulfide, copper and silver-doped",CAS without structure,TRUE,FALSE,NA,NA,NA,high,NA,NA,FALSE
"formaldehyde, polymer with 2-(chloromethyl)oxirane and phenol (Novolac glycidyl ether, NOGE)",CAS without structure,TRUE,TRUE,Epoxides,class,subset,medium,NA,NA,FALSE
HYAFF 11P50,Unclassified,TRUE,FALSE,NA,NA,NA,high,NA,NA,FALSE
"oxirane, methyl-, polymer with oxirane, ether with 1,2,3-propanetriol (3:1), (9Z)-9-octadecenoate",CAS without structure,TRUE,FALSE,NA,NA,NA,medium,NA,NA,FALSE
Bisquaternary ammonium compound,Substance group,TRUE,TRUE,Quaternary ammonium salts,subclass,subset,high,NA,NA,FALSE
"sodium bis[tris(2-hydroxyethyl)ammonium][6-anilino-4'-(4,8-disulfonato-2-naphthylazo)-5'-methyl-3-sulfonatonaphthalene-2-azobenzene-1,2'-diolato]cuprate(II)",Unclassified,TRUE,FALSE,NA,NA,NA,high,NA,NA,FALSE
"N,N-dimethyl-2-[3-(4,6-dimethoxypyrimidin-2-yl)ureidosulfonyl]-4-formylaminobenzamide, sodium salt",CAS without structure,TRUE,FALSE,NA,NA,NA,high,NA,NA,FALSE
potassium N-(2-carboxyethyl)-N-(2-ethylhexyl)-ß-alaninate,CAS without structure,TRUE,FALSE,NA,NA,NA,high,NA,NA,FALSE
"(2S, 4R)-1-((S)-2-(tert-butoxycarbonylamino)-3,3-dimethylbutanoyl)-4-hydroxypyrrolidine-2-carboxylic acid compound with tetrahydrofuran",Unclassified,TRUE,FALSE,NA,NA,NA,high,NA,NA,FALSE
"Pitch Residue|Pitch, coal tar, low-temp|[A complex black solid or semi-solid obtained from the distillation of a low temperature coal tar. It has a softening point within the approximate range of 40 °C to 180 °C (104 °F to 356 °F). Composed primarily of a",CAS without structure,TRUE,FALSE,NA,NA,NA,high,NA,NA,FALSE
"Fatty acids, C8-10 (even numbered), 2-ethylhexyl esters",CAS without structure,TRUE,TRUE,Fatty acid esters,subclass,subset,high,NA,NA,FALSE
Methyl 2-cyano-acetyloxy-propionate,Unclassified,TRUE,FALSE,NA,NA,NA,medium,NA,NA,FALSE
"Lubricating oils, used, distd.",CAS without structure,TRUE,FALSE,NA,NA,NA,high,NA,NA,FALSE
"Fatty acids, safflower-oil, Et esters",CAS without structure,TRUE,TRUE,Fatty acid esters,subclass,subset,high,NA,NA,FALSE
"1,2-N,N'-Propylene-bis(4'-aminobenzammonium) sulfate",Unclassified,TRUE,FALSE,NA,NA,NA,high,NA,NA,FALSE
"Copper, [29H,31H-phthalocyaninato(2-)-N29,N30,N31,N32]-, [[3-(cyclohexylamino)propyl]amino]sulfonyl derivs.",CAS without structure,TRUE,TRUE,Phthalocyanines,subclass,subset,high,NA,NA,FALSE
"2-Benzyl-1,2,3,6,7,11b-hexahydro-pyrazino[2,1-a]isoquinolin-4-one, hydrochloride",Unclassified,TRUE,FALSE,NA,NA,NA,high,NA,NA,FALSE
"Ascophyllum nodosum, ext.",CAS without structure,TRUE,FALSE,NA,NA,NA,high,NA,NA,FALSE
"Benzenesulfonic acid, 4-C7-13-sec-alkyl derivs.",Unclassified,TRUE,TRUE,Benzenesulfonic acids and derivatives,subclass,subset,high,NA,NA,FALSE
HPEXPF3NM,Unclassified,TRUE,FALSE,NA,NA,NA,high,NA,NA,FALSE
"2H-Pyrido[3,2-b]-1,4-oxazin-3(4H)-one, 6-[[5-fluoro-2- [(3,4,5-trimethoxyphenyl)amino]-4-pyrimidinyl]amino]-2,2-dimethyl-4- [(phosphonooxy)methyl]*DMF",Unclassified,TRUE,FALSE,NA,NA,NA,high,NA,NA,FALSE
"1,2-Ethanediamine, N-(2-aminoethyl)-, reaction products with glycidyl tolyl ether",CAS without structure,TRUE,TRUE,Hydrocarbon derivatives,superclass,broader,low,NA,NA,FALSE
"Hydrocarbons, C7, n-alkanes, isoalkanes, cyclics",Unclassified,TRUE,TRUE,Saturated hydrocarbons,class,subset,high,NA,NA,FALSE
"Fatty acids, C16-18 (even numbered), manganese(II) salts",Unclassified,TRUE,TRUE,Organic metal salts,class,subset,medium,NA,NA,FALSE
Perfluorobutane sulfonic acid (PFBS) and its salts,Substance group,TRUE,TRUE,Perfluoroalkyl sulfonic acid and derivatives,direct_parent,subset,high,Perfluorooctane sulfonic acid and derivatives,0.8275988209584809,FALSE
UETR10,Unclassified,TRUE,FALSE,NA,NA,NA,high,NA,NA,FALSE
"Tar bases, coal, picoline fraction",CAS without structure,TRUE,FALSE,NA,NA,NA,high,NA,NA,FALSE
"Tetra-n-butylammonium 9-(2-dodecanoyloxycarbonylphenyl)-2,4,5,7-tetrabromo-3-oxo-3H-xanthen-6-olate",Unclassified,TRUE,FALSE,NA,NA,NA,high,NA,NA,FALSE
"Benzeneacetamide, N-[6,9-dihydro-9-[(2R,6S)-6-(hydroxymethyl)-2-morpholinyl]-6-oxo-1H-purin-2-yl]-, 4-methylbenzenesulfonate (1:1)",CAS without structure,TRUE,FALSE,NA,NA,NA,high,NA,NA,FALSE
IR FARBSTOFF 66E,Unclassified,TRUE,FALSE,NA,NA,NA,high,NA,NA,FALSE
Agrotis segetum granulosis virus,Unclassified,TRUE,NA,NA,NA,NA,low,NA,NA,FALSE
"Alcohols, C6-24, distn. residues",CAS without structure,TRUE,TRUE,Fatty alcohols,subclass,subset,medium,NA,NA,FALSE
"(4S,4aS,5aR,12aS)-4-(dimethylamino)-3,10,12,12a-tetrahydroxy-1,11-dioxo-1,4,4a,5,5a,6,11,12a-octahydrotetracene-2-carboxamide p-toluenesulfonate",Unclassified,TRUE,FALSE,NA,NA,NA,high,NA,NA,FALSE
"2,2'-[(1-methylethylidene)bis[(2,6-dibromo-4,1-phenylene)oxymethylene]]bisoxirane and 2,2'-[(1-methylethylidene)bis(4,1-phenyleneoxymethylene)]bisoxirane and their reaction products with phenol",Unclassified,TRUE,TRUE,Epoxides,class,subset,medium,NA,NA,FALSE
polyoxyalkylene alkylether fatty acid,CAS without structure,TRUE,TRUE,Fatty acids and conjugates,subclass,subset,medium,NA,NA,FALSE
"Calendula officinalis, ext.",CAS without structure,TRUE,FALSE,NA,NA,NA,high,NA,NA,FALSE
hydroxy methyl cellulose,CAS without structure,TRUE,TRUE,Polysaccharides,class,subset,medium,NA,NA,FALSE
"1,2-Benzenedicarboxylic acid, lead(2+) salt",CAS without structure,TRUE,FALSE,NA,NA,NA,high,NA,NA,FALSE
organopolysiloxanes with phenyl groups,Unclassified,TRUE,TRUE,Organosilicon compounds,subclass,subset,medium,NA,NA,FALSE
"Reaction products of 2-methylimidazole and 2,2'-[(1-methylethylidene)bis(4,1-phenyleneoxymethylene)]bisoxirane",Unclassified,TRUE,FALSE,NA,NA,NA,medium,NA,NA,FALSE
"Neutralisation product of iron oxide hydroxide, phosphoric acid, phosphonic acid, lithium hydroxide or lithium carbonate, D-Glucose, 4-O-β-D-galactopyranosyl-, hydrate (1:1) and amylopectin",Unclassified,TRUE,FALSE,NA,NA,NA,high,NA,NA,FALSE
"Extract residues (coal tar), high-temperature, naphthalene oil alkaline, distn. overheads",CAS without structure,TRUE,FALSE,NA,NA,NA,high,NA,NA,FALSE
"Quaternary ammonium compounds, N,N,N'-tris(hydroxyethyl)-N,N'-dimethyl-N'-C16-18 (even numbered) and C18 unsatd., alkyltrimethylenedi-, bis(Me sulfates) (salts)",Unclassified,TRUE,TRUE,Quaternary ammonium salts,subclass,subset,high,NA,NA,FALSE
"Phosphorus acid, alkyl substituted [1,1'-biphenyl]-2,2'-diyl-tetra-aryl ester",Unclassified,TRUE,TRUE,Organic phosphoric acids and derivatives,superclass,subset,medium,NA,NA,FALSE
Esters of rosin oligomers with pentaerythritol,CAS without structure,TRUE,TRUE,Carboxylic acid esters,direct_parent,subset,medium,NA,NA,FALSE
Bisphenols with endocrine disrupting properties for the environment and their salts,Unclassified,TRUE,TRUE,Bisphenols,subclass,subset,high,NA,NA,FALSE
"Chromic acid (H2CrO4), lead(2+) potassium salt (2:1:2)",CAS without structure,TRUE,FALSE,NA,NA,NA,high,NA,NA,FALSE
α-trimethylsilanyl-ω-trimethylsiloxypoly[oxy(methyl-3-(2-(2-methoxypropoxy)propoxy)propylsilanediyl]- co-oxy(dimethylsilane)),CAS without structure,TRUE,TRUE,Organosilicon compounds,subclass,subset,medium,NA,NA,FALSE
"(1S,4R,4aS,9aR)-4,4a,9,9a-tetrahydro-1H-1,4-methanofluorene",Unclassified,TRUE,FALSE,NA,NA,NA,high,NA,NA,FALSE
KURTZ-GELB-ADDITIV (HYDROCHLORID),Unclassified,TRUE,FALSE,NA,NA,NA,medium,NA,NA,FALSE
"(2R)-6-(4-chloropyridin-2-yl)-6,6-dimethoxy-2-methylhexanoic acid - N - cyclohexylcyclohexanamine (1:1.5)",Unclassified,TRUE,FALSE,NA,NA,NA,high,NA,NA,FALSE
Polymer of styrene and acrylamide,Unclassified,TRUE,TRUE,Polystyrenes,class,subset,medium,NA,NA,FALSE
Alkylnaphthalene,Unclassified,TRUE,TRUE,Naphthalenes,class,subset,high,NA,NA,FALSE
"Tar, wood",CAS without structure,TRUE,FALSE,NA,NA,NA,high,NA,NA,FALSE
"Formaldehyde, reaction products with N,N-dimethylbenzenamine and N-methylbenzenamine, oxidized, hydrochlorides",CAS without structure,TRUE,TRUE,Hydrochlorides,class,subset,low,NA,NA,FALSE
"Coal Tar Solids Residue|Tar, coal, high-temp., high-solids|[The condensation product obtained by cooling, to approximately ambient temperature, the gas evolved in the high temperature (greater than 700 °C (1292 °F)) destructive distillation of coal. Compo",CAS without structure,TRUE,FALSE,NA,NA,NA,high,NA,NA,FALSE
"Sage, Salvia officinalis, ext.",CAS without structure,TRUE,FALSE,NA,NA,NA,high,NA,NA,FALSE
BROWN DER 8589,Unclassified,TRUE,FALSE,NA,NA,NA,high,NA,NA,FALSE
Poly (dipropyleneglycol) Phenyl phosphite,CAS without structure,TRUE,TRUE,Organic phosphoric acids and derivatives,superclass,subset,medium,NA,NA,FALSE
Aluminium(III) tris(monomethyl methylphosphonate),Unclassified,TRUE,NA,NA,NA,NA,low,NA,NA,FALSE
"Carbolic Oil Extract Residue|Extract residues (coal), light oil alk., acid ext.|[The oil resulting from the acid washing of alkali-washed carbolic oil to remove the minor amounts of basic compounds (tar bases). Composed primarily of indene, indan and alky",CAS without structure,TRUE,FALSE,NA,NA,NA,high,NA,NA,FALSE
LEXMARK MAGENTA DYE 321,Unclassified,TRUE,FALSE,NA,NA,NA,high,NA,NA,FALSE
"Formaldehyde, oligomeric reaction products with phenol",CAS without structure,TRUE,TRUE,Phenols,class,subset,low,NA,NA,FALSE
N-90,Unclassified,TRUE,FALSE,NA,NA,NA,medium,NA,NA,FALSE
CEP-075(K252A),Unclassified,TRUE,FALSE,NA,NA,NA,high,NA,NA,FALSE
"Lead, dross, antimony-rich",CAS without structure,TRUE,FALSE,NA,NA,NA,high,NA,NA,FALSE
sodium pentamethylenedithiocarbamate,Unclassified,TRUE,FALSE,NA,NA,NA,high,NA,NA,FALSE
"black copper, copper smelting",Unclassified,TRUE,FALSE,NA,NA,NA,high,NA,NA,FALSE
Mustard powder,Unclassified,TRUE,FALSE,NA,NA,NA,high,NA,NA,FALSE
Sodium Olivoyl Glutamate,CAS without structure,TRUE,FALSE,NA,NA,NA,medium,NA,NA,FALSE
"Calcination products of Al2O3, CeO2, MgO and Tb4O7",Unclassified,TRUE,FALSE,NA,NA,NA,high,NA,NA,FALSE
"1-Naphthalenesulfonic acid, 6-diazo-5,6-dihydro-5-oxo-, ester with 4,4'-methylenebis[2-[(2-hydroxy-5-methylphenyl)methyl]-6-methylphenol",Unclassified,TRUE,FALSE,NA,NA,NA,high,NA,NA,FALSE
"6-{[4-dimethylamino)-3-hydroxy-6-methyloxan-2-yl]oxy}-14-ethyl-7,12,13-trihydroxy-4-[(5-hydroxy-4-methoxy-4,6-dimethyloxan-2-yl)oxy]-10-(hydroxyimino)-3,5,7,9,11,13-hexamethyl-1-oxacyclotetradecan-2-one hydrochloride",Unclassified,TRUE,FALSE,NA,NA,NA,high,NA,NA,FALSE
"Ethanaminium, N-[4-[[4-(diethylamino)phenyl][4-(ethylamino)-1-naphthalenyl]methylene]-2,5-cyclohexadien-1-ylidene]-N-ethyl-,5-benzoyl-4-hydroxy-2-methoxybenzenesulfonate (1:1)",Unclassified,TRUE,FALSE,NA,NA,NA,high,NA,NA,FALSE
"Lecithins, hydrolyzed",CAS without structure,TRUE,TRUE,Glycerophospholipids,class,subset,medium,NA,NA,FALSE
"isopropyl (1s,3s)-3-(methylamino)cyclobutane-1-carboxylate succinate",Unclassified,TRUE,FALSE,NA,NA,NA,high,NA,NA,FALSE
"Acid Extract|Extract oils (coal), light oil|[The aqueous extract produced by an acidic wash of alkali-washed carbolic oil. Composed primarily of acid salts of various aromatic nitrogen bases including pyridine, quinoline and their alkyl derivatives.]",CAS without structure,TRUE,FALSE,NA,NA,NA,high,NA,NA,FALSE
OEH 5750,Unclassified,TRUE,FALSE,NA,NA,NA,high,NA,NA,FALSE
DIOLAT,Unclassified,TRUE,FALSE,NA,NA,NA,medium,NA,NA,FALSE
Cadmium sponge,CAS without structure,TRUE,FALSE,NA,NA,NA,high,NA,NA,FALSE
6-METILNICOTINATO DI CALCIO,Unclassified,TRUE,FALSE,NA,NA,NA,high,NA,NA,FALSE
"Fatty acids, soya, iso-Pr esters",CAS without structure,TRUE,TRUE,Fatty acid esters,subclass,subset,high,NA,NA,FALSE
Extract obtained from the shell of Theobroma cacao (Malvaceae) by co-extraction with ethanol and propylene glycol,Unclassified,TRUE,FALSE,NA,NA,NA,high,NA,NA,FALSE
"Fatty Acids, C16-18 and C18-unsatd., diesters with 2-(3-hydroxypropyl)-6-[(3-hydroxypropyl)amino]-1H-benz[de]isoquinoline-1,3(2H)-dione)",CAS without structure,TRUE,TRUE,Fatty acid esters,subclass,subset,medium,NA,NA,FALSE
"benzenamine, N-phenyl-, styrenated",CAS without structure,TRUE,TRUE,Diarylamines,subclass,subset,medium,NA,NA,FALSE
"Methanal, reaction products with 1,3-bis(aminomethyl)benzene and hydroxybenzene",CAS without structure,TRUE,TRUE,Phenols,class,subset,low,NA,NA,FALSE
4HBAGE,Unclassified,TRUE,FALSE,NA,NA,NA,low,NA,NA,FALSE
"Phenol, lead salt",CAS without structure,TRUE,TRUE,Organic metal salts,class,subset,medium,NA,NA,FALSE
Beauveria bassiana strain GHA,Unclassified,TRUE,NA,NA,NA,NA,low,NA,NA,FALSE
"Vetiveria zizanioides, ext., acetylated",CAS without structure,TRUE,FALSE,NA,NA,NA,high,NA,NA,FALSE
"Hexamethylene diisocyanate, oligomers, reaction products with N-(3-trimethoxysilyl)propylbutylamine and Bis-(Trimethoxysilylpropyl)amine",Unclassified,TRUE,TRUE,Polyureas,superclass,subset,low,NA,NA,FALSE
"trimethyltin compounds, with the exception of those specified elsewhere in this Annex",Unclassified,TRUE,TRUE,Triorganotin compounds,direct_parent,subset,high,NA,NA,FALSE
ACID BLUEGREEN 780 PINA(R),Unclassified,TRUE,FALSE,NA,NA,NA,high,NA,NA,FALSE
FC-45,Unclassified,TRUE,FALSE,NA,NA,NA,high,NA,NA,FALSE
albumin,Unclassified,TRUE,FALSE,NA,NA,NA,high,NA,NA,FALSE
"polyethyleneglycol (EO = 1-30, typically 5) ether of butyl-2-cyano-3-(4-hydroxyphenyl) acrylate",Unclassified,TRUE,TRUE,Polyethylene glycols,level 6,subset,medium,NA,NA,FALSE
Chlorophylline,Unclassified,TRUE,FALSE,NA,NA,NA,medium,NA,NA,FALSE
Eggshell powder,Unclassified,TRUE,FALSE,NA,NA,NA,high,NA,NA,FALSE
"Tangor, Murcote, ext.",CAS without structure,TRUE,FALSE,NA,NA,NA,high,NA,NA,FALSE
"Isooctanoic acid, lead salt, basic",CAS without structure,TRUE,TRUE,Organic lead salts,level 5,subset,medium,NA,NA,FALSE
"1,2,3,4-tetrahydro-2-methyl-1,4-dioxo-2-naphtalensulfonate of 1,3,5-triazine-2,4,6-triamer",Unclassified,TRUE,FALSE,NA,NA,NA,medium,NA,NA,FALSE
Nickel(III) oxy hydroxide,Unclassified,TRUE,FALSE,NA,NA,NA,high,NA,NA,FALSE
"Bis(1,2,3,4-tetrahydro-2-methyl-1,4-dioxy-2-naphtalenesulfonate) of hexahydropirazine",Unclassified,TRUE,FALSE,NA,NA,NA,high,NA,NA,FALSE
"2,3,3,3-tetrafluoro-2-(heptafluoropropoxy)propionic acid, its salts and its acyl halides",Unclassified,TRUE,TRUE,Carboxylic acids and derivatives,class,broader,medium,NA,NA,FALSE
Nickel Sulfide (Ni5S3),CAS without structure,TRUE,FALSE,NA,NA,NA,high,NA,NA,FALSE
"2-Propenoic acid, homopolymer",CAS without structure,TRUE,TRUE,Organic Polymers,superclass,subset,medium,NA,NA,FALSE
SOLVENT BLUE 43,CAS without structure,TRUE,FALSE,NA,NA,NA,high,NA,NA,FALSE
Straight Chain Lepidopteran Pheromones (SCLPs) - Alcohols,Unclassified,TRUE,TRUE,Fatty alcohols,subclass,subset,medium,NA,NA,FALSE
ground sunflower seed hulls,Unclassified,TRUE,FALSE,NA,NA,NA,high,NA,NA,FALSE
"Reaction products of 4,4'-isopropylidenediphenol, ethoxylated and methacrylic acid",Unclassified,TRUE,TRUE,Carboxylic acid esters,direct_parent,subset,medium,NA,NA,FALSE
"Tar, coal, high-temp.",CAS without structure,TRUE,FALSE,NA,NA,NA,high,NA,NA,FALSE
"1-Propanaminium, 2-hydroxy-N-(2-hydroxypropyl)-N,N-dimethyl-, esters with fatty acids, C16-18 (even numbered) and C18 unsatd., Me sulfates (salts)",Unclassified,TRUE,TRUE,Quaternary ammonium salts,subclass,subset,medium,NA,NA,FALSE
"Reaction products of hexadecenyl dihydrofuran-2,5-dione and polyisobutenyl dihydro-2,5-furandione with ethylene glycol",CAS without structure,TRUE,TRUE,Carboxylic acid derivatives,subclass,subset,low,NA,NA,FALSE
"Hydrogenated dimerization products of 1-decene, 1-dodecene and 1-octene",Unclassified,TRUE,TRUE,Saturated hydrocarbons,class,subset,medium,NA,NA,FALSE
Cryptophlebia peltastica nucleopolyhedrovirus strain South Africa,Unclassified,TRUE,NA,NA,NA,NA,low,NA,NA,FALSE
"Graphite, acid-treated",CAS without structure,TRUE,FALSE,NA,NA,NA,high,NA,NA,FALSE
"Potassium bis(2-oxido-2,2-diphenyl-acetato) borate",Unclassified,TRUE,FALSE,NA,NA,NA,high,NA,NA,FALSE
Coniothyrium minitans Strain CON/M/91-08 (DSM 9660),Unclassified,TRUE,NA,NA,NA,NA,low,NA,NA,FALSE
organopolysiloxanes with triethylene glycol groups,Unclassified,TRUE,TRUE,Siloxanes,subclass,subset,medium,NA,NA,FALSE
Reaction Products of C4 alcohols and C4 alkenes obtained as by-products from the manufacturing of butan-2-ol by sulfuric acid esterification and hydrolysis of butene,Unclassified,TRUE,TRUE,Alcohols and polyols,subclass,broader,low,NA,NA,FALSE
"Hydrogen sodium 4-amino-2-((1-ethyl-2-hydroxy-4-methyl-6-oxo-5-(sulfonatomethyl)-1,6-dihydropyridin-3-yl)diazenyl)benzenesulfonate",CAS without structure,TRUE,FALSE,NA,NA,NA,high,NA,NA,FALSE
"1-Butanaminium (R)-3-(fluorbenzenesulfonamido)-1,2,3,4-tetrahydro-9H-carbazole-9-propanoate",Unclassified,TRUE,FALSE,NA,NA,NA,high,NA,NA,FALSE
Orange WK 2243,Unclassified,TRUE,FALSE,NA,NA,NA,high,NA,NA,FALSE
"Hexane, 1,6-diisocyanato-, homopolymer, 2-hydroxyethyl acrylate- and propylene glycol monoacrylate-blocked",CAS without structure,TRUE,TRUE,Organic Polymers,superclass,subset,medium,NA,NA,FALSE
BRL 55540-A,Unclassified,TRUE,FALSE,NA,NA,NA,high,NA,NA,FALSE
"Naphthalene Oil Extract Residue|Extract residues (coal), tar oil alk., naphthalene distn. residues|[The residue obtained from chemical oil extracted after the removal of naphthalene by distillation composed primarily of two to four membered condensed ring",CAS without structure,TRUE,FALSE,NA,NA,NA,high,NA,NA,FALSE
[(3-Oxo-butyryl)-phenyl-amino]-acetic acid ethyl ester,Unclassified,TRUE,FALSE,NA,NA,NA,high,NA,NA,FALSE
"Sorbitan monostearate, ethoxylated",CAS without structure,TRUE,TRUE,Fatty acid esters,subclass,subset,medium,NA,NA,FALSE
"Fatty acids, C6-19-branched, lead salts, basic",CAS without structure,TRUE,TRUE,Organic metal salts,class,subset,medium,NA,NA,FALSE
"reaction products of ethylene glycol, urea and paraformaldehyde",Unclassified,TRUE,TRUE,Carboxylic acid amides,direct_parent,subset,low,NA,NA,FALSE
"(butyl acrylate, methyl methacrylate, butyl methacrylate) copolymer",CAS without structure,TRUE,TRUE,Organic Polymers,superclass,subset,high,NA,NA,FALSE
"(8α,9R,8'''α,9'''R)-1,1'-[(2,3,5,6-tetrafluoro-1,4-phenylene)bis(methylene)]bis(6'-methoxycinchonan-1-ium-9-ol) dibromide",CAS without structure,TRUE,FALSE,NA,NA,NA,high,NA,NA,FALSE
NX-12,Unclassified,TRUE,FALSE,NA,NA,NA,medium,NA,NA,FALSE
"Zeolite, phosphor and titanium containing, crystalline, synthetic, non fibrous",Unclassified,TRUE,TRUE,NA,NA,broader,high,NA,NA,FALSE
zinc hydroxyphosphite,CAS without structure,TRUE,FALSE,NA,NA,NA,high,NA,NA,FALSE
Violet sodium polysulfide aluminosilicate with a SOD-type framework structure,Unclassified,TRUE,FALSE,NA,NA,NA,medium,NA,NA,FALSE
Tristrontium diarsenide,CAS without structure,TRUE,FALSE,NA,NA,NA,high,NA,NA,FALSE
ARTON,Unclassified,TRUE,FALSE,NA,NA,NA,medium,NA,NA,FALSE
"E. coli fusion protein HOE901, concentrated",Unclassified,TRUE,NA,NA,NA,NA,low,NA,NA,FALSE
"Reaction products of alcohols, C11-14-iso, C13 rich and phosphorus pentoxide",Unclassified,TRUE,TRUE,Organic phosphoric acids and derivatives,class,subset,medium,NA,NA,FALSE
3-[4-(oxiranylmethoxy)phenyl]- acrylic acid methyl ester,Unclassified,TRUE,FALSE,NA,NA,NA,high,NA,NA,FALSE
coconut diethanolamide (cocamide DEA),CAS without structure,TRUE,TRUE,Fatty amides,subclass,subset,medium,NA,NA,FALSE
HBB,Unclassified,TRUE,FALSE,NA,NA,NA,medium,NA,NA,FALSE
"1-[5-({2-ethyl-5-[(1-ethylcyclohexyl)oxy]-4-[4-(4-hydroxyphenyl)-2-phenylpentyl]-5-oxopentanoyl}oxy)-2,5-dimethylhexan-2-yl] 1-ethylcyclohexyl 4-[4-(4-hydroxyphenyl)-2-phenyl-4-xenoniobutyl]-2-(xenoniomethyl)pentanedioate",CAS without structure,TRUE,FALSE,NA,NA,NA,high,NA,NA,FALSE
"9-Octadecenoic acid (Z)-, lead salt, basic",CAS without structure,TRUE,FALSE,NA,NA,NA,high,NA,NA,FALSE
"(6S)-6-methyl-5,6-Dihydro-4H-thieno[2,3-b]thiopyran4-one-7,7-dioxide",Unclassified,TRUE,FALSE,NA,NA,NA,high,NA,NA,FALSE
Nickel ferrite brown spinel,CAS without structure,TRUE,FALSE,NA,NA,NA,high,NA,NA,FALSE
Tar oils,Unclassified,TRUE,TRUE,NA,NA,broader,high,NA,NA,FALSE
"Reaction products of diazotized mixture of aniline, toluidines and xylidines coupled with mixture of aniline, toluidines and xylidines, subsequently diazotized then coupled with 2-naphthol",Unclassified,TRUE,TRUE,Azobenzenes,class,subset,medium,NA,NA,FALSE
ALBESTER 35PO66,Unclassified,TRUE,FALSE,NA,NA,NA,high,NA,NA,FALSE
"Trisodium [[[[3-[(4-amino-6-chloro-1,3,5-triazin-2-yl)amino]phenyl]amino]sulphonyl]tris(aminosulphonyl)-29H,31H-phthalocyaninetrisulphonato(5-)-N29,N30,N31,N32]nickelate(3-)",CAS without structure,TRUE,FALSE,NA,NA,NA,high,NA,NA,FALSE
"glycerol, esters with ricinoleic acid",Unclassified,TRUE,TRUE,Glycerolipids,class,subset,high,NA,NA,FALSE
"Blend of 1-octadecenol, 1-octadecadienols, different isomers",CAS without structure,TRUE,TRUE,Fatty alcohols,subclass,subset,high,NA,NA,FALSE
"sodium 4-amino-3-((E)-(2,4-disulfonatophenyl)diazenyl)-6((E)-(4-nitro-2-sulfonatophenyl)diazenyl)-5oxidonaphthalene-1,7-disulfonate",CAS without structure,TRUE,FALSE,NA,NA,NA,high,NA,NA,FALSE
"Alpha-dodecyl-omega-hydroxy-poly[oxy(hydroxymethyl)-1,2-ethanediyl]",CAS without structure,TRUE,TRUE,Alcohols and polyols,subclass,subset,low,NA,NA,FALSE
γ-cyclodextrine methyl esters,Unclassified,TRUE,TRUE,Carboxylic acid esters,direct_parent,subset,low,NA,NA,FALSE
Oxidation products containing cobalt oxides and manganese oxide obtained from deactivated cobalt catalyst,Unclassified,TRUE,TRUE,Transition metal oxides,subclass,subset,medium,NA,NA,FALSE
CINNAMALDEHYDE STAGE 127,Unclassified,TRUE,FALSE,NA,NA,NA,high,NA,NA,FALSE
Ethyl(2E)-3-[(tert-butoxycarbonyl)(propan-2-yl)amino]-2-(4-chlorophenyl)prop-2-enoate,CAS without structure,TRUE,FALSE,NA,NA,NA,high,NA,NA,FALSE
SETAL EPC 5792,Unclassified,TRUE,FALSE,NA,NA,NA,high,NA,NA,FALSE
"Tetraesters from esterification of pentaerythritol with pentanoic acid, heptanoic acid and 3,5,5-trimethylhexanoic acid",Unclassified,TRUE,TRUE,Carboxylic acid esters,direct_parent,subset,medium,NA,NA,FALSE
Chromobacterium subtsugae PRAA4-1T,Unclassified,TRUE,NA,NA,NA,NA,low,NA,NA,FALSE
"Reaction products of [29H,31H-phthalocyaninato(2-)-k4N29,N30,N31,N32]copper, thionyl dichloride, and sulfurochloridic acid, further condensed with 2,4-diaminobenzenesulfonic acid and ammonia, further converted with sodium hydroxide 2,4,6-trichloro-1,3, -triazine, and ammonium chloride",Unclassified,TRUE,FALSE,NA,NA,NA,medium,NA,NA,FALSE
"Shale oils, heavy",Unclassified,TRUE,FALSE,NA,NA,NA,high,NA,NA,FALSE
"1,1'-(1,3-phenylenedioxy)bis(3-(2-(prop-2-enyl)phenoxy)propan-2-ol)",Unclassified,TRUE,FALSE,NA,NA,NA,high,NA,NA,FALSE
SOLVENT YELLOW VP SP 52001,Unclassified,TRUE,FALSE,NA,NA,NA,high,NA,NA,FALSE
Bis{tris[4-(mono and dimethylamino)phenyl]methylium} 2-(bis{4-[ethyl(3-sulfonatobenzyl)amino]phenyl}methyliumyl)benzenesulfonate,Unclassified,TRUE,FALSE,NA,NA,NA,high,NA,NA,FALSE
Dicerium silicate,Unclassified,TRUE,FALSE,NA,NA,NA,high,NA,NA,FALSE
"Sulfuric acid, mono-C8-14 (even-numbered)-alkyl esters, ammonium salts, compds. with triethanolamine",Unclassified,TRUE,TRUE,Sulfuric acid esters,subclass,subset,medium,NA,NA,FALSE
"2-diazo-1-naphthol-5-sulfonic acid, ester with 2,3,4,4'-tetrahydroxy benzophenone",Unclassified,TRUE,FALSE,NA,NA,NA,high,NA,NA,FALSE
Essential oil of Cinnamomum camphora (Lauraceae) obtained from leaves by steam distillation,Unclassified,TRUE,FALSE,NA,NA,NA,high,NA,NA,FALSE
tetracopper hexahydroxide sulphate hydrate,CAS without structure,TRUE,FALSE,NA,NA,NA,high,NA,NA,FALSE
potassium-pentacalcium-nitrate decahydrate,Unclassified,TRUE,FALSE,NA,NA,NA,medium,NA,NA,FALSE
Bacillus subtilis strain RTI477,Unclassified,TRUE,FALSE,NA,NA,NA,high,NA,NA,FALSE
"Decanoic acid, mixed esters with dipentaerythritol, octanoic acid and valeric acid",CAS without structure,TRUE,TRUE,Wax esters,direct_parent,subset,low,NA,NA,FALSE
ORANGE DER 7531,Unclassified,TRUE,FALSE,NA,NA,NA,high,NA,NA,FALSE
"Acetic acid, esters with lanolin alcs.",CAS without structure,TRUE,TRUE,Wax esters,direct_parent,subset,medium,NA,NA,FALSE
Citrus extract/grapefruit seed extract,Unclassified,TRUE,FALSE,NA,NA,NA,high,NA,NA,FALSE
Repellents by smell of animal or plant origin/ sheep fat,CAS without structure,TRUE,FALSE,NA,NA,NA,high,NA,NA,FALSE
"2-{2-[2-chloro-3-[1,3,3-trimethylbenz(e)indolin-2-ylidene-ethylidene)-1-cyclohexen-1-yl]-ethenyl]-1,3,3-trimethyl-3H-benz(e)indolio}-4-methylphenylsulfonate",Unclassified,TRUE,FALSE,NA,NA,NA,high,NA,NA,FALSE
"Savory, Satureja hortensis, ext.",CAS without structure,TRUE,FALSE,NA,NA,NA,high,NA,NA,FALSE
"2-tetradecyloxirane, reaction products with boric acid",Unclassified,TRUE,TRUE,Epoxides,class,subset,low,NA,NA,FALSE
Isaria fumosorosea Apopka strain 97 (formerly Paecilomyces fumosoroseus),Unclassified,TRUE,NA,NA,NA,NA,low,NA,NA,FALSE
"Frits, chemicals and bismuth oxide",Unclassified,TRUE,FALSE,NA,NA,NA,medium,NA,NA,FALSE
"1H-Imidazole-1-ethanol, 4,5-dihydro, 2-(C11-17 alkyl) derivs.",Unclassified,TRUE,TRUE,Imidazolines,class,subset,high,NA,NA,FALSE
CW707R (CuZn30As),Unclassified,TRUE,FALSE,NA,NA,NA,high,NA,NA,FALSE
1-(4-butoxy-1-naphthyl)tetrahydrothiophenium nonafluorobutane-1-sulfonate,Unclassified,TRUE,FALSE,NA,NA,NA,high,NA,NA,FALSE
"Low boiling point cat-reformed naphtha|Hydrocarbons, C<sub>2-6</sub>, C<sub>6-8</sub> catalytic reformer",Mixture,TRUE,TRUE,Hydrocarbons,superclass,subset,medium,NA,NA,FALSE
"Reaction products of amines, polyethylenepoly-, triethylenetetramine fraction and copper sulphate (1:1)",Unclassified,TRUE,FALSE,NA,NA,NA,medium,NA,NA,FALSE
PHENOL 2486,Unclassified,TRUE,FALSE,NA,NA,NA,medium,NA,NA,FALSE
"Benzenesulfonic acid, C10-24-branched and linear alkyl derivs., magnesium salts, overbased",Unclassified,TRUE,TRUE,Organic sulfonic acids and derivatives,superclass,subset,medium,NA,NA,FALSE
"C14-17 alkanes, sec-mono- and disulfonic acids, phenyl esters",Unclassified,TRUE,TRUE,Organic sulfonic acids and derivatives,superclass,subset,medium,NA,NA,FALSE
NALCO 73280,Unclassified,TRUE,FALSE,NA,NA,NA,high,NA,NA,FALSE
PHOTOSOL 7-49,Unclassified,TRUE,FALSE,NA,NA,NA,high,NA,NA,FALSE
"Jojoba, ext.",CAS without structure,TRUE,FALSE,NA,NA,NA,high,NA,NA,FALSE
V138033,Unclassified,TRUE,FALSE,NA,NA,NA,high,NA,NA,FALSE
"Phosphoric acid, C12-18-alkyl esters, potassium salts",CAS without structure,TRUE,TRUE,Organic phosphoric acids and derivatives,superclass,subset,medium,NA,NA,FALSE
"Potassium salts of [hexane-1,6-diylbis[nitrilobis(methylene)]]tetrakisphosphonic acid (4-7 K:1)",Unclassified,TRUE,TRUE,Alkali metal salts,class,subset,medium,NA,NA,FALSE
"Sulfonic acids, C13-17-sec-alkane, compds. with triethanolamine",CAS without structure,TRUE,TRUE,Organic sulfonic acids and derivatives,superclass,subset,medium,NA,NA,FALSE
"1-[(7S)-4,7-dihydro-5H-thieno[2,3-c]pyran-7-yl]-N-methylmethanamine (2R)",CAS without structure,TRUE,FALSE,NA,NA,NA,high,NA,NA,FALSE
GDS 2000,Unclassified,TRUE,NA,NA,NA,NA,low,NA,NA,FALSE
"1-Pyrrolidinecarboxylic acid,2-[(dimethylamino)carbonyl]-4-mercapto-,2-propen-1-yl ester, (2S,4S)- and methyl benzoate",Unclassified,TRUE,NA,NA,NA,NA,low,NA,NA,FALSE
Recombinant eADF4(C48-CS25C) protein from E. Coli (K12 HMS174(DE3)-plasmid pAMS029) fermentation and subsequent purification,Unclassified,TRUE,FALSE,NA,NA,NA,high,NA,NA,FALSE
ZEONEX (R),Unclassified,TRUE,FALSE,NA,NA,NA,high,NA,NA,FALSE
"Fatty acids, C12-18 and C18-unsatd., reaction products with chloroacetic acid and 2-(dimethylamino)ethanol and N,N-dimethyl-1,3-propanediamine",CAS without structure,TRUE,TRUE,Fatty acids and conjugates,subclass,broader,low,NA,NA,FALSE
"maleic anhydride-styrene, copolymer, sodium salt",CAS without structure,TRUE,TRUE,Organic Polymers,superclass,subset,medium,NA,NA,FALSE
LIPIDURE-HM,Unclassified,TRUE,FALSE,NA,NA,NA,high,NA,NA,FALSE
"Lanolin, hydrogenated",CAS without structure,TRUE,FALSE,NA,NA,NA,high,NA,NA,FALSE
"Phenol, p-isononyl-, phosphite (3:1)",CAS without structure,TRUE,FALSE,NA,NA,NA,medium,NA,NA,FALSE
polylaurolactam,CAS without structure,TRUE,TRUE,Lactams,class,subset,medium,NA,NA,FALSE
GV182117A,Unclassified,TRUE,NA,NA,NA,NA,low,NA,NA,FALSE
"Reaction products of 2,4-dinitrophenol with polysulfide, oxidized",Unclassified,TRUE,TRUE,Nitrophenols,subclass,subset,low,NA,NA,FALSE
BP26,Unclassified,TRUE,NA,NA,NA,NA,low,NA,NA,FALSE
BIS26X-OC,Unclassified,TRUE,FALSE,NA,NA,NA,low,NA,NA,FALSE
3-bromo-1-(3-chloropyrid-2-yl)-5-methyl-1H-pyrazole,Unclassified,TRUE,FALSE,NA,NA,NA,high,NA,NA,FALSE
"Zinc arsenate, octahydrate",CAS without structure,TRUE,FALSE,NA,NA,NA,high,NA,NA,FALSE
tannic acids,CAS without structure,TRUE,TRUE,Tannins,class,subset,high,NA,NA,FALSE
LUMILUX ROT CD 361,Unclassified,TRUE,FALSE,NA,NA,NA,high,NA,NA,FALSE
"Alcohols, C12-15, ethoxylated",CAS without structure,TRUE,TRUE,Fatty alcohols,subclass,subset,medium,NA,NA,FALSE
Copper complex: 8-hydroxyquinolin with salicylic acid,Unclassified,TRUE,FALSE,NA,NA,NA,high,NA,NA,FALSE
"3-methanesulfonyl-N-{1-[8-({3-methyl-4-[(1-methyl-1H-1,3-benzodiazol-5-yl)oxy]phenyl}amino)-[1,3]diazino[5,4-d]pyrimidin-2-yl]piperidin-4-yl}propanamide",Unclassified,TRUE,FALSE,NA,NA,NA,high,NA,NA,FALSE
"Zanthoxylum, ext.",CAS without structure,TRUE,FALSE,NA,NA,NA,high,NA,NA,FALSE
Activated Carbon - Low Density Skeleton,Unclassified,TRUE,FALSE,NA,NA,NA,high,NA,NA,FALSE
"Lead, bis(2-hydroxybenzoato-O1,O2)-, monohydrate, (T-4)-",CAS without structure,TRUE,FALSE,NA,NA,NA,high,NA,NA,FALSE
MCP 1854,Unclassified,TRUE,FALSE,NA,NA,NA,medium,NA,NA,FALSE
"phosphorous acid, mixed 2,4-bis(1,1-dimethylpropyl)phenyl and 4-(1,1-dimethylpropyl)phenyl triesters",CAS without structure,TRUE,TRUE,Trialkylphosphites,subclass,subset,medium,NA,NA,FALSE
"Butanedioic acid,sulfo-, mono (C16-18 and C18-unsatd. alkyl) ester, ammonium sodium salt",CAS without structure,TRUE,TRUE,Carboxylic acid esters,direct_parent,subset,medium,NA,NA,FALSE
LMB 6020,Unclassified,TRUE,NA,NA,NA,NA,low,NA,NA,FALSE
DPD INDICATOR POWDER,Unclassified,TRUE,FALSE,NA,NA,NA,high,NA,NA,FALSE
"Acetylglucosaminidase, β-",CAS without structure,TRUE,FALSE,NA,NA,NA,high,NA,NA,FALSE
"Propanenitrile, 3-(C12-14-alkyloxy) derivs.",CAS without structure,TRUE,TRUE,Nitriles,direct_parent,subset,medium,NA,NA,FALSE
Nitrile hydratase recombinant from E.coli,CAS without structure,TRUE,FALSE,NA,NA,NA,high,NA,NA,FALSE
"1-3 dihydroxy-2,4bis-(4-(2-sulfooxyethanesulfonyl)-phenylazo) benzene disodium salt",Unclassified,TRUE,FALSE,NA,NA,NA,high,NA,NA,FALSE
reaction products of 2-Propenoic acid (2 moles) and Neopentylglycol hydroxypivalate (1 mole),CAS without structure,TRUE,FALSE,NA,NA,NA,medium,NA,NA,FALSE
"Fatty acids, lanolin, iso-Pr esters",CAS without structure,TRUE,TRUE,Fatty acid esters,subclass,subset,medium,NA,NA,FALSE
Strontium 3-hydroxy-4-[(1-sulfonato-2-naphthyl)azo]-2- naphthoate 5/2 hydrate,Unclassified,TRUE,FALSE,NA,NA,NA,high,NA,NA,FALSE
BLEU REACTIF 232,Unclassified,TRUE,FALSE,NA,NA,NA,high,NA,NA,FALSE
"4,4'-Isopropylidenediphenol, oligomeric reaction products with 1-chloro-2,3-epoxypropane, reaction products with trimethylhexane-1,6-diamine",CAS without structure,TRUE,TRUE,Epoxides,class,subset,low,NA,NA,FALSE
CHEMICAL 10056133,Unclassified,TRUE,FALSE,NA,NA,NA,high,NA,NA,FALSE
"Rape oil, sulfated, sodium salt",CAS without structure,TRUE,FALSE,NA,NA,NA,medium,NA,NA,FALSE
"3-Isocyanatomethyl-3,5,5-trimethylcyclohexyl isocyanate, oligomers reaction product with 3-(cyclohexylamino)propane-1-sulfonic acid and N,N-dimethylcyclohexanamine",Unclassified,TRUE,FALSE,NA,NA,NA,medium,NA,NA,FALSE
"Flue dust, precious metal refining",CAS without structure,TRUE,FALSE,NA,NA,NA,high,NA,NA,FALSE
"2,2'-(C16-18 (evennumbered) alkyl imino) diethanol",CAS without structure,TRUE,TRUE,Tertiary amines,subclass,subset,medium,NA,NA,FALSE
"Phosphoric acid, mono- and di-C12-18-(even numbered)-alkyl esters, sodium salts",Unclassified,TRUE,TRUE,Organic phosphoric acids and derivatives,superclass,subset,medium,NA,NA,FALSE
"Volatile oil of Ginger, obtained from the roots of Zingiber officinalis (Zingiberaceae) by selective supercritical CO2 extraction",Unclassified,TRUE,FALSE,NA,NA,NA,high,NA,NA,FALSE
"Lime (chemical), hydraulic",CAS without structure,TRUE,FALSE,NA,NA,NA,high,NA,NA,FALSE
"(+-)-(3aRS,5aSR,9aSR,9bSR)-3a,6,6,9a-Tetramethyldodecahydronaphtho[2,1-b]furan",Unclassified,TRUE,FALSE,NA,NA,NA,high,NA,NA,FALSE
Cadmium bis(azanide),CAS without structure,TRUE,FALSE,NA,NA,NA,high,NA,NA,FALSE
"Fatty acids, C16-18 and C18 unsatd., triesters with trimethylolpropane",CAS without structure,TRUE,TRUE,Triacylglycerols,subclass,subset,medium,NA,NA,FALSE
"2-naphthalenesulfonic acid, polymer with formaldehyde, sodium salt",CAS without structure,TRUE,TRUE,Organic Polymers,superclass,subset,medium,NA,NA,FALSE
"Reaction products of 2,4,6-trichloro-1,3,5-triazine and substituted hydrogen cyanide and 2,4-substitutedbenzenesulphonic acid, coupled twice with diazotized 2-[(p-aminophenyl)sulfonyl]ethyl hydrogensulphate, sodium salts",Unclassified,TRUE,FALSE,NA,NA,NA,medium,NA,NA,FALSE
"Reaction products of 1H-Imidazole-1-ethanol, 4,5-dihydro-, 2-(C7 odd-numbered alkyl) derivs. and sodium hydroxide and chloroacetic acid",Unclassified,TRUE,TRUE,Azoles,class,subset,low,NA,NA,FALSE
OPTLION OPM-298,Unclassified,TRUE,FALSE,NA,NA,NA,high,NA,NA,FALSE
methyl 3-methyl-4-oxo-4-(3-nitro-4-aminophenyl)butanoate,Unclassified,TRUE,FALSE,NA,NA,NA,high,NA,NA,FALSE
"Fatty acids, tallow, hydrogenated, cadmium salts",CAS without structure,TRUE,TRUE,Organic cadmium salts,subclass,subset,medium,NA,NA,FALSE
"Oils, fish, sulfated, ammonium salt",CAS without structure,TRUE,FALSE,NA,NA,NA,medium,NA,NA,FALSE
"Low boiling point cat-cracked naphtha|Hydrocarbons, C<sub>8-12</sub>, catalytic-cracking, chem. neutralized|[A complex combination of hydrocarbons produced by the distillation of a cut from the catalytic cracking process, having undergone an alkaline wash",Mixture,TRUE,TRUE,Hydrocarbons,superclass,subset,medium,NA,NA,FALSE
SUBSTANCE S123492,Unclassified,TRUE,FALSE,NA,NA,NA,high,NA,NA,FALSE
"Pyridine, alkyl derivs.",CAS without structure,TRUE,TRUE,Pyridines and derivatives,class,subset,high,NA,NA,FALSE
PGMS-Salz,Unclassified,TRUE,FALSE,NA,NA,NA,low,NA,NA,FALSE
Pigment Lightfast Lead-Molybdate Orange OS (9CI),CAS without structure,TRUE,FALSE,NA,NA,NA,high,NA,NA,FALSE
"Disodium [3-(4-amino-6-chloro-1,3,5-triazin-2- ylamino)phenylsulphamoyl] (sulphamoyl) (disulfonato)phthalocyaninato(4-) nickelate(II)",CAS without structure,TRUE,FALSE,NA,NA,NA,high,NA,NA,FALSE
Ammonium bituminosulfonate,Unclassified,TRUE,FALSE,NA,NA,NA,high,NA,NA,FALSE
Cadmium trichloride monopotassium,CAS without structure,TRUE,FALSE,NA,NA,NA,high,NA,NA,FALSE
"Sulfuric acid, mono-C12-16-alkyl esters, sodium salts",CAS without structure,TRUE,TRUE,Sulfuric acid monoesters,subclass,subset,high,NA,NA,FALSE
"6,6',6''-(1,3,5-triazine-2,4,6-triyltriimino)tris-hexanoic acid, compd. with 1-amino-2-propanol",Unclassified,TRUE,FALSE,NA,NA,NA,high,NA,NA,FALSE
"sodium 2-(2,4-dihydroxyphenyl)-3,4,5,7-tetrahydroxy-4H-chromene-4-sulfonate",Unclassified,TRUE,FALSE,NA,NA,NA,high,NA,NA,FALSE
"Cymbopogon winterianus, ext.",CAS without structure,TRUE,FALSE,NA,NA,NA,high,NA,NA,FALSE
"Fatty acids, C6-19-branched, calcium salts",CAS without structure,TRUE,TRUE,Alkaline earth metal salts,class,subset,medium,NA,NA,FALSE
"Alkenes, C6-",CAS without structure,TRUE,TRUE,Alkenes,subclass,subset,high,NA,NA,FALSE
"Tetrahysodium 5-({4-chloro-6-[ethyl(3-{[2-(sulfonatooxy)ethyl]sulfonyl}phenyl)amino]-1,3,5-triazin-2-yl}amino)-4-hydroxy-3-[(1-sulfonatonaphthalen-2-yl)diazenyl]naphthalene-2,7-disulfonate",Unclassified,TRUE,FALSE,NA,NA,NA,high,NA,NA,FALSE
Mill scale (ferrous metal),CAS without structure,TRUE,FALSE,NA,NA,NA,high,NA,NA,FALSE
"Sulfonic Acids, C18-alkane hydroxyl and C18-alkene, potassium salts",CAS without structure,TRUE,TRUE,Organic sulfonic acids and derivatives,superclass,subset,medium,NA,NA,FALSE
"zinc hexacyanocobaltate(III), tertiary butyl alcohol/polypropylene glycol complex",Unclassified,TRUE,FALSE,NA,NA,NA,high,NA,NA,FALSE
"3,10-diamino-6,13-dichloro-2-((6-(((4-(1,1-dimethylethyl)phenyl)sulfonyl)amino)-2-naphthalenyl)sulfonyl)-4,11-triphenodioxazinedisulfonic acid, lithium potassium sodium salt",CAS without structure,TRUE,FALSE,NA,NA,NA,high,NA,NA,FALSE
"Bile, hydrolyzates",CAS without structure,TRUE,FALSE,NA,NA,NA,high,NA,NA,FALSE
"Fatty acids, C16-22",CAS without structure,TRUE,TRUE,Fatty acids and conjugates,subclass,subset,high,NA,NA,FALSE
"ricinoleic acid, dehydrogenated",Unclassified,TRUE,FALSE,NA,NA,NA,medium,NA,NA,FALSE
"methyl piperazine-1-carboxylate, phosphate",Unclassified,TRUE,FALSE,NA,NA,NA,high,NA,NA,FALSE
"Butanamide, 2,2'-[(3,3'-dichloro[1,1'-biphenyl]-4,4'-diyl)bis(azo)]bis[3-oxo-, N,N'-bis(phenyl and o-tolyl) derivs.",CAS without structure,TRUE,TRUE,Azobenzenes,class,subset,medium,NA,NA,FALSE
"Coal Tar Solids Residue|Tar, coal, high-temp., residues|[Solids formed during the coking of bituminous coal to produce crude bituminous coal high temperature tar. Composed primarily of coke and coal particles, highly aromatized compounds and mineral subst",CAS without structure,TRUE,FALSE,NA,NA,NA,high,NA,NA,FALSE
"Cadmium sulfide (CdS), copper chloride-doped",CAS without structure,TRUE,FALSE,NA,NA,NA,high,NA,NA,FALSE
"(1R,5S,Z)-4-(2,2,2-trifluoro-1-hydroxyethylidene)spiro[bicyclo[3.1.0]hexane-2,2'-[1,3]dithiolan]-3-one compound with N-diisopropylamine (1:1)",CAS without structure,TRUE,FALSE,NA,NA,NA,high,NA,NA,FALSE
glass fibres,Substance group,TRUE,FALSE,NA,NA,NA,high,NA,NA,FALSE
"Linseed oil, polymerized",CAS without structure,TRUE,FALSE,NA,NA,NA,high,NA,NA,FALSE
"N,N'-[bicyclo[2.2.1]heptane-2,6-diylbis(methylene)]bis(2-cyanoacetamide)",Unclassified,TRUE,FALSE,NA,NA,NA,high,NA,NA,FALSE
UM-227,Unclassified,TRUE,FALSE,NA,NA,NA,high,NA,NA,FALSE
"2,3-dihydro-2-methyl-1H-indol-1-amine p-toluenesulfonate",Unclassified,TRUE,FALSE,NA,NA,NA,high,NA,NA,FALSE
"trisodium bis[(3'-nitro-5'-sulfonato(6-amino-2-[4-(2-hydroxy-1-naphtylazo)phenylsulfonylamino]pyrimidin-5-azo)benzene-2',4-diolato)]chromate(III)",Unclassified,TRUE,FALSE,NA,NA,NA,high,NA,NA,FALSE
"ammonium 4-[(2E)-2-[(2E)-2-[2-chloro-3-[(E)-2-[1,1-dimethyl-3-(4-sulfonatobutyl)benzo[e]indol-3-ium-2-yl]vinyl]cyclohex-2-en-1-ylidene]ethylidene]-1,1-dimethyl-benzo[e]indol-3-yl]butane-1-sulfonate",Unclassified,TRUE,FALSE,NA,NA,NA,high,NA,NA,FALSE
Streptomyces lydicus strain WYEC 108,Unclassified,TRUE,NA,NA,NA,NA,low,NA,NA,FALSE
C-C1,Unclassified,TRUE,FALSE,NA,NA,NA,high,NA,NA,FALSE
"Resin acids and Rosin acids, fumarated, esters with pentaerythritol",CAS without structure,TRUE,TRUE,Carboxylic acid esters,direct_parent,subset,medium,NA,NA,FALSE
TEGUDORPHINE,Unclassified,TRUE,NA,NA,NA,NA,low,NA,NA,FALSE
Methyl N-benzyloxycarbonyl-L-tyrosinate,Unclassified,TRUE,FALSE,NA,NA,NA,high,NA,NA,FALSE
"Poly[oxy(methyl-1,2-ethanediyl)], alpha-[2-[bis(phosphonomethyl)amino]methylethyl]-omega-[2-[bis(phosphonomethyl)amino]methylethoxy]-sodium salt",Unclassified,TRUE,TRUE,Organic Polymers,superclass,subset,medium,NA,NA,FALSE
"salts of 3,3'-dimethylbenzidine",Unclassified,TRUE,TRUE,NA,NA,subset,low,NA,NA,FALSE
"N-methacryloyloxyethyl-N,N-dimethyl-N-carboxymethyl-ammonium chloride, sodium salt-octadecyl methacrylate-ethyl methacrylate-cyclohexyl metha­crylate-N-vinyl-2-pyrrolidone, copolymers",CAS without structure,TRUE,TRUE,Organic Polymers,superclass,subset,medium,NA,NA,FALSE
"4,4'-Isopropylidenediphenol, oligomeric reaction products with 1-chloro-2,3-epoxypropane, reaction products with [(dimethylamino)methyl]phenol and piperazine",CAS without structure,TRUE,TRUE,Epoxides,class,subset,low,NA,NA,FALSE
(Z)-8-Tetradecen-1-yl acetate (SCLP Acetates),Unclassified,TRUE,FALSE,NA,NA,NA,medium,NA,NA,FALSE
TRANS-4-(CYCLOHEXANE-4'-ONE)1-P-TOLYL-CYCLOHEXANE,Unclassified,TRUE,FALSE,NA,NA,NA,high,NA,NA,FALSE
"Product by process iron complex of azo dyestuffs obtained by coupling a mixture of diazotized 2-amino-1-hydroxybenzene-4-sulfanilide and 2-amino-1-hydroxybenzene-4-sulfonamide with resorcin, the obtained mixture being subsequently submitted to a second coupling reaction with a mixture of diazotized 3-aminobenzene-1-sulfonic acid (metanilic acid) and 4'-amino-4-nitro-1,1'-diphenylamine-2-sulfonic acid and metallization with ferric chloride, sodium salt",Unclassified,TRUE,FALSE,NA,NA,NA,medium,NA,NA,FALSE
"4-(4-(4-(hydroxydiphenylmethyl)-1-piperidinyl)-1-butynyl)-α,α-dimethylbenzeneacetic acid",Unclassified,TRUE,FALSE,NA,NA,NA,high,NA,NA,FALSE
SILATRIPHEN,Unclassified,TRUE,FALSE,NA,NA,NA,medium,NA,NA,FALSE
"[Phthalocyanine-29,31-diide- κ4,N29,N30,N31,N32] hydroxido aluminium",Unclassified,TRUE,FALSE,NA,NA,NA,high,NA,NA,FALSE
View of the authority with regard to the publication of the trade name / IUPAC name - Classified substances: E. Only the trade name until such time as the substance is added to Annex 1 of the directive (dangerous substances) EEC number: 444-000-2,Mixture,TRUE,FALSE,NA,NA,NA,high,NA,NA,FALSE
Cyclohex-3-ene-1-carbaldehyde derivatives,Unclassified,TRUE,TRUE,Aldehydes,direct_parent,subset,medium,NA,NA,FALSE
"dimethylsiloxane, hydroxy terminated",CAS without structure,TRUE,TRUE,Siloxanes,subclass,subset,medium,NA,NA,FALSE
"Crude heparin, sodium salt",Unclassified,TRUE,FALSE,NA,NA,NA,high,NA,NA,FALSE
"Alcohols, C9-11, branched and linear, ethoxylated, sulfates, sodium salts",CAS without structure,TRUE,TRUE,Organic sulfate salts,superclass,subset,medium,NA,NA,FALSE
"Sodium [N-ethyl-(3-methylanilino)]-2-hydroxypropyl-3-sulfonate, dihydrate",Unclassified,TRUE,FALSE,NA,NA,NA,high,NA,NA,FALSE
"Sulfuric acid, mono-C9-12-alkyl esters, sodium salts",Unclassified,TRUE,TRUE,Sulfuric acid monoesters,subclass,subset,medium,NA,NA,FALSE
"Nitric acid, nickel(2+) salt, octahydrate",CAS without structure,TRUE,FALSE,NA,NA,NA,high,NA,NA,FALSE
"Nickel, C4-10 fatty acids naphthenate complexes",CAS without structure,TRUE,TRUE,Transition metal salts,class,subset,medium,NA,NA,FALSE
beeswax,CAS without structure,TRUE,FALSE,NA,NA,NA,high,NA,NA,FALSE
"Benzenesulfonic acid, 4-C10-13-sec-alkyl derivs., compds. with ethanolamine",CAS without structure,TRUE,TRUE,Organic salts,superclass,subset,low,NA,NA,FALSE
"N-(3-aminopropyl)-N'-C16-18 (evennumbered), C18 unsaturated alkyl -propane-1,3-diamine",CAS without structure,TRUE,TRUE,Amines,subclass,subset,medium,NA,NA,FALSE
MONOAZO RED TZ 3369,Unclassified,TRUE,FALSE,NA,NA,NA,high,NA,NA,FALSE
"Sulfuric acid, aluminum ammonium salt (2:1:1), tetracosahydrate",CAS without structure,TRUE,FALSE,NA,NA,NA,high,NA,NA,FALSE
"Amines, soya alkyl",CAS without structure,TRUE,TRUE,Primary amines,direct_parent,subset,medium,NA,NA,FALSE
Rectified Hydrocarbons by-products from synthetic process of Turpentine and acid,Unclassified,TRUE,TRUE,Hydrocarbons,superclass,subset,medium,NA,NA,FALSE
"2-[(1E)-2-{3,3'-dichloro-4'-[(1E)-2-[2-oxo-1-(phenylcarbamoyl)propyl]diazen-1-yl]-[1,1'-biphenyl]-4-yl}diazen-1-yl]-3-oxo-N-phenylbutanamide tris(dimethyldioctadecylazanium) 4-{2-[(1E)-2-{3,3'-dichloro-4'-[(1E)-2-[2-oxo-1-(phenylcarbamoyl)propyl]diazen-1-yl]-[1,1'-biphenyl]-4-yl}diazen-1-yl]-3-oxobutanamido}benzene-1-sulfonate 4-{2-[(1E)-2-{3,3'-dichloro-4'-[(1E)-2-{2-oxo-1-[(4-sulfonatophenyl)carbamoyl]propyl}diazen-1-yl]-[1,1'-biphenyl]-4-yl}diazen-1-yl]-3-oxobutanamido}benzene-1-sulfonate",CAS without structure,TRUE,FALSE,NA,NA,NA,high,NA,NA,FALSE
"Fatty acids, C16-18, reaction products with diethylenetriamine, acetates",CAS without structure,TRUE,TRUE,Fatty amides,subclass,subset,low,NA,NA,FALSE
Iron cobalt black spinel,CAS without structure,TRUE,FALSE,NA,NA,NA,medium,NA,NA,FALSE
"Reaction products of fatty acid, C10-14 (even numbered) alkyl with glycine, potassium salts.",Unclassified,TRUE,TRUE,"Amino acids, peptides, and analogues",subclass,subset,medium,NA,NA,FALSE
"Fatty acids, C18-unsatd., dimers, hydrogenated",CAS without structure,TRUE,TRUE,Fatty acids and conjugates,subclass,subset,medium,NA,NA,FALSE
"Low boiling point thermally cracked naphtha|Aromatic hydrocarbons, C<sub>6-8</sub>, naphtha-raffinate pyrolyzate-derived|[A complex combination of hydrocarbons obtained by the fractionation pyrolysis at 816°C (1500°F) of naphtha and raffinate. It consist",Mixture,TRUE,TRUE,Aromatic hydrocarbons,class,subset,medium,NA,NA,FALSE
"2,3-DIMETHYL-5,6,7,8-TETRAHYDRO-IMIDAZOL[1,2A]PYRIDIN-8-ON",Unclassified,TRUE,FALSE,NA,NA,NA,high,"Imidazo[1,2-a]pyridines",0.8021698022750038,FALSE
"3-(2,2,2-trimethylhydrazinium)methylpropionate bromide",Unclassified,TRUE,FALSE,NA,NA,NA,high,NA,NA,FALSE
"Silicic acid, aluminum sodium salt, sulfurized",CAS without structure,TRUE,FALSE,NA,NA,NA,medium,NA,NA,FALSE
"Silicic acid (H6Si2O7), barium zinc salt (1:1:2), lead-doped",CAS without structure,TRUE,FALSE,NA,NA,NA,high,NA,NA,FALSE
"2(2-OXO-2,3-DIHYDRO-4-INDOLYL)ETHYLTOLUENESULPHONATE",Unclassified,TRUE,FALSE,NA,NA,NA,high,NA,NA,FALSE
"Fatty acids, C14-18 and C16-18-unsatd., mixed esters with C18-unsatd. fatty acid dimers and trimethylolpropane",CAS without structure,TRUE,TRUE,Fatty acid esters,subclass,subset,medium,NA,NA,FALSE
Niobium sulfur tin zinc oxide,CAS without structure,TRUE,FALSE,NA,NA,NA,medium,NA,NA,FALSE
"Titanium tetra(octanolate), branched and linear",CAS without structure,TRUE,TRUE,Alkoxides,subclass,subset,medium,NA,NA,FALSE
"acrylic, fumaric, maleic and methacrylic esters",Unclassified,TRUE,TRUE,Carboxylic acid esters,direct_parent,subset,medium,Acrylic acid esters,0.8016175257800023,FALSE
[3-Methyl-4-(4-trifluoromethylsulfanyl-phenoxy)-phenyl]-carbamic acid ethyl ester,Unclassified,TRUE,FALSE,NA,NA,NA,high,NA,NA,FALSE
"Boswellia papyrifera, ext.",CAS without structure,TRUE,FALSE,NA,NA,NA,high,NA,NA,FALSE
Phenols,Unclassified,TRUE,TRUE,Phenols,class,exact,high,Phenols,0.9999999999998768,TRUE
DADZ  (zinc-dimethylditiocarbamate),Unclassified,TRUE,FALSE,NA,NA,NA,high,NA,NA,FALSE
Product of Semi-Dry Absorption method of Flue Gas Desulphurization (SDA Product),Unclassified,TRUE,FALSE,NA,NA,NA,high,NA,NA,FALSE
"(S)-7-[[6-O-(6-Deoxy-alpha-L-mannopyranosyl)-.beta.-D-glucopyranosyl]oxy]-2,3-dihydro-5-hydroxy-2-(3-hydroxy-4-methoxyphenyl)-4H-1-benzopyran-4-one glucopyranosyl ether",Unclassified,TRUE,FALSE,NA,NA,NA,high,NA,NA,FALSE
"1-(3-tert-butyl-1,3,3-trimethyl-1-alkenyldisiloxanyl)-4-alkylheterocycle",Unclassified,TRUE,TRUE,Azacyclic compounds,class,subset,low,NA,NA,FALSE
MEXANYL GW,Unclassified,TRUE,FALSE,NA,NA,NA,high,NA,NA,FALSE
"1,3-bis-(2-ethyl-hexyl)-5-methyl-hexahydro-pyrimidin-5-ylammonium 3-hydroxy-[2]naphtoate",Unclassified,TRUE,FALSE,NA,NA,NA,high,NA,NA,FALSE
RESINE DRP,Unclassified,TRUE,FALSE,NA,NA,NA,medium,NA,NA,FALSE
"α-dimethyl-3-(4’-hydroxy-3’-methoxyphenyl)propylsilyloxy, w-3-dimethyl-3-(4’-hydroxy-3’-methoxyphenyl)propylsilyl polydimethylsiloxane",CAS without structure,TRUE,TRUE,Organic Polymers,superclass,subset,medium,NA,NA,FALSE
"Heat Treatment Products|Hydrocarbon oils, arom., mixed with polystyrene, pyrolyzed, light oil fraction|[The oil obtained from the heat treatment of polystyrene with coal tar pitch or aromatic oils.  It consists predominantly of benzene and its homologs bo",CAS without structure,TRUE,FALSE,NA,NA,NA,high,NA,NA,FALSE
Mild Pepino Mosaic Virus isolate VC 1,Unclassified,TRUE,NA,NA,NA,NA,low,NA,NA,FALSE
TRIAZINE 133 - 38,Unclassified,TRUE,FALSE,NA,NA,NA,medium,NA,NA,FALSE
"Low boiling point naphtha - unspecified|Gasoline|[A complex combination of hydrocarbons consisting primarily of paraffins, cycloparaffins, aromatic and olefinic hydrocarbons having carbon numbers predominantly greater than C<sub>3</sub> and boiling in the",Mixture,TRUE,TRUE,Hydrocarbons,superclass,subset,medium,NA,NA,FALSE
Mixed metal oxides (MMO) coatings of iridium oxide and tantalum oxide,Unclassified,TRUE,TRUE,Inorganic oxides,class,subset,medium,NA,NA,FALSE
"1,2,3-Propanetricarboxylic acid, 2-Hydroxy-, tris(C12-13-branched-alkyl)ester",Unclassified,TRUE,TRUE,Carboxylic acid esters,direct_parent,subset,medium,NA,NA,FALSE
BIS-STYRYL BRIGHTENER 4409,Unclassified,TRUE,FALSE,NA,NA,NA,high,NA,NA,FALSE
2-(4-bromophenyl)-2-methylpropionic acid methyl ester,Unclassified,TRUE,FALSE,NA,NA,NA,high,NA,NA,FALSE
methylsilsesquioxane,CAS without structure,TRUE,TRUE,Organosilicon compounds,subclass,subset,medium,NA,NA,FALSE
"D-Glucitol, 1,4:3,6-dianhydro-, 2,5-bis(2-methyl-2-propenoate)",CAS without structure,TRUE,FALSE,NA,NA,NA,high,NA,NA,FALSE
Concrete of Cistus ladaniferus (Cistaceae) obtained from stems and leaves by organic solvents extraction,Unclassified,TRUE,FALSE,NA,NA,NA,high,NA,NA,FALSE
"Alkenes, C9-13-branched, C10-rich",CAS without structure,TRUE,TRUE,Branched unsaturated hydrocarbons,subclass,subset,medium,NA,NA,FALSE
Z-84,Unclassified,TRUE,FALSE,NA,NA,NA,medium,NA,NA,FALSE
1-benzofuran-3(2H)-one O-methyloxime,Unclassified,TRUE,FALSE,NA,NA,NA,high,NA,NA,FALSE
"Fatty acids, C18-unsaturated, 1,6 Hexanediol Diester",Unclassified,TRUE,TRUE,Fatty acid esters,subclass,subset,medium,NA,NA,FALSE
"tert-butyl ((1S,3S)-3-((2-oxo-2H-[1,3'-bipyridin]-6'-yl)amino)cyclopentyl)carbamate",CAS without structure,TRUE,FALSE,NA,NA,NA,high,NA,NA,FALSE
"(5E)-3,5-dimethyloct-5-en-4-ol",CAS without structure,TRUE,FALSE,NA,NA,NA,high,NA,NA,FALSE
9-Butoxy-9-oxononanoic acid and dibutyl azelaate and butyl palmitate and butyl stearate and butyl (9or 10)- oxooctadecanoate,Unclassified,TRUE,TRUE,Fatty acid esters,subclass,subset,medium,NA,NA,FALSE
"Vinasses, residue of fermentation, salt-enriched",Unclassified,TRUE,FALSE,NA,NA,NA,high,NA,NA,FALSE
FIREBRAKE 415,Unclassified,TRUE,FALSE,NA,NA,NA,high,NA,NA,FALSE
"Tar acids, coal, crude",CAS without structure,TRUE,FALSE,NA,NA,NA,high,NA,NA,FALSE
UMTR1,Unclassified,TRUE,FALSE,NA,NA,NA,high,NA,NA,FALSE
"Tris(ethyl acetoacetato-O1',O3)aluminium",CAS without structure,TRUE,FALSE,NA,NA,NA,high,NA,NA,FALSE
"(2-((2 S,3 S)-2-(( S)-3-( tert-butoxy)-2-(( S)-2-(( S)-4-( tert-butoxy)-2-(( S)-3-( tert-butoxy)-2-((2 S,3 R)-3-( tert-butoxy)-2-(( S)-2-((2 S,3 R)-3-( tert-butoxy)-2-(2-(( S)-5-( tert-butoxy)-2-(2-(( S)-3-(4-( tert-butoxy)phenyl)-2-(( tert-butoxycarbonyl)amino)propanamido)-2-methylpropanamido)-5-oxopentanamido)acetamido)butanamido)-3-phenylpropanamido)butanamido)propanamido)-4-oxobutanamido)-3-(4-( tert-butoxy)phenyl)propanamido)propanamido)-3-methylpentanamido)-2-methylpropanoyl)- L-leucine",Unclassified,TRUE,FALSE,NA,NA,NA,high,NA,NA,FALSE
"Copolymer of acetonoxime and 3-isocyanatomethyl-3,5,5-trimethylcyclohexyl isocyanate",CAS without structure,TRUE,FALSE,NA,NA,NA,high,NA,NA,FALSE
Addition reaction products of conjugated sunflower-oil fatty acids and tall-oil fatty acids with maleic anhydride,Unclassified,TRUE,TRUE,Fatty acids and conjugates,subclass,subset,medium,NA,NA,FALSE
polyglyceryl-5 stearate,CAS without structure,TRUE,FALSE,NA,NA,NA,high,NA,NA,FALSE
"Tall oil pitch, reaction product with triethylene glycol",Unclassified,TRUE,FALSE,NA,NA,NA,high,NA,NA,FALSE
Beauveria bassiana strain NPP111B005,Unclassified,TRUE,NA,NA,NA,NA,low,NA,NA,FALSE
Dispers Gelb F06-0246,Unclassified,TRUE,FALSE,NA,NA,NA,high,NA,NA,FALSE
"Asphalt, oxidized",CAS without structure,TRUE,FALSE,NA,NA,NA,high,NA,NA,FALSE
"Ethanol, 2-amino-, reaction products with ammonia, by-products from",CAS without structure,TRUE,TRUE,Organonitrogen compounds,superclass,broader,low,NA,NA,FALSE
"trisodium [1,2'-(2-(8-amino-3,5-disulfonatonaphthalene)azo)-(4'-nitrobenzene)diolato-O,O,N][(Z)-2,2-((phenylcarbamoylprop-1'-enyl)azo)-5-sulfamoylbenzene)diolato-O,O,N]chromate(III)",Unclassified,TRUE,FALSE,NA,NA,NA,high,NA,NA,FALSE
"Nickel, [29H,31H-phthalocyaninato(2-)-N29,N30,N31,N32]-, chlorosulfonyl derivs., reaction products with 2-[(4-aminophenyl)sulfonyl]ethyl hydrogen sulfate monosodium salt, potassium sodium salts, compds. with pyridine",CAS without structure,TRUE,TRUE,Phthalocyanines,subclass,subset,medium,NA,NA,FALSE
"Esterase, cholesterol",CAS without structure,TRUE,FALSE,NA,NA,NA,high,NA,NA,FALSE
SCH.58235-A,Unclassified,TRUE,FALSE,NA,NA,NA,high,NA,NA,FALSE
Dialuminum tetramagnesium carbonate dodecahydroxide,Unclassified,TRUE,FALSE,NA,NA,NA,high,NA,NA,FALSE
polyglycerol,CAS without structure,TRUE,TRUE,Polyols,direct_parent,subset,medium,NA,NA,FALSE
"Cyanides: calcium, hydrogen, sodium",Unclassified,TRUE,TRUE,Cyanide salts,class,subset,medium,NA,NA,FALSE
"Reaction products of stearic acid, diethylenetriamine and N-aminoethylethanolamine and acetic acid",Unclassified,TRUE,FALSE,NA,NA,NA,high,NA,NA,FALSE
"Ethyl 4,4,4-trifluoro-3-{[(4-methylphenyl)sulfonyl]hydrazono}butanoate",CAS without structure,TRUE,FALSE,NA,NA,NA,high,NA,NA,FALSE
Bacillus velezensis ABi01,Unclassified,TRUE,FALSE,NA,NA,NA,high,NA,NA,FALSE
"Reaction products of diazotised 5-aminonaphthalene-1-sulfonic coupled with resorcinol, subsequently coupled with diazotised anthranilic acid and chelated with chromium (3+), potassium salts",Unclassified,TRUE,FALSE,NA,NA,NA,medium,NA,NA,FALSE
"Dolomite (CaMg(CO3)2), calcined",CAS without structure,TRUE,FALSE,NA,NA,NA,high,NA,NA,FALSE
C12-18 evennumbered alkyl nitrile,CAS without structure,TRUE,TRUE,Nitriles,direct_parent,subset,medium,NA,NA,FALSE
"Acetic acid, esters with turpentine-oil myrcene fraction terpene alcs.",CAS without structure,TRUE,TRUE,Carboxylic acid esters,level 5,subset,medium,NA,NA,FALSE
"2-[1,2-di(2-Ethylhexoxycarbonyl)ethylthio]-1,3,4-thiadiazole-5-thiol",Unclassified,TRUE,FALSE,NA,NA,NA,high,NA,NA,FALSE
bis(2-butoxy-1-methyl-ethoxy)magnesium,Unclassified,TRUE,FALSE,NA,NA,NA,high,NA,NA,FALSE
"Ethanol, 2-amino-, reaction products with ammonia, 1-piperazineethanamine fraction",CAS without structure,TRUE,TRUE,Piperazines,class,subset,medium,NA,NA,FALSE
5-tert-butyl-3-isoxazolylamine hydrochloride,Unclassified,TRUE,FALSE,NA,NA,NA,high,NA,NA,FALSE
1-Methyl-3-nitro-guanidine,Unclassified,TRUE,FALSE,NA,NA,NA,high,NA,NA,FALSE
"Poly [oxy(methyl-1,2-ethanediyl)] , a -hydro-w -hydroxy-, ether with 2-ethyl-2-(hydroxymethyl)-1,3-propanediol (3:1), 3-[[3-dimethylamino) propyl]imino]butanoate",CAS without structure,TRUE,FALSE,NA,NA,NA,medium,NA,NA,FALSE
"N-[ethyl(3-methylbutyl)amino]-3-methyl-1-phenyl-spiro[[1]benzo-pyrano[2,3-c]pyrazole-4(1H), 1'(3'H)-isobenzofuran]-3'-one",Unclassified,TRUE,FALSE,NA,NA,NA,high,NA,NA,FALSE
"Residues, lead smelting",CAS without structure,TRUE,FALSE,NA,NA,NA,high,NA,NA,FALSE
"Decanoic acid, mixed diesters with octanoic acid and triethylene glycol",CAS without structure,TRUE,TRUE,Fatty acid esters,subclass,subset,medium,NA,NA,FALSE
trisodium bis(7-acetamido-2-(4-nitro-2-oxidophenylazo)-3-sulphonato-1-naphtholato)chromate(1-),Unclassified,TRUE,FALSE,NA,NA,NA,high,NA,NA,FALSE
Benzol forerunnings (coal),CAS without structure,TRUE,FALSE,NA,NA,NA,high,NA,NA,FALSE
HIVERNAL,CAS without structure,TRUE,FALSE,NA,NA,NA,high,NA,NA,FALSE
copolymers of styrene with divinylbenzene (except ion exchange resins),Unclassified,TRUE,TRUE,Polystyrenes,class,subset,medium,NA,NA,FALSE
IMINOFLUMIZOLINE,Unclassified,TRUE,FALSE,NA,NA,NA,medium,Imidazolines,0.8137032209046158,FALSE
2-hydroxy-3-(2-ethyl-4-methylimidazoyl)propyl neodecanoate,Unclassified,TRUE,FALSE,NA,NA,NA,high,NA,NA,FALSE
"Benzenesulfonic acid, 4-C20-24 (even numbered) sec-alkyl derivs., sodium salts",Unclassified,TRUE,TRUE,Benzenesulfonic acids and derivatives,subclass,subset,high,NA,NA,FALSE
4-Aminobiphenyl xenylamine and its salts,Substance group,TRUE,TRUE,Biphenyls and derivatives,subclass,subset,high,NA,NA,FALSE
"Mercury, hydroxy(hydroxynitrophenyl)-, monosodium salt",CAS without structure,TRUE,FALSE,NA,NA,NA,high,NA,NA,FALSE
"Nickel, [29H,31H-phthalocyaninato(2-)-N29,N30,N31,N32]-, [[3-[(1,3-dioxobutyl)amino]phenyl]amino]sulfonyl derivs.",CAS without structure,TRUE,TRUE,Phthalocyanines,subclass,subset,high,NA,NA,FALSE
DIETHYL-MBC,Unclassified,TRUE,FALSE,NA,NA,NA,medium,NA,NA,FALSE
"arsenic oxides, bismuth iron antimony oxides, sodium aluminium fluoride, zinc sulphate, recovery products from copper and zinc dusts",Unclassified,TRUE,TRUE,NA,NA,broader,high,NA,NA,FALSE
"Benzenesulfonic acid, hydroxy-, lead salt",CAS without structure,TRUE,TRUE,Transition metal salts,class,subset,low,NA,NA,FALSE
6-docosyloxy-1-hydroxy-4-(1-(4-hydroxy-3-methylphenanthren-1-yl)-3-oxo-2-oxaphenalen-1-yl)naphthalene-2-carboxylic acid,Unclassified,TRUE,FALSE,NA,NA,NA,high,NA,NA,FALSE
N1-(6-hydroxymethylmoropholino-2-yl) Thymine p-toluenesulfonate,CAS without structure,TRUE,FALSE,NA,NA,NA,high,NA,NA,FALSE
"mercury, chloro(3-hydroxyphenyl)-",CAS without structure,TRUE,FALSE,NA,NA,NA,high,NA,NA,FALSE
poppy-seed oil fatty acids,Unclassified,TRUE,TRUE,Fatty acids and conjugates,subclass,subset,high,NA,NA,FALSE
Hexahydrocyclopenta[c]pyrrole-1-(1H)-ammonio-N-ethoxycarbonyl-N-(p-tolylsulfonyl)azanide,Unclassified,TRUE,FALSE,NA,NA,NA,high,NA,NA,FALSE
Bacillus velezensis strain RTI301,Unclassified,TRUE,FALSE,NA,NA,NA,high,NA,NA,FALSE
"1H,3H,5H-Oxazolo[3,4-c]oxazole, 3,5-bis(1,5-dimethyl-4-hexenyl)dihydro-",CAS without structure,TRUE,FALSE,NA,NA,NA,high,NA,NA,FALSE
Sodium Decylglucosides Hydroxypropyl Phosphate,CAS without structure,TRUE,FALSE,NA,NA,NA,medium,NA,NA,FALSE
"Low boiling point hydrogen treated naphtha|Hydrocarbons, C<sub>4-12</sub>, naphtha-cracking, hydrotreated|[A complex combination of hydrocarbons obtained by distillation from the product of a naphtha steam cracking process and subsequent catalytic selecti",Mixture,TRUE,TRUE,Hydrocarbons,superclass,subset,medium,NA,NA,FALSE
"Low boiling point naphtha|Gasoline, natural|[A complex combination of hydrocarbons separated from natural gas by processes such as refrigeration or absorption. It consists predominantly of saturated aliphatic hydrocarbons having carbon numbers predominan",Mixture,TRUE,TRUE,Saturated hydrocarbons,class,subset,medium,NA,NA,FALSE
"Cadmium sulfide (CdS), solid soln. with zinc sulfide, aluminum and silver-doped",CAS without structure,TRUE,FALSE,NA,NA,NA,high,NA,NA,FALSE
"1,6-Bis(methoxybenzoyloxy)hexane",Unclassified,TRUE,FALSE,NA,NA,NA,high,NA,NA,FALSE
Amorphous nickel hydroxide from processing of sulphate-containing by-product from stainless steel pickling,Unclassified,TRUE,FALSE,NA,NA,NA,high,NA,NA,FALSE
Repellents: Essential oils,Unclassified,TRUE,FALSE,NA,NA,NA,high,NA,NA,FALSE
"Reaction products of 2,2'-(1,3-phenylenebis(oxy))diethanol with 2-(phenoxymethyl)oxirane and 2-isocyanatoethyl methacrylate",Unclassified,TRUE,FALSE,NA,NA,NA,medium,NA,NA,FALSE
"Alcohols, C16-18 and C18-unsatd., ethoxylated, sulfates, sodium salts",CAS without structure,TRUE,TRUE,Organic sulfate salts,superclass,subset,medium,NA,NA,FALSE
NITRIVALINE,Unclassified,TRUE,NA,NA,NA,NA,low,NA,NA,FALSE
Concrete of Coffee L. obtained from beans by organic solvent extraction,Unclassified,TRUE,FALSE,NA,NA,NA,high,NA,NA,FALSE
"Slags, ferromolybdenum-manufg., silicothermic",CAS without structure,TRUE,FALSE,NA,NA,NA,high,NA,NA,FALSE
"UK-292,068",Unclassified,TRUE,FALSE,NA,NA,NA,high,NA,NA,FALSE
"Reaction mixture of phosphorous trichloride and 4,4'-thiobis(2-(1,1-dimethylethyl)-5-methylphenol)",CAS without structure,TRUE,FALSE,NA,NA,NA,high,NA,NA,FALSE
VERMILION DCF,Unclassified,TRUE,FALSE,NA,NA,NA,medium,NA,NA,FALSE
"N,N'-Bis(2-Cyanoethyl)-1,3-Diaminopropane",CAS without structure,TRUE,FALSE,NA,NA,NA,high,NA,NA,FALSE
GREEN DER 7766,Unclassified,TRUE,FALSE,NA,NA,NA,high,NA,NA,FALSE
24-325A,Unclassified,TRUE,FALSE,NA,NA,NA,high,NA,NA,FALSE
"Slimes and Sludges, cadmium-refining, oxidized",CAS without structure,TRUE,FALSE,NA,NA,NA,high,NA,NA,FALSE
Amino acids: mix,Unclassified,TRUE,TRUE,"Amino acids, peptides, and analogues",subclass,subset,high,Amino acids,0.8281043646641484,FALSE
"Reaction products of 3-methylbutanal and 3-methylbut-3-en-1-ol, distillation overheads, acid-treated",Unclassified,TRUE,FALSE,NA,NA,NA,high,NA,NA,FALSE
"Reaction products of diazotised 3-aminobenzenesulphonic acid coupled with resorcinol and subsequently condensed with formaldehyde, sodium salts",Unclassified,TRUE,TRUE,Azo compounds,subclass,subset,medium,NA,NA,FALSE
"Octadecanoic acid, branched and linear",CAS without structure,TRUE,TRUE,Straight chain fatty acids,direct_parent,broader,medium,NA,NA,FALSE
"nitrotoluidines, with the exception of those specified elsewhere in this Annex",Unclassified,TRUE,TRUE,Aminotoluenes,subclass,subset,medium,NA,NA,FALSE
"Fatty acids, C8-18 and C18-unsatd., zinc salts",CAS without structure,TRUE,TRUE,Organic metal salts,class,subset,medium,NA,NA,FALSE
Phlebiopsis gigantea strain FOC PG 410.3,Unclassified,TRUE,NA,NA,NA,NA,low,NA,NA,FALSE
"Alcohols, C14-15",CAS without structure,TRUE,TRUE,Long-chain fatty alcohols,direct_parent,subset,high,NA,NA,FALSE
Oligomerisation products of Acrylic acid and Chloroacetic acid and Ethyl chloroacetate,Unclassified,TRUE,TRUE,Organic Polymers,superclass,subset,medium,NA,NA,FALSE
"Amines, rosin, compds. with 9-(2-carboxyphenyl)-3,6-bis(diethylamino)xanthylium chloride and disodium hydrogen bis[4-[(4,5-dihydro-3-methyl-5-oxo-1-phenyl-1H-pyrazol-4-yl)azo]-3-hydroxy-1-naphthalenesulfonato(3-)]chromate(3-)",CAS without structure,TRUE,FALSE,NA,NA,NA,medium,NA,NA,FALSE
"cashew nut shell liquid, distilled ( > 90 % cardanol)",CAS without structure,TRUE,FALSE,NA,NA,NA,high,NA,NA,FALSE
Azocolourants and Azodyes,Unclassified,TRUE,TRUE,Azobenzenes,class,subset,medium,NA,NA,FALSE
N-(5-chloromonoheterocyc-2-yl)-2-[4-(substitutedcarbamimidoyl)arenamido]-5-methoxyarenamide,Unclassified,TRUE,TRUE,Benzamides,subclass,subset,medium,NA,NA,FALSE
BUCA,Unclassified,TRUE,FALSE,NA,NA,NA,low,NA,NA,FALSE
"Ferrate (2-), [N,N-bis[2-(bis(carboxymethyl)amino)ethyl]glycinato (5-)]-, disodium",CAS without structure,TRUE,FALSE,NA,NA,NA,high,NA,NA,FALSE
soot (furnace black and channel black) and other carbon products like graphite and coke powder,Unclassified,TRUE,TRUE,NA,NA,broader,high,NA,NA,FALSE
"Poplar, ext.",CAS without structure,TRUE,FALSE,NA,NA,NA,high,NA,NA,FALSE
"Fatty acids, C18-24, lead salts",CAS without structure,TRUE,TRUE,Organic metal salts,class,subset,medium,NA,NA,FALSE
Heat-treated montmorillonite clay surface-modified with hydrogenated tallow amine groups,Unclassified,TRUE,FALSE,NA,NA,NA,high,NA,NA,FALSE
Hard brazing and soft soldering alloys meeting the maximum concentrations of the specified impurities,Unclassified,TRUE,FALSE,NA,NA,NA,high,NA,NA,FALSE
"Decanoic acid, mixed esters with dipentaerythritol, heptanoic acid and octanoic acid.",Unclassified,TRUE,TRUE,Fatty acid esters,subclass,subset,medium,NA,NA,FALSE
"Fuel oil, no. 2",CAS without structure,TRUE,FALSE,NA,NA,NA,high,NA,NA,FALSE
O-SDPD,Unclassified,TRUE,FALSE,NA,NA,NA,low,NA,NA,FALSE
"4-(1,1,3,3-tetramethylbutyl)phenol, ethoxylated",Unclassified,TRUE,TRUE,Phenol ethers,class,subset,medium,NA,NA,FALSE
"metal salts of thiocyanic acid, with the exception of those specified elsewhere in this Annex",Unclassified,TRUE,TRUE,Metal thiocyanates,subclass,exact,high,NA,NA,FALSE
"1,4,7,10-tetraazacyclodecane-N,N',N'',N'''-tetraacetic acid calciumchloride",Unclassified,TRUE,FALSE,NA,NA,NA,high,NA,NA,FALSE
"Humic acids, potassium salts",CAS without structure,TRUE,FALSE,NA,NA,NA,high,NA,NA,FALSE
[carbonato(2-)]hexadecahydroxybis(aluminium)hexamagnesium,CAS without structure,TRUE,FALSE,NA,NA,NA,high,NA,NA,FALSE
"Hydrocarbons, C5-unsatd.",CAS without structure,TRUE,TRUE,Unsaturated hydrocarbons,class,subset,medium,NA,NA,FALSE
"olivine, nickel green",CAS without structure,TRUE,FALSE,NA,NA,NA,high,NA,NA,FALSE
"Acetic acid, 2-oxo-, reaction products with ethylenediamine, iron chloride (FeCl3) and phenol, potassium salts",CAS without structure,TRUE,FALSE,NA,NA,NA,medium,NA,NA,FALSE
Elemol-rich fraction of essential oil of Canarium commune (Burseraceae) obtained from exudate by fractional distillation,Unclassified,TRUE,FALSE,NA,NA,NA,high,NA,NA,FALSE
N-[(benzyloxy)carbonyl]-S-phenyl-L-cysteine,Unclassified,TRUE,FALSE,NA,NA,NA,high,NA,NA,FALSE
"Fatty acids, C16-18 (even numbered) and C18 unsatd., reaction products with triethanolamine, di-Me sulfate-quaternized",Unclassified,TRUE,TRUE,Quaternary ammonium salts,subclass,subset,medium,NA,NA,FALSE
"silicates, natural (with the exception of asbestos)",Unclassified,TRUE,TRUE,Miscellaneous silicates,direct_parent,subset,low,NA,NA,FALSE
2-[(C14-15alkyloxy)methyl]oxirane,Unclassified,TRUE,TRUE,Epoxides,class,subset,high,NA,NA,FALSE
"potassium sodium 3,3'-(3(or4)-methyl-1,2-phenylenebis(imino(6-chloro)-1,3,5-triazine-4,2-diylimino(2-acetamido-5-methoxy)-4,1-phenylenazo)dinaphthalene-1,5-disulfonate",CAS without structure,TRUE,FALSE,NA,NA,NA,high,NA,NA,FALSE
"Fatty acids, coco, isotridecyl esters",CAS without structure,TRUE,TRUE,Fatty acid esters,subclass,subset,high,NA,NA,FALSE
"Reaction products of diazotized 4-aminobenzenesulfonic acid coupled with aniline, subsequently coupled with diazotized 2-aminobenzoic coupled with 7-amino-4-hydroxynaphthalene-2-sulfonic then reacted with (E)-6,6'(ethene-1,2-diyl)bis(3-nitrobenzenesulfonic acid), chelated with copper, sodium salt",Unclassified,TRUE,FALSE,NA,NA,NA,high,NA,NA,FALSE
Aluminium silicate (aka kaolin),CAS without structure,TRUE,FALSE,NA,NA,NA,high,NA,NA,FALSE
"Cyperus scariosus, ext.",CAS without structure,TRUE,FALSE,NA,NA,NA,high,NA,NA,FALSE
Copper Lead Resorcylate Salicylate Complex,CAS without structure,TRUE,FALSE,NA,NA,NA,medium,NA,NA,FALSE
POLYPERINN,Unclassified,TRUE,FALSE,NA,NA,NA,low,NA,NA,FALSE
"Reaction products of orthoboric acid with 2,2'-iminodiethanol (1:1)",Unclassified,TRUE,FALSE,NA,NA,NA,medium,NA,NA,FALSE
Tin antimony grey cassiterite,CAS without structure,TRUE,FALSE,NA,NA,NA,medium,NA,NA,FALSE
"4-(2-aminoethyl)indole, fumarate",Unclassified,TRUE,FALSE,NA,NA,NA,high,NA,NA,FALSE
dimethyl siloxane reaction products with silica,CAS without structure,TRUE,TRUE,Siloxanes,subclass,subset,medium,NA,NA,FALSE
Renewable hydrocarbons of wood origin (gasoline type fraction),Unclassified,TRUE,TRUE,Hydrocarbons,superclass,subset,medium,NA,NA,FALSE
"1,2-Benzenedicarboxylic acid, 3,4,5,6-tetrabromo-, mixed esters with diethylene glycol and propylene glycol",CAS without structure,TRUE,TRUE,Carboxylic acid esters,direct_parent,subset,medium,NA,NA,FALSE
SUBSTANCE SC101743,Unclassified,TRUE,FALSE,NA,NA,NA,high,NA,NA,FALSE
"Esterification and transesterification products of castor oil, hydrogenated, and stearic acid, and oils, vegetable, hydrogenated",Unclassified,TRUE,TRUE,Fatty acid esters,subclass,subset,medium,NA,NA,FALSE
polyvinylidene chloride,CAS without structure,TRUE,TRUE,Organic Polymers,superclass,subset,medium,NA,NA,FALSE
"Waxes and Waxy substances, rice bran, oxidized, esters with 1,4-butanediol, calcium salts",CAS without structure,TRUE,FALSE,NA,NA,NA,medium,NA,NA,FALSE
Penta Amine Acetate Cobalt(III) Nitrate,Unclassified,TRUE,FALSE,NA,NA,NA,medium,NA,NA,FALSE
"Reaction products of diazotised dipotassium substituted-[[2-(sulfooxy)ethyl]sulfonyl]-substituted-benzene coupled with sodium 2,4-disubstituted-1-substituted-benzene",Unclassified,TRUE,TRUE,Azobenzenes,class,subset,medium,NA,NA,FALSE
Pynazinone,Unclassified,TRUE,FALSE,NA,NA,NA,medium,NA,NA,FALSE
"Arsenic acid (H3AsO4), cobalt(2+) salt",CAS without structure,TRUE,FALSE,NA,NA,NA,high,NA,NA,FALSE
"D-glucurono-D-gluco-6-deoxy-L-mannan, acetate, calcium magnesium potassium sodium salt",CAS without structure,TRUE,FALSE,NA,NA,NA,medium,NA,NA,FALSE
"Phenol, reaction products with 1-halo-4-phenoxybenzene and 1,1’–oxybis[4-halobenzene], halogenated",Unclassified,TRUE,TRUE,Phenol ethers,class,subset,low,NA,NA,FALSE
"Lecithins, acetylated",CAS without structure,TRUE,TRUE,Glycerophosphocholines,subclass,subset,medium,NA,NA,FALSE
Dipotassium dodecenylsuccinate,CAS without structure,TRUE,FALSE,NA,NA,NA,high,NA,NA,FALSE
"stannane, tributyl-, mono(naphthenoyloxy) derivs.",CAS without structure,TRUE,TRUE,Triorganotin compounds,subclass,subset,medium,NA,NA,FALSE
Reaction products of tetradecan-1-ol and L-(+)-lactic acid,Unclassified,TRUE,FALSE,NA,NA,NA,medium,NA,NA,FALSE
"1H-Indene-1,3(2H)-dione, 2-(2-quinolinyl)-, sulfonated, sodium salts",CAS without structure,TRUE,TRUE,Isoindoles and derivatives,class,subset,low,NA,NA,FALSE
"2-[(2-Acetamido-6-oxo-1,6-dihydro-9H-purin-9-yl)methoxy]-1,3-propanediyl bis(4-methoxybenzoate)",Unclassified,TRUE,FALSE,NA,NA,NA,high,NA,NA,FALSE
poly(12-hydroxystearic acid)-polyethyleneimine copolymer,CAS without structure,TRUE,TRUE,Organic Polymers,superclass,subset,medium,NA,NA,FALSE
"Polybromobiphenyls, Polybrominatedbiphenyls (PBB)",Substance group,TRUE,TRUE,Polybrominated biphenyls,subclass,exact,high,NA,NA,FALSE
"Tungstate(2-), dioxodithioxo-, diammonium (9CI)",CAS without structure,TRUE,FALSE,NA,NA,NA,high,NA,NA,FALSE
polyethylenglycol ether (EO = 1-50) of linear and branched primary alcohols,Unclassified,TRUE,TRUE,Polyethylene glycols,level 6,subset,medium,NA,NA,FALSE
1-Bromo-3-(3-methoxy-2-piperidinyl)-2-propanone Hydrobromide,Unclassified,TRUE,FALSE,NA,NA,NA,high,NA,NA,FALSE
CARTASOL TURQUOISE K-JD 2336 BASE,Unclassified,TRUE,FALSE,NA,NA,NA,high,NA,NA,FALSE
CIN 10076635,Unclassified,TRUE,FALSE,NA,NA,NA,high,NA,NA,FALSE
"Alkyl iodides, C6-18, perfluoro",CAS without structure,TRUE,TRUE,Organoiodides,class,subset,medium,NA,NA,FALSE
"HDI oligomers, uretdione",Unclassified,TRUE,TRUE,Polyureas,superclass,subset,low,NA,NA,FALSE
"(S)-[2-(phenylmethoxy)propylidene]hydrazinecarboxylate, tert-butyle",Unclassified,TRUE,FALSE,NA,NA,NA,high,NA,NA,FALSE
Idanofan,Unclassified,TRUE,FALSE,NA,NA,NA,high,NA,NA,FALSE
"Cuprate(3-), [8-(hydroxy-.kappa.O)-7-[2-[2-(hydroxy-.kappa.O)-5-[(2-hydroxyethyl)sulfonyl]phenyl]diazenyl-.kappa.N1]-1,3,6-naphthalenetrisulfonato(5-)]-, sodium",CAS without structure,TRUE,FALSE,NA,NA,NA,high,NA,NA,FALSE
"Fatty acids, C18-unsaturated, reaction products with amines, polyethylenepoly-, (tetraethylenepentamine, pentaethylenehexamine, hexaethyleneheptamine fractions)",Unclassified,TRUE,TRUE,Fatty amides,subclass,subset,medium,NA,NA,FALSE
"(3S-trans)-phenyl-3-[(1,3-benzodioxol-5-yloxy)methyl]-4-(4-fluorophenyl)-1-piperidinecarboxylate",Unclassified,TRUE,FALSE,NA,NA,NA,high,NA,NA,FALSE
"rosin, hydrogenated, ester with glycerol",CAS without structure,TRUE,FALSE,NA,NA,NA,medium,NA,NA,FALSE
Resins and polymers,Unclassified,TRUE,TRUE,Organic Polymers,superclass,subset,medium,NA,NA,FALSE
"2,2',6,6'-Tetrabromo-4,4'-isopropylidenediphenol, oligomeric reaction products with 1-chloro-2,3-epoxypropane and 2,4,6-tribromophenol",CAS without structure,TRUE,TRUE,Epoxides,class,subset,low,NA,NA,FALSE
delta-endotoxin of Bacillus thuringiensis,Unclassified,TRUE,NA,NA,NA,NA,low,NA,NA,FALSE
"Fatty acids, tall-oil, reaction products with pentaethylenehexamine",CAS without structure,TRUE,TRUE,Fatty amides,subclass,subset,medium,NA,NA,FALSE
"silicon dioxide, silanated",Unclassified,TRUE,TRUE,Organosilicon compounds,subclass,subset,low,NA,NA,FALSE
BISXPC,Unclassified,TRUE,FALSE,NA,NA,NA,low,NA,NA,FALSE
"Octadecanoic acid, reaction products with triethylenetetramine, chloromethane-quaternized",CAS without structure,TRUE,TRUE,Quaternary ammonium salts,subclass,subset,medium,NA,NA,FALSE
Xanthan lyase,CAS without structure,TRUE,NA,NA,NA,NA,low,NA,NA,FALSE
"Fatty acids, C16 and C18-unsatd., triesters with trimethylolpropane",CAS without structure,TRUE,TRUE,Triacylglycerols,subclass,subset,medium,NA,NA,FALSE
Hydrogenated Cetyl Olive Oil Esters,Unclassified,TRUE,TRUE,Wax esters,direct_parent,subset,medium,NA,NA,FALSE
COPOLYMER OF METHYL METHACRYLATE,Unclassified,TRUE,TRUE,Organic Polymers,superclass,subset,medium,NA,NA,FALSE
Ethandinitril,Unclassified,TRUE,FALSE,NA,NA,NA,high,NA,NA,FALSE
"Rape oil, reaction products with diethanolamine",CAS without structure,TRUE,FALSE,NA,NA,NA,high,NA,NA,FALSE
Reaction products of C13 (branched) alcohol and triphenyl phosphite (2:1),Unclassified,TRUE,FALSE,NA,NA,NA,medium,NA,NA,FALSE
"Tricosanoic acid, cadmium salt",CAS without structure,TRUE,FALSE,NA,NA,NA,high,NA,NA,FALSE
"2-cyclopentene-1-acetic acid, 3-hydroxy-2-pentyl-, methyl ester acetate",CAS without structure,TRUE,NA,NA,NA,NA,low,NA,NA,FALSE
"Aluminum, 2-(2-quinolinyl)-1H-indene-1,3(2H)-dione sulfo derivs. complexes",CAS without structure,TRUE,TRUE,Organometallic compounds,superclass,subset,low,NA,NA,FALSE
"Reaction products of diazotized 2-amino-4-nitrophenol, coupled with resorcinol and subsequently coupled with diazotized 5-amino-4-hydroxynaphthalene-2,7-disulfonic acid and diazotiazed paranitroaniline",Unclassified,TRUE,FALSE,NA,NA,NA,high,NA,NA,FALSE
"Benzene, mono- and di- C20-24 (even numbered) (linear and branched) alkyl derivs.",Unclassified,TRUE,TRUE,Benzene and substituted derivatives,class,subset,high,NA,NA,FALSE
"Alcohols, C12-13",CAS without structure,TRUE,TRUE,Long-chain fatty alcohols,direct_parent,subset,high,NA,NA,FALSE
Paraffin oil/(CAS 64742-65-0),CAS without structure,TRUE,FALSE,NA,NA,NA,high,NA,NA,FALSE
"Octadecanoic acid, reaction products with 2-amino-2-methyl-1-propanol",CAS without structure,TRUE,TRUE,Carboxylic acid amides,direct_parent,subset,medium,NA,NA,FALSE
"Fatty acids, C18-unsatd., dimers, di-Me esters, hydrogenated, reaction products with Me Carbamate",Unclassified,TRUE,TRUE,Fatty acids and conjugates,subclass,subset,low,NA,NA,FALSE
MIF 800,Unclassified,TRUE,FALSE,NA,NA,NA,high,NA,NA,FALSE
"Butene, homopolymer (products derived from either/or But-1-ene/But-2-ene)",CAS without structure,TRUE,TRUE,Organic Polymers,superclass,subset,medium,NA,NA,FALSE
Halohydrin dehalogenase,CAS without structure,TRUE,FALSE,NA,NA,NA,high,NA,NA,FALSE
"pentasodium 5-anilino-3-(4-(4-(6-chloro-4-(3-sulphonatoanilino)-1,3,5-triazin-2-ylamino)-2,5-dimethylphenylazo)-2,5-disulphonatophenylazo)-4-hydroxynaphthalene-2,7-disulphonate",Unclassified,TRUE,FALSE,NA,NA,NA,high,NA,NA,FALSE
paraffin oil,CAS without structure,TRUE,TRUE,Saturated hydrocarbons,class,subset,medium,NA,NA,FALSE
HF-451,Unclassified,TRUE,FALSE,NA,NA,NA,medium,NA,NA,FALSE
SAC-H12,Unclassified,TRUE,FALSE,NA,NA,NA,medium,NA,NA,FALSE
"1,4-Benzenedicarboxylic acid, mixed Bu and 2-ethylhexyl diesters",CAS without structure,TRUE,TRUE,Phthalate esters,direct_parent,subset,medium,NA,NA,FALSE
hempseed oil,CAS without structure,TRUE,FALSE,NA,NA,NA,high,NA,NA,FALSE
DT-S1,Unclassified,TRUE,NA,NA,NA,NA,low,NA,NA,FALSE
"Quaternary ammonium compounds, C12-14-alkyl[(ethylphenyl)methyl]dimethyl, chlorides",CAS without structure,TRUE,TRUE,Alkyldimethylbenzylammonium chlorides,subclass,subset,high,NA,NA,FALSE
3-hydroxypropyl decanoate,CAS without structure,TRUE,FALSE,NA,NA,NA,high,NA,NA,FALSE
"Poly[oxy[[[2-[(2-methyl-1-oxo-2-propenyl) oxy]ethoxy]carbonyl] phenylene] carbonylimino-1,4-phenyleneoxy-1,4-phenyleneiminocarbonyl] [[[2-[(2-methyl-1-oxo-2-propenyl)oxy]ethoxy]carbonyl]phenylene]]",Unclassified,TRUE,FALSE,NA,NA,NA,high,NA,NA,FALSE
"Juniper, Juniperus virginiana, ext.",CAS without structure,TRUE,FALSE,NA,NA,NA,high,NA,NA,FALSE
"Gum turpentine oil, consisting of the volatile fraction resulting from the distillation of oleoresin collected by tapping softwoods from pinacea derivatives (genus: pinus). It consists of terpenes, mainly monoterpenes such as alpha-pinene and beta-pinene.",Unclassified,TRUE,FALSE,NA,NA,NA,high,NA,NA,FALSE
"Reaction products of γ-butyrolactone, naphthalene-1,6-diol and phthalic anhydride",Unclassified,TRUE,FALSE,NA,NA,NA,high,NA,NA,FALSE
"Alcohols, C16-18 and C18-unsatd.",CAS without structure,TRUE,TRUE,Fatty alcohols,subclass,subset,high,NA,NA,FALSE
Heptabromodiphenyl ether (Group),Substance group,TRUE,TRUE,Bromodiphenyl ethers,subclass,subset,high,NA,NA,FALSE
"Hexamethylene diisocyanate, oligomers, reaction products with 3-methoxypropylamine",CAS without structure,TRUE,TRUE,Polyureas,superclass,subset,low,NA,NA,FALSE
Arsenic compounds,Substance group,TRUE,TRUE,Inorganic arsenic compounds,class,broader,high,Inorganic arsenic compounds,0.9466592754305276,TRUE
"Plumbylium, ethyldimethyl-",CAS without structure,TRUE,FALSE,NA,NA,NA,high,NA,NA,FALSE
(chloromethyl)vinylbenzene,CAS without structure,TRUE,FALSE,NA,NA,NA,high,NA,NA,FALSE
"Alcohols, C16-17-monobranched",Unclassified,TRUE,TRUE,Fatty alcohols,subclass,subset,high,NA,NA,FALSE
"Glycerides, C16-18",CAS without structure,TRUE,TRUE,Glycerolipids,class,subset,high,NA,NA,FALSE
"Bulnesia sarmienti, ext., acetate",CAS without structure,TRUE,FALSE,NA,NA,NA,high,NA,NA,FALSE
"Fatty acids, tall-oil, esters with ethylene glycol",CAS without structure,TRUE,TRUE,Fatty acid esters,subclass,subset,high,NA,NA,FALSE
"mixture of (35-45 % w/w) 1,6-diamino-2,2,4-trimethylhexane and (55-65 % w/w)1,6-diamino-2,4,4-trimethylhexane",Mixture,TRUE,TRUE,Primary amines,direct_parent,subset,medium,NA,NA,FALSE
BMS-183981-01,Unclassified,TRUE,FALSE,NA,NA,NA,high,NA,NA,FALSE
"Fatty acids, C10-30, esters with lanolin alcs.",CAS without structure,TRUE,TRUE,Wax esters,direct_parent,subset,medium,NA,NA,FALSE
"3,5,5-trimethylhexanoic acid and its salts, with the exception of those specified elsewhere in this Annex",Substance group,TRUE,TRUE,Monocarboxylic acids and derivatives,subclass,subset,medium,NA,NA,FALSE
"Naphthalenesulfonic acid, bis(1-methylethyl)-, Me derivs., sodium salts",CAS without structure,TRUE,TRUE,Naphthalene sulfonic acids and derivatives,subclass,subset,medium,NA,NA,FALSE
"Tetra-esterification products of C5-(branched and linear), C7, C8 and C10 fatty acids with pentaerythritol",Unclassified,TRUE,TRUE,Carboxylic acid esters,direct_parent,subset,medium,NA,NA,FALSE
N-[3-(dimethylamino)propyl] amides C18-22 (even numbered),Unclassified,TRUE,TRUE,Fatty amides,subclass,subset,medium,NA,NA,FALSE
"starch, edible",CAS without structure,TRUE,FALSE,NA,NA,NA,medium,NA,NA,FALSE
"nonapotassium 2,4,6-trihydroxy-4-methyl-3,5-dioxa-2,4,6-trisilaheptane-2,6-bis(olate) 2,6,8-trihydroxy-4,6-dimethyl-3,5,7-trioxa-2,4,6,8-tetrasilanonane-2,4,8-tris(olate) 6-hydroxy-2,4,6-trimethyl-1,3,5,2,4,6-trioxatrisilinane-2,4-bis(olate) dihydroxy(methyl)silanolate {[dihydroxy(methyl)silyl]oxy}(hydroxy)methylsilanolate",Unclassified,TRUE,FALSE,NA,NA,NA,medium,NA,NA,FALSE
Tagetes oil,Unclassified,TRUE,FALSE,NA,NA,NA,high,NA,NA,FALSE
"Fatty acids, C8-18 and C18-unsatd., esters with trimethylolpropane",CAS without structure,TRUE,TRUE,Wax esters,direct_parent,subset,low,NA,NA,FALSE
"Reaction products of 4,4'-methylenebis(2,6-dimethylaniline) and 4-aminobenzenesulfonic acid with 2,4,6-trichloro-1,3,5-triazine, diazotised and subsequently coupled with N-(2-methoxyphenyl)-3-oxobutanamide",Unclassified,TRUE,FALSE,NA,NA,NA,medium,NA,NA,FALSE
"2-Naphthalenol, 1-[2-[2-ethyl-4-[2-(2-ethylphenyl)diazenyl]phenyl]diazenyl]-, ar-heptyl derivs.",CAS without structure,TRUE,TRUE,Azobenzenes,class,subset,medium,NA,NA,FALSE
"3,3'-[ethylenebis[(3-sulpho-p-phenylene)azo]]bis[5-amino-4-hydroxynaphthalene-2,7-disulphonic acid] hexasodium salt AND 3,3'-[ethylenebis[(3-sulpho-p-phenylene)azo]]bis[5-amino-4-hydroxynaphthalene-2,7-disulphonic] acid, compound with 2,2',2''-nitrilotriethanol (1:6)",Unclassified,TRUE,FALSE,NA,NA,NA,high,NA,NA,FALSE
LICORIS,Unclassified,TRUE,FALSE,NA,NA,NA,medium,NA,NA,FALSE
"(5E)-9-(dichloromethylidene)-N-hydroxy-2,3,4,6,7,8-hexahydro-1,4-methanonaphthalen-5(1H)-imine",Unclassified,TRUE,NA,NA,NA,NA,low,NA,NA,FALSE
"3-(1,5-dichloropentan-3-yl)-6-fluoro-1,2-benzisoxazole",Unclassified,TRUE,FALSE,NA,NA,NA,high,NA,NA,FALSE
"Lead, bis[bis(1-methylethyl)carbamodithioato-S,S']-, (T-4)-",CAS without structure,TRUE,FALSE,NA,NA,NA,high,NA,NA,FALSE
Mucorpepsin,CAS without structure,TRUE,NA,NA,NA,NA,low,NA,NA,FALSE
sodium 4-[4-(4-hydroxyphenylazo)phenylamino]-3-nitrobenzenesulfonate,CAS without structure,TRUE,FALSE,NA,NA,NA,high,NA,NA,FALSE
organopolysiloxanes with methyl groups,Unclassified,TRUE,TRUE,Organosilicon compounds,subclass,subset,medium,NA,NA,FALSE
"Gasoline, coal solvent extn., hydrocracked naphtha|[Motor fuel produced by the reforming of the refined naphtha fraction of the products of hydrocracking of coal extract or solution produced by the liquid solvent extraction or supercritical gas extraction",Mixture,TRUE,FALSE,NA,NA,NA,high,NA,NA,FALSE
"Nickel, borate C8-10-branched carboxylate complexes",CAS without structure,TRUE,TRUE,Transition metal salts,class,subset,medium,NA,NA,FALSE
"Ester aus Pentaerythrit, Montanwachssäure, Acrylsäure",CAS without structure,TRUE,FALSE,NA,NA,NA,medium,NA,NA,FALSE
"Feldspar minerals, hematite and quartz, calcination products of copper mining residues",Unclassified,TRUE,FALSE,NA,NA,NA,high,NA,NA,FALSE
"((4S,4aR,7S,7aR)-4,7-dimethylhexahydrocyclopenta[c]pyran-1(3H)-one",Unclassified,TRUE,FALSE,NA,NA,NA,high,NA,NA,FALSE
CRS050 FLUORESCENT YELLOW,Unclassified,TRUE,FALSE,NA,NA,NA,high,NA,NA,FALSE
"1-Propene, 2-methyl-, chlorinated, epoxidized, distn. residues",CAS without structure,TRUE,TRUE,Organohalogen compounds,superclass,subset,low,NA,NA,FALSE
"Phenol, styrenated",CAS without structure,TRUE,TRUE,Phenols,class,subset,medium,NA,NA,FALSE
"Amides, tallow, N-[3-(dimethylamino)propyl], N-oxides",CAS without structure,TRUE,TRUE,Long-chain alkyl amine oxides,direct_parent,subset,medium,NA,NA,FALSE
"Sulfonic acids, C14-17-sec-alkane, sodium salts",CAS without structure,TRUE,TRUE,Alkanesulfonic acids and derivatives,subclass,subset,high,NA,NA,FALSE
"Molybdenum trioxide, reaction products with bis[O,O-bis(2-ethylhexyl)] hydrogen dithiophosphate",Unclassified,TRUE,FALSE,NA,NA,NA,high,NA,NA,FALSE
polyethlyenepolyamines with the exception of those specified elsewhere in this Annex,Unclassified,TRUE,TRUE,Amines,subclass,subset,medium,NA,NA,FALSE
"N,N'-diaryl-p-phenylenediamine",CAS without structure,TRUE,TRUE,P-phenylenediamines,subclass,subset,high,NA,NA,FALSE
"α-Bitter acids, hop, hydrogenated, isomerized",CAS without structure,TRUE,TRUE,Prenol lipids,superclass,subset,medium,NA,NA,FALSE
Chromium trichloride solution 60 %,Unclassified,TRUE,FALSE,NA,NA,NA,high,NA,NA,FALSE
benzyldimethyloctadecylammonium 3-nitrobenzenesulfonate,Unclassified,TRUE,FALSE,NA,NA,NA,high,NA,NA,FALSE
(Z)-4-[C11-13 (branched) alkylamino]-4-oxo-2-butenoic acid,Unclassified,TRUE,TRUE,Secondary carboxylic acid amides,direct_parent,subset,medium,NA,NA,FALSE
WCA-6(UA-20),Unclassified,TRUE,FALSE,NA,NA,NA,high,NA,NA,FALSE
"2-Naphthalenesulfonic acid, 5(or 8)-amino-, coupled with diazotized aniline, diazotized, coupled with diazotized 4-aminobenzenesulfonic acid and m-phenylenediamine",CAS without structure,TRUE,FALSE,NA,NA,NA,medium,NA,NA,FALSE
Mamestra brassica nuclear polyhedrosis virus,Unclassified,TRUE,NA,NA,NA,NA,low,NA,NA,FALSE
TA 03548,Unclassified,TRUE,FALSE,NA,NA,NA,high,NA,NA,FALSE
polydimethylsiloxane (MW > 6 800 Da),CAS without structure,TRUE,TRUE,Siloxanes,direct_parent,subset,high,NA,NA,FALSE
"Sulfuric acid, nickel(2+) salt (1:1), monohydrate",CAS without structure,TRUE,FALSE,NA,NA,NA,high,NA,NA,FALSE
"1,2-Benzenedicarboxylic acid, di-C11-14-branched alkyl esters, C13-rich",CAS without structure,TRUE,TRUE,Phthalate esters,direct_parent,subset,high,NA,NA,FALSE
"D‐Glucopyranose, oligomeric, C10‐16‐alkyl glycosides, 3‐(3,4‐dicarboxy‐3‐hydroxy‐1‐oxobutoxy)‐2‐hydroxypropyl ethers, sodium salts",CAS without structure,TRUE,TRUE,Carbohydrates and carbohydrate conjugates,subclass,subset,medium,NA,NA,FALSE
"2-Propenoic acid, (1-methyl-1,2-ethanediyl) bis[oxy(methyl-2,1-ethanediyl)] ester, reaction products with diethylamine",CAS without structure,TRUE,FALSE,NA,NA,NA,medium,NA,NA,FALSE
"Benzenesulfonic acid, mono-C10-16-alkyl derivs., sodium salts",CAS without structure,TRUE,TRUE,Benzenesulfonic acids and derivatives,subclass,subset,high,NA,NA,FALSE
"hydrocarbon waxes, paraffin and microcrystalline (hydrogenated)",CAS without structure,TRUE,TRUE,Saturated hydrocarbons,class,subset,medium,NA,NA,FALSE
"Mercury, (2-ethylhexanoato-O)(1-methoxycyclohexyl)-",CAS without structure,TRUE,FALSE,NA,NA,NA,high,NA,NA,FALSE
"Pepino mosaic virus (PepMV) European (EU) strain, mild isolate Abp1 (PEPMVO)",Unclassified,TRUE,NA,NA,NA,NA,low,NA,NA,FALSE
SZ-1012,Unclassified,TRUE,FALSE,NA,NA,NA,high,NA,NA,FALSE
Ampelomyces quisqualis strain AQ10,Unclassified,TRUE,FALSE,NA,NA,NA,high,NA,NA,FALSE
"5-chloro -1- [1-[3-(2,3-dihydro-2-oxo -1H-benzimidazol-1-yl)propyl]-4-piperidinyl]1,3-dihydro-2H-benzimidazol-2-one hydrochloride",CAS without structure,TRUE,FALSE,NA,NA,NA,high,NA,NA,FALSE
Biozan,Unclassified,TRUE,NA,NA,NA,NA,low,NA,NA,FALSE
"Nickel, C5-23-branched carboxylate C4-10 fatty acids complexes",CAS without structure,TRUE,TRUE,Transition metal salts,class,subset,medium,NA,NA,FALSE
REACTIVE RED FC 40965,Unclassified,TRUE,FALSE,NA,NA,NA,high,NA,NA,FALSE
"Ashes (residues), plant",CAS without structure,TRUE,FALSE,NA,NA,NA,high,NA,NA,FALSE
[3-(4-bromophenyl)-3-cyano-3-(pyridin-2-yl)propyl]dimethylazanium hydrogen oxalate),CAS without structure,TRUE,FALSE,NA,NA,NA,high,NA,NA,FALSE
"Silicic acid, zirconium salt, cadmium pigment-encapsulated",CAS without structure,TRUE,FALSE,NA,NA,NA,high,NA,NA,FALSE
"Amines, N-C12-18-alkyltrimethylenedi-, reaction products with chloroacetic acid, sodium salts",CAS without structure,TRUE,TRUE,"Amino acids, peptides, and analogues",subclass,subset,low,NA,NA,FALSE
"1-Butene, chlorinated, epoxidized, distn. residues",CAS without structure,TRUE,TRUE,Epoxides,class,subset,low,NA,NA,FALSE
"Paraffin waxes (Fischer-Tropsch), isomerization",CAS without structure,TRUE,TRUE,Branched alkanes,subclass,subset,medium,NA,NA,FALSE
(R)-2-[3-(Diisopropylamino)-1-phenylpropyl]-4-(hydroxymethyl)phenol (R)-acetoxy(phenyl)acetate,Unclassified,TRUE,FALSE,NA,NA,NA,high,NA,NA,FALSE
"Amines, C12-16 (even numbered)-alkyldimethyl, N-oxides",Unclassified,TRUE,TRUE,Long-chain alkyl amine oxides,direct_parent,subset,high,NA,NA,FALSE
"2-Hydroxyethylmethacrylate, reaction products with proyleneoxide and Phthalic anhydride",CAS without structure,TRUE,TRUE,Carboxylic acid esters,direct_parent,subset,low,NA,NA,FALSE
MPR(TRT)OSU,Unclassified,TRUE,FALSE,NA,NA,NA,high,NA,NA,FALSE
Bacillus thuringiensis subsp. Kurstaki strain SA 12,Unclassified,TRUE,NA,NA,NA,NA,low,NA,NA,FALSE
"2-Propenoic acid, 2-methyl-, heptadecyl ester, branched",CAS without structure,TRUE,TRUE,Acrylic acid esters,subclass,subset,medium,NA,NA,FALSE
PHOTOSOL 7-330,Unclassified,TRUE,FALSE,NA,NA,NA,high,NA,NA,FALSE
"1,3-bis{6-fluoro-4-[1,5-disulfo-4-(3-aminocarbonyl-1-ethyl-6-hydroxy-4-methylpyrid-2-on-5-ylazo)phenyl-2-ylamino]-1,3,5-triazin-2-ylamino}propane lithium, sodium salt",CAS without structure,TRUE,FALSE,NA,NA,NA,high,NA,NA,FALSE
"HDI oligomers, iminooxadiazindione",Unclassified,TRUE,TRUE,NA,NA,NA,low,NA,NA,FALSE
"Cadmium selenide (CdSe), solid soln. with cadmium sulfide, zinc selenide and zinc sulfide, manganese and silver-doped",CAS without structure,TRUE,FALSE,NA,NA,NA,high,NA,NA,FALSE
Reactive Blue F08-0170,Unclassified,TRUE,FALSE,NA,NA,NA,high,NA,NA,FALSE
AF-394,Unclassified,TRUE,FALSE,NA,NA,NA,medium,NA,NA,FALSE
Disperse Blue 20302/2078,Unclassified,TRUE,FALSE,NA,NA,NA,medium,NA,NA,FALSE
"Grease (bands, fruit trees)",Unclassified,TRUE,FALSE,NA,NA,NA,high,NA,NA,FALSE
XP-2535 MONOMER,Unclassified,TRUE,FALSE,NA,NA,NA,high,NA,NA,FALSE
"Urea, reaction products with formaldehyde",CAS without structure,TRUE,TRUE,Polyureas,superclass,subset,low,NA,NA,FALSE
TCPC,Unclassified,TRUE,FALSE,NA,NA,NA,low,NA,NA,FALSE
LC 345,Unclassified,TRUE,FALSE,NA,NA,NA,high,NA,NA,FALSE
"Sodium((n-butyl)x(ethyl)y-1,5-dihydro)aluminate) x = 0.5 y = 1.5",Unclassified,TRUE,TRUE,Organoaluminium compounds,subclass,subset,medium,NA,NA,FALSE
"styrene, reaction product with diphenylamine",CAS without structure,TRUE,FALSE,NA,NA,NA,medium,NA,NA,FALSE
Tetradecan-1-ol (SCLP Alcohols),CAS without structure,TRUE,FALSE,NA,NA,NA,high,NA,NA,FALSE
Sodium Nickel Manganese Magnesium Titanium Dioxide (Crystal phase: O3/P2/RS),Unclassified,TRUE,FALSE,NA,NA,NA,high,NA,NA,FALSE
"2-acetoxymethyl-4-bromo-5-(5-methyl-2,4-dioxo-3,4-dihydro-2H-pyrimidin-1-yl)tetrahydrofuran-3-yl acetate",Unclassified,TRUE,FALSE,NA,NA,NA,high,NA,NA,FALSE
"Fatty acids, coco, lead salts",CAS without structure,TRUE,TRUE,Organic metal salts,class,subset,medium,NA,NA,FALSE
Cesium Tungsten Suboxide,CAS without structure,TRUE,FALSE,NA,NA,NA,medium,NA,NA,FALSE
"4-Nonylphenol, branched and linear, ethoxylated",Unclassified,TRUE,TRUE,Phenol ethers,class,subset,medium,NA,NA,FALSE
"Phenol, tetrapropylene-, lead(2+) salt",CAS without structure,TRUE,FALSE,NA,NA,NA,medium,NA,NA,FALSE
"Gadolinium oxide sulfide (Gd2O2S), praseodymium-doped",CAS without structure,TRUE,FALSE,NA,NA,NA,high,NA,NA,FALSE
"Zinc sulfide (ZnS), copper and lead-doped",CAS without structure,TRUE,FALSE,NA,NA,NA,high,NA,NA,FALSE
"mono-(tetrapropylammonium) hydrogen 2,2'-dithiobisbenzoate",Unclassified,TRUE,FALSE,NA,NA,NA,high,NA,NA,FALSE
"Alcohols, C11-13-branched and linear",Unclassified,TRUE,TRUE,Fatty alcohols,subclass,subset,medium,NA,NA,FALSE
"Nonene, branched",CAS without structure,TRUE,TRUE,Branched unsaturated hydrocarbons,subclass,subset,medium,NA,NA,FALSE
Antimony Germanium Tin Selenide,Unclassified,TRUE,FALSE,NA,NA,NA,medium,NA,NA,FALSE
"Nonanoic acid, esters with xylitol and sorbitol",Unclassified,TRUE,TRUE,Carboxylic acid esters,direct_parent,subset,medium,NA,NA,FALSE
"disodium 4,4'-[2,2,2-trifluoro-1-(trifluoromethyl)ethylidene]diphenolate",Unclassified,TRUE,FALSE,NA,NA,NA,high,NA,NA,FALSE
"C16-18-(even numbered, saturated and unsaturated)-alkylamines",CAS without structure,TRUE,TRUE,Primary amines,direct_parent,subset,medium,NA,NA,FALSE
"Amines, di-C12-18-alkyl",CAS without structure,TRUE,TRUE,Dialkylamines,direct_parent,subset,high,NA,NA,FALSE
"Fumes of germanium dioxide, calcium carbonate, iron oxides, sodium chloride and amorphous silica from smelting of Ge containing residues during germanium refining",Unclassified,TRUE,FALSE,NA,NA,NA,high,NA,NA,FALSE
"Titanium, (S) - lactate polyethylene glycol triisopropanolamine ammonium complexes",CAS without structure,TRUE,TRUE,Organometallic compounds,superclass,subset,low,NA,NA,FALSE
Polycyclic aromatic hydrocarbons (PAH),Substance group,TRUE,TRUE,Polycyclic hydrocarbons,class,subset,high,Aromatic hydrocarbons,0.8136654725850091,FALSE
"(+-)-3-(2-chloroethyl)-6,7,8,9-tetrahydro-9-hydroxy-2- methyl-4H-pyrido[1,2-a]pyrimidin-4-one",Unclassified,TRUE,FALSE,NA,NA,NA,high,NA,NA,FALSE
"Reaction Products of Naphthalene-1,6-diol with 2-Benzofuran-1,3-dione, sodium salt",Unclassified,TRUE,FALSE,NA,NA,NA,medium,NA,NA,FALSE
"Amines, tri-C8-10-alkyl",CAS without structure,TRUE,TRUE,Trialkylamines,direct_parent,subset,high,NA,NA,FALSE
N-Acetyl thiazolidin-4-carboxylic acid,Unclassified,TRUE,FALSE,NA,NA,NA,high,NA,NA,FALSE
"Epoxides, C>8-alkyl",CAS without structure,TRUE,TRUE,Epoxides,class,subset,high,NA,NA,FALSE
"[(5E)-3-butyl-5-{(2E)-3-[1-butyl-3-(carboxymethyl)-2,4,6-trioxohexahydropyrimidin-5-yl]prop-2-enylidene}-2,4,6-trioxotetrahydropyrimidin-1(2H)-yl]acetic acid compound with pyridine (1:1)",Unclassified,TRUE,FALSE,NA,NA,NA,high,NA,NA,FALSE
"Protein hydrolyzates, vegetable",CAS without structure,TRUE,FALSE,NA,NA,NA,high,NA,NA,FALSE
"2,2,4(or 2,4,4)-trimethylhexanedinitrile",CAS without structure,TRUE,TRUE,Nitriles,direct_parent,subset,medium,NA,NA,FALSE
"Ethanedioic acid, lead salt",CAS without structure,TRUE,TRUE,Organic lead salts,level 5,subset,medium,NA,NA,FALSE
Hydroxy-MCPA,Unclassified,TRUE,TRUE,Chlorophenoxyacetates,subclass,subset,medium,NA,NA,FALSE
"Resin acids and Rosin acids, esters with triethylene glycol",CAS without structure,TRUE,TRUE,Carboxylic acid esters,direct_parent,subset,medium,NA,NA,FALSE
"Sodium 1,2-bis[4-[4-{4-(4-sulfophenylazo)-2-sulfophenylazo}-2-ureido-phenyl-amino]-6-fluoro-1,3,5-triazin-2-ylamino]propane, sodium salt",CAS without structure,TRUE,FALSE,NA,NA,NA,high,NA,NA,FALSE
PIGMENT ADDITIVE 009,Unclassified,TRUE,FALSE,NA,NA,NA,high,NA,NA,FALSE
"(2R,3R)-3-(3-(Benzyloxy)phenyl-2-methylpentanoic acid",CAS without structure,TRUE,FALSE,NA,NA,NA,high,NA,NA,FALSE
"Benzenesulfonic acid, 4-(branched alkyl derivs.) and benzenesulfonic acid, 4-(linear alkyl dervis.), calcium salts",Unclassified,TRUE,TRUE,Organic calcium salts,subclass,subset,medium,NA,NA,FALSE
Catalase,CAS without structure,TRUE,FALSE,NA,NA,NA,high,NA,NA,FALSE
"Glycerides, C18 and C22 mono-, acetates",Unclassified,TRUE,TRUE,Monoacylglycerols,subclass,subset,medium,NA,NA,FALSE
A mixture of isomers of: α-((dimethyl)biphenyl)-ω-hydroxypoly(oxyethylene),Mixture,TRUE,TRUE,Ethers,subclass,subset,medium,NA,NA,FALSE
"1-Ethoxy-2,3-difluor-4-(4-propyl-1-cyclohexen-1-yl)-benzen",Unclassified,TRUE,FALSE,NA,NA,NA,high,NA,NA,FALSE
"Sulfuric acid, mono-C8-18 (even numbered)-alkyl esters, magnesium salts, compds. with triethanolamine",Unclassified,TRUE,TRUE,Sulfuric acid monoesters,subclass,subset,medium,NA,NA,FALSE
"Fatty acids, vegetable-oil, esters with dipropylene glycol",CAS without structure,TRUE,TRUE,Fatty acid esters,subclass,subset,medium,NA,NA,FALSE
"Fatty acids, C18-unsatd., dimers, methyl esters",CAS without structure,TRUE,TRUE,Fatty acid methyl esters,subclass,subset,medium,NA,NA,FALSE
"Carbamic acid, N, N’,N”-1,3,5-triazine-2,4,6-tryltris-, mixed Butyl and 2-(2-ethoxy ethoxy) ethyl and Methyl triesters",CAS without structure,TRUE,TRUE,Carboxylic acid esters,direct_parent,subset,medium,NA,NA,FALSE
"Fatty alcohols, C12-22 (even numbered), manuf. of, by-products from",Unclassified,TRUE,TRUE,Fatty alcohols,subclass,subset,high,NA,NA,FALSE
"DISODIUM (2S,3R)-2-HYDROXY-3-ISOBUTYLSUCCINATE",Unclassified,TRUE,FALSE,NA,NA,NA,high,NA,NA,FALSE
"Bentonite, acid-leached",CAS without structure,TRUE,FALSE,NA,NA,NA,high,NA,NA,FALSE
Copper flakes (coated with aliphatic acid),Unclassified,TRUE,FALSE,NA,NA,NA,high,NA,NA,FALSE
oxo-degradable plastics,Unclassified,TRUE,TRUE,Organic Polymers,superclass,subset,medium,NA,NA,FALSE
"Lead, isooctanoate naphthenate complexes",CAS without structure,TRUE,TRUE,Organic lead salts,subclass,subset,medium,NA,NA,FALSE
T001830,Unclassified,TRUE,FALSE,NA,NA,NA,high,NA,NA,FALSE
"Sulfuric acid, mono-C8-14 (even-numbered)-alkyl esters, ammonium salts",Unclassified,TRUE,TRUE,Sulfuric acid esters,subclass,subset,medium,NA,NA,FALSE
"1-[2-[[4-[2-[2-amino-5-hydroxy-6-[2-[2-methoxy-5-methyl-4-[[2-(sulfooxy)ethyl]sulfonyl]phenyl]diazenyl]-7-sulfo-1-naphthalenyl]diazenyl]-3-sulfophenyl]sulfonyl]ethyl]-pyrimidinium-3-carboxylic acid mono-, di- and trisodium salts",Unclassified,TRUE,TRUE,Organic salts,superclass,subset,medium,NA,NA,FALSE
"5,8-Dichloro-7-[(R)-methoxy(oxetan-3-yl)methyl]-3,4-dihydro-1H-2-benzopyran-1-one",Unclassified,TRUE,FALSE,NA,NA,NA,high,NA,NA,FALSE
esters of mecoprop and of mecoprop-P,Unclassified,TRUE,TRUE,Alkyloxyphenoxypropionic acid esters,subclass,subset,medium,NA,NA,FALSE
"Terphenyl, hydrogenated",CAS without structure,TRUE,TRUE,Terphenyls,subclass,subset,medium,NA,NA,FALSE
"Alcohols, C16-18 and C18-unsatd., ethoxylated",CAS without structure,TRUE,TRUE,Fatty alcohols,subclass,subset,medium,NA,NA,FALSE
"Fatty acids, C10-20-neo-",CAS without structure,TRUE,TRUE,Fatty acids and conjugates,subclass,subset,high,NA,NA,FALSE
HR-220,Unclassified,TRUE,FALSE,NA,NA,NA,high,NA,NA,FALSE
"Fatty acids, tallow, reaction products with lead oxide",CAS without structure,TRUE,TRUE,Organic metal salts,class,subset,medium,NA,NA,FALSE
Alkophen mesyl lactone,Unclassified,TRUE,FALSE,NA,NA,NA,medium,NA,NA,FALSE
"rel‐(3aR,4R,7R,7aR)‐5‐methyleneoctahydro‐1H‐4,7‐methanoindene",CAS without structure,TRUE,FALSE,NA,NA,NA,high,NA,NA,FALSE
2-Hydroxypropyl-β-cyclodextrine ethers,CAS without structure,TRUE,TRUE,Carbohydrates and carbohydrate conjugates,subclass,subset,medium,NA,NA,FALSE
ORANGE SUP 416,Unclassified,TRUE,FALSE,NA,NA,NA,high,NA,NA,FALSE
"m-TDI oligomers, isocyanurate",Unclassified,TRUE,TRUE,Toluene diisocyanates,direct_parent,subset,medium,NA,NA,FALSE
"3-((C9-11-iso,C10-rich)alkyloxy)propan-1-amine",Unclassified,TRUE,TRUE,Amines,subclass,subset,medium,NA,NA,FALSE
"syrups, hydrolysed starch, dehydrated",CAS without structure,TRUE,TRUE,Polysaccharides,class,subset,medium,NA,NA,FALSE
"Lead, isodecanoate neodecanoate complexes, basic",CAS without structure,TRUE,TRUE,Organic lead salts,subclass,subset,medium,NA,NA,FALSE
Concrete of Spilanthes acmella (oleracea) obtained from flowers by extraction with organic solvent,Unclassified,TRUE,FALSE,NA,NA,NA,high,NA,NA,FALSE
"Trisodium 2-{α[2-hydroxy-3-[4-chloro-6-[4-(2,3-dibromopropionylamino)-2-sulfonatophenylamino]-1,3,5-triazin-2-ylamino]-5-sulfonatophenylazo]-benzylidenehydrazino}-4-sulfonatobenzoate, copper complex",Unclassified,TRUE,FALSE,NA,NA,NA,high,NA,NA,FALSE
"(16E)-11-(2-chloroethoxy)-14,19-dioxa-5,7,27-triazatetracyclo[19.3.1.1²,.1,¹²]heptacosa-1(25),2(27),3,5,8(26),9,11,16,21,23-decaene hydrochloride (1:1)",Unclassified,TRUE,NA,NA,NA,NA,low,NA,NA,FALSE
"Fatty acids, C8-9, lead salts",CAS without structure,TRUE,TRUE,Organic metal salts,class,subset,medium,NA,NA,FALSE
NQD-TP-34,CAS without structure,TRUE,FALSE,NA,NA,NA,high,NA,NA,FALSE
"Benzenecarbothioic acid, S-[(1R,2R,4R)-2-hydroxy-4-[(2,2,2-trifluoroacetyl)amino]cyclohexyl] ester",CAS without structure,TRUE,FALSE,NA,NA,NA,high,NA,NA,FALSE
Trichoderma atroviride AGR2,Unclassified,TRUE,FALSE,NA,NA,NA,high,NA,NA,FALSE
Reaction products of decanoic acid and lauric acid with glycerol and polyglycerol,Unclassified,TRUE,TRUE,Glycerolipids,class,subset,medium,NA,NA,FALSE
Pseudomonas chlororaphis strain MA342,Unclassified,TRUE,FALSE,NA,NA,NA,high,NA,NA,FALSE
Distilled acetalization product between glucose and C12-18(even numbered)alcohol,Unclassified,TRUE,TRUE,Alkyl glycosides,direct_parent,subset,medium,NA,NA,FALSE
"alkenes, C12-14, hydroformylation products, distn. residues, C-(hydrogen sulfobutanedioates), disodium salts",CAS without structure,TRUE,TRUE,Organic salts,superclass,subset,low,NA,NA,FALSE
Tungsten dizirconium tetraoxide bis(phosphate),CAS without structure,TRUE,FALSE,NA,NA,NA,medium,NA,NA,FALSE
C16 even numbered C18 unsaturated alkyl nitrile,Unclassified,TRUE,TRUE,Nitriles,direct_parent,subset,medium,NA,NA,FALSE
isostearic acid monoisopropanolamide,Unclassified,TRUE,FALSE,NA,NA,NA,high,NA,NA,FALSE
"Reaction products of 2,7-Naphthalenedisulfonic acid, 4-amino-6-[2-[5-[(4-amino-6-chloro-1,3,5-triazin-2-yl)amino]-2-sulfophenyl]diazenyl]-3-[2-(2,5-disulfophenyl)diazenyl]-5-hydroxy-, pentasodium salt and lithium chloride",Unclassified,TRUE,FALSE,NA,NA,NA,high,NA,NA,FALSE
"4-Nonylphenol, ethoxylated",CAS without structure,TRUE,TRUE,Phenol ethers,class,subset,medium,NA,NA,FALSE
"Carboxylic acids, C7-13, perfluoro, ammonium salts",CAS without structure,TRUE,TRUE,Perfluoroalkyl carboxylic acid and derivatives,subclass,subset,high,NA,NA,FALSE
LIPIDURE-PMB,Unclassified,TRUE,FALSE,NA,NA,NA,high,NA,NA,FALSE
"L-Alanine, N-coco acyl derivs., sodium salts",CAS without structure,TRUE,TRUE,N-acyl-alpha amino acids and derivatives,direct_parent,subset,medium,NA,NA,FALSE
"ester of 1-Naphthalenesulfonic acid, 6-diazo-5,6-dihydro-5-oxo- with 4,6-bis{1-(4-hydroxyphenyl)-1-methylethyl}-1-hydroxy-3-methoxybenzene",Unclassified,TRUE,FALSE,NA,NA,NA,high,NA,NA,FALSE
N-phenyl-N’-isohexyl-p-phenylenediamine,Unclassified,TRUE,FALSE,NA,NA,NA,high,P-phenylenediamines,0.8072057228483314,FALSE
"Fatty acids, C16-18 (even numbered), reaction products with tetraethylenepentamine",Unclassified,TRUE,TRUE,Fatty amides,subclass,subset,medium,NA,NA,FALSE
Chlorsugar,Unclassified,TRUE,TRUE,Carbohydrates and carbohydrate conjugates,subclass,subset,medium,NA,NA,FALSE
"monosodium aqua-[5-[[2,4-dihydroxy-5-[(2-hydroxy-3,5-dinitrophenyl)azo]phenyl]azo]-2-naphthalensulfonate], iron complex",Unclassified,TRUE,FALSE,NA,NA,NA,high,NA,NA,FALSE
"Slimes and Sludges, lead-zinc blast furnace, offgas wet cleaning",CAS without structure,TRUE,FALSE,NA,NA,NA,high,NA,NA,FALSE
"Esterification products of fatty acids, C16 and C16-18 (even numbered, unsaturated) alkyl and adipic acid with pentaerythritol",Unclassified,TRUE,TRUE,Wax esters,direct_parent,subset,low,NA,NA,FALSE
"Silicic acid (H4SiO4), tetraethyl ester, polymer with arsenic oxide (As2O3)",CAS without structure,TRUE,FALSE,NA,NA,NA,medium,NA,NA,FALSE
Reaction products of trimethylolpropane triglycidyl ether and acrylic acid,CAS without structure,TRUE,TRUE,Carboxylic acid esters,direct_parent,subset,low,NA,NA,FALSE
"Glycerides, C8-18",CAS without structure,TRUE,TRUE,Glycerolipids,class,subset,high,NA,NA,FALSE
"UK-292,679",Unclassified,TRUE,FALSE,NA,NA,NA,high,NA,NA,FALSE
"Sulfates of potassium, sodium and calcium, byproduct from fermentation",Unclassified,TRUE,TRUE,Inorganic salts,superclass,subset,medium,NA,NA,FALSE
"Pitch, coal tar, high-temp., < 1% 4- to 5-membered condensed ring aromatic hydrocarbons",Unclassified,TRUE,FALSE,NA,NA,NA,high,NA,NA,FALSE
"(R)-1-cyclohexa-1,4-dienyl-1-methoxycarbonyl-methylammoniumchloride",Unclassified,TRUE,FALSE,NA,NA,NA,high,NA,NA,FALSE
O-ethyl S-(1-methoxycarbonylethyl)dithiocarbonate,Unclassified,TRUE,FALSE,NA,NA,NA,high,NA,NA,FALSE
copolymers of tetrafluoroethylene with hexafluoropropylene,Unclassified,TRUE,TRUE,Organic Polymers,superclass,subset,medium,NA,NA,FALSE
"Reaction products of 2,3-epoxypropyl phenyl ether and 2,2'-iminodi(ethylamine)",Unclassified,TRUE,FALSE,NA,NA,NA,medium,NA,NA,FALSE
"Coriander, ext.",CAS without structure,TRUE,FALSE,NA,NA,NA,high,NA,NA,FALSE
Capric acid (CAS 334-48-5),Unclassified,TRUE,FALSE,NA,NA,NA,high,NA,NA,FALSE
"Fatty acids, tall-oil, C12-15-branched alkyl esters",CAS without structure,TRUE,TRUE,Fatty acid esters,subclass,subset,high,NA,NA,FALSE
"Fatty acids, C16-18, iso-Pr esters",CAS without structure,TRUE,TRUE,Fatty acid esters,subclass,subset,high,Fatty acid esters,0.8261477976430728,TRUE
Reaction products of C18 (unsaturated) fatty acids and dimethyl sulfate and triethanolamine,Unclassified,TRUE,TRUE,Fatty acid esters,subclass,subset,low,NA,NA,FALSE
"Siloxanes and Silicones, 3-[(2-aminoethyl)amino]propyl Me, di-Me, reaction products with cadmium zinc selenide sulfide, lauric acid and oleylamine",CAS without structure,TRUE,FALSE,NA,NA,NA,high,NA,NA,FALSE
Calcium carbide,CAS without structure,TRUE,FALSE,NA,NA,NA,high,NA,NA,FALSE
Paraffin oil/(CAS 72623-86-0),CAS without structure,TRUE,FALSE,NA,NA,NA,medium,NA,NA,FALSE
"Ethanedioic acid, lead(2+) salt (1:1), trihydrate",CAS without structure,TRUE,FALSE,NA,NA,NA,high,NA,NA,FALSE
"Fatty acids, C16-18 and C18-unsatd., branched and linear, butyl esters",Unclassified,TRUE,TRUE,Fatty acid esters,subclass,subset,high,NA,NA,FALSE
selenium compounds with the exception of cadmium sulphoselenide and those specified elsewhere in this Annex,Unclassified,TRUE,TRUE,Organoselenium compounds,subclass,broader,medium,NA,NA,FALSE
"1,2-Dihydro-2,2,4-trimethylquinoline, oligomers",CAS without structure,TRUE,TRUE,Quinolines and derivatives,class,subset,medium,NA,NA,FALSE
RICE OLIGOPEPTIDE from controlled enzymatic hydrolysis of rice protein,Unclassified,TRUE,FALSE,NA,NA,NA,medium,NA,NA,FALSE
BIOFINE TM (R)-IPG,Unclassified,TRUE,FALSE,NA,NA,NA,high,NA,NA,FALSE
STABILISATOR 4102,Unclassified,TRUE,FALSE,NA,NA,NA,high,NA,NA,FALSE
Garlic extract,Unclassified,TRUE,FALSE,NA,NA,NA,high,NA,NA,FALSE
oleum ... % SO3,Unclassified,TRUE,TRUE,Inorganic sulfides,class,broader,low,NA,NA,FALSE
"Coal oil|Tar, coal, low-temp.|[The condensation product obtained by cooling, to approximately ambient temperature, the gas evolved in low temperature (less than 700 °C (1292 °F)) destructive distillation of coal. A black viscous liquid denser than water.",CAS without structure,TRUE,FALSE,NA,NA,NA,high,NA,NA,FALSE
"Fatty acids, C6-19-branched, copper(2+) salts",CAS without structure,TRUE,TRUE,Organic metal salts,class,subset,medium,NA,NA,FALSE
ALKYLSTYRYL POLYUREA RESIN,Unclassified,TRUE,TRUE,Polyureas,class,subset,medium,NA,NA,FALSE
"Calcium bis(4-{[(2S,4R)-1-(biphenyl-4-yl)-5-ethoxy-4-methyl-5-oxopentan-2-yl]amino}-4-oxobutanoate)",Unclassified,TRUE,FALSE,NA,NA,NA,high,NA,NA,FALSE
"Hexamethylene diisocyanate, oligomerisation product, blocked with 2-butanone oxime",CAS without structure,TRUE,TRUE,Isocyanates,subclass,subset,medium,NA,NA,FALSE
"Naphthenic acids, lead salts, basic",CAS without structure,TRUE,TRUE,Organic metal salts,class,subset,medium,NA,NA,FALSE
"ethylenediammonium O,O-bis(octyl) phosphorodithioate, mixed isomers",Unclassified,TRUE,TRUE,Organic dithiophosphoric acids and derivatives,class,subset,medium,NA,NA,FALSE
"Benzene, (1-methylethyl)-, distn. residues",CAS without structure,TRUE,FALSE,NA,NA,NA,high,NA,NA,FALSE
"Sophorolipids: fermentation products of glucose and fatty acids, C18 (unsaturated), glycerol esters with yeast Candida Bombicola",Unclassified,TRUE,TRUE,Sophorolipids,subclass,subset,high,NA,NA,FALSE
"L 754,188",Unclassified,TRUE,FALSE,NA,NA,NA,high,NA,NA,FALSE
"oxirane, mono[(C12-14-alkyloxy)methyl] derivs.",CAS without structure,TRUE,TRUE,Epoxides,class,subset,high,NA,NA,FALSE
"Fatty acids, C16-18, esters with ethylene glycol",CAS without structure,TRUE,TRUE,Fatty acid esters,subclass,subset,high,NA,NA,FALSE
C.I. DIRECT RED 262,Unclassified,TRUE,FALSE,NA,NA,NA,high,NA,NA,FALSE
Bacillus Ferment Filtrate Extract,CAS without structure,TRUE,NA,NA,NA,NA,low,NA,NA,FALSE
"1,2-Benzenedicarboxylic acid, di-C8-10-alkyl esters",CAS without structure,TRUE,TRUE,Phthalate esters,direct_parent,subset,high,NA,NA,FALSE
C.I. REACTIVE YELLOW 167,Unclassified,TRUE,FALSE,NA,NA,NA,high,NA,NA,FALSE
"Reaction products of 1,3,4-thiadiazolidine-2,5-dithione, formaldehyde and 4-heptylphenol, branched and linear (RP-HP)",Unclassified,TRUE,TRUE,Thiadiazines,class,subset,low,NA,NA,FALSE
"Silicic acid (H2Si2O5), barium salt (1:1), lead-doped",CAS without structure,TRUE,FALSE,NA,NA,NA,high,NA,NA,FALSE
"Reaction products diazotised 2-amino-5-(2-(sulfooxy)ethylsulfonyl)benzenesulfonic acid) and diazotized 2-amino-5-(2-(sulfooxy)ethylsulfonyl)benzene coupled with 2,4-diaminobenzensulfonic acid, sodium salt",Unclassified,TRUE,FALSE,NA,NA,NA,medium,NA,NA,FALSE
"Amides, C16-18 (even numbered), N-[(dimethylamino)propyl]",Unclassified,TRUE,TRUE,Fatty amides,subclass,subset,high,NA,NA,FALSE
"triethyltin compounds, with the exception of those specified elsewhere in this Annex",Unclassified,TRUE,TRUE,Triorganotin compounds,direct_parent,subset,high,NA,NA,FALSE
"2-Propenoic acid, 2-methyl-, methyl ester, polymer with ethenylbenzene, lead(2+) 2-methyl-2-propenoate (1:2) and alpha-(2-methyl-1-oxo-2-propen-1-yl)-omega-((2-methyl-1-oxo-2-propen-1-yl)oxy)poly(oxy-1,2-ethanediyl)",CAS without structure,TRUE,FALSE,NA,NA,NA,medium,NA,NA,FALSE
4-(4-chlorophenyl)-5methylene-1 H-pyrrol-2(5H)-one,CAS without structure,TRUE,FALSE,NA,NA,NA,high,NA,NA,FALSE
"branched, octyl 3-[3,5-di(tert-butyl)-4-hydroxyphenyl]propanoate",Unclassified,TRUE,TRUE,Hydroxy acids and derivatives,class,subset,low,NA,NA,FALSE
BISMALEIMIDE RESIN 24-316A,Unclassified,TRUE,FALSE,NA,NA,NA,high,NA,NA,FALSE
RD 14153,Unclassified,TRUE,FALSE,NA,NA,NA,high,NA,NA,FALSE
Esterification products of salicylic acid and C13-(branched) alcohols,Unclassified,TRUE,TRUE,Carboxylic acid esters,direct_parent,subset,medium,NA,NA,FALSE
"Fatty acids, tallow, compds. with triethanolamine",CAS without structure,TRUE,TRUE,Fatty acids and conjugates,subclass,subset,medium,NA,NA,FALSE
Sodium polysulfide aluminosilicate with a SOD-type framework structure,Unclassified,TRUE,TRUE,Inorganic salts,superclass,subset,low,NA,NA,FALSE
Hatcol 1760,Unclassified,TRUE,FALSE,NA,NA,NA,high,NA,NA,FALSE
"1-Propen-1,2,3-tricarbonsäure tris(2-(2,2,3,3,3,4,4,4-heptafluorbutoxy)-1-(methyl)-ethyl)ester",CAS without structure,TRUE,FALSE,NA,NA,NA,high,NA,NA,FALSE
The product from the burning of a combination of carbonaceous materials.,Unclassified,TRUE,FALSE,NA,NA,NA,high,NA,NA,FALSE
poly 1-decene hydrated,CAS without structure,TRUE,FALSE,NA,NA,NA,medium,NA,NA,FALSE
"Phenol, styrenated, epoxidized",Unclassified,TRUE,TRUE,Phenols,class,subset,medium,NA,NA,FALSE
"alkyl 2-alkyl-1,2,3,4,4a,5,8,8a-octahydro-1,4:5,8-dimethanonaphthalene-2-carboxylate",Unclassified,TRUE,TRUE,Carboxylic acid esters,direct_parent,subset,medium,NA,NA,FALSE
"Fatty acids, C10-18, cadmium salts",CAS without structure,TRUE,TRUE,Organic cadmium salts,subclass,subset,medium,NA,NA,FALSE
DOW CORNING (R) MATERIAL # 04005211,Unclassified,TRUE,FALSE,NA,NA,NA,high,NA,NA,FALSE
"Hydrocarbons, C4-7, C5-rich, isoprene-purifn. by-product",CAS without structure,TRUE,TRUE,Hydrocarbons,superclass,subset,high,NA,NA,FALSE
"Fatty acids, C16 and C18-20 (even numbered, unsaturated), 2-ethylhexyl esters",Unclassified,TRUE,TRUE,Fatty acid esters,subclass,subset,high,NA,NA,FALSE
"Waxes and Waxy substances, rice bran, oxidized",Unclassified,TRUE,FALSE,NA,NA,NA,high,NA,NA,FALSE
bis(polyethyleneglycol)hydroxymethylphosphonate,CAS without structure,TRUE,TRUE,Organic phosphonic acids and derivatives,class,subset,medium,NA,NA,FALSE
"Glycerides, C14-18",CAS without structure,TRUE,TRUE,Glycerolipids,class,subset,high,NA,NA,FALSE
REAKTIV GRÜN F-65 157 FW,Unclassified,TRUE,FALSE,NA,NA,NA,high,NA,NA,FALSE
Sodium 4-[(C16-18-(even numbered)-alkylamino)carbonyl]benzoate,Unclassified,TRUE,TRUE,Benzamides,subclass,subset,medium,NA,NA,FALSE
"Cadmium (1,1-dimethylethyl)benzoate",CAS without structure,TRUE,FALSE,NA,NA,NA,high,NA,NA,FALSE
CLOE,Unclassified,TRUE,FALSE,NA,NA,NA,low,NA,NA,FALSE
"Fatty acids, C10-12, esters with polylactic acid, sodium salts",CAS without structure,TRUE,TRUE,Fatty acid esters,subclass,subset,medium,NA,NA,FALSE
kaolin,CAS without structure,TRUE,FALSE,NA,NA,NA,high,NA,NA,FALSE
chloroethylvinylacetate,Unclassified,TRUE,FALSE,NA,NA,NA,medium,NA,NA,FALSE
copolymer of methylmethacrylate-butadiene-styrene-divinylbenzene,Unclassified,TRUE,TRUE,Organic Polymers,superclass,subset,medium,NA,NA,FALSE
"Flue dust, copper-refining",CAS without structure,TRUE,FALSE,NA,NA,NA,high,NA,NA,FALSE
"formaldehyde-phenol, copolymer",CAS without structure,TRUE,TRUE,Organic Polymers,superclass,subset,medium,NA,NA,FALSE
"Pyrochlore, bismuth cadmium ruthenium",CAS without structure,TRUE,FALSE,NA,NA,NA,high,NA,NA,FALSE
"Alcohols, C12-18, ethoxylated",CAS without structure,TRUE,TRUE,Fatty alcohols,subclass,subset,medium,NA,NA,FALSE
"Fatty acids, C8-10 and C18-unsatd., diesters with neopentyl glycol",Unclassified,TRUE,TRUE,Fatty acid esters,subclass,subset,medium,NA,NA,FALSE
"Phosphonic acid, lead(2+) salt",CAS without structure,TRUE,FALSE,NA,NA,NA,high,NA,NA,FALSE
"glycerol, esters with butyric acid",Unclassified,TRUE,TRUE,Carboxylic acid esters,direct_parent,subset,medium,NA,NA,FALSE
C12-14-(even numbered)-alkylamines,CAS without structure,TRUE,TRUE,Primary amines,direct_parent,subset,high,NA,NA,FALSE
"Amines, N-tallow alkyltrimethylenedi-, C4-18-alkyl phosphates",CAS without structure,TRUE,TRUE,Organic phosphoric acids and derivatives,superclass,subset,medium,NA,NA,FALSE
glass microballs,Unclassified,TRUE,FALSE,NA,NA,NA,high,NA,NA,FALSE
FP-NICOTINALDEHYD,Unclassified,TRUE,FALSE,NA,NA,NA,medium,NA,NA,FALSE
"Glucosidase, β-",CAS without structure,TRUE,FALSE,NA,NA,NA,high,NA,NA,FALSE
"1-Naphthol, reaction products with formaldehyde",CAS without structure,TRUE,TRUE,Naphthols and derivatives,subclass,subset,medium,NA,NA,FALSE
"Silicic acid (H4SiO4), tetraethyl ester, reaction products with bis(acetyloxy)dibutylstannane",CAS without structure,TRUE,FALSE,NA,NA,NA,high,NA,NA,FALSE
HYDROXYMANDELONITRILLYASE,Unclassified,TRUE,FALSE,NA,NA,NA,high,NA,NA,FALSE
"2'-anilino-6'-(N-ethyl-N-hexylamino)spiro(isobenzofuran-1(1H),9'-xanthene)-3-one",Unclassified,TRUE,FALSE,NA,NA,NA,high,NA,NA,FALSE
"N-[2-(3,4-Dimethoxyphenyl)ethyl]-4-(4-methoxyphenyl)butan-2-amine hydrobromide (1:1)",CAS without structure,TRUE,FALSE,NA,NA,NA,high,NA,NA,FALSE
fatty acid polyglycol esters,Unclassified,TRUE,TRUE,Fatty acid esters,subclass,subset,medium,Fatty acid esters,0.8265616865655344,TRUE
"Fatty acids, C16-18 (even numbered), reaction products with triethanolamine",Unclassified,TRUE,TRUE,Fatty acid esters,subclass,subset,medium,NA,NA,FALSE
"Tallow, lithium salt",CAS without structure,TRUE,TRUE,Carboxylic acid salts,direct_parent,subset,medium,NA,NA,FALSE
"Fatty acids, tall-oil, di- and triesters with trimethylolpropane",Unclassified,TRUE,TRUE,Triacylglycerols,subclass,subset,low,NA,NA,FALSE
"Dioctyltin dilaurate, stannane, dioctyl-, bis(coco acyloxy) derivs., and any other stannane, dioctyl-, bis(fatty acyloxy) derivs. wherein C12 is the predominant carbon number of the fatty acyloxy moiety",Unclassified,TRUE,TRUE,Dialkyltin dicarboxylates,direct_parent,subset,medium,NA,NA,FALSE
NJ-300,Unclassified,TRUE,FALSE,NA,NA,NA,high,NA,NA,FALSE
"COPOLYMER OF 3-(2H-1,2,3-BENZOTRIAZOLE-2-YL)-4-",Unclassified,TRUE,TRUE,Benzotriazoles,class,subset,medium,NA,NA,FALSE
"N-cyclohexylcyclohexanaminium (2S)-2-{[(benzyloxy)carbonyl]amino}-3,3-dimethylbutanoate",Unclassified,TRUE,FALSE,NA,NA,NA,high,NA,NA,FALSE
"Lead, C4-10-fatty acid octanoate complexes",CAS without structure,TRUE,TRUE,Organic lead salts,subclass,subset,medium,NA,NA,FALSE
"(7R,13S,17S)-13-methyl-3-oxo-7-(9-((4,4,5,5,5-pentafluoropentyl)thio)nonyl)-2,3,6,7,8,9,10,11,12,13,14,15,16, 17-tetradecahydro-1H-cyclopenta[a]phenanthren-17-yl acetate and (7S,13S,17S)-13-methyl-3-oxo-7-(9-((4,4,5,5,5-pentafluoropentyl)thio)nonyl)-2,3,6, 7,8,9,10,11,12,13,14,15,16,17-tetradecahydro-1H-cyclopenta[a]phenanthren-17-yl acetate",Unclassified,TRUE,FALSE,NA,NA,NA,high,NA,NA,FALSE
phthalocyanine-N-[3-(diethylamino)propyl]sulfonamide copper complex,CAS without structure,TRUE,FALSE,NA,NA,NA,high,NA,NA,FALSE
"D-Glucopyranose, oligomeric, C10-16(even numbered) alkyl glycosides",CAS without structure,TRUE,TRUE,Alkyl glycosides,subclass,subset,medium,Alkyl glycosides,0.8192234786055689,TRUE
"Formamide, N,N'-1,4-phenylenebis-, reaction products with 4-methyl-1,3-benzenediamine and sulfur, leuco derivatives",CAS without structure,TRUE,TRUE,Organic compounds,kingdom,broader,low,NA,NA,FALSE
REVERSACOL SUNFLOWER,Unclassified,TRUE,FALSE,NA,NA,NA,high,NA,NA,FALSE
"2-Propenoic acid, heptadecyl ester, branched",CAS without structure,TRUE,TRUE,Acrylic acid esters,subclass,subset,high,NA,NA,FALSE
HYDROXYESTER 2486,Unclassified,TRUE,FALSE,NA,NA,NA,high,NA,NA,FALSE
"5-amino-6-[4-(4-amino-2-hydroxyphenylazo)phenylazo]-3-(2,5-dichlorphenylazo)-4-hydroxy-2,7-naphthalenedisulfonic acid-, disodium salt",Unclassified,TRUE,FALSE,NA,NA,NA,high,NA,NA,FALSE
Poly((oxy-p-(phenyl)phenylenoxyterephthaloyl)-co-(oxy-p-2-(β-phenethyl)phenylenoxyterephthaloyl)),Unclassified,TRUE,FALSE,NA,NA,NA,high,NA,NA,FALSE
"2-chloro-2-isopropyl-5-[(E)-2-phenylvinyl]cyclohexane-1,3-dione",Unclassified,TRUE,FALSE,NA,NA,NA,high,NA,NA,FALSE
"[(2-Hydroxyethylsulphamoyl)(sulphamoyl)(sulphophthalocyaninato)]copper(II), mixed isomers, sodium salt.",Unclassified,TRUE,TRUE,Phthalocyanines,subclass,subset,medium,NA,NA,FALSE
JM2363,Unclassified,TRUE,FALSE,NA,NA,NA,high,NA,NA,FALSE
"Alcohols, C12-15, branched and linear, ethoxylated",CAS without structure,TRUE,TRUE,Fatty alcohols,subclass,subset,medium,NA,NA,FALSE
Poly-(R)-(3-hydroxybutyric acid-co-3-hydroxyvaleric acid) (containing 27% hydroxyvalerate),Unclassified,TRUE,FALSE,NA,NA,NA,high,NA,NA,FALSE
"Artemisia pallens, ext.",CAS without structure,TRUE,FALSE,NA,NA,NA,high,NA,NA,FALSE
rennin,CAS without structure,TRUE,FALSE,NA,NA,NA,high,NA,NA,FALSE
ZEON-L-6(P),Unclassified,TRUE,FALSE,NA,NA,NA,high,NA,NA,FALSE
"Paraffin waxes and hydrocarbon waxes, chloro, sulphochlorinated, saponified, ammonium salt",Unclassified,TRUE,TRUE,Organochlorides,class,subset,low,NA,NA,FALSE
"Oligomerisation products of ethylene glycol, diesters with heptanoic acid",Unclassified,TRUE,TRUE,Fatty acid esters,subclass,subset,medium,NA,NA,FALSE
Certain non-polymeric aromatic brominated flame retardants,Unclassified,TRUE,TRUE,Organobromides,class,subset,medium,NA,NA,FALSE
"Condensation products of Dihydrofuran-2,5-dione, mono-alkenyl derivs. with polyethylene amine and acetic anhydride",Unclassified,TRUE,TRUE,Carboxylic acid derivatives,subclass,subset,low,NA,NA,FALSE
"By-product, produced by polymerisation of of 8,9,10-trinorborn-2-ene and Ethen",Unclassified,TRUE,TRUE,Organic Polymers,superclass,subset,medium,NA,NA,FALSE
"Slimes and Sludges, zinc sulfate electrolytic",CAS without structure,TRUE,FALSE,NA,NA,NA,high,NA,NA,FALSE
ORANGE IRGAPHOR 502A,Unclassified,TRUE,FALSE,NA,NA,NA,high,NA,NA,FALSE
"6-N-Phthalimidomethyl-6,11-dihydro-5H-dibenz[b,e]azepine",Unclassified,TRUE,FALSE,NA,NA,NA,high,NA,NA,FALSE
"Alkanes, C14-17, chloro (MCCP, Medium chained chlorinated paraffins)",CAS without structure,TRUE,TRUE,Organochlorides,class,subset,high,NA,NA,FALSE
(3R)-4-(2-chloro-6-(1-((R)-methylsulfinyl)cyclopropyl)pyrimidin-4-yl)-3-methylmorpholine,CAS without structure,TRUE,FALSE,NA,NA,NA,high,NA,NA,FALSE
"aluminium calcium hydroxide phosphite, hydrate",Unclassified,TRUE,FALSE,NA,NA,NA,high,NA,NA,FALSE
Violet HO-1063-0115R (notification presscake),Unclassified,TRUE,FALSE,NA,NA,NA,high,NA,NA,FALSE
"Sodium perborate, perboric acid, sodium salt",Unclassified,TRUE,FALSE,NA,NA,NA,high,NA,NA,FALSE
Phlebiopsis gigantea strain VRA 1835,Unclassified,TRUE,NA,NA,NA,NA,low,NA,NA,FALSE
"Hexamethylene diisocyanate, oligomers, reaction products with Bis-(Trimethoxysilylpropyl)amine",Unclassified,TRUE,TRUE,Polycarbamates,class,subset,low,NA,NA,FALSE
Overbased reaction products of distilled tall oil and magnesium hydroxide’,Unclassified,TRUE,FALSE,NA,NA,NA,medium,NA,NA,FALSE
SLM 50524,Unclassified,TRUE,FALSE,NA,NA,NA,high,NA,NA,FALSE
"Low boiling point hydrogen treated naphtha|[A complex combination of hydrocarbons obtained as solvents which have been subjected to hydrotreatment in order to convert aromatics to naphthenes by ca|Hydrocarbons, C<sub>9-12</sub>, hydrotreated, dearomatized",Mixture,TRUE,TRUE,Saturated hydrocarbons,class,subset,medium,NA,NA,FALSE
"ester-like condensation products between rosin, maleic acid and citric acid with polyalcohols containing three to six C atoms in the molecule",Unclassified,TRUE,TRUE,Carboxylic acid esters,direct_parent,subset,medium,NA,NA,FALSE
Dipraseodymium dizirconium heptaoxide,CAS without structure,TRUE,FALSE,NA,NA,NA,high,NA,NA,FALSE
Trichoderma afroharzianum Th2RI99,Unclassified,TRUE,NA,NA,NA,NA,low,NA,NA,FALSE
DOW CORNING (R) MATERIAL # 04020021,Unclassified,TRUE,FALSE,NA,NA,NA,high,NA,NA,FALSE
Humus,CAS without structure,TRUE,FALSE,NA,NA,NA,high,NA,NA,FALSE
"Plastic, waste, pyrolized, fractionation bottoms",Unclassified,TRUE,FALSE,NA,NA,NA,high,NA,NA,FALSE
"Acetic acid, oxo-, sodium salt, reaction products with ethylenediamine and hydroxybenzenesulfonic acid monosodium salt, iron sodium salts",CAS without structure,TRUE,FALSE,NA,NA,NA,high,NA,NA,FALSE
"Alcohols, C8-10-iso-, C9-rich",CAS without structure,TRUE,TRUE,Fatty alcohols,subclass,subset,medium,NA,NA,FALSE
salts and esters of MCPB,Unclassified,TRUE,TRUE,Carboxylic acids and derivatives,class,subset,medium,NA,NA,FALSE
Tetraalkyldi(alkan-2-yl)biphenyldiol,Unclassified,TRUE,TRUE,Biphenyls and derivatives,subclass,subset,medium,NA,NA,FALSE
HYPERFORM HPN-68,Unclassified,TRUE,FALSE,NA,NA,NA,high,NA,NA,FALSE
sodium 2-benzoyloxy-1-hydroxyethane-sulfonate,Unclassified,TRUE,FALSE,NA,NA,NA,high,NA,NA,FALSE
Chloral-semi-acetal,Unclassified,TRUE,TRUE,Hemiacetals,direct_parent,subset,medium,NA,NA,FALSE
"Polyurea, produced by reacting diphenylmethane diisocyanate with octyl amine and stearyl amine",CAS without structure,TRUE,TRUE,Polyureas,class,subset,high,NA,NA,FALSE
oligomeric Reaction products from Hydrogenation and Hydrolysation of Starch,CAS without structure,TRUE,TRUE,Carbohydrates and carbohydrate conjugates,subclass,subset,medium,NA,NA,FALSE
QXZE,Unclassified,TRUE,FALSE,NA,NA,NA,high,NA,NA,FALSE
"Gasoline, pyrolysis, hydrogenated|Low boiling point naphtha-unspecified|[A distillation fraction from the hydrogenation of pyrolysis gasoline boiling in the range of approximately 20°C to 200°C (68°F to 392°F).]",Mixture,TRUE,FALSE,NA,NA,NA,high,NA,NA,FALSE
"Chromate(2-), [5-(diethylamino)-2-[(2-hydroxy-4-nitrophenyl)azo]phenolato(2-)][5-hydroxy-6-[(2-hydroxy-4-nitrophenyl)azo]-1-naphthalenesulfonato(3-)]-, sodium",CAS without structure,TRUE,FALSE,NA,NA,NA,high,NA,NA,FALSE
2(or 3)-methylbutyl acetate,CAS without structure,TRUE,TRUE,Carboxylic acid esters,direct_parent,subset,medium,NA,NA,FALSE
ETANAL,Unclassified,TRUE,FALSE,NA,NA,NA,high,NA,NA,FALSE
Boron silicate,CAS without structure,TRUE,FALSE,NA,NA,NA,low,NA,NA,FALSE
Hydroformylation products of decene and synthesis gas,Unclassified,TRUE,TRUE,Fatty alcohols,subclass,subset,low,NA,NA,FALSE
"Arsenous acid, tricopper(1+) salt",CAS without structure,TRUE,FALSE,NA,NA,NA,high,NA,NA,FALSE
"Glycerides, C16-18 and C18-unsatd. mono-, di- and tri-, citrates, potassium salts",CAS without structure,TRUE,TRUE,Triacylglycerols,subclass,broader,low,NA,NA,FALSE
"1-Propanaminium, 3-amino-N-(carboxymethyl)-N,N-dimethyl-, N-(C16-18(even numbered) and C18 unsaturated acyl) derivs., hydroxides, inner salts",Unclassified,TRUE,TRUE,Fatty amides,subclass,subset,medium,NA,NA,FALSE
"Fatty acids, C18-unsatd., dimers, hydrogenated, dimethyl esters",CAS without structure,TRUE,TRUE,Fatty acid methyl esters,subclass,subset,medium,NA,NA,FALSE
"Manganate(1-), glycinato-N,O)[sulfato(2-)-O]-, hydrogen",CAS without structure,TRUE,FALSE,NA,NA,NA,high,NA,NA,FALSE
"Esterification product of sunflower-oil fatty acids, with 1,4:3,6-dianhydro-D-glucitol",CAS without structure,TRUE,TRUE,Fatty acid esters,subclass,subset,medium,NA,NA,FALSE
"Glycerides, C12-18 mono-, di- and tri-",CAS without structure,TRUE,TRUE,Glycerolipids,class,subset,high,NA,NA,FALSE
BENZYLTYRAMINE HYDROCHLORIDE,Unclassified,TRUE,FALSE,NA,NA,NA,high,NA,NA,FALSE
"Branched and linear octadecanoic acid, esters with glycerol oligomers",Unclassified,TRUE,TRUE,Triacylglycerols,subclass,subset,medium,NA,NA,FALSE
"Acid Catalysed Reaction Products of 3,7-dimethyl-2,6-octadienal in the presence of ethanol",Unclassified,TRUE,FALSE,NA,NA,NA,high,NA,NA,FALSE
"Triammonium 4-[2,7-dihydro-3-methyl-2,7-dioxo-1-(3-sulfonatobenzoyl)-3H-naphtho[1,2,3-de]quinoline-6-ylamino]benzene-1,3-disulfonate",Unclassified,TRUE,FALSE,NA,NA,NA,high,NA,NA,FALSE
[2-(2-methoxymethylethoxy)methylethoxy]propanol,CAS without structure,TRUE,FALSE,NA,NA,NA,high,NA,NA,FALSE
REACTIVE RED FC 49791,Unclassified,TRUE,FALSE,NA,NA,NA,high,NA,NA,FALSE
"Humic acids, sodium salts",CAS without structure,TRUE,FALSE,NA,NA,NA,medium,NA,NA,FALSE
"Arsenenous acid, lithium salt",CAS without structure,TRUE,FALSE,NA,NA,NA,high,NA,NA,FALSE
"Polysulfides, di-tert-nonyl",CAS without structure,TRUE,TRUE,Organic trisulfides,class,subset,low,NA,NA,FALSE
"Fatty acids, coco, esters with 3,3'-oxybis[1,2-propanediol]",CAS without structure,TRUE,TRUE,Fatty acid esters,subclass,subset,medium,NA,NA,FALSE
"1,4-butanediol, trimethylolpropane, 2,3-butylene glycol, hydroquinone dihydroxydiethylether and their condensation derivatives with propylene oxide",Unclassified,TRUE,TRUE,Alcohols and polyols,subclass,subset,low,NA,NA,FALSE
"8-(poly-alkoxyphenyl)-1,3,5,7-tetraalkyl-2,4,6-trioxa-8-phospha-adamantane",Unclassified,TRUE,TRUE,Organophosphorus compounds,superclass,subset,medium,NA,NA,FALSE
"Reaction products of diazotised 3-amino-2-hydroxy-5-nitrobenzenesulphonic acid coupled with 2-Naphthalenesulfonic acid, 4-hydroxy-6-[(sulfomethyl)amino]-, monosodium salt, chelated with chromium (3+), sodium salts",Unclassified,TRUE,FALSE,NA,NA,NA,medium,NA,NA,FALSE
"boron compounds, with the exception of those specified elsewhere in this Annex",Unclassified,TRUE,TRUE,Boronic acid derivatives,class,broader,medium,NA,NA,FALSE
"Fatty acids, C18-unsatd., dimers, reaction products with fatty acids, C14-18 and C16-18-unsatd. and propylidynetrimethanol",CAS without structure,TRUE,TRUE,Fatty acids and conjugates,subclass,subset,low,NA,NA,FALSE
"Quaternary ammonium compounds, tri-C8-10-alkylmethyl, chlorides",CAS without structure,TRUE,TRUE,Quaternary ammonium salts,subclass,subset,high,NA,NA,FALSE
Tall oil,CAS without structure,TRUE,FALSE,NA,NA,NA,high,NA,NA,FALSE
polyethylene oxide(4-14)ether of octyl- and/or nonylphenol,Unclassified,TRUE,TRUE,Polyethylene glycols,direct_parent,subset,low,NA,NA,FALSE
Bottom residues resulting from the synthesis of propene by propane dehydrogenation,Unclassified,TRUE,TRUE,Hydrocarbons,superclass,subset,medium,NA,NA,FALSE
"Reaction products of furan-2,5-dione and octadec-1-ene",Unclassified,TRUE,TRUE,Carboxylic acids and derivatives,class,subset,medium,NA,NA,FALSE
"D-Glucose, reaction products with alcohols C16-18 (even numbered) (excess)",Unclassified,TRUE,TRUE,Fatty acyl glycosides of mono- and disaccharides,direct_parent,subset,medium,NA,NA,FALSE
1-[4-(trans-4-propylcyclohexyl)-1-cyclohexen-1-yl]-4-trifluoromethoxybenzene,Unclassified,TRUE,FALSE,NA,NA,NA,high,NA,NA,FALSE
(2R)-2-aminobutan-1-ol L-tartrate monohydrate,CAS without structure,TRUE,FALSE,NA,NA,NA,high,NA,NA,FALSE
"Pyridinium, 3-carboxyl-1-(phenylmethyl)-, sulfate, sodium (2:1:2)",CAS without structure,TRUE,FALSE,NA,NA,NA,high,NA,NA,FALSE
"Phosphoric acid, C11-14 (C13-rich)-isoalkyl mono- and di-esters, partially salted with 1-Propanamine, 3-(tridecyloxy)-, branched",Unclassified,TRUE,TRUE,Organic phosphoric acids and derivatives,superclass,subset,medium,NA,NA,FALSE
"Alkane-alpha,omega-diyl bis{[(trimethoxysilyl)propyl]carbamate}_M2",Unclassified,TRUE,TRUE,Carbamate esters,direct_parent,subset,medium,NA,NA,FALSE
"Nickel, acetylacetone 6-methyl-2,4-heptanedione complexes",CAS without structure,TRUE,TRUE,Transition metal salts,class,subset,low,NA,NA,FALSE
Adoxophyes orana GV strain BV-0001,Unclassified,TRUE,NA,NA,NA,NA,low,NA,NA,FALSE
"Phosphato, nitrito, sulfato, amino, aquo platinate (II) complex",Unclassified,TRUE,TRUE,Transition metal salts,class,subset,medium,NA,NA,FALSE
"estr-4-ene-3,11,17-trione cyclic 3-(1,2-ethanediylmercaptole)",Unclassified,TRUE,FALSE,NA,NA,NA,high,NA,NA,FALSE
"Fatty acids, C18-(unsaturated) dimers and their monoesters and diesters with 2-ethylhexanol",Unclassified,TRUE,TRUE,Fatty acids and conjugates,subclass,broader,medium,NA,NA,FALSE
"Benzoic acid, cadmium salt, basic",CAS without structure,TRUE,FALSE,NA,NA,NA,medium,NA,NA,FALSE
Bacillus amyloliquefaciens IT-45,Unclassified,TRUE,FALSE,NA,NA,NA,high,NA,NA,FALSE
Substituted anthraquinone compound,Substance group,TRUE,TRUE,Anthraquinones,subclass,subset,high,NA,NA,FALSE
ACA 250 POLYMER SOLID,Unclassified,TRUE,FALSE,NA,NA,NA,medium,NA,NA,FALSE
"No IUPAC name is currently defined for Cashew (Anacardium occidentale) Nutshell Extract, Decarboxylated (Technical Grade).",Unclassified,TRUE,FALSE,NA,NA,NA,high,NA,NA,FALSE
"Fatty acids, C8-10, triesters with trimethylolpropane",CAS without structure,TRUE,TRUE,Triacylglycerols,subclass,subset,medium,NA,NA,FALSE
"Mixture of hexa(sodium,lithium) 4-{[1,7-disulfonato-5-hydroxy-6-({4-[(6-methoxy-5-sulfonatobenzoheteromonocycle-2-yl)diazenyl]-5-alkyl-2-(3-sulfonatopropoxy)phenyl}diazenyl)naphthalen-2-yl]diazenyl}-5-hydroxy-1-(4-sulfonatophenyl)heteromonocycle-3-carboxylate and hexa(sodium,lithium) 4-{[1,7-disulfonato-5-hydroxy-6-({4-[(6-methoxy-7-sulfonatobenzoheteromonocycle-2-yl)diazenyl]-5-alkyl-2-(3-sulfonatopropoxy)phenyl}diazenyl)naphthalen-2-yl]diazenyl}-5-hydroxy-1-(4-sulfonatophenyl)heteromonocycle-3-carboxylate",Mixture,TRUE,TRUE,Azobenzenes,class,subset,low,NA,NA,FALSE
"Reaction products of diazotised 4-amino-3-hydroxy-7-nitronaphthalene-1-sulfonic acid coupled with 2-naphthol and 2-amino-4 (or 5)-nitrophenol, chelated with chromium (3+), sodium salts",Unclassified,TRUE,FALSE,NA,NA,NA,medium,NA,NA,FALSE
"Soybean oil, maleated, ester with triethanolamine",CAS without structure,TRUE,FALSE,NA,NA,NA,high,NA,NA,FALSE
"Reaction products of ethane-1,2-diol and 2-ethyloxirane",CAS without structure,TRUE,TRUE,Alcohols and polyols,subclass,subset,medium,NA,NA,FALSE
xylan (rosin wood),CAS without structure,TRUE,FALSE,NA,NA,NA,medium,NA,NA,FALSE
"Soaps, stocks, vegetable-oil, acidulated",CAS without structure,TRUE,TRUE,Fatty acids and conjugates,subclass,subset,medium,NA,NA,FALSE
"3,5-Heptanedione-1-(4-hydroxy-3-methoxyphenyl)-7-(4-hydroxyphenyl) and 3,5-Heptanedione-1,7-bis(4-hydroxyphenyl) and 3,5-Heptanedione-1,7-bis(4-hydroxy-3-methoxyphenyl)",Unclassified,TRUE,TRUE,Diarylheptanoids,class,subset,high,NA,NA,FALSE
Tetraammineplatinum (II) diacetate,Unclassified,TRUE,FALSE,NA,NA,NA,high,NA,NA,FALSE
EPOCROS(TM) K,Unclassified,TRUE,FALSE,NA,NA,NA,high,NA,NA,FALSE
salts of atropine,Unclassified,TRUE,NA,NA,NA,NA,low,NA,NA,FALSE
Bacillus amyloliquefaciens subsp. plantarum D747,Unclassified,TRUE,FALSE,NA,NA,NA,high,NA,NA,FALSE
LEPTOSPERMUM SCOPARIUM OIL,CAS without structure,TRUE,FALSE,NA,NA,NA,high,NA,NA,FALSE
"4,4a,4b,5,6,6a,7a,8,8a,8b,8c,9-dodecahydro-3H-spiro[cyclopropa[4,5]cyclopenta[1,2-a]phenanthrene-7,2'oxirane]",CAS without structure,TRUE,FALSE,NA,NA,NA,high,NA,NA,FALSE
ADHESION PROMOTER PK-2247,Unclassified,TRUE,FALSE,NA,NA,NA,high,NA,NA,FALSE
"Hydrocarbons, C12-30, olefin-rich, ethylene polymn. by-product",CAS without structure,TRUE,TRUE,Unsaturated hydrocarbons,class,subset,medium,NA,NA,FALSE
monopotassium [(E)-3-oxido-4-((1-oxido-8-sulfonatonaphthalen-2-yl)diazenyl)naphthalene-1-sulfonate (4-)]chromate(1-)],Unclassified,TRUE,FALSE,NA,NA,NA,high,NA,NA,FALSE
H109357,Unclassified,TRUE,FALSE,NA,NA,NA,high,NA,NA,FALSE
"Tetrasodium 8-(4-chloro-6-(4-(2-(sulfonatooxy)ethylsulfonyl)anilino)-1,3,5-triazin-2-ylamino)-1-hydroxy-2-(2-sulfonatophenylazo)naphthalene-2,7-disulfonate",Unclassified,TRUE,FALSE,NA,NA,NA,high,NA,NA,FALSE
"Phenol, 2-(2H-benzotriazol-2-yl)-6-dodecyl-4-methyl-, branched and linear",CAS without structure,TRUE,TRUE,Benzotriazoles,class,subset,medium,NA,NA,FALSE
"Tar bases, coal, lutidine fraction",CAS without structure,TRUE,TRUE,Methylpyridines,subclass,subset,medium,NA,NA,FALSE
"Reaction products of 1,3,5-triazine-2,4,6-triamine and magnesium hydrogen phosphate",Unclassified,TRUE,FALSE,NA,NA,NA,high,NA,NA,FALSE
AST-1 HCL.H2O,Unclassified,TRUE,FALSE,NA,NA,NA,high,NA,NA,FALSE
"addition products of trivinylcyclohexane and alpha, omega-dihydrogen-polyhydrogenmethyldimethylsiloxanes",Unclassified,TRUE,TRUE,Organosilicon compounds,subclass,subset,medium,NA,NA,FALSE
"Tetrasodium 2,4-diamino-3-[[2-sulfo-4-[[4-sulfophenyl]azo]phenyl]azo]-5-[[4-[[2-(sulfooxy)ethyl]sulfonyl]phenyl]azo]-benzenesulfonate",Unclassified,TRUE,FALSE,NA,NA,NA,high,NA,NA,FALSE
Amorphous bismuth tungsten lead tellurite,Unclassified,TRUE,FALSE,NA,NA,NA,medium,NA,NA,FALSE
K-445,Unclassified,TRUE,FALSE,NA,NA,NA,medium,NA,NA,FALSE
"Mixture of Limonene, alpha-Terpinen, gamma-Terpinen, p-Cymene, 1,4-Cineol, 1,8-Cineol and Terpinolene",Mixture,TRUE,TRUE,Monoterpenoids,subclass,subset,high,NA,NA,FALSE
regenerated elastomers,Unclassified,TRUE,TRUE,Organic Polymers,superclass,subset,low,NA,NA,FALSE
cellulose acetate,CAS without structure,TRUE,TRUE,Polysaccharides,class,subset,medium,NA,NA,FALSE
"Silicic acid (H4SiO4), tetraethyl ester, reaction products with bis(acetyloxy)dioctylstannane",CAS without structure,TRUE,FALSE,NA,NA,NA,medium,NA,NA,FALSE
"poly(oxy-1,2-ethanediyl), α-methyl-ω-hydroxy-",CAS without structure,TRUE,TRUE,Polyethylene glycols,direct_parent,subset,high,NA,NA,FALSE
"Fatty acids, C6-24 and C6-24-unsatd., Me esters, distn. residues",CAS without structure,TRUE,TRUE,Fatty acid methyl esters,subclass,subset,medium,NA,NA,FALSE
CS-8593,Unclassified,TRUE,FALSE,NA,NA,NA,high,NA,NA,FALSE
5-chloro-2-(methoxycarbonyl)anilinium chloride,Unclassified,TRUE,FALSE,NA,NA,NA,high,NA,NA,FALSE
GOLDEN YELLOW SCJ 1006,Unclassified,TRUE,FALSE,NA,NA,NA,high,NA,NA,FALSE
Cadmium iodide (CdI),CAS without structure,TRUE,FALSE,NA,NA,NA,high,NA,NA,FALSE
3G3 RESIN,Unclassified,TRUE,FALSE,NA,NA,NA,high,NA,NA,FALSE
Essential oil of Spearmint obtained from the aerial part of Mentha spicata and/or Mentha cardiaca (Lamiaceae) obtained by distillation,Unclassified,TRUE,FALSE,NA,NA,NA,high,NA,NA,FALSE
"Acetic acid, 2-(acetyloxy)-, 1,1-dimethyl-2-[4-(methylsulfonyl)phenyl]-2-oxoethyl ester",CAS without structure,TRUE,FALSE,NA,NA,NA,high,NA,NA,FALSE
Beauveria bassiana strain 203,Unclassified,TRUE,NA,NA,NA,NA,low,NA,NA,FALSE
"trans-(1R,2S)-2-(3,4-difluorophenyl-cyclopropanaminium (2R)-2-hydroxy-2-phenylethanoate",Unclassified,TRUE,FALSE,NA,NA,NA,high,NA,NA,FALSE
"Reaction products of diazotized 2-amino-4-(methylsulfonyl)-phenol with 2-(3-Chlorophenyl)-2,4-dihydro-5-methyl-3H-pyrazol-3-one and Methyl-7-hydroxy-1-naphthylcarbamate – and chromium (III) 2:1, salted by ammonium, sodium and acid",Unclassified,TRUE,FALSE,NA,NA,NA,high,NA,NA,FALSE
REVERSACOL RUBY,Unclassified,TRUE,FALSE,NA,NA,NA,high,NA,NA,FALSE
"1,2-benzenedicarboxylic acid, di-C9-11-branched and linear alkyl esters",CAS without structure,TRUE,TRUE,Phthalate esters,subclass,subset,high,NA,NA,FALSE
"2-Propanone, reaction products with diphenylamine",CAS without structure,TRUE,TRUE,Diphenylmethanes,subclass,subset,low,NA,NA,FALSE
Polysodium 4-amino-5-hydroxy-3-[{8-hydroxypolysulfonato-7-[{sulfonato-4-[(sulfonatophenyl)diazenyl]phenyl}diazenyl]-2-naphthyl}diazenyl]-6-[(4-nitro-sulfonatophenyl)diazenyl]naphthalenepolysulfonate,Unclassified,TRUE,FALSE,NA,NA,NA,medium,NA,NA,FALSE
"bis((7-isopropyl-1,4a-dimethyl-1,2,3,4.4a.5.6.7.8.9.10.10a-dodecahydrophenanthrene-1-carbonyl)oxy)zinc",CAS without structure,TRUE,FALSE,NA,NA,NA,high,NA,NA,FALSE
"Naphthenic acids, bismuth salts",CAS without structure,TRUE,TRUE,Post-transition metal salts,class,subset,medium,NA,NA,FALSE
"Tetrasodium N,N'-(6,13-dichloro-4,11-bis(2-(sulfonatooxy)ethylsulfonyl)-5,12-dioxa-7,14-diazapentacene-3,10-diylbis(iminoethylene))disuccinamate",Unclassified,TRUE,FALSE,NA,NA,NA,high,NA,NA,FALSE
"Benzoic acid, C9-11, C10-rich, branched alkyl esters",CAS without structure,TRUE,TRUE,Benzoic acid esters,subclass,subset,high,NA,NA,FALSE
"Fatty acids, C18-unsatd., dimers, oligomeric reaction products with triethylenetetramine",CAS without structure,TRUE,TRUE,Fatty acids and conjugates,subclass,broader,medium,NA,NA,FALSE
Honeyol,Unclassified,TRUE,FALSE,NA,NA,NA,medium,NA,NA,FALSE
"Succinic acid derivative, sodium salt",Unclassified,TRUE,TRUE,Carboxylic acid salts,direct_parent,subset,medium,NA,NA,FALSE
"Boric acid (H3BO3), lead(2+) salt (2:3)",CAS without structure,TRUE,FALSE,NA,NA,NA,high,NA,NA,FALSE
"Alcohols, C16-18, ethoxylated, phosphates",CAS without structure,TRUE,TRUE,Organic phosphoric acids and derivatives,superclass,subset,medium,NA,NA,FALSE
"2,2,4,4-tetramethyl-20-(2,3-epoxy­ propyl)-7-oxa-3,20-diazadispiro-[5.1.11.2]-heneicosan-21-one, polymer",CAS without structure,TRUE,FALSE,NA,NA,NA,medium,NA,NA,FALSE
"6'-(((1S,3S)-3-((5-(difluoromethoxy)pyrimidin-2-yl)amino)cyclopentyl)amino)-2H-[1,3'-bipyridin]-2-one succinate",Unclassified,TRUE,FALSE,NA,NA,NA,high,NA,NA,FALSE
1-benzyl-4-phenyl-piperidin-4-carboxylic acid ethyl ester,Unclassified,TRUE,FALSE,NA,NA,NA,high,NA,NA,FALSE
Silver copper zeolite,CAS without structure,TRUE,FALSE,NA,NA,NA,high,NA,NA,FALSE
"titanium, chromium, iron, zinc oxide",Unclassified,TRUE,FALSE,NA,NA,NA,medium,NA,NA,FALSE
"fatty acids, coco hydrogenated",CAS without structure,TRUE,TRUE,Fatty acids and conjugates,subclass,subset,high,NA,NA,FALSE
CHEMBLACK 1,Unclassified,TRUE,FALSE,NA,NA,NA,high,NA,NA,FALSE
"(1S,3R)-3-(2-chloro-3,3,3-trifluoroprop-1-en-1-yl)-2,2-dimethylcyclopropane-1-carbonyl chloride",CAS without structure,TRUE,FALSE,NA,NA,NA,high,NA,NA,FALSE
N-cyclohexylcyclohexanaminium (2R)-2-bromobutanoate,Unclassified,TRUE,FALSE,NA,NA,NA,high,NA,NA,FALSE
CC245E (CuSi4Zn4MnP-C),Unclassified,TRUE,FALSE,NA,NA,NA,high,NA,NA,FALSE
"≥ 76.9% 3-[(1RS,3RS)-3-(4′-bromobiphenyl-4-yl)-3-hydroxy-1-phenylpropyl]-4-hydroxycoumarin and ≤ 23.1% 3-[(1RS,3SR)-3-(4′-bromobiphenyl-4-yl)-3-hydroxy-1-phenylpropyl]-4-hydroxycoumarin",Unclassified,TRUE,FALSE,NA,NA,NA,high,NA,NA,FALSE
"Oligomerisation products of 6H-dibenz[c,e][1,2]oxaphosphorin 6-oxide and ethane-1,2-diol and itaconic acid",Unclassified,TRUE,NA,NA,NA,NA,low,NA,NA,FALSE
"acrylic acid, acrylic acid, 2-ethylhexyl ester, copolymer",CAS without structure,TRUE,TRUE,Organic Polymers,superclass,subset,medium,Acrylic acid esters,0.8104049195820426,FALSE
"3,3'-(oxydimethanediyl)bis(3-ethyloxetane)",Unclassified,TRUE,FALSE,NA,NA,NA,high,NA,NA,FALSE
"Calcium 2,2,bis[(5-tetrapropylene-2-hydroxy)phenyl]ethanoate",CAS without structure,TRUE,FALSE,NA,NA,NA,medium,NA,NA,FALSE
poly((R)-3-hydroxybutyrate-co-(R)-3-hydroxyhexanoate) ('PHBH'),CAS without structure,TRUE,FALSE,NA,NA,NA,high,NA,NA,FALSE
"methyl 8-(2,4-dichlorophenyl)-9-{[(trifluoromethyl)sulfonyl]oxy}-6,7-dihydro-5H-benzocycloheptene-3-carboxylate",Unclassified,TRUE,FALSE,NA,NA,NA,high,NA,NA,FALSE
"2-(4-(5,6(or 6,7)-dichloro-1,3-benzothiazol-2-ylazo)-N-methyl-m-toluidino)ethyl acetate",Unclassified,TRUE,FALSE,NA,NA,NA,high,NA,NA,FALSE
"Isoalkanes, C17 -C22 linear and branched",Unclassified,TRUE,TRUE,Branched alkanes,subclass,subset,medium,NA,NA,FALSE
NT-13,Unclassified,TRUE,FALSE,NA,NA,NA,high,NA,NA,FALSE
C.I. REACTIVE BLUE 215,Unclassified,TRUE,FALSE,NA,NA,NA,high,NA,NA,FALSE
"Poly-(methyl methacrylate)-co-(butylmethacrylate)-co-(4-acryloxybutyl-isopropenyl-α,α-dimethylbenzyl carbamate)-co-(maleicanhydride)",Unclassified,TRUE,FALSE,NA,NA,NA,high,NA,NA,FALSE
Organosulphide,Unclassified,TRUE,TRUE,Thioethers,class,exact,high,NA,NA,FALSE
Boron arsenide (B6As),CAS without structure,TRUE,FALSE,NA,NA,NA,high,NA,NA,FALSE
"3-sec-[C15-18-(branched and linear)-alk-2-enyl]pyrrolidine-2,5-dione",Unclassified,TRUE,TRUE,Maleimides,direct_parent,subset,medium,NA,NA,FALSE
BIS((C10-13)ALKYLPHENYL)IODONIUM HEXAFLUOROANTIMONATE,CAS without structure,TRUE,TRUE,Organoiodides,class,subset,medium,NA,NA,FALSE
"tert-butyl [(5S,6R)-6-methyl-2-oxo-5-phenylpiperidin-3-yl]carbamate",Unclassified,TRUE,FALSE,NA,NA,NA,high,NA,NA,FALSE
"Matte, copper",CAS without structure,TRUE,FALSE,NA,NA,NA,high,NA,NA,FALSE
(S)-N-[(Diethylamino)methyl]-α-ethyl-2-oxo-1-pyrrolidineacetamide L-(+)-tartrate,CAS without structure,TRUE,FALSE,NA,NA,NA,high,NA,NA,FALSE
REVERSACOL PLUM RED,Unclassified,TRUE,FALSE,NA,NA,NA,high,NA,NA,FALSE
"1,2,4-Benzenetricarboxylic acid, tri-C9-11-alkyl esters",CAS without structure,TRUE,TRUE,Carboxylic acid esters,direct_parent,subset,medium,NA,NA,FALSE
PK-N 302,Unclassified,TRUE,FALSE,NA,NA,NA,high,NA,NA,FALSE
"phenol, (tetrapropenyl) derivatives",CAS without structure,TRUE,TRUE,Phenols,class,subset,medium,NA,NA,FALSE
"Fatty acids, C14-22",CAS without structure,TRUE,TRUE,Fatty acids and conjugates,subclass,subset,high,NA,NA,FALSE
"Lead, C5-23-branched carboxylate naphthenate complexes",CAS without structure,TRUE,TRUE,Organic metal salts,class,subset,medium,NA,NA,FALSE
"Dipotassium bis[μ-[tartrato(4-)-O1,O2:O3,O4]]diantimonate(2-) , stereoisomer",CAS without structure,TRUE,FALSE,NA,NA,NA,high,NA,NA,FALSE
"(1aR,5S,8S,10R,22aR)·5 tert·butyl-14·methoxy-3,6-dioxo-1,1a,3,4,5,6,9,10,18,19,20,21,22,22a tetradecahydro-8H-7,10·methanocyclopropa(18,19)(1,10,3,6)dioxadiazacyclononadecino[11,12-b]quinoxaline-8-carboxylic acid",Unclassified,TRUE,NA,NA,NA,NA,low,NA,NA,FALSE
"Glass, oxide, chemicals",CAS without structure,TRUE,TRUE,Inorganic oxides,class,subset,medium,NA,NA,FALSE
Fatty alcohols / Aliphatic alcohols,Unclassified,TRUE,TRUE,Fatty alcohols,subclass,exact,high,Fatty alcohols,0.884212839556921,TRUE
"(CIS)-5-(4,6-dimethylpyrimidin-2-yl)-2,3,3a,4,6,6a-hexahydro-1H-pyrrolo[3,4-c]pyrrole",CAS without structure,TRUE,FALSE,NA,NA,NA,high,NA,NA,FALSE
"Fatty acids, C8-16(even numbered), 2-ethylhexyl esters",CAS without structure,TRUE,TRUE,Fatty acid esters,subclass,subset,high,NA,NA,FALSE
"ethyl trans-2,2,6-trimethylcyclohexanecarboxylate",Unclassified,TRUE,FALSE,NA,NA,NA,high,NA,NA,FALSE
"Fatty acids, C8-10, tetraesters with pentaerythritol",CAS without structure,TRUE,TRUE,Wax esters,direct_parent,subset,low,NA,NA,FALSE
"Fatty acids, lanolin, esters with cholesterol-low lanolin alcs.",CAS without structure,TRUE,TRUE,Wax esters,direct_parent,subset,medium,NA,NA,FALSE
"1,1'-(dodecylimino)dipropan-2-ol + 1,1'-(tetradecylimino)dipropan-2-ol",Unclassified,TRUE,TRUE,Secondary alcohols,subclass,subset,low,NA,NA,FALSE
methyl (2Z)-2-(2-nitrobenzylidene)-3-oxobutanoate,Unclassified,TRUE,FALSE,NA,NA,NA,high,NA,NA,FALSE
"fatty acids, soya",CAS without structure,TRUE,TRUE,Fatty acids and conjugates,subclass,subset,high,NA,NA,FALSE
"1-Naphthalenesulfonic acid, 3-diazo-3,4-dihydro-4-oxo-, ester with phenyl(2,3,4-trihydroxyphenyl)methanone 6-diazo-5,6-dihydro-5-oxo-1-naphthalenesulfonate",CAS without structure,TRUE,FALSE,NA,NA,NA,high,NA,NA,FALSE
"1,2-dichloro-1,1,2-trifluoro-2-(trifluoromethoxy)ethane and2-(1,2-dichloro-1,2,2-trifluoroethoxy)-1,1,2,2-tetrafluoroethanesulfonyl fluoride",Unclassified,TRUE,FALSE,NA,NA,NA,high,NA,NA,FALSE
Tetrasodium {5-[(4-chloro-6-{[4-(alkenylsulfonyl)phenyl]amino}-heteromonocycl-2-yl)amino]-4-(hydroxy-κO)-3-{[2-(hydroxy-κO)phenyl]diazenyl-κN}naphthalene-disulfonato(4-)}[3-(hydroxy-κO)-4-{[2-(hydroxy-κO)naphthalen-1-yl]diazenyl-κN}naphthalene-sulfonato(3-)]chromate(4-),Unclassified,TRUE,FALSE,NA,NA,NA,medium,NA,NA,FALSE
"UK-348,959",Unclassified,TRUE,NA,NA,NA,NA,low,NA,NA,FALSE
"Crude benzole|Light oil (coal), coke-oven|[The volatile organic liquid extracted from the gas evolved in the high temperature (greater than 700°C (1292°F)) destructive distillation of coal. Composed primarily of benzene, toluene, and xylenes. May contai",CAS without structure,TRUE,FALSE,NA,NA,NA,high,NA,NA,FALSE
"Pentene, 2,4,4-trimethyl-, sulfurized",CAS without structure,TRUE,TRUE,Organosulfur compounds,superclass,subset,medium,NA,NA,FALSE
"Cedrus deodara, ext., oxidized",CAS without structure,TRUE,FALSE,NA,NA,NA,high,NA,NA,FALSE
"D-Glucitol, 1-deoxy-1-(methylamino)-, N-[C8-14(even numbered) acyl] derivs.",Unclassified,TRUE,TRUE,Fatty amides,subclass,subset,medium,NA,NA,FALSE
"Alkenes, C15-18, branched",Unclassified,TRUE,TRUE,Branched unsaturated hydrocarbons,subclass,subset,medium,NA,NA,FALSE
"Fatty acids, C18-unsatd., reaction products with 1,1',1'',1'''-(1,2-ethanediyldinitrilo)tetrakis[2-propanol] and di-Me sulfate",Unclassified,TRUE,TRUE,Quaternary ammonium salts,subclass,subset,medium,NA,NA,FALSE
"1,2-Ethanediamine, N-{3-(trimethoxysilyl)propyl}-,N-{(ethenylphenyl)methyl}derivate,hydrochlorides",CAS without structure,TRUE,TRUE,Hydrochlorides,class,subset,medium,NA,NA,FALSE
TFM3-1575U,Unclassified,TRUE,FALSE,NA,NA,NA,high,NA,NA,FALSE
"N-(3-triethoxysilylpropyl)-aza-2,2-diethoxy-2-silacyclopentane",Unclassified,TRUE,FALSE,NA,NA,NA,high,NA,NA,FALSE
BONTRON E-89,Unclassified,TRUE,FALSE,NA,NA,NA,high,NA,NA,FALSE
branched and cross-linked multi-walled carbon nanotubes,Unclassified,TRUE,TRUE,NA,NA,broader,high,NA,NA,FALSE
"hexasodium (di[N-(3-(4-[5-(5-amino-3-methyl-1-phenylpyrazol-4-yl-azo)-2,4-disulfo-anilino]-6-chloro-1,3,5-triazin-2-ylamino)phenyl)-sulfamoyl](di-sulfo)-phthalocyaninato)nickel",CAS without structure,TRUE,FALSE,NA,NA,NA,high,NA,NA,FALSE
stone wool,Unclassified,TRUE,FALSE,NA,NA,NA,high,NA,NA,FALSE
"4,4'-[1,2-ethenediylbis[(3-sulfo-4,1-phenylene)imino[6-[bis(2-hydroxyethyl)amino]-1,3,5-triazine-4,2-diyl]imino]]bisarenoate sodium salt",Unclassified,TRUE,FALSE,NA,NA,NA,high,NA,NA,FALSE
"Benzene, mono-C10-13-alkyl derivs., distn. residues, sulfonated, barium salts",Unclassified,TRUE,TRUE,Organic metal salts,class,subset,medium,NA,NA,FALSE
"Hydrocarbons, C5-11, nonaroms.-rich, reforming light fraction",CAS without structure,TRUE,TRUE,Hydrocarbons,superclass,subset,medium,NA,NA,FALSE
dilithium 6-acetamido-4-hydroxy-3-(4-((2-sulphonatooxy)ethylsulphonyl)phenylazo)naphthalene-2-sulphonate,Unclassified,TRUE,FALSE,NA,NA,NA,high,NA,NA,FALSE
SENSIBILISATOR KF 688S PINA(R),Unclassified,TRUE,FALSE,NA,NA,NA,high,NA,NA,FALSE
NOVAL,Unclassified,TRUE,FALSE,NA,NA,NA,medium,NA,NA,FALSE
SS-AMINOALC-PTS 8321,Unclassified,TRUE,FALSE,NA,NA,NA,medium,NA,NA,FALSE
"2(2,4-DIMETHYLCYCLOHEX-1-YL)PYRIDINE",Unclassified,TRUE,FALSE,NA,NA,NA,high,NA,NA,FALSE
(η-cyclopentadienyl)(η-cumenyl)iron(1+)hexafluorophosphate(1-),CAS without structure,TRUE,FALSE,NA,NA,NA,high,NA,NA,FALSE
"Reaction products of 4,4'-methylenediphenyl diisocyanate with p-toluidine",Unclassified,TRUE,TRUE,Polyureas,superclass,subset,medium,NA,NA,FALSE
"Sodium 2(or 5)-[[1-amino-4-[[3-[[(chloroacetyl)amino]methyl]-2,4,6-trimethylphenyl]amino]-9,10-dihydro-9,10-dioxo-2-anthryl]oxy]-5(or 2)-(tert-butyl)benzenesulphonate",CAS without structure,TRUE,FALSE,NA,NA,NA,high,NA,NA,FALSE
"Benzotriazol, ar-methyl-, reaction product with formaldehyde and Diethanolamine",CAS without structure,TRUE,FALSE,NA,NA,NA,high,NA,NA,FALSE
Bubet,Unclassified,TRUE,FALSE,NA,NA,NA,high,NA,NA,FALSE
A-87861.0,Unclassified,TRUE,FALSE,NA,NA,NA,high,NA,NA,FALSE
"Liquidambar Styraciflua, oil",Unclassified,TRUE,FALSE,NA,NA,NA,high,NA,NA,FALSE
"Heavy wax residue fraction, waste plastic derived, hydrothermal conversion",Unclassified,TRUE,FALSE,NA,NA,NA,high,NA,NA,FALSE
"alkoxysilanes with functional groups, e.g. vinyl, methacryl, amino or glycidyl groups",Unclassified,TRUE,TRUE,Alkoxysilanes,subclass,subset,high,NA,NA,FALSE
Alkali salt of (sulfonato oxyethane sulfonyl) arylamino triazinylamino sulfonato (sulfonato arylazo) aryl sulfonate,Unclassified,TRUE,TRUE,Organic salts,superclass,subset,low,NA,NA,FALSE
Essential oil of Petitgrain obtained from the leaves and twigs of Citrus aurantium (Rutaceae) by distillation,Unclassified,TRUE,FALSE,NA,NA,NA,high,NA,NA,FALSE
BIS-6CP,Unclassified,TRUE,FALSE,NA,NA,NA,low,NA,NA,FALSE
"Octene, hydroformylation products, low-boiling",CAS without structure,TRUE,TRUE,Aldehydes,direct_parent,subset,medium,NA,NA,FALSE
"1,3-Benzenedimethanamine, reaction products with polyetylene glycol mono-Bu ether and TDI",CAS without structure,TRUE,TRUE,Polyureas,superclass,subset,low,NA,NA,FALSE
"C10-13-alkyl(branched, unsaturated)-succinic acid-4-(3-methyl-butyl)-ester",Unclassified,TRUE,TRUE,Carboxylic acid esters,direct_parent,subset,medium,NA,NA,FALSE
"Lavender, Lavandula latifolia, ext.",CAS without structure,TRUE,FALSE,NA,NA,NA,high,NA,NA,FALSE
"9β,11β-epoxy-6α-fluoro-17,21-dihydroxypregna-1,4-diene-3,20-dione 21-acetate",Unclassified,TRUE,FALSE,NA,NA,NA,high,NA,NA,FALSE
SUBSTANCE S177284,Unclassified,TRUE,FALSE,NA,NA,NA,high,NA,NA,FALSE
hydrazine bis(3-carboxy-4-hydroxybenzensulfonate),Unclassified,TRUE,FALSE,NA,NA,NA,high,NA,NA,FALSE
"potassium sodium 6,13-dichloro-3,10-bis{2-[4-[3-(2-hydroxysulphonyloxyethanesulfonyl)phenylamino]-6-(2,5-disulfonatophenylamino)-1,3,5-triazin-2-ylamino]ethylamino}benzo[5,6][1,4]oxazino[2,3-b]phenoxazine-4,11-disulfonate",CAS without structure,TRUE,FALSE,NA,NA,NA,high,NA,NA,FALSE
"1,3,5-triazine-2,4,6-triyltriamine, monohydrobromide",Unclassified,TRUE,FALSE,NA,NA,NA,high,NA,NA,FALSE
"2-(2,6-diethyl-4-methyl-phenyl)propanediamide",Unclassified,TRUE,FALSE,NA,NA,NA,high,NA,NA,FALSE
S-04,Unclassified,TRUE,FALSE,NA,NA,NA,high,NA,NA,FALSE
"Calcines, cadmium residue",CAS without structure,TRUE,FALSE,NA,NA,NA,medium,NA,NA,FALSE
"2-Propanol, 1,1'-[[3-[(3-aminopropyl)amino]propyl]imino]bis-, N-tallow alkyl derivs.",CAS without structure,TRUE,TRUE,Tertiary amines,subclass,subset,medium,NA,NA,FALSE
fatty alcohol ethoxylate,Unclassified,TRUE,TRUE,Fatty alcohols,subclass,subset,medium,NA,NA,FALSE
"Barium Magnesium silicate, doped by Europium and Manganese",Unclassified,TRUE,FALSE,NA,NA,NA,high,NA,NA,FALSE
"5(or 6)-tert-butyl-2'-chloro-6'-ethylamino-3',7'-dimethylspiro(isobenzofuran-1(1H),9'-xanthene)-3-one",Unclassified,TRUE,FALSE,NA,NA,NA,high,NA,NA,FALSE
"Silane, chlorodimethyloctadecyl-, hydrolysis products with silica",CAS without structure,TRUE,TRUE,Organosilicon compounds,subclass,subset,medium,NA,NA,FALSE
"Fatty acids, C14-18 and C16-18-unsatd., mixed esters with adipic acid and trimethylolpropane",CAS without structure,TRUE,TRUE,Fatty acid esters,subclass,subset,medium,NA,NA,FALSE
"Oligomeric reaction products of 4,4'-propane-2,2-diyldiphenol and 2-methyloxirane and 2-(chloromethyl)oxirane",Unclassified,TRUE,TRUE,Epoxides,class,subset,low,NA,NA,FALSE
2-[2-(Methoxycarbonyl-phenyl-amino)-phenyl]-acetic acid,Unclassified,TRUE,FALSE,NA,NA,NA,high,2(hydroxyphenyl)acetic acids,0.8060425886332945,FALSE
"Methanaminium N,N,N-trimethyl-, salt with 2,2-dimethylpropanoic acid",Unclassified,TRUE,FALSE,NA,NA,NA,high,NA,NA,FALSE
Saccharides from Saccharomyces Cerevisiae,Unclassified,TRUE,FALSE,NA,NA,NA,high,NA,NA,FALSE
PARSOL 309,Unclassified,TRUE,FALSE,NA,NA,NA,high,NA,NA,FALSE
"Gasoline, straight-run, topping-plant",CAS without structure,TRUE,FALSE,NA,NA,NA,high,NA,NA,FALSE
"Copper, [29H,31H-phthalocyaninato(2-)-N29,N30,N31,N32]-, chlorosulfonyl derivs., reaction products with 2-[(4-aminophenyl)amino]-5-nitrobenzenesulfonic acid, sodium salts",CAS without structure,TRUE,TRUE,Phthalocyanines,subclass,subset,high,NA,NA,FALSE
Lanolin,Unclassified,TRUE,FALSE,NA,NA,NA,high,NA,NA,FALSE
"6-[C12-18-alkyl-(branched, unsaturated)-2,5-dioxopyrrolidin-1-yl]hexanoic acid",Unclassified,TRUE,TRUE,Lactams,class,subset,medium,NA,NA,FALSE
hydroxybutylcellulose,CAS without structure,TRUE,TRUE,Polysaccharides,class,subset,medium,NA,NA,FALSE
"fatty acids, coco",CAS without structure,TRUE,TRUE,Fatty acids and conjugates,subclass,subset,high,NA,NA,FALSE
"Fatty acids, montan-wax, stearyl esters",CAS without structure,TRUE,TRUE,Wax esters,direct_parent,subset,medium,NA,NA,FALSE
"(T-4)-Bis[1,1,2,2-tetramethyl-1,2-bis(sulfanylidene-kappaS)-1lambda(5),2lambda(5)-diphosphane]cadmium(2+) diperchlorate",CAS without structure,TRUE,FALSE,NA,NA,NA,high,NA,NA,FALSE
"Reaction products of 1,3,6-naphthalenetrisulfonic acid, 7-[[2-[(aminocarbonyl)amino]-4-[(4-amino-6-chloro-1,3,5-triazin-2-yl)amino]phenyl]azo]-, trisodium salt and lithium chloride",Unclassified,TRUE,FALSE,NA,NA,NA,high,NA,NA,FALSE
"Hexanedioic acid, 1,6-bis[2-hydroxy-3-[(1-oxoneodecyl)oxy]propyl] ester",CAS without structure,TRUE,FALSE,NA,NA,NA,high,NA,NA,FALSE
PBNS,Unclassified,TRUE,FALSE,NA,NA,NA,low,NA,NA,FALSE
"Reaction Products of alcohols, C14-18, C18 unsat., esterified with phosphorus pentoxide and salted with amines, C12-14,-tert-alkyl",CAS without structure,TRUE,TRUE,Organic phosphoric acids and derivatives,class,subset,medium,NA,NA,FALSE
"A mixture of isomers of: α,α'-oxybis(ethyleneoxycarbonylamino(3,1-(methyl)phenylene)aminocarbonyl)bispoly(oxypropylene)bis(methyl-3-(3-(2-trimethoxysilanylethylthio)propoxycarbonylamino)phenylcarbamate)",Mixture,TRUE,TRUE,Carboxylic acid amides,direct_parent,subset,low,NA,NA,FALSE
"Hydrogen [29H,31H-phthalocyaninesulphonato(2-)-N29,N30,N31,N32]cuprate(1-), compound with (Z)-octadec-9-enylamine (1:1)",CAS without structure,TRUE,FALSE,NA,NA,NA,high,NA,NA,FALSE
"Lead, isononanoate isooctanoate complexes, basic",CAS without structure,TRUE,TRUE,Organic lead salts,subclass,subset,medium,NA,NA,FALSE
"2-Acetone, condensation product with phenol",Unclassified,TRUE,FALSE,NA,NA,NA,high,NA,NA,FALSE
C8-18alkylbis(2-hydroxyethyl)ammonium bis(2-ethylhexyl)phosphate,CAS without structure,TRUE,TRUE,Quaternary ammonium salts,subclass,subset,medium,NA,NA,FALSE
Sodium phenolates and benzoate from tar oils and phenol resins manufacturing wastewater treatment,Unclassified,TRUE,TRUE,Organic salts,superclass,subset,medium,NA,NA,FALSE
"Sucrose and glycerol, reaction products with C12-18, C18unsatd. fatty acids",Unclassified,TRUE,TRUE,Glycerolipids,class,broader,low,NA,NA,FALSE
RS-21904-000,Unclassified,TRUE,FALSE,NA,NA,NA,high,NA,NA,FALSE
"Fatty acids, C14-22, C16-24-alkyl esters",CAS without structure,TRUE,TRUE,Wax esters,direct_parent,subset,medium,NA,NA,FALSE
"Fatty acids, C9-13-neo-, zinc salts",CAS without structure,TRUE,TRUE,Organic metal salts,class,subset,medium,NA,NA,FALSE
"2-Naphthalenecarboxylic acid, 4-[2-[5-substituted-2-methoxyphenyl]diazenyl]-3-hydroxy-, calcium salt (2:1)",Unclassified,TRUE,TRUE,Organic metal salts,superclass,subset,medium,NA,NA,FALSE
4-phytase,CAS without structure,TRUE,FALSE,NA,NA,NA,high,NA,NA,FALSE
"1H-Pyrrole-2-acetamide, 1-[(2-chlorophenyl)methyl]-N,N-bis(1-methylpropyl)-α-oxo-",Unclassified,TRUE,FALSE,NA,NA,NA,high,NA,NA,FALSE
Propolis (Water soluble extract),Unclassified,TRUE,FALSE,NA,NA,NA,high,NA,NA,FALSE
Lecithins (basic substance),CAS without structure,TRUE,TRUE,Glycerophosphocholines,subclass,subset,high,NA,NA,FALSE
(R)-4-(4-dimethylamino)-1-(4-fluorophenyl)-1-hydroxybutyl)-3-(hydroxymethyl)benzonitrile,CAS without structure,TRUE,FALSE,NA,NA,NA,high,NA,NA,FALSE
"Benzol, 1-(4-ethylcyclohexyl)-, 3-fluor-, trans-,",Unclassified,TRUE,FALSE,NA,NA,NA,high,NA,NA,FALSE
Salix spp. cortex,Unclassified,TRUE,FALSE,NA,NA,NA,high,NA,NA,FALSE
copolymers of vinylidene chloride with acrylonitrile,Unclassified,TRUE,TRUE,Organic Polymers,superclass,subset,medium,NA,NA,FALSE
"Dec-1-ene, trimers, hydrogenated",CAS without structure,TRUE,TRUE,Saturated hydrocarbons,class,subset,medium,NA,NA,FALSE
"Phosphoric acid, mono- and bis(branched and linear pentyl) esters",CAS without structure,TRUE,TRUE,Organic phosphoric acids and derivatives,superclass,subset,medium,NA,NA,FALSE
salts of strychnine,Unclassified,TRUE,TRUE,Strychnos alkaloids,class,subset,medium,NA,NA,FALSE
disodium 1-methoxy-1-oxohexadecane-2-sulfonate 1-methoxy-1-oxooctadecane-2-sulfonate,Unclassified,TRUE,FALSE,NA,NA,NA,medium,NA,NA,FALSE
"Linseed oil, epoxidized",CAS without structure,TRUE,FALSE,NA,NA,NA,medium,NA,NA,FALSE
(Z)-3-(chloro((2-hydroxy-3-(piperidin-1-yl)propoxy)imino)methyl)pyridine 1-oxide,Unclassified,TRUE,FALSE,NA,NA,NA,high,NA,NA,FALSE
Potassium cocoyl rice amino acids,Unclassified,TRUE,TRUE,"Amino acids, peptides, and analogues",subclass,subset,medium,NA,NA,FALSE
Trichoderma atroviride (formerly T. harzianum) strain T11,Unclassified,TRUE,FALSE,NA,NA,NA,high,NA,NA,FALSE
"Flue gases, lead-zinc blast furnace",CAS without structure,TRUE,FALSE,NA,NA,NA,high,NA,NA,FALSE
Oxidised Crude Tall Oil,Unclassified,TRUE,FALSE,NA,NA,NA,high,NA,NA,FALSE
"Speiss, lead-zinc",CAS without structure,TRUE,FALSE,NA,NA,NA,high,NA,NA,FALSE
"4,4'-bis((4,6-bis(4-cyclohexylphenoxy)-1,3,5-triazin-2-yl)oxy)-1,1'-biphenyl",CAS without structure,TRUE,FALSE,NA,NA,NA,high,NA,NA,FALSE
silica and hydrated silicas,Unclassified,TRUE,TRUE,Homogeneous metalloid compounds,superclass,subset,low,NA,NA,FALSE
Per- and polyfluoroalkyl substances (PFAS),Substance group,TRUE,TRUE,Organofluorides,class,subset,medium,NA,NA,FALSE
Nonylphenol ether polyoxyethyleneglycol,Unclassified,TRUE,TRUE,Phenol ethers,class,subset,medium,NA,NA,FALSE
"Dodeca (lithium, sodium)-2-({4-[4-(4-{bis[alkyl-(sulfonatoalkoxy)-4-({-sulfonato-[(substituted-phenyl)diazenyl]phenyl} diazenyl)anilino]-triazin-yl}-6-[alkyl-(sulfonatoalkoxy)-4-(sulfonato-[(substituted-phenyl)diazenyl]phenyl)diazenyl)anilino]piperazin-yl)-triazin-ylamino]-alkyl-5-(sulfonatoalkoxy)phenyl}diazenyl)-5-[(sulfonatophenyl)diazenyl]benzensulfonate",Unclassified,TRUE,TRUE,Azobenzenes,class,subset,low,NA,NA,FALSE
hexamethylenediamine with adipic and/or sebacic acid,Unclassified,TRUE,TRUE,NA,NA,NA,low,NA,NA,FALSE
organopolysiloxanes with sorbitol groups,Unclassified,TRUE,TRUE,Siloxanes,subclass,subset,medium,NA,NA,FALSE
"Phenol, mono-C24-28 (even)-sec-alkyl derivs, ortho- and para-",Unclassified,TRUE,TRUE,Phenols,class,subset,high,NA,NA,FALSE
Trypsin,CAS without structure,TRUE,FALSE,NA,NA,NA,high,NA,NA,FALSE
4-[bis(phenylsubstituted)substituted]phthalic acid,Unclassified,TRUE,TRUE,Phthalic acid and derivatives,direct_parent,subset,medium,NA,NA,FALSE
PAB-Z*HCL,Unclassified,TRUE,FALSE,NA,NA,NA,medium,NA,NA,FALSE
Polychlorinated dibenzo-p-dioxins and dibenzofurans (PCDD/PCDF),Substance group,TRUE,TRUE,NA,NA,broader,high,Chlorinated dibenzo-p-dioxins,0.8131499215226573,FALSE
Reaction products of: glutamic acid and N-(C12-14-alkyl)propylenediamine,CAS without structure,TRUE,TRUE,"Amino acids, peptides, and analogues",subclass,subset,low,NA,NA,FALSE
"2‐aminoacetate, hydron, zinc(2+) sulfate",CAS without structure,TRUE,FALSE,NA,NA,NA,high,NA,NA,FALSE
"fats and oils, from animal or vegetable food sources",Unclassified,TRUE,TRUE,Glycerolipids,class,subset,medium,NA,NA,FALSE
"Arsenopyrite, cobaltoan",CAS without structure,TRUE,FALSE,NA,NA,NA,high,NA,NA,FALSE
"Hexamethylene diisocyanate, oligomerisation product, blocked with 3,5-Dimethyl-1H-pyrrazole",Unclassified,TRUE,TRUE,Polyureas,superclass,subset,low,NA,NA,FALSE
"Fatty acids, essential, Et esters",CAS without structure,TRUE,TRUE,Fatty acid esters,subclass,subset,high,NA,NA,FALSE
trans-4-(tetrahydro-5-propyl-pyran-2-yl)-phenol,Unclassified,TRUE,FALSE,NA,NA,NA,high,NA,NA,FALSE
Lead hexafluoro-silicate,CAS without structure,TRUE,FALSE,NA,NA,NA,high,NA,NA,FALSE
(4-methoxybiphenyl-3-yl)hydrazine hydrochloride,Unclassified,TRUE,FALSE,NA,NA,NA,high,NA,NA,FALSE
"Nonanoic acid, mixed diesters, with oxybis[propanol] and dodecanoic acid",Unclassified,TRUE,TRUE,Carboxylic acid esters,direct_parent,subset,medium,NA,NA,FALSE
"3-acetylamino-5-(2-hydroxy-ethylcarbamoyl)-2,4,6-triiodo-benzoate ammonium",Unclassified,TRUE,FALSE,NA,NA,NA,high,NA,NA,FALSE
"4,4'-[(6S)-6-phenylindolo[1,2-c][1,3]benzoxazine-3,10-diyl]bis{2-[(2S)-2-pyrrolidiniumyl]-1H-imidazol-3-ium} tetrachloride",Unclassified,TRUE,NA,NA,NA,NA,low,NA,NA,FALSE
"residue, nickel matte leaching",Unclassified,TRUE,FALSE,NA,NA,NA,high,NA,NA,FALSE
"Fatty acids, C9-11-branched, cadmium salts",CAS without structure,TRUE,TRUE,Organic cadmium salts,subclass,subset,medium,NA,NA,FALSE
polysaccharides,Unclassified,TRUE,TRUE,Polysaccharides,class,exact,high,Polysaccharides,1.0000000000000004,TRUE
"Soybean oil, epoxidised, reaction products with methanol and water",Unclassified,TRUE,FALSE,NA,NA,NA,medium,NA,NA,FALSE
-,Unclassified,TRUE,FALSE,NA,NA,NA,high,NA,NA,FALSE
"Benzenesulphonic acid, dimethyl-, mono C14-16 (even numbered) sec alkyl derivs.",Unclassified,TRUE,TRUE,Benzenesulfonic acids and derivatives,subclass,subset,high,NA,NA,FALSE
FAT-80247,Unclassified,TRUE,FALSE,NA,NA,NA,high,NA,NA,FALSE
"Ceramic materials and wares, chemicals",CAS without structure,TRUE,FALSE,NA,NA,NA,high,NA,NA,FALSE
Repellents by smell of animal or plant origin/ tall oil pitch,Unclassified,TRUE,FALSE,NA,NA,NA,high,NA,NA,FALSE
"Reaction products of 1,5-diaminoanthracene-9,10-dione and 1,8-diaminoanthracene-9,10-dione with bromine",Unclassified,TRUE,TRUE,Anthraquinones,subclass,subset,medium,NA,NA,FALSE
Cerevisane,Unclassified,TRUE,FALSE,NA,NA,NA,medium,NA,NA,FALSE
"Butanoic acid, 4-amino-4-oxosulfo-, N-coco alkyl derivs., monosodium salts, compds. with triethanolamine",CAS without structure,TRUE,TRUE,Organic salts,superclass,subset,low,NA,NA,FALSE
"Sodium 2,4-diamino-5-(4-(2-sulfoxyethanesulfonyl)phenylazo)benzenesulfonate",Unclassified,TRUE,FALSE,NA,NA,NA,high,NA,NA,FALSE
propan-2-amine:1-(heteropolycycle-6-yl)ethanone transaminase,Unclassified,TRUE,FALSE,NA,NA,NA,high,NA,NA,FALSE
terephtalic acid compound with diamines,Unclassified,TRUE,TRUE,Polypeptides,NA,broader,low,NA,NA,FALSE
Fermentation products of Ergot alkaloids with filamentous fungus,Unclassified,TRUE,NA,NA,NA,NA,low,NA,NA,FALSE
"Arsenenous acid, silver(1+) salt",CAS without structure,TRUE,FALSE,NA,NA,NA,high,NA,NA,FALSE
organopolysiloxanes with pentaerythritol groups,Unclassified,TRUE,TRUE,Organosilicon compounds,subclass,subset,medium,NA,NA,FALSE
"7-amino-3-{(E)-[5-({4-(2-chloroethyl)butanoyl}amino)]diazenyl}-4-hydroxy-8-[(E)-(4-{2-(sulfonatooxy)ethyl}) diazenyl]naphthalene, polysulfonate, polysulfonyl, polyphenyl, sodium/potassium salt",Unclassified,TRUE,FALSE,NA,NA,NA,medium,NA,NA,FALSE
"Slimes and Sludges, chlorine manuf. mercury cell brine treatment",CAS without structure,TRUE,FALSE,NA,NA,NA,high,NA,NA,FALSE
polyethylene aminostearamide ethylsulfate,Unclassified,TRUE,FALSE,NA,NA,NA,medium,NA,NA,FALSE
BSC495 COMPLEXED AMINE,Unclassified,TRUE,FALSE,NA,NA,NA,medium,NA,NA,FALSE
BTMSPU,Unclassified,TRUE,FALSE,NA,NA,NA,low,NA,NA,FALSE
cadmium zinc sulphide yellow,Unclassified,TRUE,FALSE,NA,NA,NA,medium,NA,NA,FALSE
5(6)-endo(exo)-perfluorohexylbicyclo[2.2.1]hept-2-yl-methyl-polysiloxane,CAS without structure,TRUE,TRUE,Organosilicon compounds,subclass,subset,medium,NA,NA,FALSE
"Fatty acids, tall-oil, reaction products with formaldehyde and (Z)-N-9-octadecenyl-1,3-propanediamine",CAS without structure,TRUE,FALSE,NA,NA,NA,high,NA,NA,FALSE
"Fatty acids, tall-oil, reaction products with 2-[(2-aminoethyl)amino]ethanol",CAS without structure,TRUE,TRUE,Fatty amides,subclass,subset,medium,NA,NA,FALSE
nickel matte,CAS without structure,TRUE,FALSE,NA,NA,NA,high,NA,NA,FALSE
"1H-pyrazole-3-carboxylic acid, 4-[[5-[[4,6-bis[(3-sulfopropyl)thio]-1,3,5-triazin-2-yl]amino]-2-sulfophenyl]azo]-1-(2,5-dichloro-4-sulfophenyl)-4,5-dihydro-5-oxo-, pentasodium salt",Unclassified,TRUE,FALSE,NA,NA,NA,high,NA,NA,FALSE
NIR-AM1,Unclassified,TRUE,FALSE,NA,NA,NA,high,NA,NA,FALSE
"Ethyl (3R,4R,5S)-4-acetamido-5-azido-3-(1-ethylpropoxy)cyclohex-1-enecarboxylate",Unclassified,TRUE,FALSE,NA,NA,NA,high,NA,NA,FALSE
"Distillation residue, butyl alcohols production, rectification",Unclassified,TRUE,FALSE,NA,NA,NA,high,NA,NA,FALSE
2-AMINO-5-CHLOROBENZENETHIOL ZINC SALT,Unclassified,TRUE,FALSE,NA,NA,NA,high,NA,NA,FALSE
(2-(benzyloxy)-4-methoxy-6-methylpyridin-3-yl)methanaminium benzoate,Unclassified,TRUE,FALSE,NA,NA,NA,high,NA,NA,FALSE
2-[alkyl(4-nitrosoaryl)amino]alkyl [3-(trialkoxysilyl)propyl]carbamate,Unclassified,TRUE,TRUE,Carbamate esters,direct_parent,subset,medium,NA,NA,FALSE
"1-Propanaminium, N-(3-aminopropyl)-2-hydroxy-N,N-dimethyl-3-sulfo-, N-C12-14 acyl derivs., hydroxides, inner salts",CAS without structure,TRUE,TRUE,Sulfamic acid derivatives,class,subset,low,NA,NA,FALSE
"(4S,7S,12bR)-7-amino-1,2,3,4,6,7,8,12b-octahydro-6-oxobenzo(c)pyrido(1,2-a)azepin-4-carbonic acid",Unclassified,TRUE,FALSE,NA,NA,NA,high,NA,NA,FALSE
HP-101,Unclassified,TRUE,FALSE,NA,NA,NA,high,NA,NA,FALSE
Titanium complexes of ethanol and 2-dimethylaminoethanol,Unclassified,TRUE,TRUE,Organometallic compounds,superclass,subset,medium,NA,NA,FALSE
"Magnesium, Bu octyl complexes",CAS without structure,TRUE,TRUE,Organomagnesium compounds,subclass,subset,medium,NA,NA,FALSE
"Fatty acids, C16-18 and C18-unsatd., branched and linear, reaction products with diethylenetriamine and tall-oil fatty acids, Me maleates",CAS without structure,TRUE,TRUE,Fatty acids and conjugates,subclass,broader,low,NA,NA,FALSE
"fats and oils, hydrogenated, from animal or vegetable food sources",Unclassified,TRUE,TRUE,Triacylglycerols,subclass,subset,medium,NA,NA,FALSE
Bacillus sphaericus,Unclassified,TRUE,NA,NA,NA,NA,low,NA,NA,FALSE
FLUORESZENZGELB F00-0155,Unclassified,TRUE,FALSE,NA,NA,NA,high,NA,NA,FALSE
di-alkyl-benzenesulfonic acid,Unclassified,TRUE,TRUE,Benzenesulfonic acids and derivatives,subclass,subset,high,Benzenesulfonic acids and derivatives,0.8100265897916227,TRUE
"sodium 3,4-dihydroxy-2,6,6-trimethylcyclohex-2-en-1-one",Unclassified,TRUE,FALSE,NA,NA,NA,high,NA,NA,FALSE
"di-n-octyltin 1,4-butanediol bis(mercaptoacetate)",Unclassified,TRUE,FALSE,NA,NA,NA,high,NA,NA,FALSE
Benzyl-C12-14-alkyldimethylammonium chlorides,Unclassified,TRUE,TRUE,Alkyldimethylbenzylammonium halides,subclass,subset,high,Alkyldimethylbenzylammonium chlorides,0.8450302307368,FALSE
URSOLSÄURE NA-SALZ,Unclassified,TRUE,FALSE,NA,NA,NA,high,NA,NA,FALSE
"Benzenesulfonic acid, 4-C15-16-sec-alkyl derivs.-, compd. with 1-aminopropane-2-ol",Unclassified,TRUE,TRUE,Benzenesulfonic acids and derivatives,subclass,subset,medium,NA,NA,FALSE
"Silicic acid (H6Si2O7), barium magnesium strontium salt, lead-doped",CAS without structure,TRUE,FALSE,NA,NA,NA,high,NA,NA,FALSE
DL-ETHYLPANTHENOL,Unclassified,TRUE,FALSE,NA,NA,NA,high,NA,NA,FALSE
(R)-5-Bromo-3-[(1-methyl-2-pyrrolidinyl)methyl]-1H-indol oxalate,CAS without structure,TRUE,FALSE,NA,NA,NA,high,NA,NA,FALSE
"Reaction Products of Diphosphorus Pentaoxide with n-Alcohols, C8-10 (even), salted with Amines, C12-14, Tert-alkyl",Unclassified,TRUE,TRUE,Organic phosphoric acids and derivatives,class,subset,medium,NA,NA,FALSE
Cyclisation products from pyrolysis of 2-(2-methylprop-2-en-1-yl)cyclododecanone,Unclassified,TRUE,TRUE,Organic compounds,kingdom,broader,low,NA,NA,FALSE
"Formaldehyde, polymer with benzenamine, hydrogenated",CAS without structure,TRUE,TRUE,Organic nitrogen compounds,superclass,subset,low,NA,NA,FALSE
"Matte, copper-lead",CAS without structure,TRUE,FALSE,NA,NA,NA,high,NA,NA,FALSE
copper pentamethylenedithiocarbamate,Unclassified,TRUE,FALSE,NA,NA,NA,high,NA,NA,FALSE
"N-[(4-{5-AMINO-4-CYANO-1-[(2S)-1,1,1-TRIFLUOROPROPAN-2-YL]-1H-PYRAZOL-3-YL}PHENYL)METHYL]-5-FLUORO-2-METHOXYBENZAMIDE",Unclassified,TRUE,FALSE,NA,NA,NA,high,NA,NA,FALSE
CARTEOLOLO GLICIDETERE,Unclassified,TRUE,FALSE,NA,NA,NA,medium,NA,NA,FALSE
BRD303,Unclassified,TRUE,FALSE,NA,NA,NA,high,NA,NA,FALSE
"1-Propanaminium, 3-amino-N-(carboxymethyl)-N,N-dimethyl-, N-C8-10 (even numbered) acyl derivs., hydroxides, inner salts",Unclassified,TRUE,TRUE,Fatty amides,subclass,subset,medium,NA,NA,FALSE
(2S)‐2‐{[(2S)‐1‐(2‐{[(benzyloxy)carbonyl]amino}acetyl)‐2‐methylpyrrolidin‐2‐yl]formamido}pentanedioic acid,Unclassified,TRUE,FALSE,NA,NA,NA,high,NA,NA,FALSE
"Reaction products of alkenes, C8-10, C9-rich and phenol",Unclassified,TRUE,TRUE,Phenols,class,subset,medium,NA,NA,FALSE
Lead C3-13-alkanecarboxylate naphthenate complexes,CAS without structure,TRUE,TRUE,Organic lead salts,subclass,subset,medium,NA,NA,FALSE
XB 6079 A,Unclassified,TRUE,FALSE,NA,NA,NA,high,NA,NA,FALSE
1-imidazol-1-yl-octadecan-2-ol,Unclassified,TRUE,FALSE,NA,NA,NA,high,NA,NA,FALSE
disproportionated rosin,Unclassified,TRUE,FALSE,NA,NA,NA,medium,NA,NA,FALSE
Oxidation products of Linseed oil and Tall oil and Gumrosin,Unclassified,TRUE,TRUE,Fatty Acyls,class,broader,low,NA,NA,FALSE
"ethanol, 2,2-iminobis-, N-(C13-15-branched and linear alkyl) derivs.",CAS without structure,TRUE,TRUE,Tertiary amines,subclass,subset,medium,NA,NA,FALSE
"Amines, polyethylenepoly-, tetraethylenepentamine fraction",CAS without structure,TRUE,TRUE,Amines,subclass,subset,medium,NA,NA,FALSE
Cadmium and its compounds,Substance group,TRUE,TRUE,Inorganic cadmium salts,subclass,broader,medium,Inorganic cadmium salts,0.8385641210828874,TRUE
Reaction products of Soya and Linseed Oil Fatty Acids with Bisphenol A diglycidylether,Unclassified,TRUE,TRUE,Carboxylic acid esters,direct_parent,subset,low,NA,NA,FALSE
"propylidynetrimethanol, ethoxylated, esters with acrylic acid and its reactions products with dibutylamine",Unclassified,TRUE,TRUE,Carboxylic acid esters,direct_parent,subset,low,NA,NA,FALSE
"1,2,3-Propanetricarboxylic acid, 2-hydroxy-, tri-C14-15-alkyl esters",CAS without structure,TRUE,TRUE,Carboxylic acid esters,direct_parent,subset,medium,NA,NA,FALSE
"4-[4-[4-[(3R, 5R)[5-(2,4-difluorophenyl) tetrahydro-5-(1H-1,2,4-triazol-1-yl-methyl)-furan-3-yl]methyloxy]phenyl]-1-piperazinyl]phenyl-2-[(1S,2S)(1-ethyl-2-phenylmethoxypropyl)]-2,4-dihydro-3Htriazol-3-one",Unclassified,TRUE,FALSE,NA,NA,NA,high,NA,NA,FALSE
"Alkanes, C10-13, chloro (Short Chain Chlorinated Paraffins)",CAS without structure,TRUE,TRUE,Alkyl chlorides,subclass,subset,high,NA,NA,FALSE
Bis(2-propylheptyl) hexanedioate,Unclassified,TRUE,FALSE,NA,NA,NA,high,NA,NA,FALSE
"Phosphoric acid, mixed esters with biphenyl-4,4'-diol and phenol",Unclassified,TRUE,TRUE,Organic phosphoric acids and derivatives,superclass,subset,medium,NA,NA,FALSE
N-[(benzyloxy)carbonyl]glycyl-N-[(2S)-1-{4-[(tert-butoxycarbonyl)oxy]phenyl}-3-hydroxypropan-2-yl]-L-alaninamide,Unclassified,TRUE,FALSE,NA,NA,NA,high,NA,NA,FALSE
"2-Propenenitrile, reaction products with 2,2,4(or 2,4,4)-trimethyl-1,6-hexanediamine",CAS without structure,TRUE,TRUE,Nitriles,direct_parent,subset,low,NA,NA,FALSE
"Pitch Residue, oxidised|Pitch, coal tar, low-temp., oxidized|[The product obtained by air-blowing, at elevated temperature, low-temperature coal tar pitch. It has a softening-point within the approximate range of 70 °C to 180 °C (158 °F to 356 °F). Compos",CAS without structure,TRUE,FALSE,NA,NA,NA,high,NA,NA,FALSE
T001790,Unclassified,TRUE,FALSE,NA,NA,NA,high,NA,NA,FALSE
Nickel oxide (Ni2O),CAS without structure,TRUE,FALSE,NA,NA,NA,high,NA,NA,FALSE
PYRAGUANE,Unclassified,TRUE,FALSE,NA,NA,NA,low,NA,NA,FALSE
Calcium salt of alkenyldicarboxylic acid ester,Unclassified,TRUE,TRUE,Alkaline earth metal salts,class,subset,medium,NA,NA,FALSE
"Isononanoic acid, C16-18 (even numbered)-alkyl esters",CAS without structure,TRUE,TRUE,Fatty acid esters,subclass,subset,high,NA,NA,FALSE
Mimosa tenuiflora extract,Unclassified,TRUE,FALSE,NA,NA,NA,high,NA,NA,FALSE
"NAPHTHALENESULPHONIC ACID, DINONYL-, LITHIUM SALT",Unclassified,TRUE,FALSE,NA,NA,NA,high,NA,NA,FALSE
xanthan gum,CAS without structure,TRUE,FALSE,NA,NA,NA,high,NA,NA,FALSE
POSM,Unclassified,TRUE,FALSE,NA,NA,NA,low,NA,NA,FALSE
"15-aza-3,6,9- tritosyl heteropolycylane",Unclassified,TRUE,TRUE,Azacyclic compounds,class,subset,low,NA,NA,FALSE
"Fatty acids, tall-oil, lead salts",CAS without structure,TRUE,TRUE,Organic lead salts,subclass,subset,medium,NA,NA,FALSE
"Baseoil - unspecified|Hydrocarbons, hydrocracked paraffinic distn. residues, solvent-dewaxed",CAS without structure,TRUE,TRUE,Hydrocarbons,superclass,subset,medium,NA,NA,FALSE
"1-[4-ethoxy-3-(6,7-dihydro-1-methyl-7-oxo-3-propyl-1H-pyrazolo[4,3-d] pyrimidin-5-yl)phenylsulphonyl]-4-methylpiperazine",Unclassified,TRUE,FALSE,NA,NA,NA,high,NA,NA,FALSE
Ethoxylated bis phenol A di-(norbornene carboxylate),Unclassified,TRUE,TRUE,Carboxylic acid esters,direct_parent,subset,medium,NA,NA,FALSE
S-2-amino-3-(4-hydroxyphenyl) propanal semicarbazone HCl,Unclassified,TRUE,FALSE,NA,NA,NA,high,NA,NA,FALSE
"3-oxydo-2,4-pyrimidinediamine monohydrate",Unclassified,TRUE,FALSE,NA,NA,NA,high,NA,NA,FALSE
"Slimes and Sludges, precious metal refining",CAS without structure,TRUE,FALSE,NA,NA,NA,high,NA,NA,FALSE
"Reaction products of (2,2-dimethoxyethyl)benzene and (2E)-3,7-dimethylocta-2,6-dienal and (2E)-3,7-dimethylocta-2,6-dien-1-ol and (2Z)-3,7-dimethylocta-2,6-dien-1-ol and 3,7-dimethyloct-6-en-1-ol",Unclassified,TRUE,FALSE,NA,NA,NA,high,NA,NA,FALSE
Pitch,CAS without structure,TRUE,FALSE,NA,NA,NA,medium,NA,NA,FALSE
"Oligomerisation products of 1-tetradecene and 1-dodecene, hydrogenated, C24-84 fraction",CAS without structure,TRUE,TRUE,Saturated hydrocarbons,class,subset,medium,NA,NA,FALSE
"reaction products of diazotised 4-nitrobenzenamine, coupled with 6-amino-4-hydroxynaphthalene-2-sulfonic acid, subsequently diazotised and coupled with the reaction product of diazotized 3-amino-4-hydroxy-5-nitrobenzenesulfonic acid and resorcinol, sodium salt.",Unclassified,TRUE,FALSE,NA,NA,NA,medium,NA,NA,FALSE
"Saccharomyces cerevisiae, lysate",CAS without structure,TRUE,FALSE,NA,NA,NA,high,NA,NA,FALSE
4-(4-Brom-5-ethyl-tetrahydropyran-2-yl)-phenol,Unclassified,TRUE,FALSE,NA,NA,NA,high,NA,NA,FALSE
GAMMA W8 HP,Unclassified,TRUE,FALSE,NA,NA,NA,high,NA,NA,FALSE
Concrete of Lavandula Hybrida (Lamiaceae) obtained from the flowering plant by organic solvent extraction,Unclassified,TRUE,FALSE,NA,NA,NA,high,NA,NA,FALSE
"2-Butenedioic acid (E)-, di-C18-22-alkyl esters",CAS without structure,TRUE,TRUE,Carboxylic acid esters,direct_parent,subset,medium,NA,NA,FALSE
N-methyl-C12-14-(even numbered)-alkyl-1-amine,Unclassified,TRUE,TRUE,Secondary amines,direct_parent,subset,medium,NA,NA,FALSE
PES,Unclassified,TRUE,FALSE,NA,NA,NA,low,NA,NA,FALSE
"1H-Imidazole-1-ethanol, 4,5-dihydro, 2-(C11-17 and C17 unsatd. alkyl) derivs.",CAS without structure,TRUE,TRUE,Imidazolines,class,subset,medium,NA,NA,FALSE
BIS-PIPERAZINE,CAS without structure,TRUE,TRUE,Piperazines,subclass,subset,medium,Piperazines,0.8162901475515448,TRUE
ethoxylated tallow amine,CAS without structure,TRUE,TRUE,Amines,subclass,subset,medium,NA,NA,FALSE
"3-cyanomethyl-2-(4-methylphenyl)-6-methylimidozo[1,2-a]pyridine",Unclassified,TRUE,FALSE,NA,NA,NA,high,NA,NA,FALSE
beechnut oil,CAS without structure,TRUE,FALSE,NA,NA,NA,high,NA,NA,FALSE
"Calcines, lead ore conc.",CAS without structure,TRUE,FALSE,NA,NA,NA,high,NA,NA,FALSE
"Cistus ladaniferus, ext.",CAS without structure,TRUE,FALSE,NA,NA,NA,high,NA,NA,FALSE
"difluoro(fluorosulphonyl)acetyl fluoride and 3,3,4,4-tetrafluoro-1,2-oxathietane 2,2-dioxide",Unclassified,TRUE,FALSE,NA,NA,NA,high,NA,NA,FALSE
Tomato mosaic virus,Unclassified,TRUE,FALSE,NA,NA,NA,high,NA,NA,FALSE
"1,2-Heptanedione, 1-[6-[4-(acetyloxy)benzoyl]-9-(2-ethylhexyl)-9H-carbazol-3-yl]-, 2-(O-acetyloxime), (2E)-",CAS without structure,TRUE,FALSE,NA,NA,NA,high,NA,NA,FALSE
"Sulfonium, [4-[(2-methyl-1-oxo-2-propenyl)oxy]phenyl]diphenyl-, salt with 1,1,2,2,3,3,4,4,5,5,6,6,6-tridecafluoro-1-hexanesulfonic acid (1:1), polymer with 2-ethyltricyclo[3.3.1.13,7]dec-2-yl 2-methyl-2-propenoate, 3-hydroxytricyclo[3.3.1.13,7]dec-1-yl 2-",CAS without structure,TRUE,FALSE,NA,NA,NA,high,NA,NA,FALSE
Electrolytic Nickel/Chromium platings,Unclassified,TRUE,FALSE,NA,NA,NA,high,NA,NA,FALSE
"N,N'-(2-(4-(2-aminobenzamido)butyl)pentane-1,5-diyl)bis(2-aminobenzamide)",Unclassified,TRUE,FALSE,NA,NA,NA,high,NA,NA,FALSE
"Fatty acid chlorides, C8-14 (even numbered), reaction products with glycine",Unclassified,TRUE,TRUE,Fatty amides,subclass,subset,medium,NA,NA,FALSE
"organopolysiloxanes with 1,3-propanediol groups",Unclassified,TRUE,TRUE,Siloxanes,subclass,subset,medium,NA,NA,FALSE
Cadmium sulfide (Cd0.53S0.47),CAS without structure,TRUE,FALSE,NA,NA,NA,high,NA,NA,FALSE
"Alcohols, C8-14, γ-ω-perfluoro",CAS without structure,TRUE,TRUE,Fluorotelomer alcohols,subclass,subset,high,NA,NA,FALSE
"Amines, C10-14-branched and linear alkyl, bis[2,4-dihydro-4-[(2-hydroxy-5-nitrophenyl)azo]-5-methyl-2-phenyl-3H-pyrazol-3-onato(2-)]chromate(1-) (1:1)",CAS without structure,TRUE,TRUE,Transition metal salts,class,subset,medium,NA,NA,FALSE
Absolute of Dipteryx odorata (Fabaceae) obtained from beans by organic solvent treatment and subsequent ethanol extraction,Unclassified,TRUE,FALSE,NA,NA,NA,high,NA,NA,FALSE
"Alcohols, C7-9",CAS without structure,TRUE,TRUE,Fatty alcohols,subclass,subset,medium,NA,NA,FALSE
"(Z)-5-Amino-α-(methoxyimino)-1,2,4-thiadiazole-3-acetic acid",Unclassified,TRUE,FALSE,NA,NA,NA,high,NA,NA,FALSE
CIN 10069400,Unclassified,TRUE,FALSE,NA,NA,NA,high,NA,NA,FALSE
"Reaction products of 1,3-cyclohexanedimethanamine and 12-hydroxystearic acid",Unclassified,TRUE,TRUE,Fatty amides,subclass,subset,medium,NA,NA,FALSE
"Cardamom, ext.",CAS without structure,TRUE,FALSE,NA,NA,NA,high,NA,NA,FALSE
"Hexafluorosilicate(2-), lead(2+) (1:1), tetrahydrate",CAS without structure,TRUE,FALSE,NA,NA,NA,high,NA,NA,FALSE
3-Dimethylamino-1-(pyrid-3-yl)-2-propen-1-one,Unclassified,TRUE,FALSE,NA,NA,NA,high,NA,NA,FALSE
Essential oil of Schinus Terebinthifolius (Anacardiaceae) obtained from red berries by steam distillation,Unclassified,TRUE,FALSE,NA,NA,NA,high,NA,NA,FALSE
"Cyclohexane, oxidized, non-acidic by-products, distn. residues",CAS without structure,TRUE,TRUE,Cycloalkanes,subclass,subset,low,NA,NA,FALSE
alumina doped with cobalt,Unclassified,TRUE,FALSE,NA,NA,NA,high,NA,NA,FALSE
"L 708,350",Unclassified,TRUE,FALSE,NA,NA,NA,high,NA,NA,FALSE
Potassium sulfate cadmium,CAS without structure,TRUE,FALSE,NA,NA,NA,medium,NA,NA,FALSE
"reaction products of 1,4-butanediol with 1,3-chloro-2,3-epoxypropane, esters with prop-2-enoic acid",Unclassified,TRUE,TRUE,Carboxylic acid esters,direct_parent,subset,medium,NA,NA,FALSE
"Acid Extract|Extract oils (coal), tar base|[The extract from coal tar oil alkaline extract residue produced by an acidic wash such as aqueous sulfuric acid after distillation to remove naphthalene. Composed primarily of the acid salts of various aromatic",CAS without structure,TRUE,FALSE,NA,NA,NA,high,NA,NA,FALSE
CATALYST SG1,Unclassified,TRUE,FALSE,NA,NA,NA,high,NA,NA,FALSE
"Glycerides, vegetable-oil mono- and di-, hydrogenated",CAS without structure,TRUE,TRUE,Diacylglycerols,direct_parent,subset,medium,NA,NA,FALSE
"pentakis[3-(dimethylammonio)propylsulfamoyl]-[(6-hydroxy-4,4,8,8-tetramethyl-4,8-diazoniaundecane-1,11-diyldisulfamoyl)di[phthalocyaninecopper(II)]] heptalactate",Unclassified,TRUE,FALSE,NA,NA,NA,high,NA,NA,FALSE
"Disodium (6-chloro-1,3,5-triazine-2,4-diyl)bis(substituted-benzene-diylsulfonyl alkane-2,1-diyl) disulfate",Unclassified,TRUE,TRUE,"1,3,5-triazine-2,4-diamines",subclass,subset,low,NA,NA,FALSE
"montanic acid ester with ethanediol and 1,3 butanediol",CAS without structure,TRUE,FALSE,NA,NA,NA,medium,NA,NA,FALSE
"Reaction products of 3-aminomethyl-3,5,5-trimethylcyclohexylamine and m-phenylenebis(methylamine) with 2,2'-[(1-methylethylidene)bis(4,1-phenyleneoxymethylene)]bisoxirane",Unclassified,TRUE,FALSE,NA,NA,NA,high,NA,NA,FALSE
urea resins modified with butyl alcohol,Unclassified,TRUE,TRUE,Polyureas,superclass,subset,low,NA,NA,FALSE
Ti-6Al-4V according to ISO 23515:2022,Unclassified,TRUE,FALSE,NA,NA,NA,high,NA,NA,FALSE
BONTRON X-11,Unclassified,TRUE,FALSE,NA,NA,NA,high,NA,NA,FALSE
Yellow PE 3689,Unclassified,TRUE,FALSE,NA,NA,NA,high,NA,NA,FALSE
"Benzenesulfonic acid, mono-C20-24 (even)-sec-alkyl derivs., para-, sodium salts",Unclassified,TRUE,TRUE,Benzenesulfonic acids and derivatives,subclass,subset,high,NA,NA,FALSE
Reaction products of sodium glucoheptonate with copper sulfate and ammonium hydroxide,Unclassified,TRUE,FALSE,NA,NA,NA,high,NA,NA,FALSE
"Decanoic acid, mixed esters with heptanoic acid, octanoic acid and trimethylolpropane",CAS without structure,TRUE,TRUE,Wax esters,direct_parent,subset,medium,NA,NA,FALSE
"ε-Caprolactone, oligomers, esters with acrylic acid and 2,2,2',2'-tetrakis (hydroxymethyl)-3,3'-oxydipropan-1-ol",CAS without structure,TRUE,TRUE,Lactones,class,subset,low,NA,NA,FALSE
"Butanal, reaction products with aniline",CAS without structure,TRUE,TRUE,Imines,subclass,subset,medium,NA,NA,FALSE
"Poly(oxy-1,2-ethanediyl), α-[3-[(carboxymethyl)methylamino]-2-hydroxypropyl]-ω-(4-nonylphenoxy)-, sodium salt (1:1)",CAS without structure,TRUE,FALSE,NA,NA,NA,high,NA,NA,FALSE
"Alkenes, C6-8-branched, C7-rich",CAS without structure,TRUE,TRUE,Branched unsaturated hydrocarbons,subclass,subset,medium,NA,NA,FALSE
"Reaction products of diazotised 4,4-diaminodiphenylamine-2-sulfonic acid, subsequently coupled with 6-amino-4-hydroxynaphthalene-2-sulfonic acid, further diazotised and coupled with metaphenylendiamine, sodium salts",Unclassified,TRUE,FALSE,NA,NA,NA,medium,NA,NA,FALSE
rape oil,CAS without structure,TRUE,FALSE,NA,NA,NA,high,NA,NA,FALSE
"2-ethylhexanoic acid, monoester with propane-1,2-diol",CAS without structure,TRUE,FALSE,NA,NA,NA,high,NA,NA,FALSE
"HDI oligomers, oxadiazintrione",Unclassified,TRUE,TRUE,Oxadiazines,class,subset,medium,NA,NA,FALSE
"Reaction products of 2,4-bis(2-chlorophenyl)-5-(3,4-dimethoxy phenyl)-1H-imidazole and 2-(2-chlorophenyl)-4,5-diphenyl-1H-imidazole",Unclassified,TRUE,FALSE,NA,NA,NA,medium,NA,NA,FALSE
TM-300,Unclassified,TRUE,FALSE,NA,NA,NA,medium,NA,NA,FALSE
"pimelic acid, salts",Unclassified,TRUE,TRUE,Carboxylic acid salts,direct_parent,subset,medium,NA,NA,FALSE
PURAM,Unclassified,TRUE,FALSE,NA,NA,NA,low,NA,NA,FALSE
"(4-(6-diethylamino-2-methylpyridin-3-yl)imino-4,5-dihydro-3-methyl-1-(4-methylphenyl)-1H-pyrazol-5-one",Unclassified,TRUE,FALSE,NA,NA,NA,high,NA,NA,FALSE
"N-(1-(8-((3-methyl-4-((1-methyl-1H-benzo[d]imidazol-5-yl)oxy)phenyl)amino)pyrimido[5,4-d]pyrimidin-2-yl)piperidin-4-yl)-3-(methylthio)propanamide",Unclassified,TRUE,FALSE,NA,NA,NA,high,NA,NA,FALSE
"Naphthenic acids, cadmium salts",CAS without structure,TRUE,TRUE,Organic cadmium salts,subclass,subset,medium,NA,NA,FALSE
"Concentrates of lead and zinc compounds with sulfur resulting from hydrometallurgy (hot acid leaching, super-hot acid leaching and flotation)",Unclassified,TRUE,TRUE,NA,NA,broader,high,NA,NA,FALSE
Willow bark and stem extract,Unclassified,TRUE,FALSE,NA,NA,NA,high,NA,NA,FALSE
"2-[{6-[(4-amino-6-chloro-1,3,5-triazin-2-yl)(methyl)amino]-1-hydroxy-3-sulfonaphthalen-2-yl}diazenyl]naphthalene-1,5-disulfonic acid, lithium sodium salts",Unclassified,TRUE,FALSE,NA,NA,NA,high,NA,NA,FALSE
phenylmercuric carbonate,CAS without structure,TRUE,FALSE,NA,NA,NA,high,NA,NA,FALSE
Cadmium zinc sulfide yellow,CAS without structure,TRUE,FALSE,NA,NA,NA,high,NA,NA,FALSE
TRICLOPYR (TM) ETHYL ESTER,Unclassified,TRUE,FALSE,NA,NA,NA,high,NA,NA,FALSE
TECHMORE VG 3101L,Unclassified,TRUE,FALSE,NA,NA,NA,high,NA,NA,FALSE
"polyester of 1,4-butanediol with caprolactone",CAS without structure,TRUE,TRUE,Lactones,class,subset,low,NA,NA,FALSE
"6-[C12-18-alkyl-(branched, unsaturated)-2,5-dioxopyrrolidin-1-yl]hexanoic acid, sodium and tris(2-hydroxyethyl)ammonium salts",Unclassified,TRUE,TRUE,Lactams,class,subset,medium,NA,NA,FALSE
Sesbania grandiflora dry purified extract,Unclassified,TRUE,NA,NA,NA,NA,low,NA,NA,FALSE
2-(5-Phenylpent-4-yn-1-yl)malonsäure,CAS without structure,TRUE,FALSE,NA,NA,NA,high,NA,NA,FALSE
"Esterification products of 2,2-dimethylpropane-1,3-diol with n-heptanoic acid and n-octanoic acid and n-decanoic acid",CAS without structure,TRUE,TRUE,Carboxylic acid esters,direct_parent,subset,medium,NA,NA,FALSE
Cerium doped lutetium yttrium orthosilicate,Unclassified,TRUE,FALSE,NA,NA,NA,high,NA,NA,FALSE
S-3384,Unclassified,TRUE,FALSE,NA,NA,NA,high,NA,NA,FALSE
"6-Amino-4-hydroxy-5-[4-[6-chloro-4-(4-vinylsulfonyl-phenylamino)-[1,3,5]triazine-2-ylamino]-2-sulfophenylazo]-naphthalene-2-sulfonic acid",Unclassified,TRUE,FALSE,NA,NA,NA,high,NA,NA,FALSE
TRACER YELLOW D-100,Unclassified,TRUE,FALSE,NA,NA,NA,high,NA,NA,FALSE
"Yttrium borate phosphate vanadate, europium-doped",CAS without structure,TRUE,FALSE,NA,NA,NA,high,NA,NA,FALSE
"Sulfite liquors and Cooking liquors, white",CAS without structure,TRUE,FALSE,NA,NA,NA,high,NA,NA,FALSE
Poly(α-fluoro-ω-methacryloyloxyethylpoly(difluoromethylene)-co-3-chloro-2-hydroxypropylmethacrylate),CAS without structure,TRUE,FALSE,NA,NA,NA,high,NA,NA,FALSE
"[[N,N',N'',N'''-[29H,31H-phthalocyaninetetrayltetrakis(sulphonylimino-3,1-phenylene)]tetrakis[3-oxobutyramidato]](2-)-N29,N30,N31,N32]nickel",CAS without structure,TRUE,FALSE,NA,NA,NA,high,NA,NA,FALSE
"oxo-heteropolycycle, substituted-(chloro-hydroxycarbomonocyclic)-",Unclassified,TRUE,TRUE,Organoheterocyclic compounds,superclass,subset,low,NA,NA,FALSE
"Tetra-[4,4,4-trifluoro-1-(2-naphthyl)-1,3-butanedionato)-europium compounded with Dimethylamine",Unclassified,TRUE,FALSE,NA,NA,NA,high,NA,NA,FALSE
"Fatty acids, C16-18, sodium salts",CAS without structure,TRUE,TRUE,Fatty acids and conjugates,subclass,subset,high,NA,NA,FALSE
"Humulus scandens dry purified extract.REACH IUPAC name: Humulus, Humulus scandens, Cannabaceae, aerial part, ethanol/water 1:1 extract.",Unclassified,TRUE,FALSE,NA,NA,NA,high,NA,NA,FALSE
"4,4’-isopropylidenediphenol, reaction products with 1-chloro-2,3-epoxypropane, mono, di and triesters with acrylic acid",Unclassified,TRUE,TRUE,Carboxylic acid esters,direct_parent,subset,medium,NA,NA,FALSE
Extract from the seeds of Triticum aestivum (Poaceae) obtained by solvent extraction,Unclassified,TRUE,NA,NA,NA,NA,low,NA,NA,FALSE
"2-Propenoic acid, polymer with 2,2-bis(hydroxymethyl)-1,3-propanediol, methyloxirane and oxirane",CAS without structure,TRUE,TRUE,Organic Polymers,superclass,subset,medium,NA,NA,FALSE
"Resin acids and Rosin acids, magnesium salts",CAS without structure,TRUE,TRUE,Organic metal salts,class,subset,medium,NA,NA,FALSE
"Slimes and Sludges, lead sinter dust scrubber",CAS without structure,TRUE,FALSE,NA,NA,NA,high,NA,NA,FALSE
"Fatty acids, C16-18 (even numbered) and C18 (unsaturated) hexadecyl esters",Unclassified,TRUE,TRUE,Fatty acid esters,subclass,subset,high,NA,NA,FALSE
"Molybdenum, bis(N,N-dibutylcarbamodithioato-κS,κS')dioxodi-μ-thioxodi-, stereoisomer",CAS without structure,TRUE,FALSE,NA,NA,NA,high,NA,NA,FALSE
"bis[2-hydroxy-N,N-bis(2-hydroxyethyl)ethanaminium] 3-[(2-{[2-(carboxylatomethyl)octadecanoyl]oxy}ethoxy)carbonyl]icosanoate",Unclassified,TRUE,FALSE,NA,NA,NA,high,NA,NA,FALSE
"Reaction products of Glycerin formal and 2-Propenoic acid, 2-methyl-, methyl ester",Unclassified,TRUE,FALSE,NA,NA,NA,medium,NA,NA,FALSE
"β-Alanine, N-(2-carboxyethyl)-, N-coco alkyl derivs., disodium salts",CAS without structure,TRUE,TRUE,"Amino acids, peptides, and analogues",subclass,subset,medium,NA,NA,FALSE
"[7-hydroxy-8-[(4-sulpho-1-naphthyl)azo]naphthalene-1,3-disulphonato(3-)]aluminium",CAS without structure,TRUE,FALSE,NA,NA,NA,high,NA,NA,FALSE
mono[2-(dimethylamino)ethyl]monohydrogen-2-(hexadec-2-enyl)butanedioate and/or mono[2-(dimethylamino)ethyl]monohydrogen-3-(hexadec-2-enyl)butanedioate,CAS without structure,TRUE,FALSE,NA,NA,NA,high,NA,NA,FALSE
"4,4'-Isopropylidenediphenol, polymer with 1-chloro-2,3-epoxypropane, propane-1,2-diol acrylate and succinic anhydride",CAS without structure,TRUE,FALSE,NA,NA,NA,high,NA,NA,FALSE
RTD-68,Unclassified,TRUE,FALSE,NA,NA,NA,high,NA,NA,FALSE
"Calcium 2,5-dichloro-4-(4-((5-chloro-4-methyl-2-sulfonatophenyl)azo)-5-hydroxy-3-methylpyrazol-1-yl)benzenesulfonate",CAS without structure,TRUE,FALSE,NA,NA,NA,high,NA,NA,FALSE
"(R)-(3-bromo-2,5-dichlorophenyl)(oxetan-3-yl)methanol",CAS without structure,TRUE,FALSE,NA,NA,NA,high,NA,NA,FALSE
"N-C16-18-alkyl-(evennumbered, C18 unsaturated) trimethylpropane-1,3-diamine",CAS without structure,TRUE,TRUE,Amines,subclass,subset,medium,NA,NA,FALSE
Tetrabismuth triorthosilicate,CAS without structure,TRUE,FALSE,NA,NA,NA,high,NA,NA,FALSE
Amorphous carbon and silicon dioxide recovered from two-stage pyrolysis of spent tyres,Unclassified,TRUE,FALSE,NA,NA,NA,high,NA,NA,FALSE
Non-graphitic carbon fibre,Substance group,TRUE,FALSE,NA,NA,NA,high,NA,NA,FALSE
Reaction products of benzenesulphonyl chloride and diethylamine and formic acid and prop-2-yn-1-ol and sodium hydroxide,Unclassified,TRUE,FALSE,NA,NA,NA,high,NA,NA,FALSE
"Ethanesulfonic acid, 2-(methylamino)-, N-coco acyl derivs., sodium salts",CAS without structure,TRUE,TRUE,Fatty amides,subclass,subset,medium,NA,NA,FALSE
"Benzenesulfonic acid, C10-60-alkyl derivs., barium salts",CAS without structure,TRUE,TRUE,Organic metal salts,class,subset,medium,NA,NA,FALSE
"Amines, bis (hydrated tallow alkyl)methyl tetrakis(pentafluorophenyl)borate",CAS without structure,TRUE,TRUE,Tertiary amines,direct_parent,subset,low,NA,NA,FALSE
CDU-5-F,Unclassified,TRUE,FALSE,NA,NA,NA,high,NA,NA,FALSE
"Fatty acids C16-18 (even numbered), mono and di esters with Sucrose",Unclassified,TRUE,TRUE,Fatty acid esters,subclass,subset,medium,NA,NA,FALSE
SDC 1-0487,Unclassified,TRUE,FALSE,NA,NA,NA,high,NA,NA,FALSE
Phlebiopsis gigantea strains VRA 1985 and VRA 1986,Unclassified,TRUE,NA,NA,NA,NA,low,NA,NA,FALSE
ACRYLATE ORTHO ESTER,Unclassified,TRUE,TRUE,Orthocarboxylic acid derivatives,class,subset,medium,NA,NA,FALSE
"1,3-Propanediol, 2,2-dimethyl-, C5-9 carboxylates",CAS without structure,TRUE,TRUE,Carboxylic acid esters,direct_parent,subset,high,NA,NA,FALSE
"Reaction products of diazotised 5,5’-methylenedianthranilic acid, coupled with resorcinol, subsequently coupled with diazotised 4-aminobenzene-1,3-disulfonic acid, chelated with copper sulphate, sodium salt",Unclassified,TRUE,FALSE,NA,NA,NA,high,NA,NA,FALSE
"Slags, granulated, resulting from plasma-enhanced gasification of non-hazardous municipal waste",Unclassified,TRUE,FALSE,NA,NA,NA,high,NA,NA,FALSE
"Leach of products of roasting of ""slags, steelmaking, vanadium""",Unclassified,TRUE,FALSE,NA,NA,NA,high,NA,NA,FALSE
DPL 610201,Unclassified,TRUE,FALSE,NA,NA,NA,high,NA,NA,FALSE
polycyclopentadiene,CAS without structure,TRUE,TRUE,Polycyclic hydrocarbons,class,subset,medium,NA,NA,FALSE
"Lyase, pectate",CAS without structure,TRUE,FALSE,NA,NA,NA,high,NA,NA,FALSE
"cis-N-hydroxy-3-[methyl(1H-pyrrolo[2,3-d]pyrimidin- 4-yl)amino]cyclobutanecarboxamide",Unclassified,TRUE,FALSE,NA,NA,NA,high,NA,NA,FALSE
"tall oil, sodium salt",CAS without structure,TRUE,FALSE,NA,NA,NA,medium,NA,NA,FALSE
CH4062,Unclassified,TRUE,FALSE,NA,NA,NA,high,NA,NA,FALSE
Pyrolysis paraffinic/olefinic oil from mixed waste plastics,Unclassified,TRUE,TRUE,Hydrocarbons,superclass,subset,medium,NA,NA,FALSE
"poly-(methyl methacrylate)-co-(butylmethacrylate)-co-(4-acryloxybutyl-isopropenyl-α,α-dimethylbenzyl carbamate)-co-(maleicanhydride)",Unclassified,TRUE,FALSE,NA,NA,NA,high,NA,NA,FALSE
ENPTTA,Unclassified,TRUE,FALSE,NA,NA,NA,low,NA,NA,FALSE
"Reaction products of C16-18 (even numbered), C18 unsaturated alkylamines with C10-13 alkylbenzenesulfonic acid",Unclassified,TRUE,TRUE,Organic salts,superclass,subset,medium,NA,NA,FALSE
"Oils, fish, oxidized, bisulfited, sodium salts",CAS without structure,TRUE,FALSE,NA,NA,NA,medium,NA,NA,FALSE
"Tall Oil Fatty Acids, compounds with 2-(2-aminoethoxy) ethanol",Unclassified,TRUE,TRUE,Fatty acids and conjugates,subclass,subset,medium,NA,NA,FALSE
"Bismuth, refinery lead chloride residues",CAS without structure,TRUE,FALSE,NA,NA,NA,high,NA,NA,FALSE
BMI-4,Unclassified,TRUE,FALSE,NA,NA,NA,medium,NA,NA,FALSE
"Trans-esterification product of castor oil and 2-ethyl-2-(hydroxymethyl)propane-1,3-diol",CAS without structure,TRUE,FALSE,NA,NA,NA,medium,NA,NA,FALSE
myo-inositol-hexakisphosphate 3-phosphohydrolase,CAS without structure,TRUE,FALSE,NA,NA,NA,high,NA,NA,FALSE
"Amines, C12-18(even numbered)-alkyldimethyl, N-oxides",CAS without structure,TRUE,TRUE,Long-chain alkyl amine oxides,direct_parent,subset,high,NA,NA,FALSE
"5-sulfoisophthalic acid, salts",Unclassified,TRUE,TRUE,Organic sulfonic acids and derivatives,superclass,subset,medium,NA,NA,FALSE
"2,2'-(C16-18 (evennumbered, C18 unsaturated) alkyl imino) diethanol",CAS without structure,TRUE,TRUE,Tertiary amines,subclass,subset,medium,NA,NA,FALSE
"Ethanol, 2,2'-[1,2-ethanediylbis(oxy)]bis-, reaction products with 3-(triethoxysilyl)-1-propanamine",CAS without structure,TRUE,FALSE,NA,NA,NA,medium,NA,NA,FALSE
catena-((μ4-sulfato)-(μ2-glycinato)-manganese,Unclassified,TRUE,FALSE,NA,NA,NA,high,NA,NA,FALSE
"Pyrolysis Products|Aromatic hydrocarbons, C<sub>20-28</sub>, polycyclic, mixed coal-tar pitch-polyethylene pyrolysis-derived|[A complex combination of hydrocarbons obtained from mixed coal tar pitch-polyethylene pyrolysis. Composed primarily of polycyclic",Mixture,TRUE,TRUE,Aromatic hydrocarbons,class,subset,medium,NA,NA,FALSE
"Phosphoric acid, C16-18-branched and linear alkyl esters, potassium salts",CAS without structure,TRUE,TRUE,Organic phosphoric acids and derivatives,superclass,subset,medium,NA,NA,FALSE
Yellow JGW 743 REG,Unclassified,TRUE,FALSE,NA,NA,NA,high,NA,NA,FALSE
Plant oils / Pinus oil,Unclassified,TRUE,FALSE,NA,NA,NA,high,NA,NA,FALSE
"rosin, ester with pentaerythritol",CAS without structure,TRUE,FALSE,NA,NA,NA,high,NA,NA,FALSE
Trimethylolpropane and its reaction products with methyloxirane,Unclassified,TRUE,TRUE,Alcohols and polyols,subclass,subset,medium,NA,NA,FALSE
2-fluoro-4-(4-butylphenyl)-phenyl boronic acid,Unclassified,TRUE,FALSE,NA,NA,NA,high,NA,NA,FALSE
"trioctyltin compounds, with the exception of those specified elsewhere in this Annex",Unclassified,TRUE,TRUE,Triorganotin compounds,subclass,subset,high,NA,NA,FALSE
"2-({2-[4-(2,4,5-trimethylhexan-3-yl)phenoxy]ethoxy}methyl)oxirane",Unclassified,TRUE,FALSE,NA,NA,NA,high,NA,NA,FALSE
"Fatty acids, C14-22, ethylene esters, bisulfited, sodium salts",CAS without structure,TRUE,TRUE,Fatty acid esters,subclass,subset,medium,NA,NA,FALSE
"Phosphorodithioic acid, mixed O,O-bis(sec-Bu and 1,3-dimethylbutyl) esters, zinc salts",CAS without structure,TRUE,TRUE,"Dithiophosphate S,S-diesters",subclass,subset,medium,NA,NA,FALSE
"Fatty acids, C14-18 and C16-18-unsatd., zinc salts",CAS without structure,TRUE,TRUE,Fatty acids and conjugates,subclass,subset,medium,NA,NA,FALSE
"(5S)-3-(3,5-difluorophenyl)-5-vinyl-4,5-dihydro-1,2-oxazole-5-carboxylic acid",CAS without structure,TRUE,FALSE,NA,NA,NA,high,NA,NA,FALSE
"reaction products of 1 mole of Benzenesulfonic acid, 4-C10-13-sec-alkyl derivs and 1 mole of cyclohexylamine",CAS without structure,TRUE,TRUE,Benzenesulfonic acids and derivatives,subclass,subset,medium,NA,NA,FALSE
"Trichoderma asperellum (formerly T. harzianum) strains ICC012, Trichoderma asperellum (formerly T. viride) T-25 and Trichoderma asperellum (formerly T. viride) TV-1",Unclassified,TRUE,NA,NA,NA,NA,low,NA,NA,FALSE
"Hexanoic acid, dimethyl-, lead(2+) salt, basic",CAS without structure,TRUE,FALSE,NA,NA,NA,medium,NA,NA,FALSE
2-(2-methoxyphenoxy)ethyl 4-toluenesulfonate,Unclassified,TRUE,FALSE,NA,NA,NA,high,NA,NA,FALSE
SUBSTANCE S123923,Unclassified,TRUE,FALSE,NA,NA,NA,high,NA,NA,FALSE
hydrolysed starch,CAS without structure,TRUE,TRUE,Polysaccharides,class,subset,medium,NA,NA,FALSE
"Alkanes, C10-13-iso-",CAS without structure,TRUE,TRUE,Branched alkanes,direct_parent,subset,high,NA,NA,FALSE
X645 INTERMEDIATE,Unclassified,TRUE,FALSE,NA,NA,NA,high,NA,NA,FALSE
"UK-385,204",Unclassified,TRUE,FALSE,NA,NA,NA,high,NA,NA,FALSE
"Amides, C16-18 (even-numbered), N-(hydroxyethyl)",Unclassified,TRUE,TRUE,Fatty amides,subclass,subset,high,NA,NA,FALSE
(2-(1-Chlorocyclopropyl)-3-(2-chlorophenyl)propyl)hydrazine,Unclassified,TRUE,FALSE,NA,NA,NA,high,NA,NA,FALSE
B-21588,Unclassified,TRUE,FALSE,NA,NA,NA,high,NA,NA,FALSE
Milk albumin,Unclassified,TRUE,FALSE,NA,NA,NA,high,NA,NA,FALSE
"Rosine Gum, hydrogenated and ammoniated",CAS without structure,TRUE,FALSE,NA,NA,NA,high,NA,NA,FALSE
DEMNUM,Unclassified,TRUE,FALSE,NA,NA,NA,high,NA,NA,FALSE
"Formaldehyde, reaction products with ethylenediamine",CAS without structure,TRUE,TRUE,"Amino acids, peptides, and analogues",subclass,subset,low,NA,NA,FALSE
C.I. REACTIVE BLACK 47,Unclassified,TRUE,FALSE,NA,NA,NA,high,NA,NA,FALSE
"polymers of butyl, ethyl and methyl acrylates and methyl methacrylates",Unclassified,TRUE,TRUE,Organic Polymers,superclass,subset,medium,NA,NA,FALSE
"Phosphoric acid, C8-10-alkyl esters",CAS without structure,TRUE,TRUE,Alkyl phosphates,direct_parent,subset,high,NA,NA,FALSE
"Low boiling point naphtha|Gasoline, vapor-recovery|[A complex combination of hydrocarbons separated from the gases from vapor recovery systems by cooling. It consists of hydrocarbons having carbon numbers predominantly in the range of C<sub>4</sub> throu",Mixture,TRUE,TRUE,Hydrocarbons,superclass,subset,medium,NA,NA,FALSE
"(E)-2-(1-Benzyl-1,2,3,6-tetrahydro-pyridin-4-ylmethylene)-5,6-dimethoxy-indan-1-one hydrochloride",Unclassified,TRUE,FALSE,NA,NA,NA,high,NA,NA,FALSE
"Cinnamomum cassia, ext.",CAS without structure,TRUE,FALSE,NA,NA,NA,high,NA,NA,FALSE
"7-propyl-3,4-dihydro-2H-1,5-benzodioxepin-3-one",Unclassified,TRUE,FALSE,NA,NA,NA,high,NA,NA,FALSE
polyethyleneglycol sorbitan tristearate,CAS without structure,TRUE,FALSE,NA,NA,NA,medium,NA,NA,FALSE
ceresin,CAS without structure,TRUE,FALSE,NA,NA,NA,medium,NA,NA,FALSE
"L-Glutamic acid, N-coco acyl derivs., disodium salts",CAS without structure,TRUE,TRUE,N-acyl-alpha amino acids and derivatives,direct_parent,subset,medium,NA,NA,FALSE
"Trisodium 5,6-dihydroxy-1,2,4-benzenetrisulfonate",Unclassified,TRUE,FALSE,NA,NA,NA,high,NA,NA,FALSE
493 F,Unclassified,TRUE,FALSE,NA,NA,NA,high,NA,NA,FALSE
sodium 5-[(2S)-2-amino-2-carboxyethyl]-2-hydroxyphenyl hydrogen phosphate,Unclassified,TRUE,FALSE,NA,NA,NA,high,NA,NA,FALSE
"Calcination products of BaCO3, SrCO3, MgO, Al2O3, Eu2O3 and MnCO3",Unclassified,TRUE,FALSE,NA,NA,NA,high,NA,NA,FALSE
"Glycerides, palm-oil mono- and di-, hydrogenated",CAS without structure,TRUE,TRUE,Diacylglycerols,direct_parent,subset,medium,NA,NA,FALSE
T-3811A15,Unclassified,TRUE,FALSE,NA,NA,NA,high,NA,NA,FALSE
"Heptanoic acid, mixed tetraesters with 2-methylbutanoic acid, pentaerythritol, 3,5,5-trimethylhexanoic acid and valeric acid",Unclassified,TRUE,TRUE,Carboxylic acid esters,direct_parent,subset,medium,NA,NA,FALSE
(1S)-1-Phenylethanaminium (2S)-2-(2-fluorobiphenyl-4-yl)propanoate,Unclassified,TRUE,FALSE,NA,NA,NA,high,NA,NA,FALSE
2-Chloro-1-(1-chlorocyclopropyl)-1-ethanone,Unclassified,TRUE,FALSE,NA,NA,NA,high,NA,NA,FALSE
sodium 5-(2-carboxyphenylazo)-6-hydroxynaphthalene-2-sulfonate,Unclassified,TRUE,FALSE,NA,NA,NA,high,NA,NA,FALSE
"N-[4-({[2-amino-5-methyl-4-oxo-1,4,5,6,7,8-hexahydroheteropolycycl-6-l]methyl}amino)benzoyl]glutamic acid",Unclassified,TRUE,FALSE,NA,NA,NA,high,NA,NA,FALSE
Hatcol 1140,Unclassified,TRUE,FALSE,NA,NA,NA,high,NA,NA,FALSE
"Copolymer of hexanedioic acid and 1,5-pentanediol",CAS without structure,TRUE,TRUE,Organic Polymers,superclass,subset,medium,NA,NA,FALSE
"Benzoic acid, 4-methyl-, lead(2+) salt",CAS without structure,TRUE,FALSE,NA,NA,NA,high,NA,NA,FALSE
"Benzene, mono-C10-13-alkyl derivs., fractionation bottoms, heavy ends, sulfonated",CAS without structure,TRUE,TRUE,Organic sulfonic acids and derivatives,superclass,subset,medium,NA,NA,FALSE
"Reaction products of n-octanol and acrylic acid, first distillation pitch",Unclassified,TRUE,FALSE,NA,NA,NA,medium,NA,NA,FALSE
"Benzenamine, 4-[(4-aminophenyl)(4-imino-2,5-cyclohexadien-1-ylidene)methyl]-, N-Me derivatives, molybdatesilicates",CAS without structure,TRUE,TRUE,Transition metal salts,class,subset,low,NA,NA,FALSE
"Acetophenone, hydrazone, compd. with mercury chloride (HgCl2) (1:1)",CAS without structure,TRUE,FALSE,NA,NA,NA,high,NA,NA,FALSE
"neodecanoic acid, salts",Unclassified,TRUE,TRUE,Carboxylic acid salts,direct_parent,subset,medium,NA,NA,FALSE
"Alcohols, C12-14 (even numbered), ethoxylated (<=2.5 moles EO), sulfated, monoisopropanolamine salt",CAS without structure,TRUE,TRUE,Organic sulfate salts,superclass,subset,medium,NA,NA,FALSE
"Reaction products of diazotised 4-amino-5-hydroxynaphthalene-2,7-disulfonic acid coupled with 1,3-benzendiol, subsequently coupled with 4-aminonaphthalene-1-sulfonic acid, subsequently coupled with diazotised 4-nitrobenzenamine, sodium salts",Unclassified,TRUE,FALSE,NA,NA,NA,medium,NA,NA,FALSE
"1,4-Benzenediamine, N,N'-mixed Ph and tolyl and xylyl derivs.",CAS without structure,TRUE,TRUE,Phenylenediamines,subclass,subset,medium,NA,NA,FALSE
DABCO XE-8442,Unclassified,TRUE,FALSE,NA,NA,NA,high,NA,NA,FALSE
PHOTOSOL 7-577,Unclassified,TRUE,FALSE,NA,NA,NA,high,NA,NA,FALSE
4-(4'-Trifluoromethylphenyl)benzaldehyde,Unclassified,TRUE,FALSE,NA,NA,NA,high,NA,NA,FALSE
"(1R,5R)-Spiro[bicyclo[3.1.0]hexane-2,2′-[1,3]dithiolan]-3-one",CAS without structure,TRUE,FALSE,NA,NA,NA,high,NA,NA,FALSE
CHEMICAL 10057031,Unclassified,TRUE,FALSE,NA,NA,NA,high,NA,NA,FALSE
"lithium sodium 4,4',4''-(nitrilotris(ethane-2,1-diylimino(6-chloro-1,3,5-triazine-4,2-diyl)imino))tris(5-hydroxy-6-(1-sulfonaphthalene-2-ylazo)-2,7-naphthalene)disulfonate",CAS without structure,TRUE,FALSE,NA,NA,NA,high,NA,NA,FALSE
Extract of Boswellia serrata (Burseraceae) obtained from exudate by solvent extraction,Unclassified,TRUE,FALSE,NA,NA,NA,high,NA,NA,FALSE
polybutene,CAS without structure,TRUE,TRUE,Organic Polymers,superclass,subset,medium,NA,NA,FALSE
"tri-mu-oxo-bis[(octahydro-1,4,7-trimethyl-1H-1,4,7- triazonine-k3 N,N',N'')Manganese(VI)(1+)] bisethanoate(1-)",Unclassified,TRUE,FALSE,NA,NA,NA,high,NA,NA,FALSE
"Acetic acid, mercapto-, C10-16-alkyl esters",CAS without structure,TRUE,TRUE,Carbothioic S-esters,class,subset,medium,NA,NA,FALSE
propylhydroxymethylcellulose,Unclassified,TRUE,FALSE,NA,NA,NA,medium,NA,NA,FALSE
4-benzyl-1-(2-hydroxymethylphenyl)-2-phenylpiperazine-fumarate,CAS without structure,TRUE,FALSE,NA,NA,NA,high,NA,NA,FALSE
"Baseoil - unspecified|Hydrocarbons, C<sub>37-65</sub>, hydrotreated deasphalted vacuum distn. residues",CAS without structure,TRUE,TRUE,Hydrocarbons,superclass,subset,medium,NA,NA,FALSE
Absolute of Cistus ladaniferus (Cistaceae) obtained from labdanum resinoid by ethanol extraction.,Unclassified,TRUE,FALSE,NA,NA,NA,high,NA,NA,FALSE
Alcoba,Unclassified,TRUE,FALSE,NA,NA,NA,medium,NA,NA,FALSE
AOCO,Unclassified,TRUE,FALSE,NA,NA,NA,low,NA,NA,FALSE
"Decanoic acid, mixed esters with heptanoic acid, octanoic acid and pentaerythritol",CAS without structure,TRUE,TRUE,Carboxylic acid esters,direct_parent,subset,medium,NA,NA,FALSE
"Reaction products of cyclododeca-1,5,9-triene and dinitrogen monoxide, distillation overheads",Unclassified,TRUE,FALSE,NA,NA,NA,high,NA,NA,FALSE
"A mixture of Phenol, 2-[[[3-(octyloxy)propyl]imino]methyl]-and Phenol, 2-[[[3-(decyloxy)propyl]imino]methyl]-",Mixture,TRUE,TRUE,Aldimines,subclass,subset,medium,NA,NA,FALSE
SB-217063,Unclassified,TRUE,FALSE,NA,NA,NA,high,NA,NA,FALSE
"oxirane, methyl-,polymer with oxirane, mono(3,5,5-trimethylhexyl) ether",CAS without structure,TRUE,TRUE,Organic Polymers,superclass,subset,medium,NA,NA,FALSE
"Lead bullion, Platinum Group Metals rich",Unclassified,TRUE,FALSE,NA,NA,NA,high,NA,NA,FALSE
"Resin acids and Rosin acids, Me esters",CAS without structure,TRUE,TRUE,Fatty acid methyl esters,subclass,subset,low,NA,NA,FALSE
"2-Propenoic acid, methyl ester, reaction products with 2-ethyl-1-hexanamine and sodium hydroxide",CAS without structure,TRUE,TRUE,Carboxylic acids and derivatives,class,broader,low,NA,NA,FALSE
CuSn4Zn2PS,Unclassified,TRUE,FALSE,NA,NA,NA,medium,NA,NA,FALSE
"3-allyloxy-2-hydroxypropyl [3-(4-methoxynaphthalene-1,8-dicarboximido) propyl] dimethylammonium chloride",Unclassified,TRUE,FALSE,NA,NA,NA,high,NA,NA,FALSE
"Chromium, 1-[[2-hydroxy-4(or 5)-nitrophenyl]azo]-2-naphthalenol complex",CAS without structure,TRUE,FALSE,NA,NA,NA,medium,NA,NA,FALSE
"sodium potassium (E)-3-((5-chloro-2-hydroxyphenyl)diazenyl)-4,5-dihydroxynaphthalene-2,7-disulfonate",Unclassified,TRUE,FALSE,NA,NA,NA,high,NA,NA,FALSE
RMS-018,Unclassified,TRUE,FALSE,NA,NA,NA,high,NA,NA,FALSE
BSC-524,Unclassified,TRUE,FALSE,NA,NA,NA,high,NA,NA,FALSE
"L-Leucine, reaction products with 1,4:3,6-dianhydro-D-glucitol, iso-Pr alc. and octanoyl chloride",Unclassified,TRUE,TRUE,Carboxylic acid esters,direct_parent,subset,low,NA,NA,FALSE
organopolysiloxanes with vinyl groups,Unclassified,TRUE,TRUE,Organosilicon compounds,subclass,subset,medium,NA,NA,FALSE
propan-2-yl 2-({[(propan-2-yl)oxy]carbonyl}oxy)benzoyl carbonate,Unclassified,TRUE,FALSE,NA,NA,NA,high,NA,NA,FALSE
Sodium 4-(2-((4-morpholinophenyl)amino)pyrimidin-4-yl)benzoate,Unclassified,TRUE,FALSE,NA,NA,NA,high,NA,NA,FALSE
Resinoid of Boswellia Carterii (Burseraceae) obtained from exudate by hexane extraction,Unclassified,TRUE,FALSE,NA,NA,NA,high,NA,NA,FALSE
"Pyridinium, 4-[2-[[(6R,7R)-2-carboxy-7-[[(2Z)-(ethoxyimino)[5-(phosphonoamino)-1,2,4-thiadiazolidin-3-yl]acetyl]amino]-8-oxo-5-thia-1-azabicyclo[4.2.0]oct-2-en-3-yl]thio]-4-thiazolyl]-1-methyl-, inner salt, disodium salt and ethanol",Unclassified,TRUE,FALSE,NA,NA,NA,high,NA,NA,FALSE
TN-105,CAS without structure,TRUE,FALSE,NA,NA,NA,medium,NA,NA,FALSE
"Fatty acids, C16-22, lithium salts",CAS without structure,TRUE,TRUE,Organic alkali metal salts,subclass,subset,high,NA,NA,FALSE
CHESTER 306,Unclassified,TRUE,FALSE,NA,NA,NA,high,NA,NA,FALSE
AE-18,Unclassified,TRUE,FALSE,NA,NA,NA,high,NA,NA,FALSE
"Terpene and terpenoids, sunflower (Helianthus annuus) oil",CAS without structure,TRUE,FALSE,NA,NA,NA,high,NA,NA,FALSE
"pentaerythritol, mixed esters with C7 – C9 fatty acids",CAS without structure,TRUE,TRUE,Wax esters,direct_parent,subset,low,NA,NA,FALSE
Alicyclediyldimethanol and [(hydroxymethyl)alicyclic]methyl (hydroxymethyl)alicyclecarboxylate and [oxybis(methylenealicyclediyl)]dimethanol,Unclassified,TRUE,TRUE,Alcohols and polyols,subclass,subset,low,NA,NA,FALSE
"Reaction products of coconut oil with polyethyleneglycol and 2-ethyl-2-(hydroxymethyl)propane-1,3-diol",CAS without structure,TRUE,FALSE,NA,NA,NA,medium,NA,NA,FALSE
"(2S,4R)-1-benzoyl-4-hydroxy-pyrrolydin-2-carboxylic acid methyl ester",Unclassified,TRUE,FALSE,NA,NA,NA,high,NA,NA,FALSE
"Hydrogen bis[2,4-dihydro-4-[(2-hydroxy-5-nitrophenyl)azo]-5-methyl-2-phenyl-3H-pyrazol-3-onato(2-)]chromate(1-)",CAS without structure,TRUE,FALSE,NA,NA,NA,high,NA,NA,FALSE
"XB 5935, DRY",Unclassified,TRUE,FALSE,NA,NA,NA,high,NA,NA,FALSE
Condensation products of phenol and salicylaldehyde,Unclassified,TRUE,TRUE,Phenols,class,subset,medium,NA,NA,FALSE
Yellow RN 1329,Unclassified,TRUE,FALSE,NA,NA,NA,medium,NA,NA,FALSE
"Cobalt, borate 2-ethylhexanoate complexes",CAS without structure,TRUE,TRUE,Organic metal salts,class,subset,low,NA,NA,FALSE
cresols,Unclassified,TRUE,TRUE,Cresols,subclass,exact,high,Cresols,0.9999999999998264,TRUE
"Resin acids and Rosin acids, fumarated, compds. with triethanolamine",CAS without structure,TRUE,FALSE,NA,NA,NA,medium,NA,NA,FALSE
α-Cyclodextrin-2-hydroxypropylether,CAS without structure,TRUE,FALSE,NA,NA,NA,high,NA,NA,FALSE
Metal oxide sulfide,Unclassified,TRUE,TRUE,Inorganic oxides,subclass,broader,low,Metalloid sulfides,0.8117843532279151,FALSE
A mixture of glucosylated 3-(2-hydroxyethoxy)propyl-heptamethyl tri- and octamethyltetrasiloxanes,Mixture,TRUE,TRUE,Organosilicon compounds,subclass,subset,medium,NA,NA,FALSE
Concrete obtained from lichen of Evernia prunastri(Parmeliaceae) by extraction with a mixture of polar and apolar solvents,Unclassified,TRUE,FALSE,NA,NA,NA,high,NA,NA,FALSE
"Solvent naphtha (coal), xylene-styrene cut",Mixture,TRUE,FALSE,NA,NA,NA,high,NA,NA,FALSE
Thermomycolin,CAS without structure,TRUE,NA,NA,NA,NA,low,NA,NA,FALSE
"(2S,3S,5S)-5-amino-2-(dibenzylamino)-1,6-diphenylhexan-3-ol succinate",Unclassified,TRUE,FALSE,NA,NA,NA,high,NA,NA,FALSE
"Condensation products of triethanolamine with addition products of fatty acids, C18 (unsaturated) alkyl with maleic anhydride",Unclassified,TRUE,TRUE,Carboxylic acid derivatives,subclass,broader,low,NA,NA,FALSE
"1,2-Naphtoquinonediazide-5-sulfonylchloride (or sulfonic acid) esters with 4,6-bis(1-(4-hydroxyphenyl)-1-methylethyl)-1,3-dihydroxybenzene",Unclassified,TRUE,TRUE,Organic sulfonic acids and derivatives,superclass,subset,medium,NA,NA,FALSE
"Esterification products of Grape seeds, Vitis vinifera L. (Vitaceae), extract with hexadecanoyl chloride",Unclassified,TRUE,FALSE,NA,NA,NA,medium,NA,NA,FALSE
"Reaction products of methacrylic acid and 2,2'-[(1-methylethylidene)bis(4,1-phenyleneoxymethylene)]bisoxirane",Unclassified,TRUE,TRUE,Carboxylic acid esters,direct_parent,subset,medium,NA,NA,FALSE
"6,6'-bis(diazo-5,5',6,6'-tetrahydro-5,5'-dioxo)[methylene-bis(5-(6-diazo-5,6-dihydro-5-oxo-1-naphthylsulphonyloxy)-6-methyl-2-phenylene]di(naphthalene-1-sulfonate)",Unclassified,TRUE,FALSE,NA,NA,NA,high,NA,NA,FALSE
"Octadecanoic acid, nickel salt",CAS without structure,TRUE,FALSE,NA,NA,NA,high,NA,NA,FALSE
"Resin acids and Rosin acids, hydrogenated, esters with pentaerythritol",CAS without structure,TRUE,TRUE,Carboxylic acid esters,direct_parent,subset,medium,NA,NA,FALSE
"2,2-spirobi(6-hydroxy-4,4,7-trimethylchromane)",Unclassified,TRUE,FALSE,NA,NA,NA,high,NA,NA,FALSE
"2-propenoic acid, homopolymer, ester with α-methyl-ω-hydroxypoly(oxy-1,2-ethanediyl), graft",CAS without structure,TRUE,TRUE,Organic Polymers,superclass,subset,medium,NA,NA,FALSE
"Iron ores, agglomerates",CAS without structure,TRUE,FALSE,NA,NA,NA,high,NA,NA,FALSE
"[29H,31H-phthalocyaninetrisulphonyl trichloridato(2-)-N29,N30,N31,N32]copper",CAS without structure,TRUE,FALSE,NA,NA,NA,high,NA,NA,FALSE
"fermentation residues of molasses, yeast extract, sucrose and ammonia with bacillus subtilis",Unclassified,TRUE,FALSE,NA,NA,NA,high,NA,NA,FALSE
"mixed lithium sodium 7-{[2-({5-cyano-4-methyl-2,6-bis[(4-sulfonatophenyl)amino]pyridin-3-yl}diazenyl)-4-(2-naphthyl)-1,3-thiazol-5-yl]diazenyl}naphthalene-1,3,5-trisulfonate",CAS without structure,TRUE,FALSE,NA,NA,NA,high,NA,NA,FALSE
"Quaternary ammonium compounds, C18 and C18 (unsaturated) alkyltrimethyl, chlorides",Unclassified,TRUE,TRUE,Quaternary ammonium salts,subclass,subset,high,NA,NA,FALSE
bis(branched-alkyl) 2-{[(1-phenylethyl)amino]methyl}alkanedioate,Unclassified,TRUE,TRUE,Carboxylic acid esters,direct_parent,subset,medium,NA,NA,FALSE
"Reaction products of ε-caprolactam with oligomerisation products of 3-isocyanatomethyl-3,5,5-trimethylcyclohexyl isocyanate, isocyanurate type",Unclassified,TRUE,TRUE,Carboxylic acid amides,direct_parent,subset,low,NA,NA,FALSE
polyglycols,Unclassified,TRUE,TRUE,Polyethylene glycols,direct_parent,broader,medium,NA,NA,FALSE
(D)-2-BROM-3-PHENYLPROPIONSÄURE-ETHYLENDIAMINSALZ,Unclassified,TRUE,FALSE,NA,NA,NA,high,NA,NA,FALSE
"Iron, acetylacetone 6-methyl-2,4-heptanedione complexes",CAS without structure,TRUE,TRUE,Organotransition metal compounds,class,subset,medium,NA,NA,FALSE
"D-Glucopyranoside, methyl, mixed decanoates and octanoates and oleates",Unclassified,TRUE,TRUE,Fatty acid esters,subclass,subset,medium,NA,NA,FALSE
"4-amino-3-[[4-[[[4-[(2,4-diaminophenyl)azo]phenyl]amino]carbonyl]phenyl]azo]-5-hydroxy-6-(phenylazo)naphthalene-2,7-disulphonic acid, sodium salt",CAS without structure,TRUE,FALSE,NA,NA,NA,high,NA,NA,FALSE
rapeseed oil,CAS without structure,TRUE,FALSE,NA,NA,NA,high,NA,NA,FALSE
"Solvate of 5-chloro-N2-[2-isopropoxy-5-methyl-4-(4-piperidinyl)phenyl]-N4-[2-(isopropylsulfonyl) phenyl]-2,4-pyrimidinediamine dihydrochloride with isopropanol (1:1)",Unclassified,TRUE,FALSE,NA,NA,NA,high,NA,NA,FALSE
ethylene copolymers with propylene,Unclassified,TRUE,TRUE,Organic Polymers,superclass,subset,medium,NA,NA,FALSE
FRUCTOPYRIDINE,Unclassified,TRUE,FALSE,NA,NA,NA,medium,NA,NA,FALSE
"Glycerides, C12-18 di- and tri-",CAS without structure,TRUE,TRUE,Triacylglycerols,subclass,broader,medium,NA,NA,FALSE
IMID,Unclassified,TRUE,FALSE,NA,NA,NA,low,NA,NA,FALSE
"potassium (5S)‐3‐(3,5‐difluorophenyl)‐5‐ethenyl‐4,5‐dihydro‐1,2‐oxazole‐5‐carboxylate",CAS without structure,TRUE,FALSE,NA,NA,NA,high,NA,NA,FALSE
COPY CHARGE NY VP 2351,Unclassified,TRUE,FALSE,NA,NA,NA,high,NA,NA,FALSE
"(methacrylic acid, ethyl acrylate, n-butyl acrylate, methyl methacrylate and butadiene) copolymer in nanoform",Unclassified,TRUE,TRUE,Organic Polymers,superclass,subset,medium,NA,NA,FALSE
"Benzenesulfonic acid, C16-24-alkyl derivs.",CAS without structure,TRUE,TRUE,Organic sulfonic acids and derivatives,superclass,subset,high,NA,NA,FALSE
tall oil,CAS without structure,TRUE,FALSE,NA,NA,NA,medium,NA,NA,FALSE
"polyphosphoric acid, copper, sodium, magnesium, calcium, silver and zinc salt",Unclassified,TRUE,TRUE,Inorganic salts,superclass,subset,medium,NA,NA,FALSE
Piributicarb,Unclassified,TRUE,FALSE,NA,NA,NA,high,NA,NA,FALSE
lauryldithiopropionate,Unclassified,TRUE,FALSE,NA,NA,NA,high,NA,NA,FALSE
"5-methylene-4-(p-tolyl)-1,5-dihydro-2H-pyrrol-2-one",CAS without structure,TRUE,FALSE,NA,NA,NA,high,NA,NA,FALSE
phenolformaldehyde resins,CAS without structure,TRUE,TRUE,Organic Polymers,superclass,subset,medium,NA,NA,FALSE
"Commiphora myrrha, ext.",CAS without structure,TRUE,FALSE,NA,NA,NA,high,NA,NA,FALSE
COBRATEC 911 (90%),Unclassified,TRUE,FALSE,NA,NA,NA,high,NA,NA,FALSE
BRUN CROMOPHTAL RBN,Unclassified,TRUE,FALSE,NA,NA,NA,high,NA,NA,FALSE
N-[2-hydroxy-3-(C12-16-alkyloxy)propyl]-N-methyl glycinate,Unclassified,TRUE,TRUE,Amino acids and derivatives,subclass,subset,medium,NA,NA,FALSE
"Epoxides C12-16 (even numbered), reaction product with ethylene glycol",Unclassified,TRUE,TRUE,Epoxides,class,subset,low,NA,NA,FALSE
OEH 6822,Unclassified,TRUE,FALSE,NA,NA,NA,high,NA,NA,FALSE
"S,S-PP",Unclassified,TRUE,FALSE,NA,NA,NA,low,NA,NA,FALSE
Plant oils / Olive oil,Unclassified,TRUE,FALSE,NA,NA,NA,high,NA,NA,FALSE
"Sophorolipids: fermentation products of glucose and fatty acids, C18 (unsaturated), glycerol esters with yeast Starmerella Bombicola, hydrolysed",Unclassified,TRUE,TRUE,Sophorolipids,subclass,subset,high,NA,NA,FALSE
"1H-Imidazole-1-ethanol, 4,5-dihydro-, 2-norcoco alkyl derivs.",CAS without structure,TRUE,TRUE,Azoles,class,subset,medium,NA,NA,FALSE
"1,3-Naphthalenedisulfonic acid, 4-amino-5-hydroxy-, diazotized, coupled with diazotized 2-amino-4,6-dinitrophenol, diazotized 4-amino-5-hydroxy-2,7-naphthalenedisulfonic acid, diazotized 4-amino-3-methylbenzenesulfonic acid, diazotized 4-nitrobenzenamine and resorcinol, sodium salts",CAS without structure,TRUE,FALSE,NA,NA,NA,medium,NA,NA,FALSE
Phenylmercury compounds,Substance group,TRUE,TRUE,Organomercurial compounds,subclass,subset,high,NA,NA,FALSE
"Fermentation product of sucrose and Theaceae Camellia Camellia sinensis leaves with a variable symbiosis of bacteria and yeast, of including bacteria of Acetoacteraceæ Acetobacter and Gluconobacter genus, and yeasts of Saccharomycetaceae family",Unclassified,TRUE,FALSE,NA,NA,NA,high,NA,NA,FALSE
DOW CORNING(R) 4-6025 INT (VINYL SILYL PHOSPHONATE),Unclassified,TRUE,FALSE,NA,NA,NA,high,NA,NA,FALSE
POLYUREA GREASE THICKENER,Unclassified,TRUE,TRUE,Polyureas,class,subset,medium,NA,NA,FALSE
763 FP,Unclassified,TRUE,FALSE,NA,NA,NA,high,NA,NA,FALSE
"(2R,3R,11bR)-3-Isobutyl-9,10-dimethoxy-1,3,4,6,7,11b-hexahydro-2H-pyrido[2,1-a]isoquinolin-2-ol [(1S,4R)-7,7-Dimethyl-2-oxobicyclo[2.2.1]hept-1-yl]methanesulfonic acid",Unclassified,TRUE,FALSE,NA,NA,NA,high,NA,NA,FALSE
"Phosphoric acid, hexadecyl esters, potassium salts with cetyl alcohol and isostearyl isostearate",Unclassified,TRUE,NA,NA,NA,NA,low,NA,NA,FALSE
"Low chlorinated copper, [29H,31Hphthalocyaninato(2-)-N29,N30,N31,N32]-, wherein the number of chlorines is more than or equal to 0 and less than or equal to 7",Unclassified,TRUE,TRUE,Phthalocyanines,subclass,subset,high,NA,NA,FALSE
"Naphthenic acids, mercury salts",CAS without structure,TRUE,TRUE,Organic metal salts,class,subset,medium,NA,NA,FALSE
Yellow LF 6911,Unclassified,TRUE,FALSE,NA,NA,NA,high,NA,NA,FALSE
"Hydrocarbons, C2-4, C3-rich",CAS without structure,TRUE,TRUE,Hydrocarbons,superclass,subset,high,NA,NA,FALSE
"bis(2,2,6,6-tetramethyl-1-(phenylthio)piperidin-4-yl)carbonate",CAS without structure,TRUE,FALSE,NA,NA,NA,high,NA,NA,FALSE
"4,4'-bis(aminocyclohexyl)methane carbamate",CAS without structure,TRUE,FALSE,NA,NA,NA,medium,NA,NA,FALSE
"Hydrocarbons, C4-11, naphtha-cracking, arom.-free",Mixture,TRUE,TRUE,Hydrocarbons,superclass,subset,high,NA,NA,FALSE
Zirconium hydroxysulphate,Unclassified,TRUE,FALSE,NA,NA,NA,high,NA,NA,FALSE
"fatty acid chloride, C12, reaction product with sodium glutamate and sodium hydroxide",Unclassified,TRUE,TRUE,"Amino acids, peptides, and analogues",subclass,subset,medium,NA,NA,FALSE
"Hexasodium 4',4'''-bis(4-sulphonatophenylazo)-1,1''-dihydroxy-6,6''-[(6-morpholino-1,3,5-triazine-2,4-diyl)diimino]bis(naphthalene-2-azobenzene-2',3-disulfonate)",Unclassified,TRUE,FALSE,NA,NA,NA,high,NA,NA,FALSE
"Benzoic acid, 2-hydroxy-, reaction products with formaldehyde, coupled with diazotized 5-amino-8-[[4-[(4-nitro-2-sulfophenyl)amino]phenyl]azo]-2-naphthalenesulfonic acid disodium salt",CAS without structure,TRUE,FALSE,NA,NA,NA,high,NA,NA,FALSE
"Orange, sour, ext.",CAS without structure,TRUE,FALSE,NA,NA,NA,high,NA,NA,FALSE
CuZn35Al1.5Sn,Unclassified,TRUE,FALSE,NA,NA,NA,high,NA,NA,FALSE
"[[N,N',N''-[29H,31H-phthalocyaninetriyltris(sulphonylimino-3,1-phenylene)]tris[3-oxobutyramidato]](2-)-N29,N30,N31,N32]nickel",CAS without structure,TRUE,FALSE,NA,NA,NA,high,NA,NA,FALSE
"C8-10 alkyl dimethyl hydroxyethyl ammoniumchloride (chain < C8: <3 %, chain= C8: 15 %-70 %, chain= C10: 30 %-85 %, chain > C10: <3 %)",Unclassified,TRUE,TRUE,Alkyldimethylbenzylammonium chlorides,subclass,subset,low,NA,NA,FALSE
"Quaternary ammonium compounds, C14-18 (even numbered) and C18 unsaturated-alkyl-hydroxyethyl-dimethyl, chlorides",Unclassified,TRUE,TRUE,Quaternary ammonium salts,subclass,subset,high,NA,NA,FALSE
"Acrylates of reaction products of 1-chloro-2,3-epoxypropane and substituted-Glucitol",Unclassified,TRUE,TRUE,Carboxylic acid esters,direct_parent,subset,medium,NA,NA,FALSE
"Quaternary ammonium compounds, trimethylsoya alkyl, chlorides",CAS without structure,TRUE,TRUE,Quaternary ammonium salts,subclass,subset,high,NA,NA,FALSE
"1,4-Benzenediamine, N,N'-mixed phenyl and tolyl derivatives (BENPAT)",CAS without structure,TRUE,TRUE,P-phenylenediamines,subclass,subset,medium,NA,NA,FALSE
"L-Leucine, N-formyl-, compd. with (2R)-2-amino-3-methoxy-N-(phenylmethyl)propanamide",CAS without structure,TRUE,FALSE,NA,NA,NA,high,NA,NA,FALSE
ISOFOL 20 H,Unclassified,TRUE,FALSE,NA,NA,NA,medium,NA,NA,FALSE
"Fatty acids, C12-18, barium cadmium salts",CAS without structure,TRUE,TRUE,Fatty acids and conjugates,subclass,subset,medium,NA,NA,FALSE
"tripropyltin compounds, with the exception of those specified elsewhere in this Annex",Unclassified,TRUE,TRUE,Triorganotin compounds,subclass,subset,high,NA,NA,FALSE
"Monomethyl-dichloro-diphenyl methane Trade name: Ugilec 121, Ugilec 21",Mixture,TRUE,FALSE,NA,NA,NA,medium,NA,NA,FALSE
"Ashes (residues), cenospheres",CAS without structure,TRUE,FALSE,NA,NA,NA,high,NA,NA,FALSE
SKF 109077,Unclassified,TRUE,FALSE,NA,NA,NA,high,NA,NA,FALSE
TREATED CARBON BLACK 12,Unclassified,TRUE,NA,NA,NA,NA,low,NA,NA,FALSE
C12-14 Alkyl ethoxylate methyloxirane,Unclassified,TRUE,TRUE,Epoxides,class,subset,low,NA,NA,FALSE
QXIE,Unclassified,TRUE,FALSE,NA,NA,NA,high,NA,NA,FALSE
"tetrasodium 5-(4,6-dichloro-5-cyanopyrimidin-2-ylamino)-4-hydroxy-2,3-azodinaphthalene-1,2,5,7-disulphonate",Unclassified,TRUE,FALSE,NA,NA,NA,high,NA,NA,FALSE
"mono-, di- and tri(sec-hexadecyl)naphthalene",Unclassified,TRUE,TRUE,Naphthalenes,class,subset,high,NA,NA,FALSE
"(3-(C20-24-(even numbered)-alkyl-2-enyl)-dihydro-furan-2,5-dion",CAS without structure,TRUE,TRUE,Butenolides,subclass,subset,medium,NA,NA,FALSE
"Arsenenous acid, lutetium(3+) salt",CAS without structure,TRUE,FALSE,NA,NA,NA,high,NA,NA,FALSE
"Formaldehyde, oligomeric reaction products with diethylenetriamine and phenol",CAS without structure,TRUE,TRUE,Phenols,class,subset,low,NA,NA,FALSE
"Anthracene oil, anthracene paste, anthracene fraction",CAS without structure,TRUE,FALSE,NA,NA,NA,high,NA,NA,FALSE
"Slimes and Sludges, lead acetate manuf.",CAS without structure,TRUE,FALSE,NA,NA,NA,high,NA,NA,FALSE
15CPT TOLUENE SOLVATE,Unclassified,TRUE,FALSE,NA,NA,NA,high,NA,NA,FALSE
"Glycerides, C14-18 mono- and di-",CAS without structure,TRUE,TRUE,Glycerolipids,class,subset,high,NA,NA,FALSE
"titanium nitride, nanoparticles",Unclassified,TRUE,TRUE,Inorganic nitrides,class,subset,medium,NA,NA,FALSE
"Skin sensitising, irritative and/or corrosive substances",Unclassified,TRUE,NA,NA,NA,NA,low,NA,NA,FALSE
C.I. REACTIVE BLUE 227,Unclassified,TRUE,FALSE,NA,NA,NA,high,NA,NA,FALSE
alumane hydrate iron magnesium dihydride manganese,CAS without structure,TRUE,FALSE,NA,NA,NA,medium,NA,NA,FALSE
"Alkanes, C16-20-iso-",CAS without structure,TRUE,TRUE,Branched alkanes,direct_parent,subset,high,NA,NA,FALSE
n-Butyoxycarbonyl-O-n-butyl thionocarbamate,Unclassified,TRUE,NA,NA,NA,NA,low,NA,NA,FALSE
"Lead, C4-10-fatty acid naphthenate complexes",CAS without structure,TRUE,NA,NA,NA,NA,low,NA,NA,FALSE
B 19441 TEA,Unclassified,TRUE,FALSE,NA,NA,NA,medium,NA,NA,FALSE
"N-(C16-18, C18 unsatd alkyl)-N-methyl(C16-18, C18 unsatd alkyl)-1-amine",CAS without structure,TRUE,TRUE,Tertiary amines,subclass,subset,high,NA,NA,FALSE
Bacillus subtilis strain IBE 711,Unclassified,TRUE,FALSE,NA,NA,NA,high,NA,NA,FALSE
W-1,Unclassified,TRUE,FALSE,NA,NA,NA,medium,NA,NA,FALSE
"Nickel, isononanoate naphthenate complexes",CAS without structure,TRUE,TRUE,Transition metal salts,class,subset,medium,NA,NA,FALSE
Siparuna Guianensis extract,CAS without structure,TRUE,FALSE,NA,NA,NA,high,NA,NA,FALSE
EMBC,Unclassified,TRUE,FALSE,NA,NA,NA,low,NA,NA,FALSE
"Asphalt, sulfonated, sodium salt",CAS without structure,TRUE,FALSE,NA,NA,NA,medium,NA,NA,FALSE
"Soybean oil, oligomerized",Unclassified,TRUE,NA,NA,NA,NA,low,NA,NA,FALSE
"polyethylene oxide (8-14), esterified with lauric acid, oleic acid, ricinoleic acid and/or stearic acid",Unclassified,TRUE,TRUE,Fatty acid esters,subclass,subset,medium,NA,NA,FALSE
"N-(2-hydroxyethyl)-N,N-dimethyl alkyl-C12-14-(even numbered)-1-aminium chloride",Unclassified,TRUE,TRUE,Quaternary ammonium salts,subclass,subset,high,NA,NA,FALSE
"Tungsten Oxide (WO3), caesium and tin-doped",Unclassified,TRUE,FALSE,NA,NA,NA,high,NA,NA,FALSE
diutan gum,CAS without structure,TRUE,FALSE,NA,NA,NA,high,NA,NA,FALSE
PERFLUORBUTANSULFONYLFLUORIDVINYLETHER,Unclassified,TRUE,FALSE,NA,NA,NA,medium,Perfluoroalkanesulfonyl fluorides,0.8023342178787344,FALSE
4-Oxo-butyramide,Unclassified,TRUE,FALSE,NA,NA,NA,high,NA,NA,FALSE
RPC-123,Unclassified,TRUE,FALSE,NA,NA,NA,high,NA,NA,FALSE
Ti1 according to ISO 23515:2022,Unclassified,TRUE,FALSE,NA,NA,NA,medium,NA,NA,FALSE
"Tar acids, distn. residues",CAS without structure,TRUE,FALSE,NA,NA,NA,high,NA,NA,FALSE
"Rhatany, Krameria triandra, ext.",CAS without structure,TRUE,FALSE,NA,NA,NA,high,NA,NA,FALSE
"2-Propenoic acid, ethyl ester, reaction products with O,O-bis(1,3-dimethylbutyl) hydrogen phosphorodithioate, O,O-di-iso-Pr hydrogen phosphorodithioate and propylene oxide",CAS without structure,TRUE,FALSE,NA,NA,NA,high,NA,NA,FALSE
OEH 4078,Unclassified,TRUE,FALSE,NA,NA,NA,high,NA,NA,FALSE
REAKTIV-ROT F02-0037,Unclassified,TRUE,FALSE,NA,NA,NA,high,NA,NA,FALSE
Cydia pomonella Granulovirus (CpGV),Unclassified,TRUE,NA,NA,NA,NA,low,NA,NA,FALSE
"Bis[1-(diethylcarbamoyl-""kappa""O)propen-2-olato]bis[2-ethylhexan-1-olato]zirconium (IV)",Unclassified,TRUE,FALSE,NA,NA,NA,high,NA,NA,FALSE
"3-[[2-[[3-(acetylmethylamino)-2,4,6-triiodo-5-[(methylamino)carbonyl]benzoyl]amino]acetyl]amino]-5-[[(2-hydroxyethyl)amino]carbonyl]-2,4,6-triiodo- benzoic acid triethylammonium salt",Unclassified,TRUE,FALSE,NA,NA,NA,high,NA,NA,FALSE
"2-Propenoic acid, 2-methyl-, C6-12-alkyl esters",CAS without structure,TRUE,TRUE,Carboxylic acid esters,direct_parent,subset,medium,NA,NA,FALSE
resin acids and rosin acids,CAS without structure,TRUE,NA,NA,NA,NA,low,NA,NA,FALSE
"2-(dibenzylamino)-1-(2,5-dimethoxyphenyl)ethan-1-one hydrochloride",CAS without structure,TRUE,FALSE,NA,NA,NA,high,NA,NA,FALSE
"Reaction Products Of Dimethyl Hydrogen Phosphite And Alcohols C14-18, Even, Linear",Unclassified,TRUE,TRUE,Organic phosphonic acids and derivatives,class,subset,medium,NA,NA,FALSE
"Mixture of reaction products of substituted copper phthalocyanine, hydrogenated resin acids, alkaline earth metal chlorides, and copper phthalocyanine",Mixture,TRUE,FALSE,NA,NA,NA,high,NA,NA,FALSE
polyvinyl tert-butyl ether,Unclassified,TRUE,TRUE,Organic Polymers,superclass,subset,medium,NA,NA,FALSE
Bis(1-n-butyl-3-methylcyclopentadienyl)zirconium dichloride,CAS without structure,TRUE,FALSE,NA,NA,NA,high,NA,NA,FALSE
"amines, tallow alkyl",CAS without structure,TRUE,TRUE,Primary amines,direct_parent,subset,medium,NA,NA,FALSE
"2-(4-Brom-2,6-difluorphenyl)-4H-1,3-dithiin-1-iumtrifluormethansulfonat",Unclassified,TRUE,NA,NA,NA,NA,low,NA,NA,FALSE
"Amides, C18 (unsaturated)",Unclassified,TRUE,TRUE,Fatty amides,subclass,subset,high,NA,NA,FALSE
SENSIBILISATOR KF 1060 PINA,Unclassified,TRUE,FALSE,NA,NA,NA,high,NA,NA,FALSE
POLYCARBONATE ST-3000 ( BEFORE : MAKROLON LP ST 3),Unclassified,TRUE,FALSE,NA,NA,NA,high,NA,NA,FALSE
sulfite liquors (calcium lignosulfonate),CAS without structure,TRUE,FALSE,NA,NA,NA,medium,NA,NA,FALSE
"[N,N,N',N',N'',N''-hexaethyl-29H,31H-phthalocyaninetrimethylaminato(2-)-N29,N30,N31,N32]copper",CAS without structure,TRUE,FALSE,NA,NA,NA,high,NA,NA,FALSE
"µ3-thio-1,2:1,3:2,3-tris(µ-disulfido-k2S)-1,2,3-tris(dialkyldithiocarbamato)-triangulo-trimolybdenum(IV)dialkyldithiocarbamate",Unclassified,TRUE,TRUE,Metallobisdithiocarbamates,subclass,subset,medium,NA,NA,FALSE
VERT IRGAPHOR CDR,Unclassified,TRUE,FALSE,NA,NA,NA,high,NA,NA,FALSE
"sodium 2-[(E)-(4-ammonio-2,5-dimethylphenyl)diazenyl]benzene-1,4-disulfonate",CAS without structure,TRUE,NA,NA,NA,NA,low,NA,NA,FALSE
"6-(cyclopropanecarboxamido)-4-((2-methoxy-3-(1-methyl-1 H-1,2,4-triazol-3-yl)amino)pyridazine-3-hemi-zinc carboxylate salt",Unclassified,TRUE,NA,NA,NA,NA,low,NA,NA,FALSE
"Glycerides, C18-36",CAS without structure,TRUE,TRUE,Glycerolipids,class,subset,high,NA,NA,FALSE
"Phosphoric acid, lead(2+) salt (2:1)",CAS without structure,TRUE,FALSE,NA,NA,NA,high,NA,NA,FALSE
"acetic acid ethenyl ester, polymer with ethene",CAS without structure,TRUE,TRUE,Organic Polymers,superclass,subset,medium,NA,NA,FALSE
"Benzene, butyl-, branched and linear",CAS without structure,TRUE,TRUE,Toluenes,subclass,subset,medium,NA,NA,FALSE
"Octadecanoic acid, mercury(1+) salt",CAS without structure,TRUE,FALSE,NA,NA,NA,high,NA,NA,FALSE
"lithium sodium (4-((5-chloro-2-hydroxyphenyl)azo)-2,4-dihydro-5-methyl-3H-pyrazol-3-onato(2-))(3-((4,5-dihydro-3-methyl-1-(4-methylphenyl)-5-oxo-1H-pyrazol-4-yl)azo)-4-hydroxy-5-nitrobenzenesulfonato(3-)) chromate(2-)",CAS without structure,TRUE,FALSE,NA,NA,NA,high,NA,NA,FALSE
"Naphtha fraction, waste plastic derived, hydrothermal conversion",Mixture,TRUE,FALSE,NA,NA,NA,high,NA,NA,FALSE
"Slags, lead smelting",CAS without structure,TRUE,FALSE,NA,NA,NA,high,NA,NA,FALSE
"tert-(dodecyl/tetradecyl)-ammonium bis(3-(4-((5-(1,1-dimethyl-propyl)-2-hydroxy-3-nitrophenyl)azo)-3-methyl-5-hydroxy-(1H)pyrazol-1-yl)benzenesulfonamidato)chromate",Unclassified,TRUE,FALSE,NA,NA,NA,medium,NA,NA,FALSE
"3-(C6-16, (even numbered) and C16 unsaturated alkyl)-4-(C7-17 (odd numbered) and C17 unsaturated alkylidene)-oxetan-2-one",CAS without structure,TRUE,TRUE,Oxetanes,class,subset,medium,NA,NA,FALSE
Zinc ferrite brown spinel,CAS without structure,TRUE,FALSE,NA,NA,NA,medium,NA,NA,FALSE
CLINPC,Unclassified,TRUE,FALSE,NA,NA,NA,low,NA,NA,FALSE
"1,3,5-tris(3,5-dicyclohexyl-4-hydroxybenzyl)perhydro-1,3,5-triazine-2,4,6-trione",Unclassified,TRUE,FALSE,NA,NA,NA,high,NA,NA,FALSE
Rammelsbergite (NiAs2),CAS without structure,TRUE,FALSE,NA,NA,NA,high,NA,NA,FALSE
Cedrandiol,CAS without structure,TRUE,FALSE,NA,NA,NA,high,NA,NA,FALSE
BIOPOL H,Unclassified,TRUE,FALSE,NA,NA,NA,high,NA,NA,FALSE
"Silicic acid (H4SiO4), zinc salt (1:2), manganese-doped",CAS without structure,TRUE,NA,NA,NA,NA,low,NA,NA,FALSE
"Phosphoric acid, mono- and di-decyl ester, compd. with 2,2',2''-nitrilotris[ethanol]",Unclassified,TRUE,FALSE,NA,NA,NA,medium,NA,NA,FALSE
"Fatty acids, C18-unsatd., trimers, reaction products with triethylenetetramine",CAS without structure,TRUE,TRUE,Fatty acids and conjugates,subclass,broader,low,NA,NA,FALSE
"Reaction products of 5-ethylidene-bicyclo[2.2.1]hept-2-ene and 2-methoxyphenol, hydrogenated",CAS without structure,TRUE,FALSE,NA,NA,NA,high,NA,NA,FALSE
"Alcohols, C12-14 (even-numbered), ethoxylated, magnesium salts, < 2.5 mol EO",Unclassified,TRUE,TRUE,Organic metal salts,class,subset,low,NA,NA,FALSE
CBBI,Unclassified,TRUE,FALSE,NA,NA,NA,low,NA,NA,FALSE
Resinoid of Boswellia Carterii (Burseraceae) obtained from exudate by organic solvents extraction.,Unclassified,TRUE,FALSE,NA,NA,NA,high,NA,NA,FALSE
URALAC ZW4469 SN,Unclassified,TRUE,FALSE,NA,NA,NA,high,NA,NA,FALSE
Pyrolysis Reaction Product of Pinane,Unclassified,TRUE,NA,NA,NA,NA,low,NA,NA,FALSE
N-(((2-(((4-Cyanophenyl)amino)methyl)-1-methyl)-1H-benzimidazol-5-yl)carbonyl)-N-2-pyridinyl-alpha-alaninethylester Hydrobromide,Unclassified,TRUE,NA,NA,NA,NA,low,NA,NA,FALSE
OM-90,Unclassified,TRUE,NA,NA,NA,NA,low,NA,NA,FALSE
rapeseed oil fatty acids,CAS without structure,TRUE,NA,NA,NA,NA,low,NA,NA,FALSE
"Emblic, ext.",CAS without structure,TRUE,FALSE,NA,NA,NA,high,NA,NA,FALSE
2-(N-methyl N-hydroxyethyl) ammine 2-phenylethanol,Unclassified,TRUE,FALSE,NA,NA,NA,medium,NA,NA,FALSE
"Nickel, [29H,31H-phthalocyaninato(2-)-κN29,κN30,κN31,κN32]-, sulfo [[4-[[2-(sulfooxy)ethyl]sulfonyl]phenyl]amino]sulfonyl derivs., potassium sodium salts",CAS without structure,TRUE,TRUE,Phthalocyanines,subclass,subset,high,NA,NA,FALSE
"4,6,6-Trimethyl-bicyclo[3.1.1]hept-3-en-ol,((S)-cis-verbenol)",Unclassified,TRUE,FALSE,NA,NA,NA,high,NA,NA,FALSE
"Nitric acid, nickel(2+) salt, dihydrate",CAS without structure,TRUE,FALSE,NA,NA,NA,high,NA,NA,FALSE
organic nitrogen-phosphorous compound,Substance group,TRUE,TRUE,Organophosphorus compounds,superclass,subset,medium,NA,NA,FALSE
"(Phosphinyldynetris(oxy)) tris(3-aminopropyl-2-hydroxy-N,N-dimethyl-N-(C6-18)-alkyl) trichlorides",CAS without structure,TRUE,TRUE,Quaternary ammonium salts,subclass,subset,medium,NA,NA,FALSE
"1-Ethoxy-2,3-difluor-4-[4-(trans-4-butylcyclohexyl)-1-cyclohexen-1-yl]-benzene",Unclassified,TRUE,FALSE,NA,NA,NA,high,NA,NA,FALSE
"Nickel, [29H,31H-phthalocyaninato(2-)-[?]N29,[?]N30,[?]N31,[?]N32]-, [[3-[(5-chloro-6-fluoro-4-pyrimidinyl)amino]phenyl]amino]sulfonyl sulfo derivs., sodium salts",CAS without structure,TRUE,TRUE,Phthalocyanines,subclass,subset,high,NA,NA,FALSE
microplastics,Unclassified,TRUE,TRUE,Organic Polymers,superclass,subset,medium,NA,NA,FALSE
trisodium (1-(3-carboxylato-2-oxido-5-sulfonatophenylazo)-5-hydroxy-7-sulfonatonaphthalen-2-amido)nickel(II),Unclassified,TRUE,FALSE,NA,NA,NA,high,NA,NA,FALSE
Avena Sativa leaf/stem extract,Unclassified,TRUE,FALSE,NA,NA,NA,high,NA,NA,FALSE
Platinum arsenide (PtAs2),CAS without structure,TRUE,FALSE,NA,NA,NA,high,NA,NA,FALSE
"2-Propenenitrile, reaction products with 3-amino-1,5,5-trimethylcyclohexanemethanamine",CAS without structure,TRUE,TRUE,Nitriles,direct_parent,subset,low,NA,NA,FALSE
"polydimethylsiloxane, 3-aminopropyl terminated, polymer with dicyclohexylmethane-4,4′- diisocyanate",CAS without structure,TRUE,FALSE,NA,NA,NA,medium,NA,NA,FALSE
"Naphthalene Oil Extract Residue|Extract residues (coal), naphthalene oil, alk., naphthalene-low|[A complex combination of hydrocarbons remaining after the removal of naphthalene from alkali-washed naphthalene oil by a crystallization process.  It is compo",Mixture,TRUE,FALSE,NA,NA,NA,high,NA,NA,FALSE
Tributyltin Compounds,Substance group,TRUE,TRUE,Triorganotin compounds,subclass,subset,high,NA,NA,FALSE
"2-((E)-(4-((4-(1,3-dioxo-1,3-dihydro-2H-hetereocarbapolycyclo-2-yl)alkyl)(ethyl)amino)-2-methyl)diazenyl)-5-nitro-1,3-dicarbonitrile, polyphenyl",Unclassified,TRUE,FALSE,NA,NA,NA,low,NA,NA,FALSE
"Arsenic acid (H3AsO4), copper(2+) salt (4:5)",CAS without structure,TRUE,FALSE,NA,NA,NA,high,NA,NA,FALSE
"Pentasodium N-(5-((4-((3-((aminocarbonyl)amino)-4-((3,6,8-trisulfonatonaphthalen-2-yl)azo)phenyl)amino)-6-chloro-1,3,5-triazin-2-yl)amino)-2-sulfonato-4-((4-((-2-(oxysulfonato)ethyl) sulfonyl)phenyl)azo)phenyl)-3-aminopropanoic acid",CAS without structure,TRUE,FALSE,NA,NA,NA,high,NA,NA,FALSE
"Materials for reclaim, precious metal production by-products",Unclassified,TRUE,FALSE,NA,NA,NA,high,NA,NA,FALSE
Aqueous extract from fruit pods of Caesalpinia spinosa (Fabaceae),Unclassified,TRUE,FALSE,NA,NA,NA,high,NA,NA,FALSE
"1-Propene, 1,1,2,3,3,3-hexafluoro-, trimer, epoxidized",CAS without structure,TRUE,FALSE,NA,NA,NA,medium,NA,NA,FALSE
1281-F,Unclassified,TRUE,FALSE,NA,NA,NA,medium,NA,NA,FALSE
"Resin acids and Rosin acids, ammonium salts",CAS without structure,TRUE,NA,NA,NA,NA,low,NA,NA,FALSE
"Fatty acids, C14-22, 2-ethylhexyl esters, epoxidized",CAS without structure,TRUE,TRUE,Fatty acid esters,subclass,subset,medium,NA,NA,FALSE
Benzidine and its salts,Substance group,TRUE,TRUE,Benzidines,subclass,subset,high,Benzidines,0.809924558574747,TRUE
INYL,Unclassified,TRUE,NA,NA,NA,NA,low,NA,NA,FALSE
"Lead, neononanoate neoundecanoate complexes, basic",CAS without structure,TRUE,TRUE,Organic lead salts,subclass,subset,medium,NA,NA,FALSE
"N,N'-diisopropylethane-1,2-diaminium (2R,5R,Z)-3-(2-hydroxyethylidene)-7-oxo-4-oxa-1-azabicyclo[3.2.0]heptane-2-carboxylate",CAS without structure,TRUE,NA,NA,NA,NA,low,NA,NA,FALSE
MCF-700F,Unclassified,TRUE,FALSE,NA,NA,NA,high,NA,NA,FALSE
"Amines, N-C16-22-alkyltrimethylenedi-",CAS without structure,TRUE,TRUE,Primary amines,direct_parent,subset,low,NA,NA,FALSE
"Santalum austro-caledonicum, ext.",CAS without structure,TRUE,FALSE,NA,NA,NA,high,NA,NA,FALSE
MP POLYMER,Unclassified,TRUE,FALSE,NA,NA,NA,low,NA,NA,FALSE
"Phosphoric acid, butyl ester, branched, compd. with 2-ethyl-N-(2-ethylhexyl)-1-hexanamine",CAS without structure,TRUE,FALSE,NA,NA,NA,medium,NA,NA,FALSE
"Alcohols, C12-14-secondary",CAS without structure,TRUE,NA,NA,NA,NA,low,NA,NA,FALSE
BISPHENOL A POLYETHYLENE GLYCOL DIETHER DIMETHACRYLATE,CAS without structure,TRUE,FALSE,NA,NA,NA,medium,NA,NA,FALSE
"4-[4-amino-5-hydroxy-3-(4-(2-sulfoxyethylsulfonyl)phenylazo)-2,7-disulfonapht-6-ylazo]-6-[3-(4-amino-5-hydroxy-3-(4-(2-sulfoxyethylsulfonyl)phenylazo)-2,7-disulfonapht-6-ylazo]phenylcarbonylamino]benzenesulfonic acid, sodium salt",CAS without structure,TRUE,FALSE,NA,NA,NA,high,NA,NA,FALSE
Zirconium zircon with encapsulated cadmium selenium sulphide,Unclassified,TRUE,FALSE,NA,NA,NA,high,NA,NA,FALSE
FAT 45'165,Unclassified,TRUE,FALSE,NA,NA,NA,high,NA,NA,FALSE
"Poly(oxycarbonyloxy-1,4-phenylene-1,1-(3,3,5-trimethyl)cyclohexylidene-1,4-phenylene-co-oxycarbonyloxy-1,4-phenylenisopropylidene-1,4-phenylene)",Unclassified,TRUE,NA,NA,NA,NA,low,NA,NA,FALSE
"Benzene, 1,1'-oxybis[methyl-, sulfonated, ammonium salts",CAS without structure,TRUE,TRUE,Organic sulfonic acids and derivatives,superclass,subset,low,NA,NA,FALSE
FMOC AMINO ACID 5,Unclassified,TRUE,TRUE,Amino acids and derivatives,subclass,subset,medium,NA,NA,FALSE
"Residues, cadmium-refining",CAS without structure,TRUE,FALSE,NA,NA,NA,high,NA,NA,FALSE
"Shale oils, light",Unclassified,TRUE,FALSE,NA,NA,NA,high,NA,NA,FALSE
"Amides, C7-19, α-ω-perfluoro-N,N-bis(hydroxyethyl)",CAS without structure,TRUE,TRUE,Fatty amides,subclass,subset,medium,NA,NA,FALSE
"phenols, styrenated",CAS without structure,TRUE,TRUE,Phenols,class,subset,high,NA,NA,FALSE
CH4068,Unclassified,TRUE,FALSE,NA,NA,NA,high,NA,NA,FALSE
STABILISATOR MASTERBATCH C 133,Unclassified,TRUE,FALSE,NA,NA,NA,high,NA,NA,FALSE
2-(2‘-Bromo-biphenyl-2-yl)-propan-2-ol,CAS without structure,TRUE,FALSE,NA,NA,NA,high,NA,NA,FALSE
CVCP-V-01,Unclassified,TRUE,NA,NA,NA,NA,low,NA,NA,FALSE
zinc 2-hydroxy-5-C13-18alkylbenzoate,Unclassified,TRUE,TRUE,Organic metal salts,class,subset,medium,NA,NA,FALSE
HYCHI,Unclassified,TRUE,FALSE,NA,NA,NA,low,NA,NA,FALSE
PC2001,Unclassified,TRUE,FALSE,NA,NA,NA,high,NA,NA,FALSE
4-tert-butylcyclohexyl)(1-hydroxy-2-naphthyl)methanone,Unclassified,TRUE,FALSE,NA,NA,NA,high,NA,NA,FALSE
"6-sulfonamide-2-(3-methoxy-propyl)-1,1-dioxo-1,2,3,4-tetrahydro-1alpha 6-thieno[3,2-e][1,2]thiazin-4-ol",Unclassified,TRUE,FALSE,NA,NA,NA,high,NA,NA,FALSE
"Alkane-alpha,omega-diyl bis{[(triethoxysilyl)propyl]carbamate}_E2",Unclassified,TRUE,TRUE,Carboxylic acid derivatives,subclass,subset,low,NA,NA,FALSE
Sodium 6-Chloro-α-methyl-9H-carbazole-2-acetate,Unclassified,TRUE,FALSE,NA,NA,NA,high,NA,NA,FALSE
NELFILCON,Unclassified,TRUE,FALSE,NA,NA,NA,high,NA,NA,FALSE
"sodium (n-butyl)x(ethyl)y-1,5-dihydro)aluminate x = 0,5 y = 1,5",Unclassified,TRUE,TRUE,Organoaluminium compounds,subclass,subset,medium,NA,NA,FALSE
"Benzenesulfonic acid, mono-C10-13-alkyl derivs., potassium salts",CAS without structure,TRUE,TRUE,Benzenesulfonic acids and derivatives,subclass,subset,medium,NA,NA,FALSE
"N,N'-(methylenebis(cyclohexane-1,4-diyl))bis(2,2-dimethyl-3-morpholinopropan-1-imine)",CAS without structure,TRUE,FALSE,NA,NA,NA,high,NA,NA,FALSE
"Chloric acid, lead(2+) salt, monohydrate",CAS without structure,TRUE,FALSE,NA,NA,NA,high,NA,NA,FALSE
"Arsenenous acid, cerium(3+) salt",CAS without structure,TRUE,FALSE,NA,NA,NA,high,NA,NA,FALSE
"Phosphorodithioic acid, O,O-di-dodecyl-esters, zinc salts, neutral and basic",CAS without structure,TRUE,TRUE,"Phosphorodithioic acid O,O-diesters",subclass,subset,medium,NA,NA,FALSE
BLUE MOP 6314,Unclassified,TRUE,FALSE,NA,NA,NA,high,NA,NA,FALSE
"Alkenes, C11-12",Unclassified,TRUE,TRUE,Alkenes,subclass,subset,high,NA,NA,FALSE
"1,3-Dioxane, 2-[(1S,2R)-2,4-dimethyl-3-cyclohexen-1-yl]-5-methyl-5-(1-methylpropyl)-, trans-",CAS without structure,TRUE,NA,NA,NA,NA,low,NA,NA,FALSE
Y-513,Unclassified,TRUE,FALSE,NA,NA,NA,high,NA,NA,FALSE
Supernatant from the crystallisation of L-threonine from the broth filtrate from the fermentative production of L-threonine,Unclassified,TRUE,FALSE,NA,NA,NA,high,NA,NA,FALSE
"Raction product of 2-Ethyl-1-hexylamine and 3-(2-Ethylhexyloxy)propylamine with 4-bromo-1,8 naphthalic anhydride",CAS without structure,TRUE,NA,NA,NA,NA,low,NA,NA,FALSE
"4-Nonylphenol, branched and linear and 4-Nonylphenol, branched and linear, ethoxylated",Unclassified,TRUE,TRUE,Phenols,class,broader,medium,NA,NA,FALSE
"Potassium (Z)-2-(5-amino-1,2,4-thiadiazol-3-yl)-2-((trityloxy)imino)acetate",CAS without structure,TRUE,FALSE,NA,NA,NA,high,NA,NA,FALSE
METOCENE CHEMICAL CO2,Unclassified,TRUE,FALSE,NA,NA,NA,high,NA,NA,FALSE
"Reaction products of diazotized disodium 4-amino-3,6-bis[(4-aminophenyl)azo]-5-hydroxynaphthalene-2,7-disulphonate, coupled with m-phenylenediamine",CAS without structure,TRUE,FALSE,NA,NA,NA,medium,NA,NA,FALSE
"Fatty acids, C14-18 and C16-18-unsatd., ammonium salts",CAS without structure,TRUE,NA,NA,NA,NA,low,NA,NA,FALSE
"Benzene, mono-C10-14-alkyl derivs., fractionation bottoms, intermediate cut, sulfonated, sodium salts",CAS without structure,TRUE,TRUE,Organic sulfonic acids and derivatives,superclass,subset,medium,NA,NA,FALSE
"Barium oxide (BaO), solid soln. with calcium oxide, strontium oxide and tungsten oxide (WO3), lead-doped",CAS without structure,TRUE,FALSE,NA,NA,NA,high,NA,NA,FALSE
Reaction products of triphenyl phosphite and isodecanol (1:1),Unclassified,TRUE,FALSE,NA,NA,NA,medium,NA,NA,FALSE
"Reaction products of 7-hydroxy-3,7-dimethyloctanal and methyl 2-aminobenzoate",Unclassified,TRUE,FALSE,NA,NA,NA,medium,NA,NA,FALSE
Waxes,Unclassified,TRUE,TRUE,Wax esters,direct_parent,broader,medium,NA,NA,FALSE
Bis(4-isopropylphenyl)iodonium tetraphenylborate,CAS without structure,TRUE,FALSE,NA,NA,NA,high,NA,NA,FALSE
"A polymer of: α-hydro-ω-hydroxy-poly(oxy(methyl-1,2-ethanediyl)), oxirane, propane-1,2,3-triol, 1,3-diisocyanomethylbenzene, 3-mercaptopropan-1-ol and ethyltrimethylsilane",Unclassified,TRUE,FALSE,NA,NA,NA,high,NA,NA,FALSE
VANLUBE 981,Unclassified,TRUE,FALSE,NA,NA,NA,high,NA,NA,FALSE
SUBSTANCE S178095,Unclassified,TRUE,FALSE,NA,NA,NA,high,NA,NA,FALSE
"Amines,N-(C16-18 and C18 unsaturated alkyl) trimethylenedi-,diacetates.",CAS without structure,TRUE,TRUE,Amines,subclass,subset,medium,NA,NA,FALSE
Essential oil of Ylang Ylang III obtained from the flowers of Cananga odorata (Annonaceae) by steam distillation,Unclassified,TRUE,FALSE,NA,NA,NA,high,NA,NA,FALSE
"2-(4-Phenoxy-phenyl)-[1,3,6,2]dioxazaborocane",CAS without structure,TRUE,FALSE,NA,NA,NA,high,NA,NA,FALSE
"Reaction products of diazotised 2-amino-1,5-naphthalene sulfonic acid coupled with resorcinol, subsequently coupled with diazotized 2-amino-4,6-dinitrophenol, chelated with iron",CAS without structure,TRUE,FALSE,NA,NA,NA,medium,NA,NA,FALSE
Precipitate from tellurium containing acid solutions by copper metal cementation,Unclassified,TRUE,FALSE,NA,NA,NA,high,NA,NA,FALSE
Reaction products of alkylalkenol and trimethylaluminum,Unclassified,TRUE,TRUE,Alkylaluminium and derivatives,subclass,subset,medium,NA,NA,FALSE
MOC-VAL-PRO 8321,Unclassified,TRUE,FALSE,NA,NA,NA,medium,NA,NA,FALSE
"Nitriles, C16-22",CAS without structure,TRUE,TRUE,Nitriles,subclass,subset,high,NA,NA,FALSE
Resinoid of Dipteryx Odorata (Fabaceae) obtained from the beans by solvent extraction,Unclassified,TRUE,FALSE,NA,NA,NA,high,NA,NA,FALSE
Resinoid of Myroxylon balsamum var. pereirae (Fabaceae) obtained from the exudate by hexane extraction,Unclassified,TRUE,FALSE,NA,NA,NA,high,NA,NA,FALSE
"pentapotassium 2-(4-{]5-[}1-(2,5-disulfophenyl)-4,5-dihydro-3-methylcarbamoyl-5-oxopyrazol-4-ylidene{]-3-(2-pyrrolidinone-1-yl)-1,3-pentadienyl[}-3-methylcarbamoyl-5-oxopyrazol-1-yl)benzene-1,4-disulfonate",Unclassified,TRUE,FALSE,NA,NA,NA,high,NA,NA,FALSE
polyethyleneglycol sorbitan monostearate,CAS without structure,TRUE,FALSE,NA,NA,NA,medium,NA,NA,FALSE
"Trimethylolpropane, reaction products with Epichlorhydrin and Sodium Hydroxide",Unclassified,TRUE,TRUE,Epoxides,class,subset,low,NA,NA,FALSE
"Alcohols, C10-16, ethoxylated, sulfates, triethanolammonium salts",CAS without structure,TRUE,TRUE,Organic sulfate salts,class,subset,medium,NA,NA,FALSE
alkoxy substituted aryl diazo heterocyclic aryl nitrile,Unclassified,TRUE,NA,NA,NA,NA,low,NA,NA,FALSE
"Camphor tree, ext.",CAS without structure,TRUE,FALSE,NA,NA,NA,high,NA,NA,FALSE
"Low boiling point modified naphtha|Hydrocarbons, C<sub>6-7</sub>, naphtha-cracking, solvent-refined|[A complex combination of hydrocarbons obtained by the sorption of benzene from a catalytically fully hydrogenated benzene-rich hydrocarbon cut that was di",Mixture,TRUE,TRUE,Hydrocarbons,superclass,subset,medium,NA,NA,FALSE
"4-Butoxy-4'-ethoxy-2',3,3'-trifluoro-[1,1'-biphenyl]-2-ol",CAS without structure,TRUE,FALSE,NA,NA,NA,high,NA,NA,FALSE
CW453K (CuSn8),Unclassified,TRUE,FALSE,NA,NA,NA,high,NA,NA,FALSE
Reddish Blue,Unclassified,TRUE,FALSE,NA,NA,NA,high,NA,NA,FALSE
PBO FIBER,Unclassified,TRUE,FALSE,NA,NA,NA,high,NA,NA,FALSE
"1,3,5-Triazin-2(1H)-one, 6-[(4-aminophenyl)amino]-4-[[3-(dibutylamino)propyl]amino]-",Unclassified,TRUE,FALSE,NA,NA,NA,high,NA,NA,FALSE
"1,3,5-triazine-2,4,6-triamine 4-methylbenzenesulfonate (1:1)",CAS without structure,TRUE,FALSE,NA,NA,NA,high,"1,3,5-triazine-2,4-diamines",0.8029799537288945,FALSE
"Alcohols, C16-20 (even numbered, linear), ethoxylated (< 2.5 EO)",CAS without structure,TRUE,TRUE,Fatty alcohols,subclass,subset,medium,NA,NA,FALSE
"Fatty acids, C18 unsatd., mono- and diesters with triethanolamine",Unclassified,TRUE,TRUE,Fatty acid esters,subclass,subset,medium,NA,NA,FALSE
"Zirconium oxide, hafnium and ytterbium doped",Unclassified,TRUE,FALSE,NA,NA,NA,high,NA,NA,FALSE
YM-617 BROMIDE,Unclassified,TRUE,FALSE,NA,NA,NA,high,NA,NA,FALSE
cotton fibres,Substance group,TRUE,FALSE,NA,NA,NA,high,NA,NA,FALSE
"Nickel, [29H,31H-phthalocyaninato(2-)-N29,N30,N31,N32]-, [[3-[(5-chloro-2,6-difluoro-4-pyrimidinyl)amino]phenyl]amino]sulfonyl sulfo derivs., sodium salts",CAS without structure,TRUE,TRUE,Phthalocyanines,subclass,subset,high,NA,NA,FALSE
"1,2-Benzenedicarboxylic acid, di-C6-8-branched alkyl esters, C7-rich",CAS without structure,TRUE,TRUE,Phthalate esters,direct_parent,subset,high,NA,NA,FALSE
Amine Hydrohalide~,Unclassified,TRUE,TRUE,Hydrobromides,class,broader,medium,NA,NA,FALSE
"Benzene, poly(propene) derivatives",CAS without structure,TRUE,TRUE,Benzene and substituted derivatives,class,subset,medium,NA,NA,FALSE
"Salts of 9-(2-carboxyphenyl)-3,6-bis(diethylamino)xanthenium and 4,4'-bis[(3-methyl-5-oxo-1-phenyl-4,5-dihydro-1H-pyrazol-4-yl)diazo] biphenyl- 2,2'-disulfonic acid and 5-amino-4-hydroxy-6-[(4-nitrophenyl)diazo]-3-(phenyldiazo)-3,4-dihydronaphthalene-2,7-disulfonic acid (5:3:1)",Unclassified,TRUE,FALSE,NA,NA,NA,high,NA,NA,FALSE
"Phenol, 4-(phenylamino)-, sulfurized, leuco deriv.",CAS without structure,TRUE,FALSE,NA,NA,NA,medium,NA,NA,FALSE
"1H,3H,5H-Oxazolo[3,4-c]oxazole, dihydro-7a-methyl-3,5-bis(2-phenylpropyl)-",CAS without structure,TRUE,FALSE,NA,NA,NA,high,NA,NA,FALSE
glass microfibres of representative composition,Unclassified,TRUE,FALSE,NA,NA,NA,high,NA,NA,FALSE
"Soybean oil epoxidized, methyl esters",Unclassified,TRUE,TRUE,Epoxy fatty acids,direct_parent,subset,medium,NA,NA,FALSE
Methyl 3-carbamimidamido-4-methylbenzoate carbonate (2:1),Unclassified,TRUE,FALSE,NA,NA,NA,high,NA,NA,FALSE
"soybean oil, sulfur treated (factice)",Unclassified,TRUE,FALSE,NA,NA,NA,high,NA,NA,FALSE
"Amines, coco alkyl",CAS without structure,TRUE,TRUE,Primary amines,direct_parent,subset,medium,NA,NA,FALSE
"1,1-Bis(4-hydroxyphenyl)-3,3,5-trimethylcyclohexane",Unclassified,TRUE,FALSE,NA,NA,NA,high,NA,NA,FALSE
sodium 9-β-D-ribofuranosyl-9H-purin-6-olate,Unclassified,TRUE,FALSE,NA,NA,NA,high,NA,NA,FALSE
(C16 or C18-n-alkyl)(C16 or C18-n-alkyl)ammonium 2-((C16 or C18-n-alkyl)(C16 or C18-n-alkyl)carbamoyl)benzenesulphonate,Unclassified,TRUE,TRUE,Quaternary ammonium salts,subclass,subset,medium,NA,NA,FALSE
(βR)-β-Hydroxy-3-(phenylmethoxy)-O-(phenylmethyl)-L-tyrosine,CAS without structure,TRUE,FALSE,NA,NA,NA,high,NA,NA,FALSE
"(tetrasodium 1-(4-(3-acetamido-4-(4'-nitro-2,2'-disulfonatostilben-4-ylazo)anilino)-6-(2,5-disulfonatoanilino)-1,3,5-triazin-2-yl)-3-carboxypyridinium) hydroxide",CAS without structure,TRUE,FALSE,NA,NA,NA,high,NA,NA,FALSE
"Barium oxide (BaO), solid soln. with calcium oxide, magnesium oxide, phosphorus oxide (P2O5), strontium oxide and zinc oxide, copper-doped",CAS without structure,TRUE,FALSE,NA,NA,NA,high,NA,NA,FALSE
BENZOYLATED TRIPHENYLBENZENE (BBP3),Unclassified,TRUE,FALSE,NA,NA,NA,medium,NA,NA,FALSE
Reaction products of isophorone diisocyanate and 2-ethylhexanol,Unclassified,TRUE,TRUE,Carboxylic acid derivatives,subclass,subset,medium,NA,NA,FALSE
Z-75,Unclassified,TRUE,FALSE,NA,NA,NA,medium,NA,NA,FALSE
"Chromium (VI) compounds, with the exception of barium chromate and of compounds specified elsewhere in this Annex",Unclassified,TRUE,TRUE,Inorganic chromium (VI) compounds,class,subset,high,Inorganic chromium (VI) compounds,0.8044450009661892,TRUE
"Isopropylated, tert-butylated triphenylphosphate",Unclassified,TRUE,TRUE,Organophosphorus compounds,superclass,subset,medium,NA,NA,FALSE
"N-(4-(methoxybenzyl))-N,N-dimethylanilinium hexafluoroantimonate",Unclassified,TRUE,FALSE,NA,NA,NA,high,NA,NA,FALSE
"Reaction products of sodium sulphide, sulphur, carbon disulphide and potassium hydroxide",Unclassified,TRUE,FALSE,NA,NA,NA,high,NA,NA,FALSE
"2,7-Naphthalenedisulfonic acid,4-amino-6-[[5-[(4-amino-6-chloro-1,3,5-triazin-2-yl)amino]-2-sulfo=phenyl]azo]-3-[(2,5-disulfophenyl)-azo]-5-hydroxy-, lithium sodium salt",CAS without structure,TRUE,FALSE,NA,NA,NA,high,NA,NA,FALSE
3-{[alkyl(dimethyl)silyl]substituted}estratetraen-17-one,Unclassified,TRUE,TRUE,Estrane steroids,subclass,subset,medium,NA,NA,FALSE
TOMP-MESYLAT,Unclassified,TRUE,FALSE,NA,NA,NA,medium,NA,NA,FALSE
"mixture of two components: 1. N-(1,3- dimethylbutyl)-N´- phenyl-p-phenylenediamine 2. N1-(1,3-dimethylbutyl)- N4-(4-(1-methyl-1- phenylethyl)phenyl)ben zene-1,4-diamine",Mixture,TRUE,FALSE,NA,NA,NA,high,NA,NA,FALSE
"Resin acids and Rosin acids, reaction products with formaldehyde, potassium salt",CAS without structure,TRUE,TRUE,Carboxylic acid salts,level 5,subset,medium,NA,NA,FALSE
"1,6-Hexanediamine, N1,N1,N6,N6-tetramethyl-, propoxylated (>1 < 4,5 mol PO)",CAS without structure,TRUE,TRUE,Amines,subclass,subset,low,NA,NA,FALSE
"Poly(oxy-1,2-ethanediyl),α-hydro-ω-hydroxy- Ethane-1,2-diol, ethoxylated",CAS without structure,TRUE,TRUE,Polyethylene glycols,direct_parent,exact,high,NA,NA,FALSE
divinylbenzene,CAS without structure,TRUE,NA,NA,NA,NA,low,NA,NA,FALSE
Reaction products of methyl ethyl ketone / methyl propyl ketone and hydrogen peroxide,CAS without structure,TRUE,TRUE,Organic hydroperoxides,class,subset,medium,NA,NA,FALSE
"Fatty acids, C8-10-(even numbered), C14-18-(even numbered) and C16-18-(even numbered and unsaturated), triesters with trimethylolpropane",Unclassified,TRUE,TRUE,Triacylglycerols,subclass,subset,low,NA,NA,FALSE
"Fatty acids, C16-18 and C18-unsatd., esters with propylene glycol",CAS without structure,TRUE,TRUE,Fatty acid esters,subclass,subset,high,NA,NA,FALSE
"5-{4-[5-Amlno-2-(4-ethenesulfonyl-phenylazo)-4-sulfo-phenylanilno]-6-chloro-[1,3,5]triazln-2-ylamino}-3-(1,5-dlsulfo-naphthalen-2-ylazo)-4-hydroxynaphthalene-2,7-disulfonic acid, as sodium salt",Unclassified,TRUE,FALSE,NA,NA,NA,high,NA,NA,FALSE
"Octadecanoic acid, reaction products with tetraethylenepentamine",CAS without structure,TRUE,TRUE,Fatty amides,subclass,subset,medium,NA,NA,FALSE
R-GLYTO,Unclassified,TRUE,FALSE,NA,NA,NA,low,NA,NA,FALSE
"Fatty acids, C16-18, reaction products with diethylenetriamine",CAS without structure,TRUE,TRUE,Fatty amides,subclass,subset,medium,NA,NA,FALSE
"3-(biphenyl-4-yl)-6-(4-chlorophenyl)-2,5-dihydropyrrolo[3,4-c]pyrrole-1,4-dione",Unclassified,TRUE,FALSE,NA,NA,NA,high,NA,NA,FALSE
"Decanoic acid, mixed diesters with octanoic acid and propylene glycol",CAS without structure,TRUE,NA,NA,NA,NA,low,NA,NA,FALSE
AS-62J,Unclassified,TRUE,FALSE,NA,NA,NA,high,NA,NA,FALSE
ROP-32M,Unclassified,TRUE,NA,NA,NA,NA,low,NA,NA,FALSE
"Hydrocarbons from waste rubbers and tires, thermo-mechanical depolymerisation condensate",Unclassified,TRUE,TRUE,Hydrocarbons,superclass,subset,medium,NA,NA,FALSE
Polychlorinated terphenyls (PCTs),Unclassified,TRUE,TRUE,Terphenyls,subclass,subset,high,NA,NA,FALSE
"Pepino mosaic virus (PepMV) Chilean (CH2) strain, mild isolate Abp2 (PEPMVO)",Unclassified,TRUE,NA,NA,NA,NA,low,NA,NA,FALSE
"Fatty acids, tall-oil, reaction products with 2-amino-2-(hydroxymethyl)-1,3-propanediol and formaldehyde",CAS without structure,TRUE,NA,NA,NA,NA,low,NA,NA,FALSE
"Chlorates (incl. Mg, Na, K chlorates)",Unclassified,TRUE,TRUE,Inorganic chloride salts,subclass,subset,low,NA,NA,FALSE
Extract obtained from defatted powder of Theobroma cacao (Malvaceae) by extraction with water and ethanol,Unclassified,TRUE,FALSE,NA,NA,NA,high,NA,NA,FALSE
"Naphthalenesulfonic acid, dinonyl-, lead(2+) salt",CAS without structure,TRUE,FALSE,NA,NA,NA,high,NA,NA,FALSE
Chlorhydrate of poly(iminino imido biguanidine),Unclassified,TRUE,TRUE,Guanidines,subclass,subset,medium,NA,NA,FALSE
Manganese arsenide (Mn2As),CAS without structure,TRUE,FALSE,NA,NA,NA,high,NA,NA,FALSE
"Fatty acids, C16 and C18-unsaturated, benzyl esters",Unclassified,TRUE,TRUE,Fatty acid esters,subclass,subset,high,NA,NA,FALSE
"L-Glutamic acid, N-coco acyl derivs., compds. with triethanolamine (1:1)",CAS without structure,TRUE,NA,NA,NA,NA,low,NA,NA,FALSE
"5-{4-[5-amino-2-[4-(2-sulfoxyethylsulfonyl)phenylazo]-4-sulfo-phenylamino]-6-chloro-1,3,5-triazin-2-ylamino}-4-hydroxy-3-(1-sulfo-naphthalen-2-ylazo)-naphthalene-2,7-disulfonicacid sodium salt",CAS without structure,TRUE,FALSE,NA,NA,NA,high,NA,NA,FALSE
"22-Tricosenoic acid, lead(2+) salt",CAS without structure,TRUE,FALSE,NA,NA,NA,high,NA,NA,FALSE
"D-Glucitol, 1-deoxy-1-(methylamino)-, N-[C8-16 (even numbered) and C18 unsaturated acyl] derivs.",Unclassified,TRUE,TRUE,Fatty amides,subclass,subset,medium,NA,NA,FALSE
acrylonitrile copolymers with divinylbenzene (except ion exchange resins),Unclassified,TRUE,TRUE,Organic Polymers,superclass,subset,medium,NA,NA,FALSE
"t-Butyl(2S,2aS,5aR)-1-azabicyclo[3.3.0] oct-2-carboxylate monooxalate salt",Unclassified,TRUE,NA,NA,NA,NA,low,NA,NA,FALSE
"Bottom ash, grate-firing, municipal wastes, without co-combustion",Unclassified,TRUE,NA,NA,NA,NA,low,NA,NA,FALSE
"methyl 2,4-diacetoxy-6-pentyl-benzoate",Unclassified,TRUE,FALSE,NA,NA,NA,high,NA,NA,FALSE
PC-METHACRYLATE POLYMER,Unclassified,TRUE,TRUE,Organic Polymers,superclass,subset,medium,NA,NA,FALSE
"Extract of Ginger, obtained from the roots of Zingiber officinalis (Zingiberaceae) by total supercritical CO2 extraction",Unclassified,TRUE,FALSE,NA,NA,NA,high,NA,NA,FALSE
zinc ethylxanthogenate,Unclassified,TRUE,NA,NA,NA,NA,low,NA,NA,FALSE
"Hydrocarbons, C4 and C8, butene concentrator by-product",CAS without structure,TRUE,TRUE,Hydrocarbons,superclass,subset,medium,NA,NA,FALSE
"bromelain, juice",CAS without structure,TRUE,NA,NA,NA,NA,low,NA,NA,FALSE
"Octadecanoic acid, lead salt, basic",CAS without structure,TRUE,FALSE,NA,NA,NA,medium,NA,NA,FALSE
GDPDA MONOTHIOL,Unclassified,TRUE,FALSE,NA,NA,NA,low,NA,NA,FALSE
"Rosin, reaction products with formaldehyde",CAS without structure,TRUE,FALSE,NA,NA,NA,high,NA,NA,FALSE
"8-Azabicyclo[3.2.1]octan-3-ammonium , 8-(phenylmethyl)- benzoate",Unclassified,TRUE,FALSE,NA,NA,NA,high,NA,NA,FALSE
Methyl-trans-6-nonenoate,Unclassified,TRUE,FALSE,NA,NA,NA,high,NA,NA,FALSE
"Zirconium, acetate lactate oxo ammonium complexes",CAS without structure,TRUE,TRUE,Transition metal salts,class,subset,low,NA,NA,FALSE
"rosin, hydrogenated",CAS without structure,TRUE,FALSE,NA,NA,NA,high,NA,NA,FALSE
"(E,E)-2,6-bis[1-((2-terbutylphenyl)imino)ethyl]pyridine",CAS without structure,TRUE,FALSE,NA,NA,NA,high,NA,NA,FALSE
"Fatty acids, C6-18 (branched and linear) alkyl and hydrocarbons, C10-18, n-alkanes, branched alkanes, cycloalkanes, aromatics",Unclassified,TRUE,TRUE,NA,NA,broader,high,NA,NA,FALSE
"oxalic acid-4-amino-3-(4-phenoxyphenyl)-1-[(3R)-piperidin-3-yl]-1,3-dihydro-2H-imidazo[4,5-c]pyridin-2-one (1/1)",Unclassified,TRUE,FALSE,NA,NA,NA,high,NA,NA,FALSE
nickel boron phosphide,CAS without structure,TRUE,FALSE,NA,NA,NA,medium,NA,NA,FALSE
ARYPHAN 15,Unclassified,TRUE,FALSE,NA,NA,NA,medium,NA,NA,FALSE
Monoesterification products of alkenylalkanoic anhydride and 2-(dialkylamino)ethanol,Unclassified,TRUE,TRUE,Carboxylic acid esters,direct_parent,subset,medium,NA,NA,FALSE
DOWFAX(R) 2A0,Unclassified,TRUE,FALSE,NA,NA,NA,high,NA,NA,FALSE
NK-3251,Unclassified,TRUE,FALSE,NA,NA,NA,high,NA,NA,FALSE
"4,4'-Methylenediphenyl diisocyanate, oligomeric reaction products with 2,4'-diisocyanatodiphenylmethane",CAS without structure,TRUE,TRUE,Isocyanates,subclass,subset,medium,NA,NA,FALSE
Bottom residues resulting from the synthesis of isoprene and isoamylene by dehydrogenation of isopentane,Unclassified,TRUE,FALSE,NA,NA,NA,high,NA,NA,FALSE
"N,N'-bis{6-chloro-4-[6-(4-vinylsulfonylphenylazo)-2,7-disulfonicacid 5-hydroxy-napht-4-ylamino]-1,3,5-triazin-2-yl}-N-(2-hydroxyethyl)-ethane-1,2-diamine, sodium salt",CAS without structure,TRUE,FALSE,NA,NA,NA,high,NA,NA,FALSE
"Lavender, Lavandula angustifolia, ext.",CAS without structure,TRUE,FALSE,NA,NA,NA,high,NA,NA,FALSE
"Benzenesulfonic acid, 2,2'-(1,2-ethenediyl)bis[5-nitro-, disodium salt, reaction products with 4-[(4-aminophenyl)azo]benzenesulfonic acid, sodium salts",CAS without structure,TRUE,FALSE,NA,NA,NA,medium,NA,NA,FALSE
"Fatty acids, C6-18, 2,2-dimethyl-1,3-propanediyl esters",CAS without structure,TRUE,TRUE,Fatty acid esters,subclass,subset,high,NA,NA,FALSE
"potassium sodium 5-(4-chloro-6-(N-(4-(4-chloro-6-(5-hydroxy-2,7-disulphonato-6-(2-sulphonatophenylazo)-4-naphthylamino)-1,3,5-triazin-2-ylamino) phenyl-N-methyl)amino)-1,3,5-triazin-2-ylamino)-4-hydroxy-3-(2-sulphonatophenylazo)naphthalene-2,7-disulphonat",Unclassified,TRUE,FALSE,NA,NA,NA,high,NA,NA,FALSE
"1-isoctyloxycarbonyl ethylated 2,4,6 tris (2,4- hydroxyphenyl) -1,3,5 triazine derivatives",Unclassified,TRUE,TRUE,"1,3,5-triazines",subclass,subset,medium,NA,NA,FALSE
"Fatty acids, C16-18 (even numbered), ammonium salts",Unclassified,TRUE,NA,NA,NA,NA,low,NA,NA,FALSE
salts and esters of dinoterb,Unclassified,TRUE,TRUE,Nitrophenols,subclass,subset,medium,NA,NA,FALSE
"Lead, isodecanoate naphthenate complexes",CAS without structure,TRUE,TRUE,Organic lead salts,subclass,subset,medium,NA,NA,FALSE
KAYASORB CY-40MC(B),Unclassified,TRUE,FALSE,NA,NA,NA,high,NA,NA,FALSE
"2-Propenoic acid, 2-methyl-, C13-15-branched and linear alkyl esters",CAS without structure,TRUE,NA,NA,NA,NA,low,NA,NA,FALSE
esters of fatty acids with polyglycerol,Unclassified,TRUE,TRUE,Fatty acid esters,subclass,subset,medium,Fatty acid esters,0.8815534706709439,TRUE
2-(4-tert-butylbenzyl)propionaldehyde and its individual stereoisomers,Unclassified,TRUE,TRUE,Aldehydes,direct_parent,subset,medium,NA,NA,FALSE
"Tetra-C6-10-(even and linear)-alkyl benzene-1,2,4,5-tetracarboxylate",Unclassified,TRUE,TRUE,Carboxylic acid esters,direct_parent,subset,medium,NA,NA,FALSE
"(1S,3R,4R,5R)-methyl 3-acetoxy-4,5-dihydroxycyclohexanecarboxylate",CAS without structure,TRUE,NA,NA,NA,NA,low,NA,NA,FALSE
3-ethoxy-4-((4-methyl-6-phenylhex-3-en-1-yl)oxy)benzaldehyde,CAS without structure,TRUE,FALSE,NA,NA,NA,high,NA,NA,FALSE
"Low boiling point naphtha - unspecified|Hydrocarbons, C<sub>3-6</sub>, C<sub>5</sub>-rich, steam-cracked naphtha|[A complex combination of hydrocarbons obtained by distillation of steam-cracked naphtha.  It consists predominantly of hydrocarbons having ca",Mixture,TRUE,TRUE,Hydrocarbons,superclass,subset,medium,NA,NA,FALSE
"Pentaerythritol, reaction product with fatty acids, C8 to 18 (even numbered) and/or branched and/or unsaturated",Unclassified,TRUE,TRUE,Fatty acid esters,subclass,subset,medium,NA,NA,FALSE
"Fatty acids, C16-18 and C18-hydroxy, oligomeric reaction products with adipic acid, decanoic acid, isooctadecanoic acid, octanoic acid, pentaerythritol and stearic acid",CAS without structure,TRUE,TRUE,Fatty acid esters,subclass,subset,low,NA,NA,FALSE
"O'-methyl O-(1-methyl-2-methacryloyloxy-ethyl)-1,2,3,6-tetrahydrophthalate",Unclassified,TRUE,FALSE,NA,NA,NA,high,NA,NA,FALSE
"Nonanoic acid, esters with adipic acid and trimethylolpropane",Unclassified,TRUE,TRUE,Carboxylic acid esters,direct_parent,subset,medium,NA,NA,FALSE
DIMETHYL-M- ISOPROPYNL BENZYLAMINE,Unclassified,TRUE,FALSE,NA,NA,NA,medium,NA,NA,FALSE
"Sulfuric acid, mono-C12-14 (even numbered)-alkyl esters, potassium salts",CAS without structure,TRUE,TRUE,Sulfuric acid monoesters,subclass,subset,medium,NA,NA,FALSE
SENSIBILISATOR KF 684 PINA,Unclassified,TRUE,FALSE,NA,NA,NA,high,NA,NA,FALSE
palmkernel oil fatty acids,Unclassified,TRUE,TRUE,Fatty acids and conjugates,subclass,subset,high,NA,NA,FALSE
"aluminium, magnesium and silicon oxides and hydroxides from refinement of aluminium salt slag residues",Unclassified,TRUE,TRUE,Inorganic compounds,kingdom,subset,medium,NA,NA,FALSE
disodium 4-hydroxy-3-[2-[4-({4-[2-(1-hydroxy-4-sulfonatonaphthalen-2-yl)diazen-1-yl]-3-methoxyphenyl}(phenyl)methyl)-2-methoxyphenyl]diazen-1-yl]naphthalene-1-sulfonate,Unclassified,TRUE,FALSE,NA,NA,NA,high,NA,NA,FALSE
Equimolecular mixture of - Disodium 2-Hexadecylsulfanyl-1-(4-sulfo-butyl)-1H- benzoimidazole-5-sulfonate - Disodium 2-Hexadecylsulfanyl-3-(4-sulfo-butyl)-1H- benzoimidazole-5-sulfonate,Unclassified,TRUE,FALSE,NA,NA,NA,high,NA,NA,FALSE
Reaction products of metal-free bottom ash from municipal solid wastes incineration with water and with or without lime,Unclassified,TRUE,FALSE,NA,NA,NA,high,NA,NA,FALSE
"Molybdenum sulfide (MoS2), roasted",CAS without structure,TRUE,FALSE,NA,NA,NA,high,NA,NA,FALSE
D-fructose and D-glucose and reaction products of D-fructose and D-glucose and hexamethylenediamine,Unclassified,TRUE,TRUE,Carbohydrates and carbohydrate conjugates,subclass,broader,low,NA,NA,FALSE
"Hydrocarbons, C4, 1,3-butadiene-free, polymd., tetraisobutylene fraction, hydrogenated",CAS without structure,TRUE,TRUE,Saturated hydrocarbons,class,subset,medium,NA,NA,FALSE
"Copper, [29H,31H-phthalocyaninato(2-)-N29,N30,N31,N32]-, [[3-(dimethylamino)propyl]amino]sulfonyl derivs., acetates",CAS without structure,TRUE,TRUE,Phthalocyanines,subclass,subset,high,NA,NA,FALSE
"Hydrocarbons of plastic waste origin obtained through thermolysis and thermosynthesis, C20 – C44 linear alkanes, branched alkanes and alkenes",Unclassified,TRUE,TRUE,Hydrocarbons,superclass,subset,high,NA,NA,FALSE
"Phosphoric acid, mixed esters with Bu alc. and ethylene glycol",CAS without structure,TRUE,TRUE,Organic phosphoric acids and derivatives,superclass,subset,medium,NA,NA,FALSE
"Reaction products of 2-(4,6-bis(2,4-dimethylphenyl)-1,3,5-triazin-2-yl)-5-hydroxyphenol with ((C10-16, rich in C12-13 alkyloxy)methyl)oxyrane",Unclassified,TRUE,FALSE,NA,NA,NA,medium,NA,NA,FALSE
DIAZO ER 1400 M,Unclassified,TRUE,FALSE,NA,NA,NA,high,NA,NA,FALSE
"Cadmium zinc sulfide ((Cd,Zn)S), cobalt and copper-doped",CAS without structure,TRUE,FALSE,NA,NA,NA,high,NA,NA,FALSE
ANTIHALOFARBSTOFF OXONOLROT 536 PINA,Unclassified,TRUE,FALSE,NA,NA,NA,high,NA,NA,FALSE
"Hydrocarbons from pyrolysis of waste plastic, condensed, syngas sparged, catalytically cracked and reformed, light oil fraction",Unclassified,TRUE,TRUE,Hydrocarbons,superclass,subset,medium,NA,NA,FALSE
"Rhamnolipids: fermentation products of glucose with Pseudomonas putida, Pseudomonacae, partially neutralized, potassium salts",Unclassified,TRUE,TRUE,Rhamnolipids,subclass,subset,high,NA,NA,FALSE
"Benzene, ethylenated, by-products from",CAS without structure,TRUE,TRUE,Benzene and substituted derivatives,class,subset,medium,NA,NA,FALSE
Reaction products of tetrahydrofurfuryl alcohol with ethylene oxide,CAS without structure,TRUE,TRUE,Ethers,subclass,subset,low,NA,NA,FALSE
JAU 6476-HYDRAZINE HYDROCHLORIDE,Unclassified,TRUE,FALSE,NA,NA,NA,medium,NA,NA,FALSE
nickel dioxide,CAS without structure,TRUE,FALSE,NA,NA,NA,high,NA,NA,FALSE
"Cyclohexane, oxidized, aq. ext., sodium salt",CAS without structure,TRUE,FALSE,NA,NA,NA,high,NA,NA,FALSE
7-Methyl-3-methylene-7-octene-1-yl-propionate,Unclassified,TRUE,FALSE,NA,NA,NA,high,NA,NA,FALSE
"Lead, antimonial, dross",CAS without structure,TRUE,FALSE,NA,NA,NA,high,NA,NA,FALSE
Shale Oil Bitumen,Unclassified,TRUE,FALSE,NA,NA,NA,high,NA,NA,FALSE
"Arsenenous acid, ammonium copper salt",CAS without structure,TRUE,FALSE,NA,NA,NA,medium,NA,NA,FALSE
"Fatty acids, tall-oil, iron salts",CAS without structure,TRUE,TRUE,Organic metal salts,class,subset,medium,NA,NA,FALSE
"Amines, di-C12-18-alkylmethyl",CAS without structure,TRUE,TRUE,Dialkylamines,direct_parent,subset,medium,NA,NA,FALSE
chymotrypsin,CAS without structure,TRUE,FALSE,NA,NA,NA,high,NA,NA,FALSE
"2-Propenenitrile, reaction products with 1,3-benzenedimethanamine",CAS without structure,TRUE,TRUE,Nitriles,direct_parent,subset,medium,NA,NA,FALSE
"Acetic acid, lead salt, basic",CAS without structure,TRUE,FALSE,NA,NA,NA,medium,NA,NA,FALSE
"Fuels, diesel, co-processed with hydrocarbons derived from thermally cracked waste plastics",Unclassified,TRUE,FALSE,NA,NA,NA,high,NA,NA,FALSE
"Santalol oil: fermentation products of glucose with santalene synthase modified Rhodobacter sphaeroides, distilled, oxidised",CAS without structure,TRUE,NA,NA,NA,NA,low,NA,NA,FALSE
Red RN 2603 (notification presscake),CAS without structure,TRUE,NA,NA,NA,NA,low,NA,NA,FALSE
"Phosphoric acid, mono- and di-C11-14 (linear and branched) alkyl esters",CAS without structure,TRUE,TRUE,Alkyl phosphates,direct_parent,subset,high,NA,NA,FALSE
xylene,CAS without structure,TRUE,TRUE,Xylenes,subclass,exact,high,Xylenes,0.9376536106705246,TRUE
"1,1,1-Tris(p-hydroxyphenyl)ethane, mixed esters with 3-Diazo-3,4-dihydro-4-oxonaphthalene 2-sulphonic acid and 6-Diazo-5,6-dihydro-5-oxonaphthalene 2-sulphonic acid",Unclassified,TRUE,TRUE,Carboxylic acid esters,direct_parent,subset,low,NA,NA,FALSE
"1,2,3-Propanetriol, homopolymer, diisooctadecanoate",CAS without structure,TRUE,TRUE,Other glycerolipids,subclass,subset,low,NA,NA,FALSE
"Glycine, N-methyl-, N-coco acyl derivs.",CAS without structure,TRUE,NA,NA,NA,NA,low,NA,NA,FALSE
Insulin Aspart Ethyl Ester,Unclassified,TRUE,FALSE,NA,NA,NA,high,NA,NA,FALSE
"Rosin, fumarated, reaction products with formaldehyde",CAS without structure,TRUE,FALSE,NA,NA,NA,high,NA,NA,FALSE
"Zeolite, cuboidal, crystalline, synthetic, non-fibrous",CAS without structure,TRUE,NA,NA,NA,NA,low,NA,NA,FALSE
"Slags, ferrovanadium-manufg., aluminothermic",CAS without structure,TRUE,FALSE,NA,NA,NA,high,NA,NA,FALSE
[(2-hydroxyacetyl)oxy](oxo) vanadium 2-hydroxyacetate,Unclassified,TRUE,FALSE,NA,NA,NA,high,NA,NA,FALSE
Copper chromite black spinel,CAS without structure,TRUE,FALSE,NA,NA,NA,high,NA,NA,FALSE
"Mercury alloy, (Velvaloy)",CAS without structure,TRUE,FALSE,NA,NA,NA,high,NA,NA,FALSE
"1,2-Ethanediamine, N1-[3-(trimethoxysilyl)propyl]-, hydrolyzed",CAS without structure,TRUE,FALSE,NA,NA,NA,high,NA,NA,FALSE
safflower oil,CAS without structure,TRUE,FALSE,NA,NA,NA,high,NA,NA,FALSE
C 1559,Unclassified,TRUE,FALSE,NA,NA,NA,high,NA,NA,FALSE
tungsten zirconium oxide,CAS without structure,TRUE,FALSE,NA,NA,NA,medium,NA,NA,FALSE
"Propylidynetrimethanol, ethoxylated, propoxylated, esters with acrylic acid (<6.5 mol EO and <6.5 mol PO)",Unclassified,TRUE,TRUE,Carboxylic acid esters,direct_parent,subset,medium,NA,NA,FALSE
Other passive metallic materials for Product Group D,Unclassified,TRUE,FALSE,NA,NA,NA,high,NA,NA,FALSE
CW020A (Cu-PHC),Unclassified,TRUE,FALSE,NA,NA,NA,medium,NA,NA,FALSE
TREATED CARBON BLACK 11,Unclassified,TRUE,FALSE,NA,NA,NA,high,NA,NA,FALSE
"Cadmium selenide (CdSe), solid soln. with cadmium sulfide, zinc selenide and zinc sulfide, europium-doped",CAS without structure,TRUE,FALSE,NA,NA,NA,high,NA,NA,FALSE
Aluminium cerium chromium erbium europium gadolinium gallium germanium holmium iron lanthanium neodymium thulium titanium yttrium ytterbium oxide,Unclassified,TRUE,FALSE,NA,NA,NA,high,NA,NA,FALSE
"tert-decanoic acid, ethenyl ester, polymer with ethene, ethenyl acetate and methyl 2-methyl-2-propenoate",CAS without structure,TRUE,NA,NA,NA,NA,low,NA,NA,FALSE
Bis-(5-amino-2-hydroxybenzoic acid) sulfate,CAS without structure,TRUE,NA,NA,NA,NA,low,NA,NA,FALSE
"Fatty acids, tall oil, maleated",CAS without structure,TRUE,TRUE,Fatty acids and conjugates,subclass,subset,medium,NA,NA,FALSE
"Tetrasodium [2-({4-fluoro-6-[(2-{[4-fluoro-6-({5-(hydroxykappaO)-6-[(2-{[2-(hydroxy-kappaO)-5-sulfophenyl] diazenyl-kappaN1}-4,5-dimethoxyphenyl) diazenyl-kappaN2]-7-sulfo-2-naphthyl} amino)-1,3,5-triazin-2-yl] amino} propyl) amino]-1,3,5-triazin-2-yl} amino) benzene-1,4- disulfonato(6-)] cuprate(4-)",Unclassified,TRUE,FALSE,NA,NA,NA,high,NA,NA,FALSE
"Castor oil, hydrogenated, propoxylated",CAS without structure,TRUE,FALSE,NA,NA,NA,medium,NA,NA,FALSE
"1,4-Benzenedicarboxylic acid, dimethyl ester, manuf. of, by-products from",CAS without structure,TRUE,FALSE,NA,NA,NA,high,NA,NA,FALSE
"Amines, C12-14 (even numbered)-alkyldimethyl, N-oxides",CAS without structure,TRUE,TRUE,Long-chain alkyl amine oxides,direct_parent,subset,medium,NA,NA,FALSE
"Reaction products of 3-methylbutanal and 3-methylbut-3-en-1-ol, distillation overheads",Unclassified,TRUE,FALSE,NA,NA,NA,high,NA,NA,FALSE
"Amines, C16-18 and C18-unsatd. alkyl, ethoxylated",CAS without structure,TRUE,TRUE,Fatty amides,subclass,subset,low,NA,NA,FALSE
"Fatty acids, vegetable-oil, Me esters",CAS without structure,TRUE,NA,NA,NA,NA,low,Fatty acid esters,0.8122041174150023,FALSE
"(E,Z)-9-Dodecen-1-yl acetate",Unclassified,TRUE,NA,NA,NA,NA,low,NA,NA,FALSE
"1,2-naphtoquinonediazide-5-sulfonylchloride (or sulfonic acid) esters with 2-methyl-2-(2,4 dihydroxyphenyl)-4-4-hydroxyphenyl)-7-hydroxychromane",Unclassified,TRUE,FALSE,NA,NA,NA,medium,NA,NA,FALSE
Pepper dust extraction residue (PDER),Unclassified,TRUE,NA,NA,NA,NA,low,NA,NA,FALSE
"Coal liquids, liq. solvent extn. soln.|[The product obtained by filtration of coal mineral matter and undissolved coal from coal extract solution produced by digesting coal in a liquid solvent. A black, viscous, highly complex liquid combination composed",CAS without structure,TRUE,FALSE,NA,NA,NA,high,NA,NA,FALSE
Calcium salts of fatty acids,Unclassified,TRUE,TRUE,Fatty acids and conjugates,subclass,subset,medium,NA,NA,FALSE
PZL8,Unclassified,TRUE,FALSE,NA,NA,NA,high,NA,NA,FALSE
"Concrete of Salvia sclarea L. (Lamiaceae) obtained from leaves, flowers and twigs by apolar hydrocarbon solvent extraction with or without purification by molecular distillation",Unclassified,TRUE,FALSE,NA,NA,NA,high,NA,NA,FALSE
"Esterification product of castor oil and tetrahydromethyl-1,3-isobenzofuranedione",CAS without structure,TRUE,NA,NA,NA,NA,low,NA,NA,FALSE
"Cocoa, ext.",CAS without structure,TRUE,FALSE,NA,NA,NA,high,NA,NA,FALSE
TRITON SP-140 SURFACTANT,Unclassified,TRUE,FALSE,NA,NA,NA,high,NA,NA,FALSE
Cadmium zinc lithopone yellow,CAS without structure,TRUE,FALSE,NA,NA,NA,high,NA,NA,FALSE
Oligomerisation reaction products of glyoxal and urea.,CAS without structure,TRUE,TRUE,Carboxylic acids and derivatives,class,broader,low,NA,NA,FALSE
REVERSACOL PALATINATE PURPLE,Unclassified,TRUE,FALSE,NA,NA,NA,high,NA,NA,FALSE
"Phenol, 4-[[4-(dimethylamino)phenyl]azo]-, reaction products with sodium sulfide (Na2(Sx)), leuco derivatives",CAS without structure,TRUE,TRUE,Azobenzenes,class,subset,medium,NA,NA,FALSE
Sodium sulphate and zinc hydroxide resulting from manufacture of tellurium dioxide from zinc telluride,Unclassified,TRUE,FALSE,NA,NA,NA,high,NA,NA,FALSE
"4,4'-Isopropylidenediphenol, oligomeric reaction products with 1-chloro-2,3-epoxypropane, reaction products with biphenyl-4-ol",CAS without structure,TRUE,TRUE,Epoxides,class,subset,low,NA,NA,FALSE
"bis[[2,2',2''-nitrilotris-[ethanolato]]-1-N,O]-bis[2-(2-methoxyethoxy)ethoxy]-titanium",Unclassified,TRUE,FALSE,NA,NA,NA,high,NA,NA,FALSE
TSE-5 HCl,Unclassified,TRUE,FALSE,NA,NA,NA,high,NA,NA,FALSE
SALACOS 168E,Unclassified,TRUE,FALSE,NA,NA,NA,high,NA,NA,FALSE
MJM-80,Unclassified,TRUE,FALSE,NA,NA,NA,high,NA,NA,FALSE
MBTT,Unclassified,TRUE,FALSE,NA,NA,NA,medium,NA,NA,FALSE
(4-6) PEPTIDE,Unclassified,TRUE,NA,NA,NA,NA,low,NA,NA,FALSE
(Z)-9-Tetradecen-1-ol (SCLP Alcohols),Unclassified,TRUE,FALSE,NA,NA,NA,high,NA,NA,FALSE
"Oil shale, thermal processing waste",CAS without structure,TRUE,FALSE,NA,NA,NA,high,NA,NA,FALSE
EPICURE YH306,Unclassified,TRUE,FALSE,NA,NA,NA,high,NA,NA,FALSE
"1-Propanaminium, 3-amino-N-ethyl-N,N-dimethyl-, N-rape-oil acyl derivs., Et sulfates",CAS without structure,TRUE,TRUE,Quaternary ammonium salts,subclass,subset,medium,NA,NA,FALSE
"Lead alloy, base, dross",CAS without structure,TRUE,FALSE,NA,NA,NA,high,NA,NA,FALSE
"Magnesium arsenate, decahydrate",CAS without structure,TRUE,FALSE,NA,NA,NA,high,NA,NA,FALSE
"Formaldehyde, polymer with ethenylbenzene and phenol",CAS without structure,TRUE,TRUE,Organic Polymers,superclass,subset,medium,NA,NA,FALSE
"Plumbylium, trimethyl-",CAS without structure,TRUE,FALSE,NA,NA,NA,high,NA,NA,FALSE
"Esterification product of Alcohols, C12-13, ethoxylated, and Alcohols, C16-18 and butan-1-ol with diphosphorus pentaoxide",Unclassified,TRUE,TRUE,Organic phosphoric acids and derivatives,class,subset,medium,NA,NA,FALSE
"sodium 1,2-bis[4-[4-{4-(4-sulfophenylazo)-2-sulfophenylazo}-2-ureido-phenyl-amino]-6-fluoro-1,3,5-triazin-2-ylamino]-propane, sodium salt",Unclassified,TRUE,FALSE,NA,NA,NA,high,NA,NA,FALSE
"Nuclease, deoxyribo-",CAS without structure,TRUE,FALSE,NA,NA,NA,high,NA,NA,FALSE
"trimethylolpropane, mixed triesters and diesters with n-octanoic and n-decanoic acids",Unclassified,TRUE,TRUE,Carboxylic acid esters,direct_parent,subset,medium,NA,NA,FALSE
"polybutene, hydrogenated",CAS without structure,TRUE,TRUE,Saturated hydrocarbons,class,subset,medium,NA,NA,FALSE
"di-tert-butyl 2,2'-(((((2R,5R)-1-(3,5-difluoro-4-(4-(4-fluorophenyl)piperidin-1-yl)phenyl)pyrrolidine-2,5-diyl)bis(2-amino-5-fluoro-4,1-phenylene))bis(azanediyl))bis(carbonyl))(2S,2'S)-bis(pyrrolidine-1-carboxylate)",Unclassified,TRUE,FALSE,NA,NA,NA,high,NA,NA,FALSE
"Tall oil, compd. with diethanolamine",CAS without structure,TRUE,FALSE,NA,NA,NA,high,NA,NA,FALSE
4-(5-Ethyl-tetrahydropyran-2-yl)-phenol,Unclassified,TRUE,FALSE,NA,NA,NA,high,NA,NA,FALSE
"2-Propenoic acid, butyl ester, reaction products with butadiene, sulfur and tri-Ph phosphite",CAS without structure,TRUE,FALSE,NA,NA,NA,high,NA,NA,FALSE
"2,5-Furandione, dihydro-3-(tetrapropenyl)-, reaction products with triethanolamine",CAS without structure,TRUE,TRUE,Carboxylic acid amides,direct_parent,subset,low,NA,NA,FALSE
"Tar, brown-coal, low-temp.",CAS without structure,TRUE,FALSE,NA,NA,NA,high,NA,NA,FALSE
Ethenyltris(1-methyl-2-methoxyethoxy)silane,Unclassified,TRUE,FALSE,NA,NA,NA,high,NA,NA,FALSE
e-glass microfibres of representative composition,Unclassified,TRUE,FALSE,NA,NA,NA,high,NA,NA,FALSE
tert-butyl 4-[[(6-amino-5-chloro-pyrimidin-4-yl)amino]methyl]-4-fluoro-piperidine-1-carboxylate,Unclassified,TRUE,FALSE,NA,NA,NA,high,NA,NA,FALSE
"Alcohols, C8-18, ethoxylated",CAS without structure,TRUE,TRUE,Fatty alcohols,subclass,subset,medium,NA,NA,FALSE
2-(PHENYLMETHYL)-BENZENEACETIC ACID,Unclassified,TRUE,FALSE,NA,NA,NA,high,NA,NA,FALSE
Reaction products of 4-methyl-m-phenylene diisocyanate with octylamine and p-toluidine,Unclassified,TRUE,TRUE,Polyureas,superclass,subset,medium,NA,NA,FALSE
Carbohydrates from malted barley,Unclassified,TRUE,FALSE,NA,NA,NA,high,NA,NA,FALSE
"Lead ores, concs., leached",CAS without structure,TRUE,FALSE,NA,NA,NA,high,NA,NA,FALSE
"Eucalyptus citriodora oil, hydrated, cyclized",CAS without structure,TRUE,FALSE,NA,NA,NA,high,NA,NA,FALSE
Methyl-(3S)-3-hydroxy-2-methylenebutanoat,CAS without structure,TRUE,FALSE,NA,NA,NA,high,NA,NA,FALSE
RV-4,Unclassified,TRUE,FALSE,NA,NA,NA,low,NA,NA,FALSE
4-Ethyl-3'-fluorobiphenyl,Unclassified,TRUE,FALSE,NA,NA,NA,high,NA,NA,FALSE
"D,L- Menthol / D,L-Isomenthol",Unclassified,TRUE,TRUE,Menthane monoterpenoids,subclass,subset,medium,NA,NA,FALSE
"2-isopropyl-5-[(E)-2-phenylvinyl]cyclohexane-1,3-dione",CAS without structure,TRUE,FALSE,NA,NA,NA,high,NA,NA,FALSE
"(E,E)-7,9-Dodecadien-1-yl acetate (SCLP Acetates)",Unclassified,TRUE,FALSE,NA,NA,NA,high,NA,NA,FALSE
KHMIDA,Unclassified,TRUE,FALSE,NA,NA,NA,low,NA,NA,FALSE
"Poly(oxy-1,2-ethanediyl), α-[2-(dide- cylmethylammonio)ethyl]- .omega.- hydroxy-, propanoate (salt) (Bardap 26)",CAS without structure,TRUE,NA,NA,NA,NA,low,NA,NA,FALSE
"Lead, C5-23-branched carboxylate C4-10-fatty acid complexes",CAS without structure,TRUE,NA,NA,NA,NA,low,NA,NA,FALSE
"Amides, C18, branched and linear",Unclassified,TRUE,NA,NA,NA,NA,low,NA,NA,FALSE
Chitosan,CAS without structure,TRUE,NA,NA,NA,NA,low,NA,NA,FALSE
"cellulose, 2-hydroxypropyl ether",CAS without structure,TRUE,NA,NA,NA,NA,low,NA,NA,FALSE
"Coupling reaction products of 3,3'-dichlorobiphenyl-4,4'-bis(diazonium) dichloride with N-(2,4-dimethylphenyl)-3-oxobutanamide and potassium 4-[(3-oxobutanoyl)amino]benzenesulfonate and their basic aluminium and calcium salts",CAS without structure,TRUE,NA,NA,NA,NA,low,NA,NA,FALSE
Polyoxin,Unclassified,TRUE,NA,NA,NA,NA,low,NA,NA,FALSE
"Cashew, nutshell liq., oligomeric reaction products with 1-chloro-2,3-epoxypropane",CAS without structure,TRUE,NA,NA,NA,NA,low,NA,NA,FALSE
"copolymer of methylmethacrylate with styrene, divinylbenzene and 1,3-butylene glycol-dimethacrylate",Unclassified,TRUE,NA,NA,NA,NA,low,NA,NA,FALSE
BIS A BIS AZIDE,Unclassified,TRUE,NA,NA,NA,NA,low,NA,NA,FALSE
"Oligomerisation products of alpha-alkenes C16-18 (even numbered), hydrogenated, hydroisomerised",Unclassified,TRUE,NA,NA,NA,NA,low,NA,NA,FALSE
"Scale (coating), copper",CAS without structure,TRUE,NA,NA,NA,NA,low,NA,NA,FALSE
REAKTIV-MARINEBLAU F-66 719 FW,Unclassified,TRUE,NA,NA,NA,NA,low,NA,NA,FALSE
"Hydrocarbons, C6-8, C6-rich, by-products from manufacturing of cyclohexanol and cyclohexanone by hydrogenation of phenol",Unclassified,TRUE,NA,NA,NA,NA,low,NA,NA,FALSE
"Phosphoric acid, mono- and di-C12-18-(even numbered)-alkyl esters",Unclassified,TRUE,NA,NA,NA,NA,low,NA,NA,FALSE
Mixed octanoic and decanoic acid- 2-mixed octanoyloxy and decanoyloxy-1-alkyl ester,Unclassified,TRUE,NA,NA,NA,NA,low,NA,NA,FALSE
High-temperature calcination products of diiron trioxide and amorphous silica resulting in a glassy silica matrix,Unclassified,TRUE,FALSE,NA,NA,NA,high,NA,NA,FALSE
"D-Glucopyranose, oligomers, decyl octyl glycosides",CAS without structure,TRUE,NA,NA,NA,NA,low,NA,NA,FALSE
tert‐Butyl 4‐({[6‐amino‐5‐(4‐phenoxyphenyl)pyrimidin‐4‐yl]amino}methyl)‐4‐ fluoropiperidine‐1‐carboxylate,Unclassified,TRUE,NA,NA,NA,NA,low,NA,NA,FALSE
N-[4-(cyclopropylcarbamoyl)benzenesulfonyl]-2-methoxybenzamide,Unclassified,TRUE,NA,NA,NA,NA,low,NA,NA,FALSE
"amides, C18-unsatd., N-[3-(dimethylamine)propyl]",CAS without structure,TRUE,NA,NA,NA,NA,low,NA,NA,FALSE
POLYAMIDE RESIN,Unclassified,TRUE,TRUE,Organic Polymers,superclass,subset,medium,NA,NA,FALSE
Essential oil of Cedarwood Texas obtained from the wood of Juniperus mexicana (Cupressaceae) by distillation - Cedrol,Unclassified,TRUE,NA,NA,NA,NA,low,NA,NA,FALSE
Cadmium selenide (CdSe0.97),CAS without structure,TRUE,NA,NA,NA,NA,low,NA,NA,FALSE
PH-50P,Unclassified,TRUE,NA,NA,NA,NA,low,NA,NA,FALSE
reaction products of diisopropanolamine with formaldehyde (1:4),CAS without structure,TRUE,NA,NA,NA,NA,low,NA,NA,FALSE
"Cedrus deodara, ext.",CAS without structure,TRUE,NA,NA,NA,NA,low,NA,NA,FALSE
"Coconut oil, hydrogenated",CAS without structure,TRUE,NA,NA,NA,NA,low,NA,NA,FALSE
"Glycerides, C16-18 mono-, di- and tri-, hydrogenated, citrates, sodium salts",CAS without structure,TRUE,TRUE,Triacylglycerols,subclass,broader,low,NA,NA,FALSE
"Speiss, lead",CAS without structure,TRUE,NA,NA,NA,NA,low,NA,NA,FALSE
"Benzenamine, 4-[(4-aminophenyl)(4-imino-2,5-cyclohexadien-1-ylidene)methyl]-, N-Me derivatives, molybdatephosphates",CAS without structure,TRUE,NA,NA,NA,NA,low,NA,NA,FALSE
"Alcohols, C12-14, ethoxylated, sulfates, sodium salts",CAS without structure,TRUE,NA,NA,NA,NA,low,NA,NA,FALSE
"tert-butyl (4S)-4-[([4-[(2S)-2-[(2S)-2-[([(4R,7S,10S,13S,16S,19R)-19-acetamido-7-(4-acetamidobutyl)-16-(2-amino-2-oxoethyl)-13-[(1R)-1-tert-butoxyethyl]-3,3,20,20-tetramethyl-10-[(7-methyl-1H-indol-3-yl)methyl]-6,9,12,15,18-pentaoxo-1,2-dithia-5,8,11,14,17-pentaazacycloicosan-4-yl]carbonyl)amino]-3-(4-[2-[(tert-butoxycarbonyl)amino]ethoxy]phenyl)propanamido]-3-(2-naphthyl)propanamido]tetrahydro-2H-pyran-4-yl]carbonyl)amino]-5-[[(2S)-4-amino-1-[[(2S)-1-[(2-amino-2-oxoethyl)(methyl)amino]-1-oxo-3-(pyridin-3-yl)propan-2-yl]amino]-1,4-dioxobutan-2-yl]amino]-5-oxopentanoate",Unclassified,TRUE,NA,NA,NA,NA,low,NA,NA,FALSE
"Betaines, C12-16 (even numbered) -alkyldimethyl",Unclassified,TRUE,TRUE,Quaternary ammonium salts,subclass,subset,medium,NA,NA,FALSE
"Benzenesulfonic acid, 4-C10-12-sec-alkyl derivs.-, compds. with 2-propanamine",Unclassified,TRUE,NA,NA,NA,NA,low,NA,NA,FALSE
Chymotrypsin,CAS without structure,TRUE,NA,NA,NA,NA,low,NA,NA,FALSE
"Repellents: Fatty acids, fish oil",Unclassified,TRUE,NA,NA,NA,NA,low,NA,NA,FALSE
"Arsenic acid, calcium salt (1:2)",CAS without structure,TRUE,NA,NA,NA,NA,low,NA,NA,FALSE
"(2S,3S)-2,3-Bis[(4-methylbenzoyl)oxy]butanedioic acid — methyl {(4S)-8-fluoro-2-[4-(3methoxyphenyl)piperazin-1-yl]-3-[2-methoxy-5-(trifluoromethyl)phenyl]-3,4-dihydroquinazolin-4yl}acetate — ethyl acetate (1:1:1)",Unclassified,TRUE,FALSE,NA,NA,NA,high,NA,NA,FALSE
"2-Pentanone-4methyl-,O,O’,O”-(ethenylsilylidyne)trioxime",Unclassified,TRUE,NA,NA,NA,NA,low,NA,NA,FALSE
"1,2,4-Benzenetricarboxylic acid, mixed branched tridecyl and isodecyl esters",CAS without structure,TRUE,NA,NA,NA,NA,low,NA,NA,FALSE
hydrolysis products of 3-(triethoxysilyl)propan-1-amine,Unclassified,TRUE,NA,NA,NA,NA,low,NA,NA,FALSE
WALNUT ESTER,Unclassified,TRUE,NA,NA,NA,NA,low,NA,NA,FALSE
"Amines, polyethylenepoly-, triethylenetetramine fraction",CAS without structure,TRUE,NA,NA,NA,NA,low,NA,NA,FALSE
"benzene, 1,1'-oxybis-,tetrapropylene derivatised, sulfonated sodium salts",CAS without structure,TRUE,NA,NA,NA,NA,low,NA,NA,FALSE
INSULIB,Unclassified,TRUE,NA,NA,NA,NA,low,NA,NA,FALSE
Quassia amara L. wood extract,Unclassified,TRUE,NA,NA,NA,NA,low,NA,NA,FALSE
2-[(3-hydroxy-3-oxo-propanoyl)amino]benzoic acid,Unclassified,TRUE,FALSE,NA,NA,NA,high,NA,NA,FALSE
Family 603: Alcohols and derivatives,Unclassified,TRUE,NA,NA,NA,NA,low,NA,NA,FALSE
[No public or meaningful name is available],Unclassified,TRUE,NA,NA,NA,NA,low,NA,NA,FALSE
"Octadecanoic acid, reaction products with diethylenetriamine and urea, acetates",CAS without structure,TRUE,NA,NA,NA,NA,low,NA,NA,FALSE
"Reaction products from the oxidation, peroxidation and ketalization of (3S)-3-methyl-5-[(1s,4as,8as)-5,5,8a-trimethyl-2-methylenedecahydro-1-naphthalenyl]-1-penten-3-ol",Unclassified,TRUE,NA,NA,NA,NA,low,NA,NA,FALSE
copolymers of styrene and/or alpha-methylstyrene with acrylonitrile,Unclassified,TRUE,NA,NA,NA,NA,low,NA,NA,FALSE
2-dialkoxyphenylalkylurea,Unclassified,TRUE,NA,NA,NA,NA,low,NA,NA,FALSE
"Hydrocarbons, C4-6, C5-rich",CAS without structure,TRUE,NA,NA,NA,NA,low,NA,NA,FALSE
PIGMENT 4189,Unclassified,TRUE,NA,NA,NA,NA,low,NA,NA,FALSE
"Reaction products of butan-2-one oxime and oligomerisation products of 1,6-diisocyanatohexane, isocyanurate type",Unclassified,TRUE,NA,NA,NA,NA,low,NA,NA,FALSE
VTX-4,Unclassified,TRUE,NA,NA,NA,NA,low,NA,NA,FALSE
"Reaction products of 2,2'-iminodi(ethylamine) and copper sulphate (1:1)",Unclassified,TRUE,NA,NA,NA,NA,low,NA,NA,FALSE
3-(4-CHLOROPHENYL)GLUTARIC ACID MONOAMIDE,Unclassified,TRUE,NA,NA,NA,NA,low,NA,NA,FALSE
"Fatty acids, C8-10 (even numbered), 3-methylbutyl esters",CAS without structure,TRUE,NA,NA,NA,NA,low,NA,NA,FALSE
"Benzenesulfonic acid, mono-C10-13-alkyl derivs., cadmium salts",CAS without structure,TRUE,NA,NA,NA,NA,low,NA,NA,FALSE
"[N,N,N',N',N'',N''-hexaethyl-29H,31H-phthalocyaninetrimethylaminato(2-)-N29,N30,N31,N32]copper tris(dodecylbenzenesulphonate)",CAS without structure,TRUE,NA,NA,NA,NA,low,NA,NA,FALSE
monoalkyl or monoaryl or monoalkylaryl esters of acrylic acid with the exception of those specified elsewhere in this Annex,Unclassified,TRUE,NA,NA,NA,NA,low,NA,NA,FALSE
"(15α, 16α, 17β)-3-(benzyloxy)estra-1,3,5(10)-triene-15,16,17-triyl triacetate",CAS without structure,TRUE,NA,NA,NA,NA,low,NA,NA,FALSE
REACTIVE BLUE FC 53534,Unclassified,TRUE,NA,NA,NA,NA,low,NA,NA,FALSE
"Cadmium, benzoate p-tert-butylbenzoate complexes",CAS without structure,TRUE,NA,NA,NA,NA,low,NA,NA,FALSE
"Fatty acids, C8-10-branched, cadmium salts",CAS without structure,TRUE,NA,NA,NA,NA,low,NA,NA,FALSE
Duasyn Black NB-SF,Unclassified,TRUE,NA,NA,NA,NA,low,NA,NA,FALSE
A 93193,Unclassified,TRUE,NA,NA,NA,NA,low,NA,NA,FALSE
"O,O,O',O'-tetraoctyl-(branched and linear) S,S'-{methylenebis[imino(3-oxopropane-3,1-diyl)]} bis(phosphorothioate)",Unclassified,TRUE,NA,NA,NA,NA,low,NA,NA,FALSE
N-methyl-di-C16-18-(even numbered)-alkylamines,CAS without structure,TRUE,NA,NA,NA,NA,low,NA,NA,FALSE
"Corn, steep liquor",CAS without structure,TRUE,NA,NA,NA,NA,low,NA,NA,FALSE
Yellow RWa 3430 Z,Unclassified,TRUE,NA,NA,NA,NA,low,NA,NA,FALSE
"Naphthenic acids, nickel salts",CAS without structure,TRUE,NA,NA,NA,NA,low,NA,NA,FALSE
"Reaction products of 4'-amino-4-nitrodiphenylamine-2-sulfonic acid diazo, 4-nitroaniline diazo, aniline-2,5-disulfonic acid diazo and resorcinol, sodium salts",Unclassified,TRUE,NA,NA,NA,NA,low,NA,NA,FALSE
diethoxydihydroquinone,Unclassified,TRUE,NA,NA,NA,NA,low,NA,NA,FALSE
"polyethylene glycol (EO = 1-30, typically 5) ether of butyl 2-cyano 3-(4-hydroxy-3-methoxyphenyl) acrylate",Unclassified,TRUE,NA,NA,NA,NA,low,NA,NA,FALSE
Creosote oil|[A complex combination of hydrocarbons obtained by the distillation of coal tar. It consists primarily of aromatic hydrocarbons and may contain appreciable quantities of tar acids and tar bases. It distills at the approximate range of 200°C t,Mixture,TRUE,NA,NA,NA,NA,low,NA,NA,FALSE
salts of o-tolidine,Unclassified,TRUE,NA,NA,NA,NA,low,NA,NA,FALSE
"Fatty acids, C18-24, zinc salts",CAS without structure,TRUE,NA,NA,NA,NA,low,NA,NA,FALSE
"Alcohols, C12-13, branched and linear, ethoxylated",CAS without structure,TRUE,NA,NA,NA,NA,low,NA,NA,FALSE
Papaine,Unclassified,TRUE,NA,NA,NA,NA,low,NA,NA,FALSE
"Reaction products of fatty acids, C18-unsaturated, dimers and 2,2'-[(1-methylethylidene)bis(4,1-phenyleneoxymethylene)]bisoxirane",Unclassified,TRUE,NA,NA,NA,NA,low,NA,NA,FALSE
Trichoderma asperellum (formerly T. viride) strain T-25,Unclassified,TRUE,NA,NA,NA,NA,low,NA,NA,FALSE
The complex reaction products from the distillation of styrene,Unclassified,TRUE,NA,NA,NA,NA,low,NA,NA,FALSE
polyvinyl butyral,Unclassified,TRUE,NA,NA,NA,NA,low,NA,NA,FALSE
"5,12-dihydroquinolino[2,3-b]acridine-7,14-dione and (mono and bis)-[(1,3-dioxo-1,3-dihydro-2H-isoindol-2-yl)methyl]-5,12-dihydroquinolino[2,3-b]acridine-7,14-dione",Unclassified,TRUE,NA,NA,NA,NA,low,NA,NA,FALSE
[ω-hydroxy-C16 (saturated and unsaturated) and C16 (unsaturated)] fatty acids,Unclassified,TRUE,NA,NA,NA,NA,low,NA,NA,FALSE
"Fuel oil, residues-straight-run gas oils, high-sulfur",CAS without structure,TRUE,NA,NA,NA,NA,low,NA,NA,FALSE
"2,4(or 2,6)-dinitrophenol",CAS without structure,TRUE,NA,NA,NA,NA,low,NA,NA,FALSE
PDS-1861,Unclassified,TRUE,NA,NA,NA,NA,low,NA,NA,FALSE
"Eucalyptus radiata australiana, ext.",CAS without structure,TRUE,NA,NA,NA,NA,low,NA,NA,FALSE
"Phosphoric acid, mono- and bis(C16 and C18-unsatd. alkyl) esters",CAS without structure,TRUE,NA,NA,NA,NA,low,NA,NA,FALSE
ROP-3M,Unclassified,TRUE,NA,NA,NA,NA,low,NA,NA,FALSE
"Cadmium, dross",CAS without structure,TRUE,NA,NA,NA,NA,low,NA,NA,FALSE
"Fatty acids, C8-18 and C18-unsatd., esters with neopentyl glycol",CAS without structure,TRUE,NA,NA,NA,NA,low,NA,NA,FALSE
PHOTOSOL 7-250,Unclassified,TRUE,NA,NA,NA,NA,low,NA,NA,FALSE
"butanedioic acid, sulfo-, C-(2-coco amidoethyl) esters, disodium salts",CAS without structure,TRUE,NA,NA,NA,NA,low,NA,NA,FALSE
DP5000,Unclassified,TRUE,NA,NA,NA,NA,low,NA,NA,FALSE
n-pentyl-isopentylphthalate,Unclassified,TRUE,NA,NA,NA,NA,low,NA,NA,FALSE
polypropylene wax,CAS without structure,TRUE,NA,NA,NA,NA,low,NA,NA,FALSE
Product obtained by rectification during the manufacturing process of Dihydromyrcenol,Unclassified,TRUE,NA,NA,NA,NA,low,NA,NA,FALSE
"octasodium 4,4'-(ethane-1,2-diylbis{imino[6-(4-sulfonatophenoxy)-1,3,5-triazine-4,2-diyl]imino})bis[6-({3-methyl-2,7 -dioxo-1-[(3-sulfonatophenyl)carbonyl]-2,7-dihydro-3H-naphtho[1,2,3-de]quinolin-6-yl}amino)benzene-1,3-disulfonate]",Unclassified,TRUE,NA,NA,NA,NA,low,NA,NA,FALSE
"Chlorinated 2,8-dimethylphenoxathiin",Unclassified,TRUE,NA,NA,NA,NA,low,NA,NA,FALSE
"(R)-5-(2-((2-(2-ethoxyphenoxy)ethyl)amino)propyl)-2-methoxybenzenesulfonamide (7,7-dimethyl-2-oxobicyclo[2.2.1]heptan-1-yl)methanesulfonate",Unclassified,TRUE,NA,NA,NA,NA,low,NA,NA,FALSE
"Imidazolium compounds, 2-(C9-19 and C9-19-unsatd. alkyl)-1-[(C10-20 and C10-20-unsatd. amido)ethyl]-4,5-dihydro-1-Me, Me sulfates",CAS without structure,TRUE,NA,NA,NA,NA,low,NA,NA,FALSE
"salts of 2,4-D",Unclassified,TRUE,NA,NA,NA,NA,low,NA,NA,FALSE
"Alkenes, C11-14",CAS without structure,TRUE,NA,NA,NA,NA,low,NA,NA,FALSE
SP POLYMER,Unclassified,TRUE,NA,NA,NA,NA,low,NA,NA,FALSE
"(11-oxo-6,11-dihydro-dibenzo[b,e]oxepin-2-yl)-acetic acid butyl ester",CAS without structure,TRUE,NA,NA,NA,NA,low,NA,NA,FALSE
Renewable hydrocarbons of vegetable oil and/or animal fat origin (naphtha type fraction),Mixture,TRUE,NA,NA,NA,NA,low,NA,NA,FALSE
"Hydrocarbons, C3-6, C5-rich, steam-cracked naphtha",Mixture,TRUE,NA,NA,NA,NA,low,NA,NA,FALSE
"tert-Butyl ((7R,9R)-9-{2-[2-(4-fluorophenyl)-5-isopropyl-3-phenyl-4-(phenylcarbamoyl)-1H-pyrrol-1-yl]ethyl}-6,10-dioxasprio[4.5]dec-7yl)acetate",Unclassified,TRUE,NA,NA,NA,NA,low,NA,NA,FALSE
dipotassium 8-(phenylamino)-5-((E)-(4-((E)-(3-sulfonatophenyl)diazenyl)naphthalen-1-yl)diazenyl)naphthalene-1-sulfonate,Unclassified,TRUE,FALSE,NA,NA,NA,high,NA,NA,FALSE
Alkylbenzenesulphonic acid compd with alkylamine,Unclassified,TRUE,NA,NA,NA,NA,low,NA,NA,FALSE
Epoxy Resin T1800,Unclassified,TRUE,NA,NA,NA,NA,low,NA,NA,FALSE
"Acetic acid, 2-sulfo-, mono-C12-14(even numbered)-alkyl esters, sodium salt",Unclassified,TRUE,NA,NA,NA,NA,low,NA,NA,FALSE
"Reaction products of acrylonitrile and 2,2’-Iminodi(ethylamine), hydrogenated",CAS without structure,TRUE,NA,NA,NA,NA,low,NA,NA,FALSE
"neopentyl glycol, diesters and monoesters with benzoic acid and 2-ethylhexanoic acid",Unclassified,TRUE,NA,NA,NA,NA,low,NA,NA,FALSE
"Reaction products of N-Phenyl-1-Naphthylamine with Nonene, branched",Unclassified,TRUE,NA,NA,NA,NA,low,NA,NA,FALSE
sunflower oil,CAS without structure,TRUE,NA,NA,NA,NA,low,NA,NA,FALSE
"1,3- AND 1,4-CYCLOHEXANDICARBOXYALDEHYDE",Unclassified,TRUE,NA,NA,NA,NA,low,NA,NA,FALSE
"2,2,4-trimethyl-1,2-dihydrochinolin (polymerised)",CAS without structure,TRUE,NA,NA,NA,NA,low,NA,NA,FALSE
Trichoderma atroviride strain I-1237,Unclassified,TRUE,NA,NA,NA,NA,low,NA,NA,FALSE
"1-[(2-butyloctyl)oxy]-3-(3,4-dihydroisoquinolinium-2-yl)propan-2-yl sulfate",Unclassified,TRUE,NA,NA,NA,NA,low,NA,NA,FALSE
trans-4-methylcyclohexanamine acetate,CAS without structure,TRUE,NA,NA,NA,NA,low,NA,NA,FALSE
"2,2,4-trimethyl-1-[(2-methyl-2-propenyl)oxy]-3-pentanol",Unclassified,TRUE,NA,NA,NA,NA,low,NA,NA,FALSE
"Fatty acids, C14-18 and C16-18-unsatd., esters with propylene glycol",CAS without structure,TRUE,NA,NA,NA,NA,low,NA,NA,FALSE
S-FEMAC,Unclassified,TRUE,NA,NA,NA,NA,low,NA,NA,FALSE
"Decanoic acid, ester with 1,2,3-propanetriol, acetylated",Unclassified,TRUE,NA,NA,NA,NA,low,NA,NA,FALSE
"(E)-N-((dialkylamino)alkylene)-3,5-bis(polyfluoroalkyl)benzamide",Unclassified,TRUE,NA,NA,NA,NA,low,NA,NA,FALSE
"Tall oil, compd. with triethanolamine",CAS without structure,TRUE,NA,NA,NA,NA,low,NA,NA,FALSE
IDU-1,Unclassified,TRUE,NA,NA,NA,NA,low,NA,NA,FALSE
Vanadyl diascorbate,Unclassified,TRUE,NA,NA,NA,NA,low,NA,NA,FALSE
"C8-10 alkyl dimethyl hydroxyethyl ammoniumchloride (chain < C8: <3 %, chain = C8: 15 %-70 %, chain = C10: 30 %- 85 %, chain > C10: <3 %)",CAS without structure,TRUE,NA,NA,NA,NA,low,NA,NA,FALSE
"Bis[6-({(2R)-2-[(2S)-2-(3-carboxypropanamido)propanamido]-3-oxo-3[(propan-2-yl)oxy]propyl}amino)-N,N,N-trimethyl-6-oxohexan-1-aminium]ethane-1,2-disulfonate",Unclassified,TRUE,NA,NA,NA,NA,low,NA,NA,FALSE
CYLINK C4 WET ADHESION MONOMER - ANHYDROUS,Unclassified,TRUE,NA,NA,NA,NA,low,NA,NA,FALSE
Metiram,CAS without structure,TRUE,NA,NA,NA,NA,low,NA,NA,FALSE
Amorphous aluminium vanadium tellurite,Unclassified,TRUE,NA,NA,NA,NA,low,NA,NA,FALSE
"2,4-Dihydroxy-1,3-cyclobutanediyl)bis[2,3-dihydro-1H-perimidine-4,2,2-triylbis (methylene)] tetrahexanoate",CAS without structure,TRUE,NA,NA,NA,NA,low,NA,NA,FALSE
"ethyl 4-((4-diethylamino-2-methylphenyl)imino)-4,5-dihydro-1-isopropyl-5-oxo-1H-pyrazole-3-carboxylate",Unclassified,TRUE,NA,NA,NA,NA,low,NA,NA,FALSE
"Phenol, 4-ethenyl-, acetate, polymer with 1-(1,1-dimethylethyl)-4-ethenylbenzene, tert-Bu 2,2-dimethylpropaneperoxoate-initiated, hydrolyzed, 1-(2-cyclohexylethoxy) ethyl ether",Unclassified,TRUE,NA,NA,NA,NA,low,NA,NA,FALSE
"Saponification and oxidation product of carnauba wax with acidic sodium dichromate solution esterified with 1-methyl-1,3-propanediol and subsequent saponification with calcium dihydroxide",Unclassified,TRUE,NA,NA,NA,NA,low,NA,NA,FALSE
"Resin acids and Rosin acids, barium salts",CAS without structure,TRUE,NA,NA,NA,NA,low,NA,NA,FALSE
"Fatty acids, C7-19, perfluoro",CAS without structure,TRUE,NA,NA,NA,NA,low,NA,NA,FALSE
Reaction products of diphenyl ether and 9-methylene nonadecane,Unclassified,TRUE,NA,NA,NA,NA,low,NA,NA,FALSE
"Plant oils / Soybean oil, epoxylated",Unclassified,TRUE,NA,NA,NA,NA,low,NA,NA,FALSE
Calcium dimethyloctadecylbenzenesulfonate,Unclassified,TRUE,NA,NA,NA,NA,low,NA,NA,FALSE
sodium (Z)-3-chloro-3-(4-chlorophenyl)-1-hydroxy-2-propene-1-sulfonate,Unclassified,TRUE,NA,NA,NA,NA,low,NA,NA,FALSE
"Fatty acids, C8-10-(even numberd), Esters with pentaerythritol and adipic acid",Unclassified,TRUE,NA,NA,NA,NA,low,NA,NA,FALSE
"α,α,α',α'-tetramethylxylene-α,α-diol",CAS without structure,TRUE,NA,NA,NA,NA,low,NA,NA,FALSE
Baculovirus GV,Unclassified,TRUE,NA,NA,NA,NA,low,NA,NA,FALSE
"1,4-dihydro-2,6-dimethyl-3,5-dicarbododecyloxy-pyridine",Unclassified,TRUE,NA,NA,NA,NA,low,NA,NA,FALSE
Trichoderma asperellum (formerly T. viride) strain TV-1,Unclassified,TRUE,NA,NA,NA,NA,low,NA,NA,FALSE
"Acetic acid, C8-10-branched alkyl esters, C9-rich",Unclassified,TRUE,NA,NA,NA,NA,low,NA,NA,FALSE
Acetalization product beween glucose and 12-hydroxystearyl alcohol,Unclassified,TRUE,NA,NA,NA,NA,low,NA,NA,FALSE
"sebacic acid, reaction product with stearylamide, neutralised with calcium hydroxide",Unclassified,TRUE,NA,NA,NA,NA,low,NA,NA,FALSE
"2-(4-nitrophenyl)-6-tert-butyl-1H-pyrazolo[1,5-b][1,2,4]triazole",Unclassified,TRUE,NA,NA,NA,NA,low,NA,NA,FALSE
"beta-Sitosteriolorete-17-(4-ethyl-1,5-dimethylhexyl)-10,13-dimetyhl-2,3,4,7,8,9,10,11,12,13,14,15,16,17-tetradecahydro-1-H-cyclopenta[alpha]phenantren-3-yl-octadec-9-enoate",Unclassified,TRUE,NA,NA,NA,NA,low,NA,NA,FALSE
perchloric acid and its salts,Substance group,TRUE,NA,NA,NA,NA,low,Organic perchlorate salts,0.8082194816301085,FALSE
"Mercury, chloropyridinyl-",CAS without structure,TRUE,NA,NA,NA,NA,low,NA,NA,FALSE
TREATED CARBON BLACK 5,Unclassified,TRUE,FALSE,NA,NA,NA,medium,NA,NA,FALSE
Fenthiosulf,Unclassified,TRUE,NA,NA,NA,NA,low,NA,NA,FALSE
"Methyl (2S,4S,5R,6R)-5-(acetylamino)-2,4-dihydroxy-6-[(1R,2R)-1,2,3-trihydroxypropyl]tetrahydro-2H-pyran-2-carboxylate hydrate",Unclassified,TRUE,NA,NA,NA,NA,low,NA,NA,FALSE
12-hydroxy stearic acid and its oligomers esterified with branched and linear octadecanol,Unclassified,TRUE,NA,NA,NA,NA,low,NA,NA,FALSE
Blue MGi 1037,Unclassified,TRUE,NA,NA,NA,NA,low,NA,NA,FALSE
"Hexamethylene diisocyanate, trimers, reaction products with 2-hydroxyethyl acrylate",CAS without structure,TRUE,NA,NA,NA,NA,low,NA,NA,FALSE
"2,6,6,7,8,8-hexamethyl-3,3a,4,5,5a,6,7,8-octahydro-2H-indeno[4,5-b]furan, 1,1,2,3,3-pentamethyl-1,2,3,5,6,7-hexahydro-4H-inden-4-one and rel-(3aR,7aR)-1,1,2,3,3-pentamethyloctahydro-4H-inden-4-one",Unclassified,TRUE,NA,NA,NA,NA,low,NA,NA,FALSE
"Extract residues (coal), low temp. coal atar alk.|[The residue from low temperature coal tar oils after an alkaline wash, such as aqueous sodium hydroxide, to remove crude coal tar acids. Composed primarily of hydrocarbons and aromatic nitrogen bases.]",CAS without structure,TRUE,NA,NA,NA,NA,low,NA,NA,FALSE
"Dicarbonyl(pentane-2,4-dionato-O,O')rhodium",CAS without structure,TRUE,NA,NA,NA,NA,low,NA,NA,FALSE
"9,10-Anthracenedione, 1,4-diamino-, N,N'-mixed 2-ethylhexyl and 3-[(2-ethylhexyl)oxy]propyl and 3-methoxypropyl derivs.",CAS without structure,TRUE,NA,NA,NA,NA,low,NA,NA,FALSE
Resinoid of Cistus ladaniferus (Cistaceae) obtained from labdanum gum by organic solvents extraction,Unclassified,TRUE,NA,NA,NA,NA,low,NA,NA,FALSE
"Resin acids and Rosin acids, potassium salts",CAS without structure,TRUE,NA,NA,NA,NA,low,NA,NA,FALSE
"Quaternary ammonium compounds, coco alkyltrimethyl, chlorides",CAS without structure,TRUE,NA,NA,NA,NA,low,NA,NA,FALSE
"8,9-dinorborn-5-ene-2,3-dicarboxylic anhydride",CAS without structure,TRUE,NA,NA,NA,NA,low,NA,NA,FALSE
"Aluminum, benzoate C16-18-fatty acids complexes",CAS without structure,TRUE,NA,NA,NA,NA,low,NA,NA,FALSE
"2,2'-Iminodiethanol, propoxylated",CAS without structure,TRUE,NA,NA,NA,NA,low,NA,NA,FALSE
"D-Glucose, oligomeric, C11 branched alkyl glycoside",Unclassified,TRUE,NA,NA,NA,NA,low,NA,NA,FALSE
pepsin A,CAS without structure,TRUE,NA,NA,NA,NA,low,NA,NA,FALSE
mix-cresol,CAS without structure,TRUE,NA,NA,NA,NA,low,NA,NA,FALSE
"Benzene, C10-13-alkyl derivs.",CAS without structure,TRUE,NA,NA,NA,NA,low,NA,NA,FALSE
N-(3-Chloro-4-fluorophenyl)-6-nitro-7-[(3S)-tetrahydro-3-furanyloxy]-4-quinazolinamine,Unclassified,TRUE,NA,NA,NA,NA,low,NA,NA,FALSE
Alkyloxyl and aryl mercury compounds,Substance group,TRUE,TRUE,Organomercurial compounds,subclass,subset,medium,Alkyl mercury compounds,0.8805111516671102,FALSE
"2,6,6-trimethylcyclohex-1-enecarbonitrile",Unclassified,TRUE,NA,NA,NA,NA,low,NA,NA,FALSE
"bis(decyl and/or dodecyl) benzene-1,2-dicarboxylate",Unclassified,TRUE,NA,NA,NA,NA,low,NA,NA,FALSE
LUVICAN A,Unclassified,TRUE,NA,NA,NA,NA,low,NA,NA,FALSE
"Ashes (residues), nonhazardous municipal solid waste",Unclassified,TRUE,NA,NA,NA,NA,low,NA,NA,FALSE
polyvinyl acetate,CAS without structure,TRUE,NA,NA,NA,NA,low,NA,NA,FALSE
TERON N-718K,Unclassified,TRUE,NA,NA,NA,NA,low,NA,NA,FALSE
"Fatty acids C8-18 (even numbered), mono- and diesters with sucrose",Unclassified,TRUE,NA,NA,NA,NA,low,NA,NA,FALSE
"4-[(2E)-3-(3,5-dichloro-4-fluorophenyl)-4,4,4-trifluorobut-2-enoyl]-N-[(4R)-2-ethyl-3-oxo-1,2-oxazolidin-4-yl]-2-methylbenzamide",CAS without structure,TRUE,NA,NA,NA,NA,low,NA,NA,FALSE
Paraffin oil/(CAS 64742-54-7),CAS without structure,TRUE,NA,NA,NA,NA,low,NA,NA,FALSE
polyhalogenated dibenzo-p-dioxins and dibenzofurans,Unclassified,TRUE,NA,NA,NA,NA,low,Dibenzo-p-dioxins,0.850431510614197,FALSE
"Reaction products of diazotized 4'-Amino-4-Nitrodiphenylamine-2-Sulfonic Acid coupled with Resorcinol, sodium salts",Unclassified,TRUE,NA,NA,NA,NA,low,NA,NA,FALSE
Quinoline derivative,Unclassified,TRUE,NA,NA,NA,NA,low,Quinolines and derivatives,0.9295856555420008,FALSE
"4,4'-Sulfonylbisphenol polymer with 1,1'-oxybis[2-chloroethane]",Unclassified,TRUE,NA,NA,NA,NA,low,NA,NA,FALSE
"N,N-bis(2-hydroxyethyl)-3-[(C16-18)alkoxy]-1-propanamine",Unclassified,TRUE,NA,NA,NA,NA,low,NA,NA,FALSE
"1,3,4-Thiadiazolidine-2,5-dithione, reaction products with hydrogen peroxide and tert-dodecanethiol",Unclassified,TRUE,NA,NA,NA,NA,low,NA,NA,FALSE
Tetraammonium disodium vanadate,CAS without structure,TRUE,NA,NA,NA,NA,low,NA,NA,FALSE
"Alkanes, C10-13, chloro",CAS without structure,TRUE,NA,NA,NA,NA,low,NA,NA,FALSE
FEMAC-AMIDE,Unclassified,TRUE,NA,NA,NA,NA,low,NA,NA,FALSE
"nonanol, branched and linear",CAS without structure,TRUE,NA,NA,NA,NA,low,NA,NA,FALSE
"Benzoic acid, 2-hydroxy-,C14-18 alkyl derivs.",Unclassified,TRUE,NA,NA,NA,NA,low,NA,NA,FALSE
"Reaction products of diazotised 2-aminophenol-4-sulfonamide coupled with 7-amino-4-hydroxynaphthalene-2-sulfonic acid, subsequently diazotised and coupled with 3-oxo-N-phenylbutanamide and 3 aminophenol, chelated with chromium (3+), potassium/sodium salts",Unclassified,TRUE,NA,NA,NA,NA,low,NA,NA,FALSE
Digallium arsenide phosphide,CAS without structure,TRUE,NA,NA,NA,NA,low,NA,NA,FALSE
"Fatty acids, C16 and C18 (unsaturated), epoxidized, glycerol formal esters",Unclassified,TRUE,NA,NA,NA,NA,low,NA,NA,FALSE
"Cadmium sulfide (CdS), aluminum and copper-doped",CAS without structure,TRUE,NA,NA,NA,NA,low,NA,NA,FALSE
"albumin, coagulated by formaldehyde",Unclassified,TRUE,NA,NA,NA,NA,low,NA,NA,FALSE
Calcium acetylide,CAS without structure,TRUE,NA,NA,NA,NA,low,NA,NA,FALSE
NORSODYNE B 75011,Unclassified,TRUE,NA,NA,NA,NA,low,NA,NA,FALSE
"Dec-1-ene, dimers, hydrogenated",CAS without structure,TRUE,NA,NA,NA,NA,low,NA,NA,FALSE
"Phosphoric Acid, linear and branched Octyl Esters",Unclassified,TRUE,NA,NA,NA,NA,low,NA,NA,FALSE
4-Methyl-N-Ethyl-N-(2-methyl-5-nitrophenyl)benzenesulfonamide,CAS without structure,TRUE,NA,NA,NA,NA,low,NA,NA,FALSE
"N-(3-aminopropyl)-N- (C12-18 even numbered) alkyl-propane-1,3-diamine",CAS without structure,TRUE,NA,NA,NA,NA,low,NA,NA,FALSE
"4''-methyl-2'-fluoro-[1,1':4',1''-terphenyl]-4-methanol",CAS without structure,TRUE,NA,NA,NA,NA,low,NA,NA,FALSE
"2-(4,6-diphenyl-1,3,5-triazin-2-yl)-5-[2-(2-ethylhexanoyloxy)ethoxy]phenol",Unclassified,TRUE,NA,NA,NA,NA,low,NA,NA,FALSE
PHOTOAMORCEUR 22059,Unclassified,TRUE,NA,NA,NA,NA,low,NA,NA,FALSE
"Potassium sodium 4-(4-chloro-6-(3,6-disulfonato-7-(5,8-disulfonato-naphthalen-2-ylazo)-8-hydroxy-naphthalen-1-ylamino)-1,3,5-triazin-2-ylamino)-5-hydroxy-6-(4-(2-sulfatoethanesulfonyl)-phenylazo)-naphthalene-1,7-disulfonate",Unclassified,TRUE,NA,NA,NA,NA,low,NA,NA,FALSE
"1,1'-isopropylidenebis(ethylferrocene)",CAS without structure,TRUE,NA,NA,NA,NA,low,NA,NA,FALSE
"6-O-acetyl-3-O-benzyl-1,2-O-isopropylidene-5-O-mesyl-alpha-D-glucofuranose",Unclassified,TRUE,NA,NA,NA,NA,low,NA,NA,FALSE
"N, N’, N’', N'''-Tetra-(2 hydroxypropyl)hexamethylene diamine",CAS without structure,TRUE,NA,NA,NA,NA,low,NA,NA,FALSE
"1-Propene, hydroformulation products, by-products from, distillation residues",CAS without structure,TRUE,TRUE,Organic compounds,kingdom,broader,low,NA,NA,FALSE
Sodium 4-[4-(4-hydroxyphenylazo)phenylamino]-3-nitrobenzenesulfonate,CAS without structure,TRUE,NA,NA,NA,NA,low,NA,NA,FALSE
"D-Glucitol, propoxylated",CAS without structure,TRUE,NA,NA,NA,NA,low,NA,NA,FALSE
"Phosphonium, (3-methyl-4-oxo-2-butenyl)triphenyl-, chloride",CAS without structure,TRUE,NA,NA,NA,NA,low,NA,NA,FALSE
"Reaction products of benzenesulfonic acid, mono-C20-24 (even)-sec-alkyl derivs. para-, calcium salts",Unclassified,TRUE,NA,NA,NA,NA,low,NA,NA,FALSE
polypropyleneglycol adipate,CAS without structure,TRUE,NA,NA,NA,NA,low,NA,NA,FALSE
"Amines, N-C12-14-alkyltrimethylenedi-",CAS without structure,TRUE,NA,NA,NA,NA,low,NA,NA,FALSE
Terracess TF,CAS without structure,TRUE,NA,NA,NA,NA,low,NA,NA,FALSE
"methyl (4aS,6aR,6bR,8aR,10S,12aR,14bS)-10-hydroxy-2,2,6a,6b,9,9,12a-heptamethyl-14-oxoicosahydropicene-4a(2H)-carboxylate",CAS without structure,TRUE,NA,NA,NA,NA,low,NA,NA,FALSE
2-(ter-butylamino)-1-(3-chloro-4- hydroxyphenyl)ethanone HCl,Unclassified,TRUE,NA,NA,NA,NA,low,NA,NA,FALSE
"(1R,3S,5S)-8-benzyl-8-azabicyclo[3.2.1]octan-3-amine fumarate",Unclassified,TRUE,NA,NA,NA,NA,low,NA,NA,FALSE
Swinglea glutinosa (Rutaceae) leaves extract using ethanol and water,Unclassified,TRUE,NA,NA,NA,NA,low,NA,NA,FALSE
BB-935,Unclassified,TRUE,NA,NA,NA,NA,low,NA,NA,FALSE
"N-butyl-2,2,6,6-tetramethylpiperidin-4-amine, oligomeric reaction products with N,N'-bis(3-aminopropyl)ethylenediamine and 2,4,6-trichloro-1,3,5-triazine",CAS without structure,TRUE,NA,NA,NA,NA,low,NA,NA,FALSE
"[D-gluco-heptonato-κO1,κO2,κO3,κO6,κO7]calcium(II) nitrate",Unclassified,TRUE,NA,NA,NA,NA,low,NA,NA,FALSE
"Hydrocarbons, C4",CAS without structure,TRUE,TRUE,Hydrocarbons,superclass,subset,high,NA,NA,FALSE
reaction products of diglycidyl ether bisphenol F (DGEBF) and oligomeric phenol diglycidyl ethers with acrylic acid,Unclassified,TRUE,NA,NA,NA,NA,low,NA,NA,FALSE
lignocellulose,CAS without structure,TRUE,NA,NA,NA,NA,low,NA,NA,FALSE
(R)-5-(2-Phenylsulphonylethenyl)-3(N-Methylpyrrolidine-2-ylmethyl)-1-H-indole methane sulphonic acid),CAS without structure,TRUE,NA,NA,NA,NA,low,NA,NA,FALSE
"Fatty acids, C14-18 and C16-18-unsatd., 2-phenoxyethyl esters, maleated",CAS without structure,TRUE,NA,NA,NA,NA,low,NA,NA,FALSE
Reaction products of Nitrilotri(methylphosphonic acid) and hydrogen peroxide,Unclassified,TRUE,NA,NA,NA,NA,low,NA,NA,FALSE
"2,6-O,O-di-hexadecanoyl-L-ascorbic acid",Unclassified,TRUE,NA,NA,NA,NA,low,NA,NA,FALSE
"tetrasodium 4,4'-bis{]4-[}4-(2-hydroxyethylamino)-6-(4-sulfonatoanilino)-1,3,5-triazin-2-ylamino{]phenylazo[}stilbene-2,2'-disulfonate",Unclassified,TRUE,NA,NA,NA,NA,low,NA,NA,FALSE
Oligomerisation products of ethylene oxide and 2-(2-methoxyethoxy)ethanol,Unclassified,TRUE,NA,NA,NA,NA,low,NA,NA,FALSE
"D-Glucopyranose, oligomeric, C10-14-alkyl glycosides tartaric esters, sodium salt",Unclassified,TRUE,NA,NA,NA,NA,low,NA,NA,FALSE
CNPU,Unclassified,TRUE,NA,NA,NA,NA,low,NA,NA,FALSE
"Rye, ext.",CAS without structure,TRUE,NA,NA,NA,NA,low,NA,NA,FALSE
"(1S,3S)-3-[(6-bromo-2-methyl-3-pyridyl)oxy]cyclohexanecarboxylic acid",CAS without structure,TRUE,NA,NA,NA,NA,low,NA,NA,FALSE
GH5,Unclassified,TRUE,NA,NA,NA,NA,low,NA,NA,FALSE
"Phosphorous acid, mixed 2,4-bis(1-methyl-1-phenylethyl)phenyl and isodecyl and 2-(1-methyl-1-phenylethyl)phenyl and 4-(1-methyl-1-phenylethyl)phenyl and phenol triesters)",CAS without structure,TRUE,NA,NA,NA,NA,low,NA,NA,FALSE
Shale oils,CAS without structure,TRUE,NA,NA,NA,NA,low,NA,NA,FALSE
Beauveria bassiana strains ATCC 74040 and GHA,Unclassified,TRUE,NA,NA,NA,NA,low,NA,NA,FALSE
Sodium salts of substituted amino acid,Unclassified,TRUE,NA,NA,NA,NA,low,NA,NA,FALSE
Trimanganese arsenide,CAS without structure,TRUE,NA,NA,NA,NA,low,NA,NA,FALSE
"Fatty acids, tall-oil, reaction products with diethanolamine and triethanolamine",Unclassified,TRUE,NA,NA,NA,NA,low,NA,NA,FALSE
"Alkanes, C10-14",CAS without structure,TRUE,NA,NA,NA,NA,low,NA,NA,FALSE
Bismut(III)methanesulfonate,Unclassified,TRUE,NA,NA,NA,NA,low,NA,NA,FALSE
IRANDA,Unclassified,TRUE,FALSE,NA,NA,NA,medium,NA,NA,FALSE
Gallium arsenide phosphide,CAS without structure,TRUE,NA,NA,NA,NA,low,NA,NA,FALSE
Ethyl 3-((1-(4-methylamino-3-nitrophenyl)methanoyl)pyridin-2-yl-amino)propionate,Unclassified,TRUE,NA,NA,NA,NA,low,NA,NA,FALSE
"Trimethylolpropane, mixed triesters with decanoic, heptanoic, octanoic, and 3,5,5-trimethylhexanoic acids",Unclassified,TRUE,NA,NA,NA,NA,low,NA,NA,FALSE
"Fatty acids, C16-18 and C18-unsatd., compds. with triethanolamine",CAS without structure,TRUE,NA,NA,NA,NA,low,NA,NA,FALSE
"Coffee, bean, roasted, ext.",CAS without structure,TRUE,FALSE,NA,NA,NA,high,NA,NA,FALSE
"Fatty acids C20-22 (even numbered), C18-22 (even numbered) alkyl esters",Unclassified,TRUE,NA,NA,NA,NA,low,NA,NA,FALSE
"Fatty acids, montan-wax, lithium salts",CAS without structure,TRUE,NA,NA,NA,NA,low,NA,NA,FALSE
T-3FCL.F,Unclassified,TRUE,NA,NA,NA,NA,low,NA,NA,FALSE
"Esterification product of Nonanoic acid with C9-11, C10-rich alcohols, branched",Unclassified,TRUE,NA,NA,NA,NA,low,NA,NA,FALSE
"Fatty acids, vegetable-oil, polymd., unreacted fraction",CAS without structure,TRUE,NA,NA,NA,NA,low,NA,NA,FALSE
"tributyltin compounds, with the exception of those specified elsewhere in this annex",Unclassified,TRUE,NA,NA,NA,NA,low,NA,NA,FALSE
GI181318X,Unclassified,TRUE,NA,NA,NA,NA,low,NA,NA,FALSE
Semaglutide precursor,Unclassified,TRUE,NA,NA,NA,NA,low,NA,NA,FALSE
di-tert-(C12-14)-alkylammonium 2-benzothiazolylthiosuccinate,CAS without structure,TRUE,NA,NA,NA,NA,low,NA,NA,FALSE
2-methyl-N-(4-sulfamoylphenyl) prop-2-enamide,Unclassified,TRUE,NA,NA,NA,NA,low,NA,NA,FALSE
"lysine, salts",Unclassified,TRUE,NA,NA,NA,NA,low,NA,NA,FALSE
Condensation products of oil shale alkylresorcinols and formaldehyde,Unclassified,TRUE,NA,NA,NA,NA,low,NA,NA,FALSE
"Silanamine, 1,1,1-trimethyl-N-(trimethylsilyl)-, hydrolysis products with silica",CAS without structure,TRUE,NA,NA,NA,NA,low,NA,NA,FALSE
EPOCROS RPS,Unclassified,TRUE,NA,NA,NA,NA,low,NA,NA,FALSE
"1-Propanaminium, 2-hydroxy-N-(2-hydroxypropyl)-N,N-dimethyl-, esters with fatty acids, C18 unsatd., Me sulfates (salts)",Unclassified,TRUE,NA,NA,NA,NA,low,NA,NA,FALSE
"Nickel, acetate carbonate C8-10-branched fatty acids C9-11-neofatty acids complexes",CAS without structure,TRUE,NA,NA,NA,NA,low,NA,NA,FALSE
"N,N”-hexane-1,6-diylbis(N’-alkylaryl)urea",Unclassified,TRUE,NA,NA,NA,NA,low,NA,NA,FALSE
"pyrethrins including cinerins, with the exception of those specified elsewhere in this Annex",Unclassified,TRUE,NA,NA,NA,NA,low,NA,NA,FALSE
"mixture of (40 % w/w) 2,2,4- trimethylhexane-1,6-diisocyanate and (60 % w/w) 2,4,4-trimethyl­hexane-1,6-diisocyanate",Mixture,TRUE,NA,NA,NA,NA,low,NA,NA,FALSE
"Fatty acids, C16-18 (even numbered), aluminum salts",Unclassified,TRUE,NA,NA,NA,NA,low,NA,NA,FALSE
FMOC AMINO ACID 1,Unclassified,TRUE,NA,NA,NA,NA,low,NA,NA,FALSE
Cumylphenol,Unclassified,TRUE,NA,NA,NA,NA,low,NA,NA,FALSE
Feropur,Unclassified,TRUE,NA,NA,NA,NA,low,NA,NA,FALSE
"Complexation products of bismuth(3+) neodecanoate with propane-1,2-diol, propoxylated and 2,2',2'',2'''-ethylenedinitrilotetraethanol",Unclassified,TRUE,NA,NA,NA,NA,low,NA,NA,FALSE
"Hexanedioic acid, mixed esters with decanoic acid, 12-hydroxyoctadecanoic acid, isostearic acid, octanoic acid, 3,3'-oxybis[1,2-propanediol] and stearic acid",Unclassified,TRUE,NA,NA,NA,NA,low,NA,NA,FALSE
"3,5,5-Trimethylhexanoic acid, mixed esters with dipentaerythritol and heptanoic acid",CAS without structure,TRUE,NA,NA,NA,NA,low,NA,NA,FALSE
Paraffin oils,CAS without structure,TRUE,NA,NA,NA,NA,low,NA,NA,FALSE
"1(4H)-Naphthalenone, 8-aminodibromo-5-hydroxy-4-imino",CAS without structure,TRUE,NA,NA,NA,NA,low,NA,NA,FALSE
E-2952 (POLYMER ALONE),Unclassified,TRUE,NA,NA,NA,NA,low,NA,NA,FALSE
"2-Propenoic acid, 2-methyl-, 2,7,7,9,15(or 2,7,9,9,15) -pentamethyl-4,13-dioxo-3,14-dioxa-5,12-diaza-1,16-hexadecanediyl ester",Unclassified,TRUE,NA,NA,NA,NA,low,NA,NA,FALSE
"sorbitol esters with erucic, lauric, linoleic, myristic, oleic, pelargonic, palmitic, ricinoleic, stearic, 12-hydroxystearic acids",Unclassified,TRUE,NA,NA,NA,NA,low,NA,NA,FALSE
LUMATION* GREEN 1302 LIGHT EMITTING POLYMER,Unclassified,TRUE,FALSE,NA,NA,NA,high,NA,NA,FALSE
clays,Unclassified,TRUE,NA,NA,NA,NA,low,NA,NA,FALSE
"Isostearic acid, esters with methyl α-D-glucoside",Unclassified,TRUE,NA,NA,NA,NA,low,NA,NA,FALSE
"4-(6-(3,6-diazabicyclo[3.1.1]heptan-3-yl)pyridin-3-yl)-6-(2-hydroxy-2-methylpropoxy)pyrazolo[1,5-a]pyridine-3-carbonitrile bis sulphate",Unclassified,TRUE,NA,NA,NA,NA,low,NA,NA,FALSE
CNN-3,Unclassified,TRUE,NA,NA,NA,NA,low,NA,NA,FALSE
Metarhizium brunneum strain Ma 43 (formerly Metarhizium anisopliae var anisopliae),Unclassified,TRUE,NA,NA,NA,NA,low,NA,NA,FALSE
EEHP,Unclassified,TRUE,NA,NA,NA,NA,low,NA,NA,FALSE
NUCLEATOR CP-272,Unclassified,TRUE,NA,NA,NA,NA,low,NA,NA,FALSE
"2-Propanol, 1,1',1'',-nitrilotris, acetate",Unclassified,TRUE,NA,NA,NA,NA,low,NA,NA,FALSE
Dimethylsilylbis(1H-inden-1-yl)zirconium dichloride,Unclassified,TRUE,NA,NA,NA,NA,low,NA,NA,FALSE
BETA W7 TA 3.0,Unclassified,TRUE,NA,NA,NA,NA,low,NA,NA,FALSE
bis(tricyclohexylphosphin)palladium dichloride,Unclassified,TRUE,NA,NA,NA,NA,low,NA,NA,FALSE
"Resin acids and Rosin acids, esters with glycerol",CAS without structure,TRUE,NA,NA,NA,NA,low,NA,NA,FALSE
"Creosote oil, acenaphthene fraction",Mixture,TRUE,NA,NA,NA,NA,low,NA,NA,FALSE
"Iron, complexes with diazotized 3-amino-2-hydroxy-5-nitrobenzenesulfonic acid monosodium salt coupled with diazotized 2-amino-4-nitrophenol and resorcinol, sodium salts",CAS without structure,TRUE,NA,NA,NA,NA,low,NA,NA,FALSE
Essential oil of Citrus aurantium var. amara or Bigaradia (Rutaceae) obtained from the flowers by steam distillation,CAS without structure,TRUE,NA,NA,NA,NA,low,NA,NA,FALSE
"Fatty acids, C18-unsatd., dimers, ethoxylated",CAS without structure,TRUE,NA,NA,NA,NA,low,NA,NA,FALSE
"amines, hydrogenated tallow alkyl",CAS without structure,TRUE,NA,NA,NA,NA,low,NA,NA,FALSE
5-(dimethyl(aryl)silyl)-2-(hydroxymethyl) heteromonocycle-1-carboxylic acid,Unclassified,TRUE,NA,NA,NA,NA,low,NA,NA,FALSE
"(2,5-dimethylphenyl)-acetyl chloride",Unclassified,TRUE,NA,NA,NA,NA,low,NA,NA,FALSE
monacolin J acid dimethylbutanoate transferase EC 2.3.1.238,CAS without structure,TRUE,NA,NA,NA,NA,low,NA,NA,FALSE
"1,2-Benzenedicarboxylic acid, benzyl isononyl alkyl esters",Unclassified,TRUE,NA,NA,NA,NA,low,NA,NA,FALSE
"Oils, Alpinia zerumbet",CAS without structure,TRUE,NA,NA,NA,NA,low,NA,NA,FALSE
"Slags, nickel smelting",Unclassified,TRUE,NA,NA,NA,NA,low,NA,NA,FALSE
"salts of 4,4'-bi-o-toluidine",Unclassified,TRUE,NA,NA,NA,NA,low,NA,NA,FALSE
"Extract from Plant Red oak, Prickly pear cactus, Fragrant sumac, Red mangrove",Unclassified,TRUE,NA,NA,NA,NA,low,NA,NA,FALSE
AGK 5823,CAS without structure,TRUE,NA,NA,NA,NA,low,NA,NA,FALSE
A 34,Unclassified,TRUE,NA,NA,NA,NA,low,NA,NA,FALSE
gelatin,CAS without structure,TRUE,NA,NA,NA,NA,low,NA,NA,FALSE
"Hydrocarbons, ethylene-manuf.-by-product distn. residues",CAS without structure,TRUE,NA,NA,NA,NA,low,NA,NA,FALSE
"Carbohydrates and Sugars, hexitols, anhydro",CAS without structure,TRUE,NA,NA,NA,NA,low,NA,NA,FALSE
"ethyl (3-benzoyl-2,4,6-trimethylbenzoyl)(phenyl)phosphinate",CAS without structure,TRUE,NA,NA,NA,NA,low,NA,NA,FALSE
Sodium dl-α-tocopheryl phosphate,CAS without structure,TRUE,FALSE,NA,NA,NA,high,NA,NA,FALSE
"Boron, (benzenemethanamine)trifluoro-, (T-4)-, reaction products with Bu glycidyl ether",CAS without structure,TRUE,TRUE,Boronic acid derivatives,class,subset,low,NA,NA,FALSE
"Cadmium, chloro(1,10-phenanthroline-2-carboxylato)-, polymers",CAS without structure,TRUE,NA,NA,NA,NA,low,NA,NA,FALSE
MCP 2114,Unclassified,TRUE,NA,NA,NA,NA,low,NA,NA,FALSE
"Vinasses, residue of fermentation, depotassified",Unclassified,TRUE,NA,NA,NA,NA,low,NA,NA,FALSE
AR-C69552XX,Unclassified,TRUE,NA,NA,NA,NA,low,NA,NA,FALSE
polystyrene (with pentane as expansion agent),CAS without structure,TRUE,NA,NA,NA,NA,low,NA,NA,FALSE
4-pyrazol-1-yl-pyridine hydrochloride,Unclassified,TRUE,NA,NA,NA,NA,low,NA,NA,FALSE
Etherified Light Cracked Naphtha,Mixture,TRUE,NA,NA,NA,NA,low,NA,NA,FALSE
"3-((C12-18)-acylamino)-N-(2-((2-hydroxyethyl)amino)-2-oxoethyl)-N,N-dimethyl-1-propanaminium chloride",CAS without structure,TRUE,NA,NA,NA,NA,low,NA,NA,FALSE
Barium Iridium Sinter,Unclassified,TRUE,NA,NA,NA,NA,low,NA,NA,FALSE
2-METHYL-4-PHENYLINDANONE,Unclassified,TRUE,NA,NA,NA,NA,low,NA,NA,FALSE
"trisodium 2-{α[2-hydroxy-3-[4-chloro-6-[4-(2,3-dibromopropionylamino)-2-sulfonatophenylamino]-1,3,5-triazin-2-ylamino]-5-sulfonatophenylazo]-benzylidenehydrazino}-4-sulfonatobenzoate, copper complex",Unclassified,TRUE,NA,NA,NA,NA,low,NA,NA,FALSE
"Fatty acids, tall-oil, polymers with bisphenol A, epichlorohydrin and stearic acid",CAS without structure,TRUE,NA,NA,NA,NA,low,NA,NA,FALSE
"high, medium and low density polyethylene",Unclassified,TRUE,NA,NA,NA,NA,low,NA,NA,FALSE
AROPOL (TM) Q6184 POLYMER,Unclassified,TRUE,NA,NA,NA,NA,low,NA,NA,FALSE
"Reaction products of 1H-Imidazole-1-ethanol, 4,5-dihydro-, 2-C5-8-alkyl derivs. and methyl acrylate",Unclassified,TRUE,NA,NA,NA,NA,low,NA,NA,FALSE
"Poly(oxy-1,2-ethanediyl), alpha-[2-[bis(2-aminoethyl)methylammonion)ethyl]-, omega-hydroxy, N,N'-di-Limnanthes alba seed oil acyl derivatives, methyl sulfates (salts)",CAS without structure,TRUE,NA,NA,NA,NA,low,NA,NA,FALSE
1-chloro-4-(n-propoxy)-5-thioxanthen-10-one,Unclassified,TRUE,NA,NA,NA,NA,low,NA,NA,FALSE
"glucosidase, β-",CAS without structure,TRUE,NA,NA,NA,NA,low,NA,NA,FALSE
ammonium polysulphides,CAS without structure,TRUE,NA,NA,NA,NA,low,NA,NA,FALSE
"(+/-)-2,3-dihydro-2-hydroxy-3,3-dimethylbenzofuran-5-ylethanesulfonate",Unclassified,TRUE,NA,NA,NA,NA,low,NA,NA,FALSE
"Protein hydrolyzates, soya",CAS without structure,TRUE,NA,NA,NA,NA,low,NA,NA,FALSE
GS-omega/kappa-HxTx-Hv1a,Unclassified,TRUE,NA,NA,NA,NA,low,NA,NA,FALSE
Spodoptera littoralis nucleopolyhedrovirus (SpliNPV),Unclassified,TRUE,NA,NA,NA,NA,low,NA,NA,FALSE
"Soil organic matter, alkaline extract, sodium salt",CAS without structure,TRUE,FALSE,NA,NA,NA,high,NA,NA,FALSE
"Slags, precious metal refining",CAS without structure,TRUE,NA,NA,NA,NA,low,NA,NA,FALSE
"Magnesium, bis(2-hydroxybenzoato-O1,O2)-, ar,ar'-di-C14-18alkyl derivs.",Unclassified,TRUE,NA,NA,NA,NA,low,NA,NA,FALSE
Paraffin oil/(CAS 64741-89-5),CAS without structure,TRUE,NA,NA,NA,NA,low,NA,NA,FALSE
Green MGi 2168 (notification presscake),Unclassified,TRUE,NA,NA,NA,NA,low,NA,NA,FALSE
"Naphthalenesulphonic acid, dinonyl-, sodium salt",Unclassified,TRUE,NA,NA,NA,NA,low,NA,NA,FALSE
N-acetyl-3-(tritylsulfanyl)-L-valyl-L-asparaginyl-O-tert-butyl-L-threonyl-7-methyl-L-tryptophyl-N6-acetyl-L-lysyl-3-[(acetamidomethyl)sulfanyl]-L-valyl-O-[2-[(tert-butoxycarbonyl)amino]ethyl]-L-tyrosine,Unclassified,TRUE,NA,NA,NA,NA,low,NA,NA,FALSE
Pyrolysis oil from waste plastics,Unclassified,TRUE,NA,NA,NA,NA,low,NA,NA,FALSE
"Cobalt, borate neodecanoate complexes",CAS without structure,TRUE,NA,NA,NA,NA,low,NA,NA,FALSE
1-[1-methyl-1-(6-methyl-7-oxabicyclo[4.1.0]hept-3-yl)ethyl]-7-oxabicyclo[4.1.0]heptane-3-carboxylate,Unclassified,TRUE,NA,NA,NA,NA,low,NA,NA,FALSE
"(±)-α-[(2-acetyl-5-methylphenyl)-amino]-2,6-dichlorobenzene-aceto-nitrile",Unclassified,TRUE,NA,NA,NA,NA,low,NA,NA,FALSE
"Fatty acids, C14-18 and C16-18-unsatd., sodium salts",CAS without structure,TRUE,NA,NA,NA,NA,low,NA,NA,FALSE
"Lead, C8-10-branched fatty acids C9-11-neofatty acids naphthenate complexes",CAS without structure,TRUE,NA,NA,NA,NA,low,NA,NA,FALSE
titanium hydroxide (orthotitanic acid),Unclassified,TRUE,NA,NA,NA,NA,low,NA,NA,FALSE
"3-[[tert-butyl(dimethyl)silyl]oxy-[3-(dimethylamino)alkan]-alkenyl-silyl]-N,N-dimethylalkan-1-amine",Unclassified,TRUE,NA,NA,NA,NA,low,NA,NA,FALSE
(1α5α6α)-6-nitro-3-benzyl-3-azabicyclo[3.1.0]hexane methanesulfonate salt,Unclassified,TRUE,NA,NA,NA,NA,low,NA,NA,FALSE
"4,4'-Isopropylidenediphenol, oligomeric reaction products with 1-chloro-2,3-epoxypropane, reaction products with 3-aminomethyl-3,5,5-trimethylcyclohexylamine",CAS without structure,TRUE,NA,NA,NA,NA,low,NA,NA,FALSE
ethylcarboxymethylcellulose,CAS without structure,TRUE,NA,NA,NA,NA,low,NA,NA,FALSE
"2,5-Dihydroxy-3,6-dimethyl-3,6-bis(dihydroxyphosphinyl)- 1,4,2,5-dioxadiphosphorinane-2,5-dioxide",Unclassified,TRUE,NA,NA,NA,NA,low,NA,NA,FALSE
"methyl [2-(1,1-dimethylethyl)-6-methoxypyrimidin-4-yl]ethylphosphonothioate",CAS without structure,TRUE,NA,NA,NA,NA,low,NA,NA,FALSE
NK-4432,Unclassified,TRUE,NA,NA,NA,NA,low,NA,NA,FALSE
"slimes and sludges, copper electrolyte refining, decopperised",CAS without structure,TRUE,NA,NA,NA,NA,low,NA,NA,FALSE
2-Hydroxy-3-methyl-5-nonyl (branched)-benzaldehyde oxime,Unclassified,TRUE,NA,NA,NA,NA,low,NA,NA,FALSE
Dec-1-en-1-yl ethyl ether,Unclassified,TRUE,NA,NA,NA,NA,low,NA,NA,FALSE
"Nickel, C5-25-branched carboxylate naphthenate octanoate complexes",CAS without structure,TRUE,NA,NA,NA,NA,low,NA,NA,FALSE
"Sulfuric acid, mono-C12-14 (even numbered)-alkyl esters, ammonium salts",Unclassified,TRUE,NA,NA,NA,NA,low,NA,NA,FALSE
"Dodecene, hydroformylation products, high-boiling",CAS without structure,TRUE,NA,NA,NA,NA,low,NA,NA,FALSE
TMX 7,Unclassified,TRUE,NA,NA,NA,NA,low,NA,NA,FALSE
"3,3'-[azoxybis[(2-methoxy-p-phenylene)azo]]bis[4,5-dihydroxynaphthalene-2,7-disulphonic] acid, lithium sodium salt",CAS without structure,TRUE,NA,NA,NA,NA,low,NA,NA,FALSE
copolymers of styrene and/or alpha-methylstyrene with butadiene and acrylonitrile,Unclassified,TRUE,NA,NA,NA,NA,low,NA,NA,FALSE
"1,5-naphthalenedisulfonic acid, 3-[[4-[[4,6-bis[(2-sulfoethyl)amino]-1,3,5-triazin-2-yl]amino]-2,5-dimethoxyphenyl]azo]-, tetrasodium salt",Unclassified,TRUE,NA,NA,NA,NA,low,NA,NA,FALSE
"Phenol, dodecyl-, branched, sulfurized",CAS without structure,TRUE,NA,NA,NA,NA,low,NA,NA,FALSE
Dikaliumthiosulfat Mischung mit Kaliumsulfid,CAS without structure,TRUE,NA,NA,NA,NA,low,NA,NA,FALSE
WREISPOL,Unclassified,TRUE,NA,NA,NA,NA,low,NA,NA,FALSE
"Leach residues, molybdenum roasted ore, ammonium",CAS without structure,TRUE,NA,NA,NA,NA,low,NA,NA,FALSE
FLUORELASTOMER E-16006,Unclassified,TRUE,NA,NA,NA,NA,low,NA,NA,FALSE
"Amides, Fatty acids C18 unsaturated, reaction products with tetraethylenepentamine",CAS without structure,TRUE,NA,NA,NA,NA,low,NA,NA,FALSE
"2-ethylhexanoic acid and its salts, with the exception of those specified elsewhere in this Annex",Substance group,TRUE,NA,NA,NA,NA,low,NA,NA,FALSE
"7-ethoxy-4,6-difluoro-dibenzothiophen-3-ol",CAS without structure,TRUE,NA,NA,NA,NA,low,NA,NA,FALSE
Pherodim,Unclassified,TRUE,NA,NA,NA,NA,low,NA,NA,FALSE
AF-427X,Unclassified,TRUE,NA,NA,NA,NA,low,NA,NA,FALSE
Di-1-p-menthene B470,Unclassified,TRUE,NA,NA,NA,NA,low,NA,NA,FALSE
"S-(tricyclo[5.2.1.0 2,6]deca-3-en-8(or 9)-yl) O-(isopropyl or isobutyl or 2-ethylhexyl) O-(isopropyl or isobutyl or 2-ethylhexyl)phosphorodithioate",CAS without structure,TRUE,NA,NA,NA,NA,low,NA,NA,FALSE
"1,6-Octadien-3-ol, 3,7-dimethyl-, acid-isomerized",CAS without structure,TRUE,NA,NA,NA,NA,low,NA,NA,FALSE
BMS 205786-01,Unclassified,TRUE,NA,NA,NA,NA,low,NA,NA,FALSE
"Tall oil, reaction products with ethanolamine",Unclassified,TRUE,NA,NA,NA,NA,low,NA,NA,FALSE
"Alkenes, C8-10, C9-rich",CAS without structure,TRUE,NA,NA,NA,NA,low,NA,NA,FALSE
"Alkane-alpha,omega-diyl bis{[(trimethoxysilyl)propyl]carbamate}_M3",Unclassified,TRUE,NA,NA,NA,NA,low,NA,NA,FALSE
"Flue dust, zinc-refining",CAS without structure,TRUE,NA,NA,NA,NA,low,NA,NA,FALSE
"Isoundecanoic acid, lead(2+) salt, basic",CAS without structure,TRUE,NA,NA,NA,NA,low,NA,NA,FALSE
Generic name,Unclassified,TRUE,NA,NA,NA,NA,low,NA,NA,FALSE
"Products of roasting of ""slags, steelmaking, vanadium""",Unclassified,TRUE,FALSE,NA,NA,NA,high,NA,NA,FALSE
Fermentation products of sucrose with a funghi strain followed by extraction with ethyl acetate,Unclassified,TRUE,NA,NA,NA,NA,low,NA,NA,FALSE
E. coli fusion protein SAR342434,Unclassified,TRUE,NA,NA,NA,NA,low,NA,NA,FALSE
"cis-endo-bicyclo[2.2.1]heptane- 2,3-dicarboxylic acid, salts",Unclassified,TRUE,NA,NA,NA,NA,low,NA,NA,FALSE
salts of benzidine,Unclassified,TRUE,NA,NA,NA,NA,low,NA,NA,FALSE
methyl 2-((benzyloxy)methyl)-4-bromo-1H-benzo[d]imidazole-6-carboxylate methanesulfonate,Unclassified,TRUE,NA,NA,NA,NA,low,NA,NA,FALSE
"1,3-Benzenediamine, coupled with diazotized m-phenylenediamine, acetates",CAS without structure,TRUE,NA,NA,NA,NA,low,NA,NA,FALSE
"glycerol monooleate, ester with ascorbic acid",Unclassified,TRUE,NA,NA,NA,NA,low,NA,NA,FALSE
"Formic acid, manufacture of, by-products from",CAS without structure,TRUE,NA,NA,NA,NA,low,NA,NA,FALSE
"Reaction products of condensation between disodium 4,4'-dinitrostilbene-2,2'-disulfonate and 4'-aminoazobenzene-4-sulphonic acid, sodium salts",Unclassified,TRUE,FALSE,NA,NA,NA,medium,NA,NA,FALSE
"Reaction products of diazotised Benzenesulfonic acid, 2-amino-5-[(2-hydroxyethyl)sulfonyl]- , subsequently coupled with 3,5-Diaminobenzoic acid, further coupled with diazotised Ethanol, 2-[(4-aminophenyl)sulfonyl]-, 1-(hydrogen sulfate), sodium salts",Unclassified,TRUE,NA,NA,NA,NA,low,NA,NA,FALSE
"Polyphosphoric acids, esters with castor oil",CAS without structure,TRUE,NA,NA,NA,NA,low,NA,NA,FALSE
"Copper, [29H,31H-phthalocyaninato(2-)-N29,N30,N31,N32]-, [[3-(1-methylethoxy)propyl]amino]sulfonyl derivs.",CAS without structure,TRUE,NA,NA,NA,NA,low,NA,NA,FALSE
Doped Zinc Niobium Oxide,Unclassified,TRUE,NA,NA,NA,NA,low,NA,NA,FALSE
FM-162,Unclassified,TRUE,NA,NA,NA,NA,low,NA,NA,FALSE
"aluminium fibres, flakes and powders",Unclassified,TRUE,NA,NA,NA,NA,low,NA,NA,FALSE
"trisodium ({3-[(carboxylatomethyl)amino]propyl}{3-[(carboxylatomethyl)(C16-18, C18 unsat alkyl)amino]propyl}amino)acetate",Unclassified,TRUE,NA,NA,NA,NA,low,NA,NA,FALSE
P-[2-[[4-[(3-Chloro-4-fluorophenyl)amino]-7-[[(3S)-tetrahydro-3-furanyl]oxy]-6-quinazolinyl]amino]-2-oxoethyl]-phosphoric acid diethyl ester,Unclassified,TRUE,NA,NA,NA,NA,low,NA,NA,FALSE
VITAL ET trade mark,Unclassified,TRUE,NA,NA,NA,NA,low,NA,NA,FALSE
"4-amino-5-hydroxy-3-[4-(vinylsulphonyl) phenylazo]-6- (2-sulpho-5-[4-(vinylsulphonyl) butanamido] phenylazo) (naphthalene-2,7-disulphonic acid, trisodium salt.",Unclassified,TRUE,NA,NA,NA,NA,low,NA,NA,FALSE
"(S)-tert.-Butyl-[2-(aminoethoxy)-[1,2]oxaborolan-4-yl]acetate",Unclassified,TRUE,NA,NA,NA,NA,low,NA,NA,FALSE
"Resin acids and Rosin acids, dimers, calcium zinc",Unclassified,TRUE,NA,NA,NA,NA,low,NA,NA,FALSE
"Lavender, Lavandula hybrida, ext.",CAS without structure,TRUE,NA,NA,NA,NA,low,NA,NA,FALSE
"9,9-Bis[3-phenyl-4-(2-hydroxyethoxy)phenyl]fluorene",CAS without structure,TRUE,NA,NA,NA,NA,low,NA,NA,FALSE
Bis(C12-15-alkyl) carbonate,CAS without structure,TRUE,NA,NA,NA,NA,low,NA,NA,FALSE
"Fatty acids, C18-unsatd., dimers",CAS without structure,TRUE,NA,NA,NA,NA,low,NA,NA,FALSE
"Alcohols, C12-13-branched and linear",CAS without structure,TRUE,NA,NA,NA,NA,low,NA,NA,FALSE
"2,20:3,19-Dimethano-2,3,4a,5a,6a,7a,8a,9a,10a,11a, 12a,13a,14a,15a,16a,17a,19 ,20,21a,22a,23a,24a,25a,26a,27a,28a,29a,30a,31a,32a,33a,34a-dotriacontaazabispentaleno [1''',6''':5'',6'',7''] cycloocta[1'',2'',3'':3'',4'']pentaleno[1'',6'':5',6',7']cycloocta[1',2',3':3',4']pentaleno[1',6':5,6,7]cycloocta[1,2,3-gh:1',2',3'-g'h']cycloocta[1,2,3-cd:5,6,7-c'd']dipentalene-1,4,6,8,10,12,14,16,18,21,23,25,27,29,31,33-hexadecone, hexadecahydro-, stereoisomer,2,18:3,17-Dimethano-2,3, ,4a,5a,6a,7a,8a,9a,10a,11a,12a,13a,14a,15a,17,18,19a, 20a,21a,22a,23a,24a, 25a,26a,27a,28a,29a,30a-octacosaazabispentaleno[1''',6''':5'',6'',7'']cycloocta [1'',2'',3'':3'',4''] pentaleno[1'',6'':5',6',7']cycloocta[1',2',3':3',4']pentaleno[1',6':5,6,7]cycloocta[1,2,3-cd:1',2',3'-gh]pentalene-1,4,6,8,10,12,14,16,19,21,23,25,27,29-tetradecone, tetradecahydro-, stereoisomer, 1H,4H,12H,15H-2,14:3,13-Dimethano-5H,6H,7H,8H,9H,10H,11H,16H,17H,18H,19H,20H,21H,22H-2,3,4a,5a,6a,7a,8a,9a,10a,11a,13,14,15a,16a,17a,18a,19a,20a,21a,22a-eicosaazabispentaleno [1'',6'':5',6',7']cycloocta[1',2',3':3',4']pentaleno[1',6':5,6,7]cycloocta[1,2,3-cd:1',2',3'-gh]pentalene-1,4,6,8,10,12,15,17,19,21-decone, decahydro-, stereoisomer",Unclassified,TRUE,NA,NA,NA,NA,low,NA,NA,FALSE
"Leach residues, cadmium-refining",CAS without structure,TRUE,FALSE,NA,NA,NA,high,NA,NA,FALSE
Tar acids,Unclassified,TRUE,NA,NA,NA,NA,low,NA,NA,FALSE
"Glycerides, mixed coco, decanoyl and octanoyl",CAS without structure,TRUE,NA,NA,NA,NA,low,NA,NA,FALSE
"(1,5-cyclooctadiene)(2,4-pentanedionato)rhodium(I)",Unclassified,TRUE,NA,NA,NA,NA,low,NA,NA,FALSE
"methallylsulfonic acid, salts",Unclassified,TRUE,NA,NA,NA,NA,low,NA,NA,FALSE
"6-oxo- 6H‒Dibenz[c, e] [1, 2] oxaphosphorin 6-alkyl derivative",Unclassified,TRUE,NA,NA,NA,NA,low,NA,NA,FALSE
N-alkylester of substituted diazo aryl amine,Unclassified,TRUE,NA,NA,NA,NA,low,NA,NA,FALSE
MEXORYL SAO,Unclassified,TRUE,NA,NA,NA,NA,low,NA,NA,FALSE
"[x·sodium, y·lithium, x+y=3] 4-amino-3[[4-[[4-[(2-amino-4-hydroxyphenyl)diazenyl]phenyl]amino]-3-sulfonato phenyl]diazenyl]-5-hydroxy-6-(phenydiazenyl)naphthalene-2,7-disulfonat, mixture of isomers",CAS without structure,TRUE,FALSE,NA,NA,NA,high,NA,NA,FALSE
"Benzene, dimethyl-, mono C14-16 (even numbered) sec alkyl derivs.",Unclassified,TRUE,NA,NA,NA,NA,low,NA,NA,FALSE
Antoferine,Unclassified,TRUE,NA,NA,NA,NA,low,NA,NA,FALSE
ALAKANE 6,Unclassified,TRUE,NA,NA,NA,NA,low,NA,NA,FALSE
"lanthanum, lithium and zirconium containing amorphous frits",Unclassified,TRUE,NA,NA,NA,NA,low,NA,NA,FALSE
"2',7'-ditert-butyl-2-(4-chlorophenyl)-9,9'-spirobi[fluorene]",Unclassified,TRUE,NA,NA,NA,NA,low,NA,NA,FALSE
"Cobalt, borate propionate complexes",CAS without structure,TRUE,NA,NA,NA,NA,low,NA,NA,FALSE
CROMOPHTAL DPP RED TFP,Unclassified,TRUE,NA,NA,NA,NA,low,NA,NA,FALSE
"1,3,5-Triazine-2,4,6-triamine, deammoniated",CAS without structure,TRUE,NA,NA,NA,NA,low,"1,3,5-triazine-2,4-diamines",0.8429387979106526,FALSE
Verticillium albo-atrum (formerly Verticillium dahliae) strain WCS850,Unclassified,TRUE,NA,NA,NA,NA,low,NA,NA,FALSE
CW702R (CuZn20Al2As),Unclassified,TRUE,NA,NA,NA,NA,low,NA,NA,FALSE
"Addition product of dehydrated castor oil, linseed oil and maleic anhydride",Unclassified,TRUE,NA,NA,NA,NA,low,NA,NA,FALSE
"copper(II) 3,3',3'',3'''-(29H,31H-phthalocyanine-2(or 3),9(or 10),16(or 17),23(or 24)-tetrayltetrasulfonyl)tetrapropane-1-sulfonate and its amides with (2-hydroxypropyl)amine, sodium salts",Unclassified,TRUE,NA,NA,NA,NA,low,NA,NA,FALSE
Petrolatum,Mixture,TRUE,NA,NA,NA,NA,low,NA,NA,FALSE
Chrome tin orchid cassiterite,CAS without structure,TRUE,NA,NA,NA,NA,low,NA,NA,FALSE
A-Stage E,Unclassified,TRUE,NA,NA,NA,NA,low,NA,NA,FALSE
PAC-5M,Unclassified,TRUE,NA,NA,NA,NA,low,NA,NA,FALSE
"Carboxylic acids, C5-9, triesters with 2-ethyl-2-(hydroxymethyl)propane-1,3-diol",Unclassified,TRUE,NA,NA,NA,NA,low,NA,NA,FALSE
"Sulfuric acid, mono (C12-13-branched and linear alkyl) esters, sodium salts",Unclassified,TRUE,NA,NA,NA,NA,low,NA,NA,FALSE
"Zinc sulfide (ZnS), copper and nickel and silver-doped",CAS without structure,TRUE,NA,NA,NA,NA,low,NA,NA,FALSE
"Hydrocarbons, C3-4",CAS without structure,TRUE,NA,NA,NA,NA,low,NA,NA,FALSE
"Octanoic acid, mixed tetraesters with 2-ethylhexanoic acid, heptanoic acid and pentaerythritol",CAS without structure,TRUE,NA,NA,NA,NA,low,NA,NA,FALSE
Tetraiodide diammonium cadmium,CAS without structure,TRUE,NA,NA,NA,NA,low,NA,NA,FALSE
"Arsenous acid, gallium salt (1:1)",CAS without structure,TRUE,NA,NA,NA,NA,low,NA,NA,FALSE
Inorganic residual from kraft or soda pulping separated from green liquor in the chemical recovery cycle.,Unclassified,TRUE,NA,NA,NA,NA,low,NA,NA,FALSE
(E)-2-(((4-bromobut-2-en-1-yl)oxy)methyl)-1-(2-chlorethoxy)-4-nitrobenzene,Unclassified,TRUE,NA,NA,NA,NA,low,NA,NA,FALSE
"α-d-Glucopyranoside, β-d-fructofuranosyl, mono- and didodecanoate esters",Unclassified,TRUE,NA,NA,NA,NA,low,NA,NA,FALSE
"Octadecanoic acid, lead(2+) salt, tribasic",CAS without structure,TRUE,NA,NA,NA,NA,low,NA,NA,FALSE
"UK-294,312",Unclassified,TRUE,NA,NA,NA,NA,low,NA,NA,FALSE
"(Z,Z)-3,13-Octadecadien-1-yl acetate (SCLP Acetates)",Unclassified,TRUE,NA,NA,NA,NA,low,NA,NA,FALSE
"Resin acids and Rosin acids, maleated, calcium salts",CAS without structure,TRUE,NA,NA,NA,NA,low,NA,NA,FALSE
Resinoid of Boswellia serrata (Burseraceae) obtained from exudate by hexane extraction,Unclassified,TRUE,NA,NA,NA,NA,low,NA,NA,FALSE
K 407,Unclassified,TRUE,NA,NA,NA,NA,low,NA,NA,FALSE
"2,2,6,6-tetrakis(tetradecanoyloxymethyl)-4-oxa-heptane-1,7-diyl ditetradecanoate",Unclassified,TRUE,FALSE,NA,NA,NA,high,NA,NA,FALSE
Active chlorine generated from sodium chloride by electrolysis’,Unclassified,TRUE,NA,NA,NA,NA,low,NA,NA,FALSE
"{1-(ETHYLSULFONYL)-3-[4-(4,4,5,5-TETRAMETHYL-1,3,2-DIOXABOROLAN-2-YL)-1H-PYRAZOL-1-YL]AZETIDIN-3-YL}ACETONITRILE",CAS without structure,TRUE,NA,NA,NA,NA,low,NA,NA,FALSE
Leptospermum scoparium branch/leaf oil,Unclassified,TRUE,NA,NA,NA,NA,low,NA,NA,FALSE
XC96-A0575,Unclassified,TRUE,NA,NA,NA,NA,low,NA,NA,FALSE
"Fatty acids, C18 unsaturated, ethyl + methyl esters",Unclassified,TRUE,NA,NA,NA,NA,low,Fatty acid methyl esters,0.8330336100477473,FALSE
"Reaction products of diazotized 3-amino-4-hydroxybenzenesulphonic acid with 2,5-dimethoxyaniline, subsequently condensed with 4,4'-dinitrostilbene-2,2'-disulphonic acid, sodium salts",Unclassified,TRUE,NA,NA,NA,NA,low,NA,NA,FALSE
α-(1→2) branching sucrase,CAS without structure,TRUE,NA,NA,NA,NA,low,NA,NA,FALSE
"Fatty acids, tall-oil, compds. with ethanolamine",CAS without structure,TRUE,NA,NA,NA,NA,low,NA,NA,FALSE
"(1R,8S)-2,2,7,7-tetramethyltricyclo[6.2.1.0^{1,6}]undec-5-en-4-one",Unclassified,TRUE,NA,NA,NA,NA,low,NA,NA,FALSE
isobutylene-butene copolymer,CAS without structure,TRUE,NA,NA,NA,NA,low,NA,NA,FALSE
"tetrasodium 2-(6-chloro-4-(4-(2,5-dimethyl-4-(2,5-disulphonatophenylazo)phenylazo)-3-ureidoanilino)-1,3,5-triazin-2-ylamino)benzene-1,4-disulphonate",Unclassified,TRUE,NA,NA,NA,NA,low,NA,NA,FALSE
Sodium cobalt tetracarbonyl,CAS without structure,TRUE,NA,NA,NA,NA,low,NA,NA,FALSE
"Low boiling point hydrogen treated naphtha|Hydrocarbons, C<sub>6-11</sub>, hydrotreated, dearomatized|[A complex combination of hydrocarbons obtained as solvents which have been subjected to hydrotreatment in order to convert aromatics to naphthenes by ca",Mixture,TRUE,NA,NA,NA,NA,low,NA,NA,FALSE
"1-Naphthalenesulfonic acid, 2-[[4,5-dihydro-3-methyl-5-oxo-1-(3-sulfophenyl)-1H-pyrazol-4-yl]azo]-, strontium salt (1:1)",Unclassified,TRUE,NA,NA,NA,NA,low,NA,NA,FALSE
"Fats and Glyceridic oils, vegetable, winterized, reaction products with ammonia-ethanolamine reaction products",CAS without structure,TRUE,NA,NA,NA,NA,low,NA,NA,FALSE
"Poly[(tricyclo[5.2.1.0(2,6)]decane-3,5-diylethylene)-co-(bicyclo[3.3.0]octane-2,4-diylethylene)-co-(tricyclo[6.4.0.0(2,6)]dodecane-3,5-diethylene)]",Unclassified,TRUE,NA,NA,NA,NA,low,NA,NA,FALSE
"Arabinofuranosidase, α-l-",CAS without structure,TRUE,FALSE,NA,NA,NA,high,NA,NA,FALSE
(η-cumene)-(η-cyclopentadienyl)iron(II) hexafluoroantimonate,CAS without structure,TRUE,NA,NA,NA,NA,low,NA,NA,FALSE
"2-[(8-amino-7-{[4-substituted-2-sulfonatophenyl]diazenyl}-1-hydroxy-3,6-disulfonaphthalen-2-yl)diazenyl]-4-[(4-chloro-6-{[3-(substituted)phenyl](ethyl)amino}-heteromonocycl-2-yl)amino]arylsulfonic acid, potassium and sodium salts",Unclassified,TRUE,NA,NA,NA,NA,low,NA,NA,FALSE
substituted alkylalkanoate,Unclassified,TRUE,NA,NA,NA,NA,low,NA,NA,FALSE
Onion extract,Unclassified,TRUE,NA,NA,NA,NA,low,NA,NA,FALSE
"Formaldehyde, telomer with 1,3-benzenedimethanamine, 1,3-benzenediol and ethenylbenzene",CAS without structure,TRUE,NA,NA,NA,NA,low,NA,NA,FALSE
"Butanedioic acid, 2(or 3)-sulfo-, 4-[2-[(1-oxododecyl)amino]ethyl] ester, sodium salt",Unclassified,TRUE,NA,NA,NA,NA,low,NA,NA,FALSE
"Fatty acids, tall oil, reaction products with glycidyl neodecanoate",CAS without structure,TRUE,NA,NA,NA,NA,low,NA,NA,FALSE
esters of glycerol with behenic and arachidic acids,Unclassified,TRUE,NA,NA,NA,NA,low,NA,NA,FALSE
Se-Te-Concentrate,Unclassified,TRUE,NA,NA,NA,NA,low,NA,NA,FALSE
"1-Propanaminium, N-(3-aminopropyl)-2-hydroxy-N,N-dimethyl-3-sulfo-, N-(C8-18(even numbered) acyl) derivs., hydroxides, inner salts",Unclassified,TRUE,NA,NA,NA,NA,low,NA,NA,FALSE
"siloxanes, with one hydrogen atom and one methyl group to each silicon atom",Unclassified,TRUE,NA,NA,NA,NA,low,NA,NA,FALSE
NPB-9-240,Unclassified,TRUE,NA,NA,NA,NA,low,NA,NA,FALSE
"3-[(4-amino-2-methylpyrimidin-5-yl)methyl]-5-(2-hydroxyethyl)-4-methyl-1,3-thiazol-3-ium sulfate",Unclassified,TRUE,FALSE,NA,NA,NA,high,NA,NA,FALSE
T-493,Unclassified,TRUE,NA,NA,NA,NA,low,NA,NA,FALSE
Organostannic compounds,Substance group,TRUE,NA,NA,NA,NA,low,Organoarsenic compounds,0.8151649423067925,FALSE
Dore,CAS without structure,TRUE,NA,NA,NA,NA,low,NA,NA,FALSE
"Benzenesulfonic acid, 4-C10-13-sec-alkyl derivs., ammonium salts",CAS without structure,TRUE,NA,NA,NA,NA,low,NA,NA,FALSE
"Nickel, naphthenate neodecanoate complexes",CAS without structure,TRUE,NA,NA,NA,NA,low,NA,NA,FALSE
"Fatty acids, peanut-oil, cadmium salts",CAS without structure,TRUE,NA,NA,NA,NA,low,NA,NA,FALSE
"Benzene, mono-C10-13-alkyl derivs., distn. residues",CAS without structure,TRUE,NA,NA,NA,NA,low,NA,NA,FALSE
"Germanium hydroxide oxides, calcium sulfate, calcium carbonate, iron sulfide and amorphous silica, recovery products from germanium refining",Unclassified,TRUE,NA,NA,NA,NA,low,NA,NA,FALSE
"Fatty acids, C16-18 and C18-unsatd., branched and linear",CAS without structure,TRUE,NA,NA,NA,NA,low,NA,NA,FALSE
"Reaction products of [2-(aminobenzylidene)substituted]-sulfobenzoic acid, diazotized potassium hydrogen amino-2-hydroxy-5-{[2-(sulfonatooxy)ethoxy]sulfonyl}benzenesulfonate, copper(2+) sulfate, disodium carbonate, and sodium hydroxide",Unclassified,TRUE,NA,NA,NA,NA,low,NA,NA,FALSE
Plant oils / Spear mint oil,CAS without structure,TRUE,NA,NA,NA,NA,low,NA,NA,FALSE
Caramel (color),CAS without structure,TRUE,NA,NA,NA,NA,low,NA,NA,FALSE
"sulfurous acid, monosodium salt, polymer with formaldehyde and 1,3,5-triazine-2,4,6-triamine",CAS without structure,TRUE,NA,NA,NA,NA,low,NA,NA,FALSE
"castor oil and its dehydration, hydrogenation and/or condensation products with adipic, sebacic and phthalic acids",Unclassified,TRUE,NA,NA,NA,NA,low,NA,NA,FALSE
"Glycine max. (L.) Merr. (Fabacee) aqueous alcoholic ext., concentrate by sequential extractions and filtration",Unclassified,TRUE,NA,NA,NA,NA,low,NA,NA,FALSE
"Benzenepropanoic acid, α-[2-(dimethylamino)ethyl]- hydrochloride",Unclassified,TRUE,NA,NA,NA,NA,low,NA,NA,FALSE
SCH 530348-HB,Unclassified,TRUE,NA,NA,NA,NA,low,NA,NA,FALSE
"polyester of adipic acid with 1,3-butanediol, 1,2-propanediol and 2-ethyl-1-hexanol",CAS without structure,TRUE,NA,NA,NA,NA,low,NA,NA,FALSE
"Reaction products of fatty acids, C12 alkyl and triglycerides, C18 (unsaturated) alkyl with 2-(2-aminoethylamino)ethanol and sodium chloroacetate",Unclassified,TRUE,NA,NA,NA,NA,low,NA,NA,FALSE
Essential oil of Boswellia carterii (Burseraceae) obtained from gum by distillation,Unclassified,TRUE,NA,NA,NA,NA,low,NA,NA,FALSE
"amines, coco alkyldimethyl, N-oxides",CAS without structure,TRUE,NA,NA,NA,NA,low,NA,NA,FALSE
Deoxyribose-phosphate aldolase EC 4.1.2.4.,CAS without structure,TRUE,NA,NA,NA,NA,low,NA,NA,FALSE
CHEMICAL 10099739,Unclassified,TRUE,NA,NA,NA,NA,low,NA,NA,FALSE
PIGMENT YELLOW FC 26290,Unclassified,TRUE,NA,NA,NA,NA,low,NA,NA,FALSE
Manganese alumina pink corundum,CAS without structure,TRUE,NA,NA,NA,NA,low,NA,NA,FALSE
"Fatty acids, C16-18 and C18-unsatd., Me esters, distn. residues",CAS without structure,TRUE,NA,NA,NA,NA,low,NA,NA,FALSE
HS 2046,Unclassified,TRUE,NA,NA,NA,NA,low,NA,NA,FALSE
Corsair Resin 5,Unclassified,TRUE,NA,NA,NA,NA,low,NA,NA,FALSE
"(3-((6-Chlorohexyl)thio)propyl)triethoxysilane and Hexamethylen-1,6-dithio-bis((3-triethoxysilyl) propane)",Unclassified,TRUE,NA,NA,NA,NA,low,NA,NA,FALSE
Acetyl-L-citrullyl-L-arginine,Unclassified,TRUE,NA,NA,NA,NA,low,NA,NA,FALSE
"Fatty acids, C4-20-branched, lead salts",CAS without structure,TRUE,TRUE,Organic lead salts,subclass,subset,medium,NA,NA,FALSE
trimethylolpropane trimethacrylate-methyl methacrylate copolymer,CAS without structure,TRUE,NA,NA,NA,NA,low,NA,NA,FALSE
melamine resins modified with butyl alcohol,Unclassified,TRUE,NA,NA,NA,NA,low,NA,NA,FALSE
Calcium Manganese Titanium oxide,Unclassified,TRUE,NA,NA,NA,NA,low,NA,NA,FALSE
"Formula 1a:Trisodium {1-(2-carboxylato-kO-5-sulfonatophenyl)-5-[3-(2,6-difluoropyrimidin-4-ylamino)-2-olato-kO-5-sulfonatophenyl]-3-phenylformazan-5-ido-k2N1,N5}cuprate(II)Formula 2a:Trisodium {1-(2-carboxylato-kO-5-sulfonatophenyl)-5-[3-(4,6-difluoropyrimidin-2-ylamino)-2-olato-kO-5-sulfonatophenyl]-3-phenylformazan-5-ido-k2N1,N5}cuprate(II)",Unclassified,TRUE,NA,NA,NA,NA,low,NA,NA,FALSE
"Phosphonic acid, (4-morpholinylmethylene)bis-, tetraethyl ester",CAS without structure,TRUE,NA,NA,NA,NA,low,NA,NA,FALSE
RMS-019,Unclassified,TRUE,FALSE,NA,NA,NA,high,NA,NA,FALSE
"Polymer of 1,3-dibromopropane and N,N-diethyl-N',N'-dimethyl-1,3-propanediamine",CAS without structure,TRUE,NA,NA,NA,NA,low,NA,NA,FALSE
"Fatty acids, tall-oil, reaction products with maleic anhydride and triethylenetetramine",Unclassified,TRUE,NA,NA,NA,NA,low,NA,NA,FALSE
"(S)-3-(1-Oxo-5-(piperazin-1-yl)isoindolin-2-yl)piperidine-2,6-dione, ((1R,4R)-7,7-dimethyl-2-oxobicyclo[2.2.1]heptan-1-yl)methanesulfonate",Unclassified,TRUE,NA,NA,NA,NA,low,NA,NA,FALSE
"Naphthenic acids, copper salts",CAS without structure,TRUE,NA,NA,NA,NA,low,NA,NA,FALSE
"Fatty acids C16-18 (even numbered), mono, di and tri esters with sucrose",Unclassified,TRUE,NA,NA,NA,NA,low,NA,NA,FALSE
"N-dodecyl-beta-alanine - 2,2',2''-nitrilotriethanol (1:1)",Unclassified,TRUE,NA,NA,NA,NA,low,NA,NA,FALSE
organopolysiloxanes with vinyl groups attached to the silicon atom,Unclassified,TRUE,NA,NA,NA,NA,low,NA,NA,FALSE
"titanium, iron, aluminium oxide",Unclassified,TRUE,NA,NA,NA,NA,low,NA,NA,FALSE
1-(2-hydroxymethylphenyl)-2-phenyl-4-methylpiperazine,Unclassified,TRUE,NA,NA,NA,NA,low,NA,NA,FALSE
KAN 650604,Unclassified,TRUE,NA,NA,NA,NA,low,NA,NA,FALSE
"Ashes (residues), rice husk",CAS without structure,TRUE,NA,NA,NA,NA,low,NA,NA,FALSE
Grounding oil,CAS without structure,TRUE,NA,NA,NA,NA,low,NA,NA,FALSE
"fatty acids, C18-unsatd., dimers, reaction products with 1-piperazineethanamine and tall oil",CAS without structure,TRUE,NA,NA,NA,NA,low,NA,NA,FALSE
"(E)-2-Methyl-6-methylene-3,7-octadien-2-ol (isomyrcenol)",Unclassified,TRUE,NA,NA,NA,NA,low,NA,NA,FALSE
"Phenol, dodecyl-, sulfurized, calcium salts",CAS without structure,TRUE,NA,NA,NA,NA,low,NA,NA,FALSE
Golden Yellow Continuous,Unclassified,TRUE,FALSE,NA,NA,NA,high,NA,NA,FALSE
N-[[-2[[[(4-Aminoiminomethyl)phenyl]amino]methyl]-1-methyl-1H-benzimidazol-5-yl]carbonyl]-N-2-pyridinyl-beta-alaninethylester p-toluolsulfonat,Unclassified,TRUE,NA,NA,NA,NA,low,NA,NA,FALSE
Epoxy Resin T1600,Unclassified,TRUE,NA,NA,NA,NA,low,NA,NA,FALSE
LUMILUX ROT CD 360,Unclassified,TRUE,FALSE,NA,NA,NA,high,NA,NA,FALSE
"Benzenesulfonic acid, mono and di-alkylation products with C16-20 (even numbered branched and linear) olefins, calcium salts",Unclassified,TRUE,NA,NA,NA,NA,low,NA,NA,FALSE
"Acetic acid, oxo-, sodium salt, reaction products with ethylenediamine and phenol, iron sodium salts",CAS without structure,TRUE,NA,NA,NA,NA,low,NA,NA,FALSE
"2-hydroxy-1,2,3-propanetricarboxylic acid, N,N,N-triethylethanaminium titanium(4+) salt",Unclassified,TRUE,NA,NA,NA,NA,low,NA,NA,FALSE
"Fatty acids, C8-18 and C18-unsatd., reaction products with diethanolamine and propylene oxide",CAS without structure,TRUE,NA,NA,NA,NA,low,NA,NA,FALSE
"Fatty acids, palm-oil, hydrogenated",CAS without structure,TRUE,NA,NA,NA,NA,low,NA,NA,FALSE
"3-Acetoxy-17,17-(2,2-dimethyltrimethylenedioxy)androst-3,5-diene",Unclassified,TRUE,NA,NA,NA,NA,low,NA,NA,FALSE
"Arsenic acid (H3AsO4), copper(2+) salt (1:1), sesquihydrate",CAS without structure,TRUE,NA,NA,NA,NA,low,NA,NA,FALSE
"Tar, brown-coal, low-temp.|[A tar obtained from low temperature carbonization and low temperature gasification of brown coal. Composed primarily of aliphatic, naphthenic and cyclic aromatic hydrocarbons, heteroaromatic hydrocarbons and cyclic phenols.]",CAS without structure,TRUE,NA,NA,NA,NA,low,NA,NA,FALSE
Man-made vitreous (silicate) fibres with random orientation with alkaline oxide and alkali earth oxide (Na2O+K2O+CaO+ MgO+BaO) content greater than 18 % by weight,Unclassified,TRUE,TRUE,NA,NA,broader,high,NA,NA,FALSE
"Naphthenic acids, potassium salts",CAS without structure,TRUE,NA,NA,NA,NA,low,NA,NA,FALSE
salts of aniline,Unclassified,TRUE,NA,NA,NA,NA,low,NA,NA,FALSE
TMCH,Unclassified,TRUE,NA,NA,NA,NA,low,NA,NA,FALSE
[2-(1H-TETRAZOL-5-YL)PHENYL]BORONIC ACID DIHYDRATE,Unclassified,TRUE,NA,NA,NA,NA,low,NA,NA,FALSE
"Fatty acids, tall-oil, reaction products with diethylenetriamine",CAS without structure,TRUE,NA,NA,NA,NA,low,NA,NA,FALSE
4-[2-(methoxymethyl)-3-methyl-1-methylene-but-2-enyl]-1H-tetrazol-5-one,CAS without structure,TRUE,NA,NA,NA,NA,low,NA,NA,FALSE
"Polyphosphoric acids, esters with triethanolamine, sodium salts",CAS without structure,TRUE,NA,NA,NA,NA,low,NA,NA,FALSE
1-benzyl-1 H-indazole-3-carboxylic acid isobutyl ester,Unclassified,TRUE,NA,NA,NA,NA,low,NA,NA,FALSE
ROUGE REACTIF DER 7650,Unclassified,TRUE,NA,NA,NA,NA,low,NA,NA,FALSE
"Reaction products of diazotised 5,5’-methylenedianthranilic acid, coupled with resorcinol, subsequently coupled with diazotised 4-aminobenzene-1,3-disulfonic acid, chelated with copper sulphate, sodium potassium salt.",Unclassified,TRUE,NA,NA,NA,NA,low,NA,NA,FALSE
"Fatty acids, C16-18, tetraesters with 3,3'-oxybis[1,2-propanediol]",CAS without structure,TRUE,NA,NA,NA,NA,low,NA,NA,FALSE
"Resin acids and Rosin acids, reaction products with formaldehyde, sodium salts",CAS without structure,TRUE,NA,NA,NA,NA,low,NA,NA,FALSE
"Amines, C12-14-alkyl, C6-10-alkyl phosphates",CAS without structure,TRUE,NA,NA,NA,NA,low,NA,NA,FALSE
Sodium hypochlorite (BS),Unclassified,TRUE,NA,NA,NA,NA,low,NA,NA,FALSE
Reaction products of 3-Methylaniline with heptyl naphthalen-2-ol,CAS without structure,TRUE,NA,NA,NA,NA,low,NA,NA,FALSE
"Resin acids and Rosin acids, maleated, esters with pentaerythritol",CAS without structure,TRUE,NA,NA,NA,NA,low,NA,NA,FALSE
"Monomethyl-dibromo-diphenyl methane bromobenzylbromotoluene, mixture of isomers",CAS without structure,TRUE,NA,NA,NA,NA,low,NA,NA,FALSE
Bottom residues resulting from the synthesis of propylene oxide and styrene from epoxidation of propylene with ethylbenzene hydroperoxide,Unclassified,TRUE,NA,NA,NA,NA,low,NA,NA,FALSE
"bis(dimethyl-(2-hydroxyethyl)ammonium) 1,2-ethanediyl-bis(2-hexadecenylsuccinate)",Unclassified,TRUE,NA,NA,NA,NA,low,NA,NA,FALSE
PD2000,Unclassified,TRUE,NA,NA,NA,NA,low,NA,NA,FALSE
"Nickel, 3-[(4-chlorophenyl)azo]-4-hydroxy-2(1H)-quinolinone complex",CAS without structure,TRUE,NA,NA,NA,NA,low,NA,NA,FALSE
safflower oil fatty acids,Unclassified,TRUE,NA,NA,NA,NA,low,NA,NA,FALSE
LEVODION,Unclassified,TRUE,NA,NA,NA,NA,low,NA,NA,FALSE
"cresols, butylated, styrenated",Unclassified,TRUE,NA,NA,NA,NA,low,NA,NA,FALSE
"Nitriles, C18 unsaturated, dimers",Unclassified,TRUE,NA,NA,NA,NA,low,NA,NA,FALSE
4-Methyl-N-[[[3-(trifluoromethyl)phenyl]amino]carbonyl] benzenesulfonamide,CAS without structure,TRUE,NA,NA,NA,NA,low,NA,NA,FALSE
NT-9,Unclassified,TRUE,NA,NA,NA,NA,low,NA,NA,FALSE
"1-(3,6-Dibromopyridin-2-yl)2-(3,5-difluorophenyl)ethan1-aminium methanesulfonate",CAS without structure,TRUE,NA,NA,NA,NA,low,NA,NA,FALSE
"Benzoic acid, 2-methyl-, lead(2+) salt",CAS without structure,TRUE,NA,NA,NA,NA,low,NA,NA,FALSE
"Fatty acids, C14-18 and C16-18-unsatd.",CAS without structure,TRUE,NA,NA,NA,NA,low,NA,NA,FALSE
"2-substitutedalkyl N-{3-acetamido-4-[(2-cyano-4,6-disubstitutedphenyl)diazenyl]phenyl}-N-benzyl-β-alaninate",Unclassified,TRUE,NA,NA,NA,NA,low,NA,NA,FALSE
rosin derivatives,Unclassified,TRUE,NA,NA,NA,NA,low,NA,NA,FALSE
"(R)-1-((4-chlorophenyl)(phenyl)methyl)piperazine (3R,5S,E)-7-(4-(4-fluorophenyl)-6-isopropyl-2-(N-methylmethylsulfonamido)pyrimidin-5-yl)-3,5-dihydroxyhept-6-enoate",CAS without structure,TRUE,NA,NA,NA,NA,low,NA,NA,FALSE
(S)-N-[[3-[3-fluoro-4-(4-morpholinyl)phenyl]-2-oxo-5-oxazolidinyl]methyl]-amine,Unclassified,TRUE,NA,NA,NA,NA,low,NA,NA,FALSE
"Castor oil, oxidized",CAS without structure,TRUE,NA,NA,NA,NA,low,NA,NA,FALSE
ACETONIDE ACID,Unclassified,TRUE,NA,NA,NA,NA,low,NA,NA,FALSE
"monolithium 5-[[2,4-dihydroxy-5-[(2-hydroxy-3,5-dinitrophenyl)azo]phenyl]azo]-2-naphthalenesulfonate], iron complex, monohydrate",Unclassified,TRUE,NA,NA,NA,NA,low,NA,NA,FALSE
"N-{[1,1'-biphenyl]-2-yl}-N-(9,9-dimethyl-9H-fluoren-2-yl)-9,9'-spirobi[fluoren]-2-amine",Unclassified,TRUE,NA,NA,NA,NA,low,NA,NA,FALSE
"Benzenamine, N-phenyl-, styrenated",CAS without structure,TRUE,NA,NA,NA,NA,low,NA,NA,FALSE
"2-{4-[(5R)-2-HYDROXY-8-(TRIFLUOROMETHYL)-5H-[1]BENZOPYRANO[4,3-C]QUINOLIN-5-YL]PHENOXY}ETHANE-1,1-DIOL",Unclassified,TRUE,NA,NA,NA,NA,low,NA,NA,FALSE
Polydymite (Ni3S4),CAS without structure,TRUE,NA,NA,NA,NA,low,NA,NA,FALSE
"Fatty acids, C16-18, esters with pentaerythritol",CAS without structure,TRUE,NA,NA,NA,NA,low,NA,NA,FALSE
"Silicic acid (H4SiO4), mixed 2-butoxyethyl and methyl tetraesters",CAS without structure,TRUE,NA,NA,NA,NA,low,NA,NA,FALSE
"Paraffin waxes and Hydrocarbon waxes, microcryst.",CAS without structure,TRUE,NA,NA,NA,NA,low,NA,NA,FALSE
salts of bromoxynil with the exception of those specified elsewhere in this Annex,Unclassified,TRUE,NA,NA,NA,NA,low,NA,NA,FALSE
"Magnetoplumbite, barium titanium zinc brown",CAS without structure,TRUE,NA,NA,NA,NA,low,NA,NA,FALSE
Eclipta prostrata dry purified extract,Unclassified,TRUE,NA,NA,NA,NA,low,NA,NA,FALSE
"Acetic acid, lead(2+) salt, dihydrate",CAS without structure,TRUE,NA,NA,NA,NA,low,NA,NA,FALSE
"Tetradec-1-ene, dimers, hydrogenated",Unclassified,TRUE,TRUE,Saturated hydrocarbons,class,subset,medium,NA,NA,FALSE
2-(4-(4-cyano-3-methylisothiazol-5-ylazo)-N-ethyl-3-methylanilino)ethyl acetate,Unclassified,TRUE,NA,NA,NA,NA,low,NA,NA,FALSE
"Arsenic acid (H3AsO4), copper(2+) salt (1:1)",CAS without structure,TRUE,NA,NA,NA,NA,low,NA,NA,FALSE
"(S)-ethyl-3-amino-3-phenylpropanoate hemi (2S,3S)-2,3-dihydroxysuccinate",Unclassified,TRUE,NA,NA,NA,NA,low,NA,NA,FALSE
"Fatty acids, tall-oil, ethoxylated",CAS without structure,TRUE,NA,NA,NA,NA,low,NA,NA,FALSE
3-(C11-14-(branched and linear)oxy)-propan-1-amine,CAS without structure,TRUE,NA,NA,NA,NA,low,NA,NA,FALSE
SEP-012SD (SOLID),Unclassified,TRUE,NA,NA,NA,NA,low,NA,NA,FALSE
RECORDING DYE TYPE F,Unclassified,TRUE,NA,NA,NA,NA,low,NA,NA,FALSE
"Fatty acids, C16-18, reaction products with ethanolamine",CAS without structure,TRUE,NA,NA,NA,NA,low,NA,NA,FALSE
LUPRAPHEN VP 9329,Unclassified,TRUE,FALSE,NA,NA,NA,high,NA,NA,FALSE
"(2S)-2-[[(2S)-6-[[2-[2-[2-[[2-[2-[2-[[(4S)-5-tert-butoxy-4-[(20-tert-butoxy-20-oxo-icosanoyl)amino]-5-oxo-pentanoyl]amino]ethoxy]ethoxy]acetyl]amino]ethoxy]ethoxy]acetyl]amino]-2-[[(2S)-2-[[(2S)-2-[[(2S,3S)-2-[[(2S)-6-(tert-butoxycarbonylamino)-2-[[(2S)-4-tert-butoxy-2-(9H-fluoren-9-ylmethoxycarbonylamino)-4-oxo-butanoyl]amino]hexanoyl]amino]-3-methyl-pentanoyl]amino]propanoyl]amino]-5-oxo-5-(tritylamino)pentanoyl]amino]hexanoyl]amino]propanoic acid",Unclassified,TRUE,FALSE,NA,NA,NA,high,NA,NA,FALSE
"2-aminoacetate, hydron, copper(2+) sulfate",CAS without structure,TRUE,FALSE,NA,NA,NA,high,NA,NA,FALSE
DEB-IP,Unclassified,TRUE,NA,NA,NA,NA,low,NA,NA,FALSE
"3-(2-AMMONIOETHYL)-2-METHYL-4-OXO-6,7,8,9-TETRAHYDRO-4H-PYRIDO[1,2-A]PYRIMIDIN-1-IUM DICHLORIDE",Unclassified,TRUE,NA,NA,NA,NA,low,NA,NA,FALSE
3-(3-(prop-1-en-2-yl)phenyl)butanal,Unclassified,TRUE,NA,NA,NA,NA,low,NA,NA,FALSE
"(4R,4aS,7aR,12bS)-3-methyl-7-oxo-2,3,4,4a,7,7a-hexahydro-1H-4,12-methanobenzofuro[3,2-e]isoquinoline-4a,9-diyl diacetate",CAS without structure,TRUE,NA,NA,NA,NA,low,NA,NA,FALSE
TPS 15,Unclassified,TRUE,NA,NA,NA,NA,low,NA,NA,FALSE
"Alkanes, C12-14-iso-",CAS without structure,TRUE,NA,NA,NA,NA,low,NA,NA,FALSE
"Alcohols, C12-14, ethoxylated",CAS without structure,TRUE,NA,NA,NA,NA,low,NA,NA,FALSE
"Mixture of (Branched‐C12‐C15‐alkyl)‐2‐(2‐(4‐ nitrophenyl)hydrazono)‐3‐oxobutanoate, diazocoupling products with Blend of branched primary alcoohols C13",Mixture,TRUE,NA,NA,NA,NA,low,NA,NA,FALSE
BNTCP,Unclassified,TRUE,NA,NA,NA,NA,low,NA,NA,FALSE
"6-aminomethyl-6,11-dihydro-5H-dibenz[b,e]azepine phthalhydrazide salt",Unclassified,TRUE,NA,NA,NA,NA,low,NA,NA,FALSE
Insulin DesB30,Unclassified,TRUE,NA,NA,NA,NA,low,NA,NA,FALSE
"Bulnesia sarmienti, ext., dehydrated",CAS without structure,TRUE,NA,NA,NA,NA,low,NA,NA,FALSE
polyacetal resins,Unclassified,TRUE,NA,NA,NA,NA,low,NA,NA,FALSE
"coconut diethanolamide (coco N,N-bis hydroxyethyl)",CAS without structure,TRUE,NA,NA,NA,NA,low,NA,NA,FALSE
JEFFAMINE XTJ-511,Unclassified,TRUE,NA,NA,NA,NA,low,NA,NA,FALSE
T002260,Unclassified,TRUE,FALSE,NA,NA,NA,high,NA,NA,FALSE
K-652,Unclassified,TRUE,FALSE,NA,NA,NA,high,NA,NA,FALSE
"trans-4-pentyl-trans-4'-trifluoromethyl-(1,1'-bicyclohexyl)",Unclassified,TRUE,NA,NA,NA,NA,low,NA,NA,FALSE
2-methyl-1-(2-(5-(p-tolyl)-1H-imidazol-2-yl)piperidin-1-yl)butan-1-one,CAS without structure,TRUE,NA,NA,NA,NA,low,NA,NA,FALSE
"Condensation product of: 3-(7-carboxyhept-1-yl)-6-hexyl-4-cyclohexene-1,2-dicarboxylic acid with polyamines (primarily amino-ethyl-piperazine and triethylenetetramine)",Unclassified,TRUE,TRUE,Polypeptides,class,subset,low,NA,NA,FALSE
Calcium magnesium strontium carbonate hydroxide phosphate (4.3-4.7 : 0.1-0.3: 0.2-0.5 : 0.3-0.5 : 0.2-0.6 : 3),Unclassified,TRUE,NA,NA,NA,NA,low,NA,NA,FALSE
"Lead, isooctanoate neodecanoate complexes, basic",CAS without structure,TRUE,NA,NA,NA,NA,low,NA,NA,FALSE
"Pentaerythritol, ethoxylated, esters with acrylic acid",CAS without structure,TRUE,NA,NA,NA,NA,low,NA,NA,FALSE
acylation product between palmitoyl chloride and amino acids,Unclassified,TRUE,NA,NA,NA,NA,low,NA,NA,FALSE
"Ethers, C5-6-branched alkyl Me",CAS without structure,TRUE,NA,NA,NA,NA,low,NA,NA,FALSE
"Fatty acids, C6-19-branched, zinc salts",CAS without structure,TRUE,NA,NA,NA,NA,low,NA,NA,FALSE
"potassium rel-(3R,4R)-3-(benzyloxy)-4-hydroxyoxane-4-sulfonate",Unclassified,TRUE,NA,NA,NA,NA,low,NA,NA,FALSE
RPC-43,Unclassified,TRUE,NA,NA,NA,NA,low,NA,NA,FALSE
"Tar brown-coal|[An oil distilled from brown-coal tar. Composed primarily of aliphatic, naphthenic and one- to three-ring aromatic hydrocarbons, their alkyl derivates, heteroaromatics and one- and two-ring phenols boiling in the range of approximately 150",CAS without structure,TRUE,NA,NA,NA,NA,low,NA,NA,FALSE
Corn steep liquor,Unclassified,TRUE,NA,NA,NA,NA,low,NA,NA,FALSE
"esterification product of 2-hydroxypropane-1,3-diyl-bis(2-methylprop-2-enoate) and 3-hydroxypropane-1,2-diyl-bis(2-methylprop-2-enoate) and diphosphorus pentoxide",Unclassified,TRUE,NA,NA,NA,NA,low,NA,NA,FALSE
"Gum benzoin, Siam",CAS without structure,TRUE,NA,NA,NA,NA,low,NA,NA,FALSE
"Vetiveria zizanioides, ext.",CAS without structure,TRUE,NA,NA,NA,NA,low,NA,NA,FALSE
"glycerol, esters with acetic acid",Unclassified,TRUE,NA,NA,NA,NA,low,NA,NA,FALSE
Phlebiopsis gigantea strain VRA 1984,Unclassified,TRUE,NA,NA,NA,NA,low,NA,NA,FALSE
"Imidazolium compounds, 1-[2-(2-carboxyethoxy)ethyl]-1(or 3)-(2-carboxyethyl)-4,5-dihydro-2-norcoco alkyl",CAS without structure,TRUE,NA,NA,NA,NA,low,NA,NA,FALSE
"3-(2-Fluoro-4-phenoxyphenyl)-1-(3R)-3-piperidinyl-1H-pyrazolo[3,4-d]pyrimidin-4-amine, dihydrochloride",Unclassified,TRUE,NA,NA,NA,NA,low,NA,NA,FALSE
"Zinc sulfide (ZnS), copper chloride-doped",CAS without structure,TRUE,NA,NA,NA,NA,low,NA,NA,FALSE
"Eucalptus dives, phellandrene",Unclassified,TRUE,NA,NA,NA,NA,low,NA,NA,FALSE
AF-623,Unclassified,TRUE,NA,NA,NA,NA,low,NA,NA,FALSE
Reactive Orange 143,Unclassified,TRUE,NA,NA,NA,NA,low,NA,NA,FALSE
"1-ethylcyclohexyl 1-[4-({5-[(1-ethylcyclohexyl)oxy]-4-[2-(4-hydroxyphenyl)-2-xenonioethyl]-5-oxo-2-(xenoniomethyl)pentanoyl}oxy)-2,4-dimethylpentan-2-yl] 4-[2-(4-hydroxyphenyl)-2-xenonioethyl]-2-(xenoniomethyl)pentanedioate",CAS without structure,TRUE,NA,NA,NA,NA,low,NA,NA,FALSE
"Hydrocarbons, C4, 1,3-butadiene-free",CAS without structure,TRUE,NA,NA,NA,NA,low,NA,NA,FALSE
"Alkaline co-precipitation products of soluble cobalt, manganese and nickel salts",Unclassified,TRUE,NA,NA,NA,NA,low,NA,NA,FALSE
"Hydrocarbons, C5-7, C6-rich, ethylene manuf. by-products",CAS without structure,TRUE,NA,NA,NA,NA,low,NA,NA,FALSE
Reaction products resulting from the esterification of Sorbitol with C8 – 18 (even) and C18 unsaturated fatty acids in the ratio of 1:1,Unclassified,TRUE,NA,NA,NA,NA,low,NA,NA,FALSE
CHEMICAL 10055621,Unclassified,TRUE,NA,NA,NA,NA,low,NA,NA,FALSE
"Dust, steelmaking",CAS without structure,TRUE,NA,NA,NA,NA,low,NA,NA,FALSE
"[(dimethylsilylene)bis((1,2,3,3a,7a-η)-1H-inden-1-ylidene)dimethyl]hafnium",CAS without structure,TRUE,NA,NA,NA,NA,low,NA,NA,FALSE
Alkylated Naphthalene,Unclassified,TRUE,NA,NA,NA,NA,low,Naphthalenes,0.8083306466806713,FALSE
Titanium tungsten carbide,CAS without structure,TRUE,NA,NA,NA,NA,low,NA,NA,FALSE
monosodium 3-cyano-5-fluoro-6-hydroxypyridine-2-olate,Unclassified,TRUE,NA,NA,NA,NA,low,NA,NA,FALSE
"Reaction products of 2,7-Naphthalenedisulfonic acid, 5-[[4-chloro-6-[(2-methylphenyl)amino]-1,3,5-triazin-2-yl]amino]-4-hydroxy-3-[2-(2-sulfophenyl)diazenyl]-, trisodium salt and lithium chloride",Unclassified,TRUE,FALSE,NA,NA,NA,high,NA,NA,FALSE
11a-Chloro-6-demethyl-6-deoxytetracycline hydrochloride,Unclassified,TRUE,NA,NA,NA,NA,low,NA,NA,FALSE
"1-Pentene, chlorinated, epoxidized, distn. residues",CAS without structure,TRUE,TRUE,Epoxides,class,subset,low,NA,NA,FALSE
Extract from tea tree,Unclassified,TRUE,NA,NA,NA,NA,low,NA,NA,FALSE
"Mercury, chloro[2-(2-cyclohexen-1-yl)-3-benzofuranyl]-",CAS without structure,TRUE,NA,NA,NA,NA,low,NA,NA,FALSE
"pentaerythritol, dipentaerythritol, fatty acids, C6-10, mixed esters with adipic acid, heptanoic acid and isostearic acid",CAS without structure,TRUE,NA,NA,NA,NA,low,NA,NA,FALSE
"Fatty acids C16-18 (even numbered), oligoesters with sucrose",Unclassified,TRUE,NA,NA,NA,NA,low,NA,NA,FALSE
T-312,Unclassified,TRUE,NA,NA,NA,NA,low,NA,NA,FALSE
Copper(II) carbonate-copper(II) hydroxide (1:1),CAS without structure,TRUE,NA,NA,NA,NA,low,NA,NA,FALSE
"7-({[3-({4-[(2-hydroxy-1-naphthyl)diazenyl]phenyl}diazenyl)phenyl]sulfonyl}amino)naphthalene-1,3-disulfonic acid, lithium sodium salts",Unclassified,TRUE,NA,NA,NA,NA,low,NA,NA,FALSE
"Betaines, C12-14 (even numbered)-alkyldimethyl",Unclassified,TRUE,TRUE,Quaternary ammonium salts,subclass,subset,medium,NA,NA,FALSE
"Octasodium 2-(6-(4-chloro-6-(3-(N-methyl-N-(4-chloro-6-(3,5-disulfonato-2-naphthylazo)-1-hydroxy-6-naphthylamino)-1,3,5-triazin-2-yl)aminomethyl)phenylamino)-1,3,5-triazin-2-ylamino)-3,5-disulfonato-1-hydroxy-2-naphthylazo)naphthalene-1,5-disulfonate",CAS without structure,TRUE,NA,NA,NA,NA,low,NA,NA,FALSE
"2-Ethyl 1-(2-methyl-2-propanyl) (2S)-5-oxo-1,2-pyrrolidinedicarboxylate",Unclassified,TRUE,NA,NA,NA,NA,low,NA,NA,FALSE
"Lawsonia inermis, ext.",CAS without structure,TRUE,NA,NA,NA,NA,low,NA,NA,FALSE
"poly-[[6-[N-(2,2,6,6-tetramethyl- 4-piperidinyl)-n-butylamino]-1,3,5-triazine-2,4-diyl][(2,2,6,6-tetramethyl-4-piperidinyl)imino]-1,6-hexanediyl[(2,2,6,6-tetra­methyl-4-piperidinyl)imino]]-α-[N,N,N′,N′-tetrabutyl-N""-(2,2,6,6-tetramethyl-4-piperidinyl)-N""-[6-(2,2,6,6-tetramethyl-4-piperidiny­lamino)-hexyl]-[1,3,5-triazine-2,4,6-triamine]-ω-N,N,N′,N′-tetrabutyl-1,3,5-triazine-2,4-diamine]",CAS without structure,TRUE,NA,NA,NA,NA,low,NA,NA,FALSE
"Phenol, heptyl derivs.",CAS without structure,TRUE,NA,NA,NA,NA,low,NA,NA,FALSE
Glycol Intermediate from Sugar Hydrogenolysis,Unclassified,TRUE,NA,NA,NA,NA,low,NA,NA,FALSE
"(butyl acrylate, methyl methacrylate) copolymer, cross-linked with allyl methacrylate",Unclassified,TRUE,NA,NA,NA,NA,low,NA,NA,FALSE
(2RS)-1-([biphenyl]-4-yl)-2-(dimethylamino)-2-methyl-3-phenylpropan-1-one,CAS without structure,TRUE,FALSE,NA,NA,NA,high,NA,NA,FALSE
"2-Methylpropene, trimers",CAS without structure,TRUE,TRUE,Unsaturated hydrocarbons,superclass,subset,medium,NA,NA,FALSE
tert-butyl (1-oxo-1-phenylalkynyl)carbamate NADPH oxidoreductase,Unclassified,TRUE,NA,NA,NA,NA,low,NA,NA,FALSE
mutansucrase,CAS without structure,TRUE,NA,NA,NA,NA,low,NA,NA,FALSE
"glutamic acid, reaction products with N-(C12-14-alkyl)propylenediamine",Unclassified,TRUE,NA,NA,NA,NA,low,NA,NA,FALSE
"(butadiene, ethyl acrylate, methyl methacrylate, styrene) copolymer crosslinked with 1,3-butanediol dimethacrylate, in nanoform",Unclassified,TRUE,NA,NA,NA,NA,low,NA,NA,FALSE
"dicyclopentadiene-indene-styrene-alpha-methylstyrene-vinyltoluene-isobutylene-copolymer, hydrogenated",Unclassified,TRUE,NA,NA,NA,NA,low,NA,NA,FALSE
"difluoro-2,2,4,5-tetrafluoro-5-(trifluoromethoxy)-1,3-dioxolan-4-yl]oxy}acetyl fluoride",CAS without structure,TRUE,NA,NA,NA,NA,low,NA,NA,FALSE
CA 2079 A,Unclassified,TRUE,NA,NA,NA,NA,low,NA,NA,FALSE
"Capsicum annuum L. var. annuum, longum group, cayenne, extract (Oleoresins capsicum)",Unclassified,TRUE,NA,NA,NA,NA,low,NA,NA,FALSE
"Benzenesulfonic acid, C10-60-alkyl derivs., calcium salts",CAS without structure,TRUE,NA,NA,NA,NA,low,NA,NA,FALSE
Calcium wolframate,CAS without structure,TRUE,NA,NA,NA,NA,low,NA,NA,FALSE
"(4Z-9Z)-7,9-Dodecadien-1-ol",Unclassified,TRUE,FALSE,NA,NA,NA,high,NA,NA,FALSE
"1-Propanaminium, N-(3-aminopropyl)-2-hydroxy-N,N-dimethyl-3-sulfo-, N-coco acyl derivs., hydroxides, inner salts",CAS without structure,TRUE,NA,NA,NA,NA,low,NA,NA,FALSE
"Grease|Lubricating greases|[A complex combination of hydrocarbons having carbon numbers predominantly in the range of C<sub>12</sub> through C<sub>50.</sub> May contain organic salts of alkali metals, alkaline earth metals, and/or aluminium compounds.]",Mixture,TRUE,NA,NA,NA,NA,low,NA,NA,FALSE
"Gilsonite, polymer with cyclopentadiene, dicyclopentadiene and linseed oil, lead salts",CAS without structure,TRUE,NA,NA,NA,NA,low,NA,NA,FALSE
DHBA-NHS,Unclassified,TRUE,NA,NA,NA,NA,low,NA,NA,FALSE
NIR BLACK 78,Unclassified,TRUE,NA,NA,NA,NA,low,NA,NA,FALSE
Volatile esters of bromoacetic acids,Unclassified,TRUE,NA,NA,NA,NA,low,NA,NA,FALSE
"Acetic acid, C11-14-isoalkyl esters, C13-rich",CAS without structure,TRUE,NA,NA,NA,NA,low,NA,NA,FALSE
"Alkanes, C14-16, chloro",CAS without structure,TRUE,NA,NA,NA,NA,low,NA,NA,FALSE
"(E,E)-8,10-Dodecadien-1-yl acetate (SCLP Acetates)",Unclassified,TRUE,NA,NA,NA,NA,low,NA,NA,FALSE
Tetrakis(hydroxymethyl)phosphonium sulphate (2:1) and its oligomerisation products with urea,Unclassified,TRUE,NA,NA,NA,NA,low,NA,NA,FALSE
Alkaline earth metal and zinc hydroxy(substituted)alkanoate and oxoalkanoate,Unclassified,TRUE,NA,NA,NA,NA,low,NA,NA,FALSE
CHALCONE DYE,Unclassified,TRUE,NA,NA,NA,NA,low,NA,NA,FALSE
"Orthoboric acid, sodium salt (group)",Substance group,TRUE,NA,NA,NA,NA,low,NA,NA,FALSE
Iron glucoheptonate,Unclassified,TRUE,NA,NA,NA,NA,low,NA,NA,FALSE
HM-CATALYST 067AA-CP,Unclassified,TRUE,NA,NA,NA,NA,low,NA,NA,FALSE
Alkyl-arylimino-alkoxyaryl- heteropolycycle-oxo-alkylamine,Unclassified,TRUE,NA,NA,NA,NA,low,NA,NA,FALSE
cyclised rubber,CAS without structure,TRUE,FALSE,NA,NA,NA,medium,NA,NA,FALSE
"Reaction products of diethylenetriamine and 2,2'-[(1-methylethylidene)bis(4,1-phenyleneoxymethylene)]bisoxirane",Unclassified,TRUE,NA,NA,NA,NA,low,NA,NA,FALSE
DESOXYMULUNDOCANDIN,Unclassified,TRUE,NA,NA,NA,NA,low,NA,NA,FALSE
MAK-563.ZN,Unclassified,TRUE,NA,NA,NA,NA,low,NA,NA,FALSE
"Superphosphates, concd.",CAS without structure,TRUE,NA,NA,NA,NA,low,NA,NA,FALSE
REAKTIVGELB 2404/I,Unclassified,TRUE,NA,NA,NA,NA,low,NA,NA,FALSE
ZEON-L-1(P),Unclassified,TRUE,NA,NA,NA,NA,low,NA,NA,FALSE
"3,4-dimethoxy-N-[3-(4-Methoxyphenyl)-1-methylpropyl]-β-phenylethylamine Hydrobromide",Unclassified,TRUE,NA,NA,NA,NA,low,NA,NA,FALSE
Cyclohexyl-((diethoxy-methyl-silanyl)-methyl)-amine,Unclassified,TRUE,NA,NA,NA,NA,low,NA,NA,FALSE
LAUROYL-BETA-ALANIN,Unclassified,TRUE,NA,NA,NA,NA,low,NA,NA,FALSE
4-tert-butylphenol formaldehyde resin,CAS without structure,TRUE,NA,NA,NA,NA,low,NA,NA,FALSE
"N-coco sulfosuccinamate, disodium (butanoic acid,4-amino-4-oxy-2-sulfo-,N-coco alkyl derivs)",CAS without structure,TRUE,NA,NA,NA,NA,low,NA,NA,FALSE
SYL-OFF(R) 7690 (LIS),Unclassified,TRUE,NA,NA,NA,NA,low,NA,NA,FALSE
"Alcohols, C10-12 (even numbered), ethoxylated (1-2.5 EO)",Unclassified,TRUE,NA,NA,NA,NA,low,NA,NA,FALSE
"[x Sodium, y Potassium, z Lithium, x+y+z =2] 4-amino-3-[[[(2,4-diaminophenyl)diazenyl]phenyl]diazenyl]-5-hydroxy-6-(phenyldiazenyl)naphthalene-2,7-disulfonate",CAS without structure,TRUE,NA,NA,NA,NA,low,NA,NA,FALSE
"1H-Imidazolium, 3-ethyl-1-methyl-, C11-13-branched alkylbenzenesulfonates",Unclassified,TRUE,NA,NA,NA,NA,low,NA,NA,FALSE
3-Cyclohexyl-2-cyclohexylimino-5-(4-diethylamino-2-methoxyphenyl)methylenoxazolidine-4-one,Unclassified,TRUE,NA,NA,NA,NA,low,NA,NA,FALSE
tris(isopropyl/tert-butylphenyl) phosphate,Unclassified,TRUE,NA,NA,NA,NA,low,NA,NA,FALSE
"Amides, coco, N-[3-(dimethylamino)propyl], N-oxides",CAS without structure,TRUE,NA,NA,NA,NA,low,NA,NA,FALSE
"2,2-bis[(hexadecanoyloxy)methyl]propane-1,3-diyl dihexadecanoate",CAS without structure,TRUE,NA,NA,NA,NA,low,NA,NA,FALSE
aluminium cerium lutetium oxide,Unclassified,TRUE,NA,NA,NA,NA,low,NA,NA,FALSE
"Alcohols, lanolin, distn. residues",CAS without structure,TRUE,NA,NA,NA,NA,low,NA,NA,FALSE
"polyethylene oxide, molecular weight > 200 (pEO)",Unclassified,TRUE,NA,NA,NA,NA,low,NA,NA,FALSE
"Neoundecanoic acid, lead salt, basic",CAS without structure,TRUE,NA,NA,NA,NA,low,NA,NA,FALSE
Trisodium (1-(3-carboxylato-2-oxido-5-sulfonatophenylazo)-5-hydroxy-7-sulfonatonaphthalen-2-amido)nickel(II),CAS without structure,TRUE,NA,NA,NA,NA,low,NA,NA,FALSE
"polyacrylic acid, salts",Unclassified,TRUE,NA,NA,NA,NA,low,NA,NA,FALSE
"mono- and di-esters of C16 and C18 (branched and linear) fatty acids with propane-1,2-diol",Unclassified,TRUE,NA,NA,NA,NA,low,NA,NA,FALSE
Polyhexamethylene biguanide hydrochloride,Unclassified,TRUE,NA,NA,NA,NA,low,NA,NA,FALSE
"ferrocene, [4-(dimethylsilyl)butyl]-",CAS without structure,TRUE,NA,NA,NA,NA,low,NA,NA,FALSE
"3-{[(2,4)and(2,5)and(2,6)-dimethylphenyl]and[(2-ethylphenyl)]}-1-{[(2,4)and(2,5)and(2,6)-dimethylphenyl]and[(2-ethylphenyl)]}guanidinium m-[[p-anilinophenyl]azo]benzenesulfonate",Unclassified,TRUE,NA,NA,NA,NA,low,NA,NA,FALSE
"Waxes and waxy substances, jojoba / Jojoba Esters",CAS without structure,TRUE,NA,NA,NA,NA,low,NA,NA,FALSE
P1,Unclassified,TRUE,NA,NA,NA,NA,low,NA,NA,FALSE
ethoxylated bis phenol A di-(norbornene carboxylate),Unclassified,TRUE,NA,NA,NA,NA,low,NA,NA,FALSE
"sludge, calcine",Unclassified,TRUE,NA,NA,NA,NA,low,NA,NA,FALSE
"1-Azabicyclo[2.2.2]octan-3-amine, 2-(diphenylmethyl)-N-(phenylmethyl)-, cis-",Unclassified,TRUE,NA,NA,NA,NA,low,NA,NA,FALSE
Methylnaphthylacetamide,Unclassified,TRUE,NA,NA,NA,NA,low,NA,NA,FALSE
polyvinyl chloride,Unclassified,TRUE,NA,NA,NA,NA,low,NA,NA,FALSE
Reaction products of phosphoryl trichloride and 2-methyloxirane,CAS without structure,TRUE,NA,NA,NA,NA,low,NA,NA,FALSE
"Glycerides, castor-oil mono-, di- and tri-",CAS without structure,TRUE,NA,NA,NA,NA,low,NA,NA,FALSE
CW508L-DW (CuZn37),Unclassified,TRUE,NA,NA,NA,NA,low,NA,NA,FALSE
"Octadecanoic acid, 12-hydroxy-, potassium salt",CAS without structure,TRUE,NA,NA,NA,NA,low,NA,NA,FALSE
Resinoid of Myroxylon balsamum var. pereirae (Fabaceae) obtained from the exudate by ethanol extraction,Unclassified,TRUE,NA,NA,NA,NA,low,NA,NA,FALSE
"Potassium fluoroborates and potassium fluorohydroxyborates, exothermic reaction products of boron and potassium hydroxides and fluorohydroxides",Unclassified,TRUE,NA,NA,NA,NA,low,NA,NA,FALSE
"Soybean oil, epoxidized, acrylate",CAS without structure,TRUE,NA,NA,NA,NA,low,NA,NA,FALSE
"1,3-bis(2-methylphenyl)guanidinium m-[[p-anilinophenyl]azo]benzenesulfonate",CAS without structure,TRUE,NA,NA,NA,NA,low,NA,NA,FALSE
E235 natamycin,Unclassified,TRUE,NA,NA,NA,NA,low,NA,NA,FALSE
Naphtylacetic acid hydrazide,Unclassified,TRUE,NA,NA,NA,NA,low,NA,NA,FALSE
HD7057,Unclassified,TRUE,NA,NA,NA,NA,low,NA,NA,FALSE
IRGAZIN DPP ROT 5049B,Unclassified,TRUE,NA,NA,NA,NA,low,NA,NA,FALSE
PRIOLUBE 1944,Unclassified,TRUE,FALSE,NA,NA,NA,high,NA,NA,FALSE
7-[2-(2-aminothiazol-4-yl)-2-(methylcarbonyloxyimino)acetamido]-3-vinyl-cephem-4-carboxylic acid,CAS without structure,TRUE,NA,NA,NA,NA,low,NA,NA,FALSE
"9-Octadecenoic acid (Z)-, sulfonated, potassium salts",CAS without structure,TRUE,NA,NA,NA,NA,low,NA,NA,FALSE
STYLEZE W-20,Unclassified,TRUE,FALSE,NA,NA,NA,high,NA,NA,FALSE
4-hydroxyphenyl 4-(allyloxy)benzoate,Unclassified,TRUE,NA,NA,NA,NA,low,NA,NA,FALSE
Euterpe precatoria extract,CAS without structure,TRUE,NA,NA,NA,NA,low,NA,NA,FALSE
RSP,Unclassified,TRUE,FALSE,NA,NA,NA,low,NA,NA,FALSE
"3-Pyridinecarboxylic acid, reaction products with dehydrochlorinated 2-amino-5-[[4-[(2-chloroethyl)sulfonyl]-1-oxobutyl]amino]benzenesulfonic acid, diazotized, coupled with 7-amino-4-hydroxy-2-naphthalenesulfonic acid and diazotized 2-amino-5-[[2-(sulfooxy)ethyl]sulfonyl]benzenesulfonic acid, sodium salts",CAS without structure,TRUE,NA,NA,NA,NA,low,NA,NA,FALSE
aramid fibres,Substance group,TRUE,TRUE,Aromatic oligo- and polyamides,subclass,subset,high,NA,NA,FALSE
"α, ω-diiodoperfluoro-C4-6(even numbered)-alkanes",Unclassified,TRUE,NA,NA,NA,NA,low,NA,NA,FALSE
PHOTOSOL 7-265,Unclassified,TRUE,NA,NA,NA,NA,low,NA,NA,FALSE
"Low boiling point cat-cracked naphtha|Hydrocarbons, C<sub>8-12</sub>, catalytic cracking, chem. neutralized, sweetened",Mixture,TRUE,NA,NA,NA,NA,low,NA,NA,FALSE
Citrus extract/grapefruit extract,Unclassified,TRUE,NA,NA,NA,NA,low,NA,NA,FALSE
SETALUX 7005 XX-85,Unclassified,TRUE,NA,NA,NA,NA,low,NA,NA,FALSE
"Alcohols, C9-11 (odd numbered), branched and linear",Unclassified,TRUE,NA,NA,NA,NA,low,NA,NA,FALSE
"Sulfuric acid, C12-14 (even numbered)-alkyl esters, (2-hydroxylpropyl)ammonium salts",Unclassified,TRUE,NA,NA,NA,NA,low,NA,NA,FALSE
"Zinc, O,O-mixed (iso-Bu), (iso-Pr), (pentyl) phosphorodithioate",CAS without structure,TRUE,NA,NA,NA,NA,low,NA,NA,FALSE
"Reaction products of butanone and 2,2'-iminodi(ethylamine)",Unclassified,TRUE,NA,NA,NA,NA,low,NA,NA,FALSE
"N,N-Bis(9,9-dimethylfluoren-2-yl)-9,9'-spirobi[fluorene]-1'-amine",CAS without structure,TRUE,NA,NA,NA,NA,low,NA,NA,FALSE
"Heptanoic acid, 2,2,3,3,4,4,5,5,6,7,7,7-dodecafluoro-6-(trifluoromethyl)-, iron salt (1:x)",CAS without structure,TRUE,NA,NA,NA,NA,low,NA,NA,FALSE
"( 4-hydroxystyrene, 4-t butoxy styrene and 2,5-dimethyl -2.5-diacryloxyhexane) copolymer",Unclassified,TRUE,NA,NA,NA,NA,low,NA,NA,FALSE
HRS-1405,Unclassified,TRUE,NA,NA,NA,NA,low,NA,NA,FALSE
"Aluminium, aliphatic ester complexes",Unclassified,TRUE,TRUE,Organoaluminium compounds,subclass,subset,medium,NA,NA,FALSE
"Tetracosanoic acid, cadmium salt",CAS without structure,TRUE,NA,NA,NA,NA,low,NA,NA,FALSE
"2-Butenedioic acid (2E)-, di-C14-16 (even numbered)-alkyl esters",CAS without structure,TRUE,NA,NA,NA,NA,low,NA,NA,FALSE
LC-SILICON-PIGMENT,Unclassified,TRUE,NA,NA,NA,NA,low,NA,NA,FALSE
"4-Amino-5-chloro-2,1,3-benzothiodiazole",Unclassified,TRUE,FALSE,NA,NA,NA,high,NA,NA,FALSE
"Reaction products of diazotized 3-amino-4-hydroxybenzenesulfonic coupled with diazotized 4-nitro-1,3-benzenediamine and resorcinol, chelated with copper , sodium salts",Unclassified,TRUE,NA,NA,NA,NA,low,NA,NA,FALSE
"Fatty acids C18 unsat, reaction products with triethylenetetramine",CAS without structure,TRUE,NA,NA,NA,NA,low,NA,NA,FALSE
3-(2-Bromo-acetyl)-5-chloro-thiophene-2-sulfonic acid (3-methoxy-propyl)-amide,Unclassified,TRUE,NA,NA,NA,NA,low,NA,NA,FALSE
RED CLA 322,Unclassified,TRUE,NA,NA,NA,NA,low,NA,NA,FALSE
phenols and/or methylphenols condensed with styrene and/or alpha-methyl-styrene,Unclassified,TRUE,NA,NA,NA,NA,low,NA,NA,FALSE
Maltodextrin,CAS without structure,TRUE,TRUE,Polysaccharides,class,subset,medium,NA,NA,FALSE
"Bis(6-{[(2R)-2-amino-2-carboxyethyl]amino}-N,N,N-trimethyl-6-oxohexan 1-aminium) benzene-1,4-dicarboxylate",Unclassified,TRUE,NA,NA,NA,NA,low,NA,NA,FALSE
"Ethanol, 2,2'-oxybis-, reaction products with 3-(triethoxysilyl)-1- propanamine",CAS without structure,TRUE,NA,NA,NA,NA,low,NA,NA,FALSE
"Reaction products of (E)-5-((4-amino-5-methoxy-2-methylphenyl)diazenyl)-3-((phenylsulfonyl)oxy)naphthalene-2,7-disulfonic acid condensate with cyanurchloride, then condensate with (E)-7-amino-4-hydroxy-3-((2-methoxy-5-sulfophenyl)diazenyl)naphthalene-2-sulfonic acid, finally condensate with aniline, potassium salts",Unclassified,TRUE,NA,NA,NA,NA,low,NA,NA,FALSE
"Rape oil, oxidized",CAS without structure,TRUE,NA,NA,NA,NA,low,NA,NA,FALSE
montmorillonite clay modified with hexadecyltrimethylammonium bromide,Unclassified,TRUE,NA,NA,NA,NA,low,NA,NA,FALSE
Purpureocillium lilacinum strain 251 (former Paecilomyces lilacinus strain 251),Unclassified,TRUE,NA,NA,NA,NA,low,NA,NA,FALSE
Ti2 according to ISO 23515:2022,Unclassified,TRUE,NA,NA,NA,NA,low,NA,NA,FALSE
"Alcohols, C9-11, ethoxylated",CAS without structure,TRUE,NA,NA,NA,NA,low,NA,NA,FALSE
"2-((2E,8Z)-undeca-2,8-dien-2-yl)naphthalene",CAS without structure,TRUE,NA,NA,NA,NA,low,NA,NA,FALSE
"3',5'-di-tert-butyl-2-(ethoxymethoxy)-5-methylbiphenyl",Unclassified,TRUE,NA,NA,NA,NA,low,NA,NA,FALSE
"1-ol, [[4-[(3-aminophenyl)amino]-6-chloro-1,3,5-triazin-2-yl]amino]-2-[(E)-2-ylazo]-, polysulfonate, polynaphthen, sodium salt (1:?), diazotized, reaction products with 2-[(aminophenyl)sulfonyl]ethyl hydrogen sulfate, 1-naphthalenol, 8-amino- (1:1), polysulfonates, sodium salts and 2,4,6-trihalogeno-1,3,5-triazine",CAS without structure,TRUE,NA,NA,NA,NA,low,NA,NA,FALSE
NSK-100,Unclassified,TRUE,NA,NA,NA,NA,low,NA,NA,FALSE
Essential oil of Cedarwood obtained from the wood of Cupressus funebris (Cupressaceae) by steam distillation and washing - Terpenes,Unclassified,TRUE,NA,NA,NA,NA,low,NA,NA,FALSE
Nickel Sulfide (Ni7S3),CAS without structure,TRUE,NA,NA,NA,NA,low,NA,NA,FALSE
EPIKOTE 1071,Unclassified,TRUE,NA,NA,NA,NA,low,NA,NA,FALSE
Ethyl 6-O-octadecenoyl-D-glucopyranoside,Unclassified,TRUE,NA,NA,NA,NA,low,NA,NA,FALSE
"(2R*, 3S*)-2-(2,4-difluorophenyl)-3-(5-fluoro-4-pyrimidinyl)-1-(1H-1,2,4-triazol-1-yl)butan-2-ol (1R)-10-camphorsulfonate",Unclassified,TRUE,NA,NA,NA,NA,low,NA,NA,FALSE
"Reaction products of 2,5-dimercapto-1,3,4-thiadiazole, sodium salt, with 1-octanethiol and hydrogen peroxide",Unclassified,TRUE,FALSE,NA,NA,NA,medium,NA,NA,FALSE
TBYT,Unclassified,TRUE,NA,NA,NA,NA,low,NA,NA,FALSE
3-{[tert-butyl(diakyl)silyl]oxy}-17-[(triakylsilyl)oxy]estratrienediol,Unclassified,TRUE,NA,NA,NA,NA,low,NA,NA,FALSE
Extract from the flowers of Calendula Officinalis Obtained by maceration with glycerol and water,Unclassified,TRUE,NA,NA,NA,NA,low,NA,NA,FALSE
"Reaction products of 2-butoxyethanol and 2- dimethylaminoethanol and 2,2'-[(1-methylethylidene)bis(4,1- phenyleneoxymethylene)]bisoxirane and orthophosphoric acid",Unclassified,TRUE,NA,NA,NA,NA,low,NA,NA,FALSE
Polymercaptan 407,Unclassified,TRUE,NA,NA,NA,NA,low,NA,NA,FALSE
"powders, flakes and fibres of brass, bronze, copper, stainless steel, tin, iron and alloys of copper, tin and iron",Unclassified,TRUE,NA,NA,NA,NA,low,NA,NA,FALSE
"Methyl(triphenyl)phosphonium salt of 1-benzoyl-4-[4'-(1'',1''-dimethylpropyl)-phenoxy]-6-phenylamino-2,7-dioxo-2,7-dihydro-3H-naphtho(1,2,3-de)quinolin, mono and disulfonic acid respectively",Unclassified,TRUE,NA,NA,NA,NA,low,NA,NA,FALSE
"(2R)-2-(2,5-difluorophenyl)pyrrolidine, (2R,3R)-2,3-bis[(4-methoxybenzoyl)oxy]butanedioic acid",Unclassified,TRUE,NA,NA,NA,NA,low,NA,NA,FALSE
"2-Butenedioic acid (E)-, di-C8-18-alkyl esters",CAS without structure,TRUE,NA,NA,NA,NA,low,NA,NA,FALSE
Organic macromolecules from subtilisin-catalyzed hydrolysis of porcine duodenum,Unclassified,TRUE,NA,NA,NA,NA,low,NA,NA,FALSE
"Alkaline Extract|Extracts, coal tar oil alk.|[The extract from coal tar oil produced by an alkaline wash such as aqueous sodium hydroxide. Composed primarily of the alkali salts of various phenolic compounds.]",CAS without structure,TRUE,NA,NA,NA,NA,low,NA,NA,FALSE
UETR1,Unclassified,TRUE,NA,NA,NA,NA,low,NA,NA,FALSE
"4''-ethyl-2'-fluoro-[1,1':4',1''-terphenyl]-4-methanol",Unclassified,TRUE,NA,NA,NA,NA,low,NA,NA,FALSE
"Bis(2-chloroethoxy)methane 1,15-dichloro-3,5,8,11,13-penta-oxa pentadecane1-(2-chloroethoxy)-2-(2-chloroethoxymethoxy)ethane",Unclassified,TRUE,NA,NA,NA,NA,low,NA,NA,FALSE
"Slags, steelmaking, converter",CAS without structure,TRUE,NA,NA,NA,NA,low,NA,NA,FALSE
Cadmium trichloride 1 sodium,CAS without structure,TRUE,NA,NA,NA,NA,low,NA,NA,FALSE
"Essential oil of Citrus sinensis (Rutaceae) peel, terpene-free",Unclassified,TRUE,NA,NA,NA,NA,low,NA,NA,FALSE
"naphthalenesulfonic acids, reaction products with formaldehyde, sodium salts",CAS without structure,TRUE,NA,NA,NA,NA,low,NA,NA,FALSE
"Mercury, diamminedichloro-, (T-4)-",CAS without structure,TRUE,NA,NA,NA,NA,low,NA,NA,FALSE
"(6Z)-6-(hydroxyimino)-5,6-dihydroimidazo[4,5,1-jk][1]benzazepine-2,7(1H,4H)-dione",Unclassified,TRUE,NA,NA,NA,NA,low,NA,NA,FALSE
"Fatty acids, castor-oil, hydrogenated, cadmium salts",CAS without structure,TRUE,TRUE,Organic cadmium salts,direct_parent,subset,medium,NA,NA,FALSE
"Slimes and Sludges, chlorine manuf. mercury cell brine treatment wastewater",CAS without structure,TRUE,NA,NA,NA,NA,low,NA,NA,FALSE
"Phosphoric acid, mixed decyl and octyl esters, compds. with diethanolamine",CAS without structure,TRUE,NA,NA,NA,NA,low,NA,NA,FALSE
"Naphtha (coal), distn. residues",Mixture,TRUE,FALSE,NA,NA,NA,high,NA,NA,FALSE
"Benzoic acid, 4-hydroxy-, isodecyl ester, polymer with formaldehyde",CAS without structure,TRUE,NA,NA,NA,NA,low,NA,NA,FALSE
"CP-703,455",Unclassified,TRUE,NA,NA,NA,NA,low,NA,NA,FALSE
"Reaction products of triglycerides, C18 (unsaturated) alkyl with 2-(2-aminoethylamino)ethanol and sodium chloroacetate",Unclassified,TRUE,NA,NA,NA,NA,low,NA,NA,FALSE
BLACK THERMAL INK-JET DYE,Unclassified,TRUE,NA,NA,NA,NA,low,NA,NA,FALSE
"Benzenaminium, 3-amino-N,N,N-trimethylanilinium trichlorozincate",CAS without structure,TRUE,NA,NA,NA,NA,low,NA,NA,FALSE
"disodium [7-amino-4-(hydroxy-kO)-3-[(2-{[2-(hydroxy-kO)-5-sulfophenyl]diazenyl-kN1}-4,5-dimethoxyphenyl)diazenyl-kN2]naphthalene-2-sulfonato(4-)]cuprate(2-)",CAS without structure,TRUE,NA,NA,NA,NA,low,NA,NA,FALSE
"2-Butene, chlorinated, epoxidized, distn. residues",CAS without structure,TRUE,NA,NA,NA,NA,low,NA,NA,FALSE
