kingdom,superclass,class,subclass,direct_parent,reasoning,confidence,substance_name,input_tokens,cache_creation_input_tokens,cache_read_input_tokens,output_tokens
Organic compounds,Organic acids and derivatives,Carboxylic acids and derivatives,Dicarboxylic acids and derivatives,Organic alkali metal salts,"Disodium succinate is the disodium salt of succinic acid (a dicarboxylic acid), where both carboxylic acid protons are replaced by sodium ions, making it an organic alkali metal salt. It falls under organic acids and derivatives as a carboxylate salt of a dicarboxylic acid.",high,Disodium succinate,310,0,16760,136
Organic compounds,Organic acids and derivatives,Carboxylic acids and derivatives,Acyl halides,Acyl chlorides,"Dimethylcarbamoyl chloride is an acyl chloride where the carbonyl group bears a dimethylamino substituent, making it a carbamic acid derivative with an acyl chloride functional group. It fits squarely under acyl halides > acyl chlorides in the ChemOnt hierarchy.",high,dimethylcarbamoyl chloride,313,0,16760,127
Organic compounds,Organic acids and derivatives,Carboxylic acids and derivatives,Carboxylic acid derivatives,Carboxylic acid anhydrides,"Acetic anhydride (CH3CO-O-COCH3) is the anhydride of acetic acid, formed by the condensation of two acetic acid molecules with loss of water, making it a carboxylic acid anhydride. However, since 'Carboxylic acid anhydrides' does not appear explicitly in the provided list, the closest available direct parent is null; the best match within the listed terms is 'Carboxylic acid derivatives' under carboxylic acids and derivatives.",medium,Acetic anhydride,310,0,16760,190
Organic compounds,Phenylpropanoids and polyketides,Cinnamaldehydes,Cinnamaldehydes,Cinnamaldehydes,"(2E)-3-Phenylacrylaldehyde is cinnamaldehyde, the trans-isomer of 3-phenylpropenal, which is the defining member of the cinnamaldehydes class — a phenylpropanoid with an aldehyde functional group at the C1 position and a trans double bond.",high,(2E)-3-Phenylacrylaldehyde,318,0,16760,172
Organic compounds,Organophosphorus compounds,Organic phosphonic acids and derivatives,NA,Trialkyl phosphites,"This compound is a spiro-bicyclic phosphite ester containing two phosphorus atoms each bonded to three oxygen atoms (trivalent phosphite linkages), with 2,4-di-tert-butylphenoxy groups attached. It is best classified as a trialkyl phosphite (phosphorous acid triester) within organophosphorus compounds.",medium,"3,9-bis(2,4-di-tert-butylphenoxy)-2,4,8,10-tetraoxa-3,9-diphosphaspiro[5.5]undecane",355,0,16760,161
Organic compounds,Benzenoids,Benzene and substituted derivatives,Benzoic acids and derivatives,Benzoic acids,"Trimellitic acid (benzene-1,2,4-tricarboxylic acid) is an aromatic compound with a benzene ring bearing three carboxylic acid groups, making it a substituted benzoic acid and benzenoid compound. It falls under benzoic acids as the direct parent since it is a polycarboxylic aromatic acid with a benzene core.",high,trimellitic acid,308,0,16760,142
Inorganic compounds,Mixed metal/non-metal compounds,Transition metal salts,Transition metal chlorides,Transition metal chlorides,"Iron dichloride (FeCl2) is an inorganic salt formed from iron (a transition metal) and chloride ions, classifying it as a transition metal chloride.",high,Iron dichloride,308,0,16760,109
Inorganic compounds,Mixed metal/non-metal compounds,Miscellaneous mixed metal/non-metals,NA,Miscellaneous mixed metal/non-metals,"Aluminium sodium dioxide (NaAlO2, sodium aluminate) is an inorganic compound containing both a metal (sodium, aluminium) and a non-metal (oxygen) component, forming an aluminate salt. It fits best under mixed metal/non-metal compounds, specifically as a miscellaneous mixed metal/non-metal since no more specific label for aluminates involving both alkali metals and post-transition metals exists in the taxonomy.",medium,Aluminium sodium dioxide,309,0,16760,188
Organic compounds,Organosulfur compounds,Organic sulfonic acids and derivatives,Sulfonic acids and derivatives,Naphthalene sulfonic acids and derivatives,"This substance is a trisodium salt of a naphthalene trisulfonic acid derivative bearing an azo group, a triazine ring with a vinyl sulfone-containing side chain, and a ureido group. The core scaffold is a naphthalene with three sulfonate groups, making naphthalene sulfonic acids and derivatives the most specific applicable direct parent.",medium,"trisodium 7-(4-(6-fluoro-4-(2-(2-vinylsulphonylethoxy)ethylamino)-1,3,5-triazin-2-ylamino)-2-ureidophenylazo)naphthalene-1,3,6- trisulphonate",380,0,16760,173
Organic compounds,Organic nitrogen compounds,Organonitrogen compounds,Amides,Chloroacetamides,"Allidochlor (N,N-diallylchloroacetamide) is an organic compound featuring a chloroacetamide functional group — a chlorine-substituted acetamide — with two allyl groups on the nitrogen. This places it squarely in the chloroacetamides direct parent category.",high,"allidochlor (ISO); N,N-diallylchloroacetamide",325,0,16760,136
NA,NA,NA,NA,NA,API error: list index out of range,low,"(3aS,4R,5S,6S,8R,9R,9aR,10R)-6-ethenyl-5-hydroxy-4,6,9,10-tetramethyl-1-oxodecahydro-3a,9-propanocyclopenta[8]annulen-8-yl[(methylsulfonyl)oxy]acetate",397,0,16760,1
Organic compounds,Organoheterocyclic compounds,NA,NA,Organoboron compounds,"Diethyl ether-boron trifluoride (BF3·OEt2) is a Lewis acid-base complex where boron trifluoride coordinates with diethyl ether. It contains a boron atom bonded to organic/heteroatom groups, classifying it as an organoboron compound; however, it also contains fluorine and is technically a coordination complex that doesn't fit neatly into the taxonomy.",low,Diethyl ether-boron trifluoride,318,0,16760,159
Organic compounds,Organometallic compounds,Metalloheterocyclic compounds,NA,Organoheterosilanes,"Ethane-1,2-diylbis[dichloromethylsilane] is an organosilicon compound containing silicon atoms bonded to both carbon (organic) and chlorine substituents, making it an organochlorosilane/organoheterosilane. It has two dichloromethylsilyl groups connected by an ethylene bridge.",medium,"Ethane-1,2-diylbis[dichloromethylsilane]",325,0,16760,147
Organic compounds,Organometallic compounds,Organotransition metal compounds,NA,Organotransition metal compounds,"This substance is a copper(II) complex with a Schiff base ligand formed from salicylaldehyde and ethylenediamine ([2,2'-ethylenebis(nitrilomethylidene)diphenolato]), where the copper metal is coordinated through nitrogen and oxygen donor atoms of the organic ligand, making it an organotransition metal compound. The ligand contains imine (azomethine) linkages and phenolate groups chelating the transition metal copper.",medium,"[2,2'-Ethylenebis(nitrilomethylidene)diphenolato]copper (II)",331,0,16760,193
Organic compounds,Organic oxygen compounds,Organic peroxides,Dialkyl peroxides,Dialkyl peroxides,"Dicumyl peroxide is a dialkyl peroxide (bis(1-methyl-1-phenylethyl) peroxide) containing a peroxide linkage (-O-O-) between two cumyl (α-methylbenzyl) groups, classifying it as a dialkyl peroxide under organic peroxides.",high,dicumyl peroxide,309,0,16760,130
Organic compounds,Organohalogen compounds,Organobromides,Alpha-halocarboxylic acid derivatives,Alpha-halocarboxylic acid derivatives,"Ethyl bromoacetate (BrCH2COOC2H5) is an ester of bromoacetic acid, where the bromine is on the alpha-carbon relative to the carboxyl group, making it an alpha-halocarboxylic acid derivative; it is also an organobromide.",high,Ethyl bromoacetate,311,16760,0,136
Organic compounds,Benzenoids,Benzene and substituted derivatives,Benzoic acids and derivatives,p-Phthalate esters,"Benzyl butyl phthalate is a diester of phthalic acid (1,2-benzenedicarboxylic acid) with one benzyl and one butyl ester group, making it a phthalate ester. Phthalate esters derived from the para isomer designation in ChemOnt maps to p-Phthalate esters, though structurally this is an ortho-phthalate; the closest available label is p-Phthalate esters under benzoic acids and derivatives.",medium,Benzyl butyl phthalate,313,0,16760,184
Organic compounds,Organic nitrogen compounds,Organonitrogen compounds,Nitriles,Nitriles,"Stearonitrile (octadecanenitrile) is a long-chain aliphatic nitrile derived from stearic acid, containing an 18-carbon chain with a terminal cyano (-C≡N) group, classifying it as an organic nitrile compound.",high,Stearonitrile,310,0,16760,115
Organic compounds,Organic acids and derivatives,Carboxylic acids and derivatives,Carboxylic acid esters,Carboxylic acid esters,"2-(3-oxazolidinyl)ethyl methacrylate is an ester of methacrylic acid with a 2-(oxazolidin-3-yl)ethanol, making it primarily a carboxylic acid ester. The oxazolidine ring (a saturated 1,3-oxazole) is a secondary feature but carboxylic acid ester is the most specific matching direct parent in the ChemOnt list.",medium,2-(3-oxazolidinyl)ethyl methacrylate,322,0,16760,198
Organic compounds,Organosulfur compounds,Sulfonyls,Sulfonylureas,Sulfonylureas,"Triflusulfuron is a sulfonylurea herbicide containing a sulfonyl group bridging a urea moiety, linking a trifluoromethyl-substituted benzenesulfonyl group to a triazine ring. This places it squarely in the sulfonylurea class.",high,Triflusulfuron,311,0,16760,123
Organic compounds,Organoheterocyclic compounds,Triazines,"1,3,5-triazine-2,4-diamines","1,3,5-triazine-2,4-diamines","Melamine (2,4,6-triamino-1,3,5-triazine) is an organic heterocyclic compound containing a symmetric triazine ring with three amino substituents. It fits under the 1,3,5-triazine-2,4-diamines subclass as the most specific available label for aminotriazines.",high,"2,4,6-triamino-1,3,5-triazine (melamine)",326,0,16760,171
Organic compounds,Organosulfur compounds,Organic sulfonic acids and derivatives,Benzenesulfonic acids and derivatives,Benzenesulfonic acids and derivatives,"This compound contains a benzenesulfonic acid group attached to a pyrazoline (4,5-dihydropyrazole) ring bearing a methyl group and a ketone. The sulfonic acid on the benzene ring is the primary functional group defining the direct parent class.",medium,"m-(4,5-dihydro-3-methyl-5-oxo-1H-pyrazol-1-yl)benzenesulphonic acid",343,0,16760,154
Organic compounds,Benzenoids,Benzene and substituted derivatives,Phenols,Cresols,"6-tert-butyl-m-cresol is a methylphenol (cresol) with a tert-butyl substituent on the benzene ring, making it a substituted cresol. The meta-cresol core places it directly in the Cresols direct parent category.",high,6-tert-butyl-m-cresol,317,0,16760,132
Organic compounds,Hydrocarbon derivatives,Alcohols and polyols,"1,2-diols","1,3-aminoalcohols","2-phenyl-1,3-propanediol is an organic compound with a phenyl group and two hydroxyl groups at the 1 and 3 positions of a propane chain, making it a 1,3-diol. The most fitting available direct parent label for a 1,3-diol structure is '1,2-diols' under alcohols and polyols, though strictly it is a 1,3-diol; no exact '1,3-diol' label exists in the taxonomy.",medium,"2-phenyl-1,3-propanediol",317,0,16760,189
Organic compounds,Organic acids and derivatives,Carboxylic acids and derivatives,Carboxylic acid esters,Enoate esters,"Dodecyl hydrogen maleate is a mono-ester of maleic acid (a cis-butenedioic acid) with dodecanol, leaving one free carboxylic acid group. The ester portion contains an alpha,beta-unsaturated (enoate) functionality, making it an enoate ester as the most specific classification.",high,Dodecyl hydrogen maleate,312,0,16760,170
Organic compounds,Benzenoids,Benzene and substituted derivatives,Aniline and substituted anilines,Chlorobenzenes,"4,4'-methylenebis(2-chloroaniline) is an aromatic amine with two aniline rings each bearing a chloro substituent and connected by a methylene bridge; the primary structural features are chloro-substituted benzene rings bearing amine groups. While it is both a chlorobenzene and a primary aromatic amine, the direct parent capturing the halogen substitution on the aromatic ring is chlorobenzenes.",medium,"2,2'-dichloro-4,4'-methylenedianiline; 4,4'-methylene bis(2-chloroaniline)",337,0,16760,158
Organic compounds,Organoheterocyclic compounds,Lactams,Beta lactams,Beta lactams,"The substance contains a 4-membered ring lactam (azetidinone), which is a beta-lactam. It also has an acetate ester and a tert-butyldimethylsilyloxy group, but the core heterocyclic scaffold is the beta-lactam ring system.",high,"(2R,3R)-3-((R)-1-(tert-butyldimethylsiloxy)ethyl)-4-oxoazetidin-2-yl acetate",347,0,16760,148
Organic compounds,Phenylpropanoids and polyketides,NA,NA,Cinnamaldehydes,"3-(9-anthryl)acrylaldehyde is a cinnamaldehyde analogue where the phenyl group is replaced by a 9-anthracenyl group; it is an alpha,beta-unsaturated aldehyde (acrylaldehyde) attached to an aryl group, fitting the cinnamaldehyde structural motif. Cinnamaldehydes belong to the phenylpropanoids and polyketides superclass.",medium,3-(9-anthryl)acrylaldehyde,318,0,16760,184
Organic compounds,Organoheterocyclic compounds,Azoles,Triazoles,Triazoles,"Ipconazole is a triazole fungicide containing a 1,2,4-triazole ring system attached to a cyclopentyl and chlorobenzyl group. It belongs to the azole class of organoheterocyclic compounds, specifically the triazole subclass.",high,Ipconazole,309,0,16760,146
Organic compounds,Organosulfur compounds,Organic sulfonic acids and derivatives,Sulfonic acids and derivatives,Azo compounds,"This substance is a complex azo dye containing a diazenyl (-N=N-) linkage connecting two naphthalene ring systems, along with multiple sulfonic acid groups, a chlorotriazine moiety, and a vinylsulfone precursor (sulfooxy-ethylsulfonyl). The azo/diazenyl group is the most defining structural feature for direct parent classification, while the molecule also carries several sulfonic acid substituents.",medium,"2-{(E)-[6-({4-chloro-6-[(4-{[2-(sulfooxy)ethyl]sulfonyl}phenyl)amino]-1,3,5-triazin-2-yl}amino)-1-hydroxy-3-sulfonaphthalen-2-yl]diazenyl}naphthalene-1,5-disulfonic acid",397,0,16760,188
Organic compounds,Benzenoids,Benzene and substituted derivatives,Anthranilamides,Anthranilamides,"Anthranilamide (2-aminobenzamide) is a benzene ring bearing both an amino group and a carboxamide group in ortho positions, which defines the anthranilamide scaffold. It falls under benzenoids as a substituted benzene derivative.",high,Anthranilamide,310,0,16760,118
Organic compounds,Lipids and lipid-like molecules,Fatty Acyls,Fatty acid esters,Fatty acid esters,"Pentyl valerate is an ester formed from pentan-1-ol and valeric acid (pentanoic acid), making it a fatty acid ester. It belongs to the lipids/fatty acyls category as a simple aliphatic ester of a short-chain fatty acid.",high,Pentyl valerate,309,0,16760,134
Organic compounds,Hydrocarbon derivatives,Alcohols and polyols,Unsaturated aliphatic hydrocarbons,Secondary alcohols,"3-buten-2-ol (CH2=CH-CHOH-CH3) is an organic compound containing a secondary hydroxyl group on a butenyl chain, making it a secondary alcohol. It is a hydrocarbon derivative with an aliphatic unsaturated backbone.",high,3-buten-2-ol,312,0,16760,120
Organic compounds,Lipids and lipid-like molecules,Fatty Acyls,Fatty acid esters,Enoate esters,"Vinyl laurate is the vinyl ester of lauric acid (dodecanoic acid), where the acyl group is a long-chain fatty acid esterified with a vinyl alcohol; the vinyl ester moiety (enol ester) classifies it as an enoate ester. It belongs to the fatty acid ester subgroup within fatty acyls.",high,Vinyl laurate,308,0,16760,139
Inorganic compounds,Homogeneous non-metal compounds,Other non-metal halides,NA,Other non-metal halides,"Perchloryl fluoride (ClO3F) is an inorganic compound consisting entirely of non-metals (chlorine, oxygen, fluorine). It is a non-metal halide (specifically a halogen oxide fluoride), fitting best under 'Other non-metal halides' within homogeneous non-metal compounds.",medium,Perchloryl fluoride,311,0,16760,157
Organic compounds,Benzenoids,Benzene and substituted derivatives,Phenols,Hydroxybenzoic acid derivatives,"4-Hydroxybenzoic acid is a benzoic acid with a hydroxyl group at the para position, making it a hydroxybenzoic acid derivative within the phenol/benzenoid family.",high,4-hydroxybenzoic acid,312,0,16760,101
Organic compounds,Lipids and lipid-like molecules,Fatty Acyls,Ketones,Ketones,"5-methylhexan-2-one is a branched-chain aliphatic ketone (methyl isoamyl ketone). It falls under fatty acyls as a short-chain methyl ketone, with the ketone functional group as its direct parent classification.",medium,5-methylhexan-2-one,314,0,16760,127
Organic compounds,Organoheterocyclic compounds,Azoles,Isoxazoles,Isoxazoles,"Drazoxolon contains an isoxazolone ring (a 5-membered ring with both nitrogen and oxygen), specifically a 3-methyl-5-isoxazolone, with a 2-chlorophenylhydrazone substituent. The isoxazolone/isoxazole scaffold places it in the azoles/isoxazoles classification within organoheterocyclic compounds.",medium,drazoxolon (ISO); 4-(2-chlorophenylhydrazone)-3-methyl-5-isoxazolone,337,0,16760,176
Organic compounds,Organohalogen compounds,Organochlorides,Disiloxanes,Disiloxanes,"Hexamethyldisiloxane ((CH3)3Si-O-Si(CH3)3) is an organosilicon compound featuring a Si-O-Si backbone (disiloxane). However, 'Disiloxanes' does not appear in the ChemOnt list; the closest available class is 'Organosilicon compounds' under organoheterocyclic or hydrocarbon derivatives. Actually, reviewing the available labels, 'Siloxanes' is listed under subclass/direct_parent, making it the best fit for this Si-O-Si containing compound.",medium,Hexamethyldisiloxane,313,0,16760,200
Organic compounds,Organic oxygen compounds,Organooxygen compounds,Carbonyl compounds,Ketones,"Methyl tricyclo[3.3.1.1^3,7]dec-1-yl ketone (methyl adamantyl ketone) is an organic compound containing a ketone functional group (C=O) where one substituent is a methyl group and the other is an adamantyl (tricyclodecyl) group. It is best classified as a ketone within carbonyl compounds.",high,"Methyl tricyclo[3.3.1.13,7]dec-1-yl ketone",329,0,16760,170
Organic compounds,Organoheterocyclic compounds,Quinolines and derivatives,Quinolines and derivatives,Quinolines and derivatives,"Quinoline is a bicyclic aromatic compound consisting of a benzene ring fused to a pyridine ring, making it the parent member of the quinoline class of organoheterocyclic compounds. It contains a nitrogen atom in the heterocyclic ring, classifying it under quinolines and derivatives.",high,Quinoline,307,0,16760,140
Organic compounds,Organic acids and derivatives,Carboxylic acids and derivatives,"Amino acids, peptides, and analogues",Anthranilamides,"Naptalam (N-1-naphthylphthalamic acid) is a compound containing a phthalic acid (benzene-1,2-dicarboxylic acid) moiety with an amide linkage to a naphthylamine, making it an anthranilamide derivative. It belongs to the carboxylic acids and derivatives superclass due to the carboxylic acid and amide functional groups.",medium,Naptalam,308,0,16760,189
Organic compounds,Organic acids and derivatives,Carboxylic acids and derivatives,"Amino acids, peptides, and analogues","Amino acids, peptides, and analogues","This substance is the dipotassium salt of zinc(II) complexed with EDTA (ethylenediaminetetraacetic acid), where the EDTA ligand contains amino acid-like carboxymethyl groups coordinated to zinc. It is best classified as an organic metal salt involving amino acid-derived chelating ligands, but the closest available ChemOnt label reflecting the organic acid/amino acid backbone of EDTA is 'Amino acids, peptides, and analogues'.",low,"Dipotassium [[N,N'-ethylenebis[N-(carboxylatomethyl)glycinato]](4-)-N,N',O,O',ON,ON']zincate(2-)",355,0,16760,211
Organic compounds,Organic acids and derivatives,Carboxylic acids and derivatives,Acyl halides,Acyl chlorides,"Acetyl chloride (CH3COCl) is an acyl halide where the hydroxyl group of acetic acid is replaced by a chlorine atom, making it an acyl chloride. It falls under carboxylic acid derivatives in the organic compounds kingdom.",high,acetyl chloride,308,0,16760,127
Organic compounds,Organic acids and derivatives,Carboxylic acids and derivatives,Fatty Acyls,Fatty acid esters,"Chromium trioleate is the chromium(III) salt/ester of oleic acid (a long-chain unsaturated fatty acid), consisting of three oleate (C18:1) chains coordinated to a chromium center. It falls under fatty acid esters/metal salts of fatty acids within the Fatty Acyls class.",medium,Chromium trioleate,310,0,16760,146
Organic compounds,Lipids and lipid-like molecules,Fatty Acyls,Fatty acid esters,Fatty acid esters,"(Z)-8-Dodecen-1-yl acetate is a long-chain unsaturated alcohol esterified with acetic acid, making it a fatty acid ester (wax-type ester). It belongs to the Fatty Acyls class within the Lipids and lipid-like molecules superclass.",high,(Z)-8-Dodecen-1-yl acetate (SCLP Actetates),328,0,16760,160
Organic compounds,Organochlorides,Organochlorides,Organochlorides,Lactones,"This substance is chlordane anhydride (hexachloronorbornene dicarboxylic anhydride), a polychlorinated bicyclic compound containing a cyclic anhydride (lactone-type) functional group. It is best classified as an organochloride with the cyclic anhydride (lactone) as the most specific direct parent functional group.",medium,"1,4,5,6,7,7-hexachloro-8,9,10-trinorborn-5-ene-2,3-dicarboxylic anhydride; 4,5,6,7,8,8-hexachloro-3a,4,7,7a-tetrahydro-4,7-methano-2-benzofuran-1,3-dione",402,0,16760,145
Organic compounds,Organometallic compounds,Metalloheterocyclic compounds,NA,Organotin compounds,"Azocyclotin (also known as Azocyclotins) is an organotin acaricide consisting of a tricyclohexyltin group connected to a 1,2,4-triazole ring. It contains a tin-carbon bond, classifying it as an organotin/organometallic compound with a heterocyclic (triazole) component.",medium,Azocyclotin,310,0,16760,167
Organic compounds,Benzenoids,Benzene and substituted derivatives,Aniline and substituted anilines,Aniline and substituted anilines,"2,4,6-trimethylbenzene-1,3-diamine is a benzene ring bearing two primary amino groups and three methyl substituents, making it a substituted aniline (aromatic amine). It fits the benzenoid kingdom and the aniline and substituted anilines direct parent.",high,"2,4,6-trimethylbenzene-1,3-diamine",323,0,16760,136
Organic compounds,Organic acids and derivatives,Carboxylic acids and derivatives,Carboxylic acid derivatives,Carbamate esters,"Asulam is methyl 4-aminophenylsulfonylcarbamate, a sulfonamide-carbamate herbicide; as the sodium salt, it retains the carbamate ester core structure. The carbamate ester (methyl ester of a carbamic acid) is the most specific matching direct parent in ChemOnt.",medium,Asulam sodium,309,0,16760,170
Organic compounds,Organosulfur compounds,Sulfonic acids and derivatives,NA,Azo compounds,"This substance is a tetrasodium salt of a complex azo dye containing multiple azo (-N=N-) linkages connecting naphthalene and phenyl rings, with sulfonate groups, a triazine moiety, and hydroxyethylamino substituents. The defining structural feature is the azo linkage, placing it as an azo compound; the sulfonate salt groups are also prominent but the azo chromophore is the primary classification driver.",medium,"Tetrasodium 4-amino-3,6-bis(5-[4-chloro-6-(2-hydroxyethylamino)-1,3,5-triazin-2-ylamino]-2-sulfonatophenylazo)-5-hydroxynaphthalene-2,7-disulfonate",381,0,16760,179
Organic compounds,Organic nitrogen compounds,Organonitrogen compounds,Nitriles,Cyanohydrins,"Lactonitrile (2-hydroxypropanenitrile) is a cyanohydrin — it contains both a hydroxyl group and a nitrile group on the same carbon, formed from acetaldehyde and HCN. Cyanohydrins are a subclass of nitriles within organonitrogen compounds.",high,Lactonitrile,309,0,16760,156
Organic compounds,Organic oxygen compounds,Organooxygen compounds,Alcohols and polyols,"1,2-diols","2,2-dimethyl-1,3-propanediol (neopentyl glycol) is an organic compound bearing two hydroxyl groups on a propane backbone with gem-dimethyl substitution at C2. Although the hydroxyls are on C1 and C3 (a 1,3-diol), the closest available label in the taxonomy for a diol is '1,2-diols'; no '1,3-diol' label exists, making this the best available match under alcohols and polyols.",medium,"2,2-dimethyl-1,3-propanediol (neopentylglycol)",328,0,16760,187
Inorganic compounds,Mixed metal/non-metal compounds,Alkaline earth metal salts,Alkaline earth metal hydroxides,Alkaline earth metal hydroxides,"Calcium dihydroxide (Ca(OH)2) is an inorganic compound consisting of a calcium cation (alkaline earth metal) and two hydroxide anions, classifying it as an alkaline earth metal hydroxide. It falls under mixed metal/non-metal compounds as it contains both a metal and non-metal components.",high,Calcium dihydroxide,310,0,16760,148
Organic compounds,Organoheterocyclic compounds,Purines and purine derivatives,Xanthines,Xanthines,"3,7-dihydro-3-methyl-1H-purine-2,6-dione is 3-methylxanthine, a xanthine derivative with a methyl group at the N-3 position of the purine-2,6-dione scaffold. Xanthines are a subclass of purines and purine derivatives within organoheterocyclic compounds.",high,"3,7-dihydro-3-methyl-1H-purine-2,6-dione",329,0,16760,145
Organic compounds,Organosulfur compounds,Organic sulfonic acids and derivatives,Organosulfonic acid esters,p-Methylbenzenesulfonates,"Butyl toluene-4-sulphonate is the butyl ester of p-toluenesulfonic acid (4-methylbenzenesulfonic acid), making it a p-methylbenzenesulfonate (tosylate ester). These compounds fall under organosulfonic acid esters within the organosulfur compounds hierarchy.",high,Butyl toluene-4-sulphonate,316,0,16760,153
Organic compounds,Organoheterocyclic compounds,Pyridines and derivatives,Halopyridines,Halopyridines,"This compound contains a pyridine ring substituted with amino, chloro, and fluoro groups, with an oxyacetate ester side chain via an ether linkage. The core heterocyclic system is a halogenated pyridine (3,5-dichloro-6-fluoro), making halopyridines the most specific applicable direct parent.",medium,"Methyl O-(4-amino-3,5-dichloro-6-fluoropyridin-2-yloxy)acetate",335,0,16760,167
Inorganic compounds,Inorganic salts,Transition metal salts,NA,Transition metal chlorides,"Cobalt dichloride (CoCl2) is an inorganic salt formed from the transition metal cobalt and chloride ions, classifying it as a transition metal chloride under inorganic salts.",high,Cobalt dichloride,310,0,16760,99
Organic compounds,Organic nitrogen compounds,Organic nitrogen compounds,Quaternary ammonium salts,Tetraalkylammonium salts,Tetrabutylammonium bromide is a quaternary ammonium salt where nitrogen bears four butyl groups and the counterion is bromide. This fits directly under tetraalkylammonium salts.,high,Tetrabutylammonium bromide,314,0,16760,119
Organic compounds,Organic oxygen compounds,Organooxygen compounds,Carbohydrates and carbohydrate conjugates,Oligosaccharides,"Cyclooctapentylose is a cyclic oligosaccharide composed of eight pentose (5-carbon sugar) units linked in a ring, analogous to cyclodextrins but built from pentoses. It belongs to the oligosaccharide class within carbohydrates.",medium,Cyclooctapentylose,312,0,16760,138
Inorganic compounds,Homogeneous non-metal compounds,Homogeneous other non-metal compounds,NA,Homogeneous other non-metal compounds,"Graphite is an allotrope of carbon, a pure non-metal element arranged in layered hexagonal lattices. As an elemental inorganic non-metal substance, it best fits under homogeneous non-metal compounds.",medium,Graphite,307,0,16760,124
Organic compounds,Organoheterocyclic compounds,Benzimidazoles,NA,Benzimidazoles,The compound contains a benzimidazole core connected via a sulfanyl (thioether) linkage to a methylpyridine bearing a trifluoroethoxy group. The benzimidazole ring system is the primary heterocyclic scaffold that defines the direct parent classification.,high,"2-[[3-methyl-4-(2,2,2-trifluoroethoxy)pyridin-2-yl]methylsulfanyl]-1H-benzimidazole",351,0,16760,130
Organic compounds,Organohalogen compounds,Aryl halides,Aryl bromides,Trifluoromethylbenzenes,"4-Bromo-α,α,α-trifluorotoluene (4-bromobenzotrifluoride) is a benzene ring bearing both a bromo substituent and a trifluoromethyl group; the most specific descriptor is trifluoromethylbenzenes, while the aryl bromide class captures the halogen attached to the aromatic ring.",high,"4-bromo-α,α,α-trifluorotoluene",322,0,16760,149
Organic compounds,Benzenoids,Benzene and substituted derivatives,Benzoic acids and derivatives,Benzoic acid esters,"Ethyl 4-iodobenzoate is an ester of 4-iodobenzoic acid with ethanol, making it a benzoic acid ester. It contains a benzene ring substituted with an iodo group and an ethyl ester group.",high,ethyl 4-iodobenzoate,314,0,16760,148
Organic compounds,Organic nitrogen compounds,Azobenzenes,NA,Azobenzenes,"This compound contains an azo group (-N=N-) connecting two benzene rings, making it an azobenzene derivative. It also contains benzimidazolone, amide, and carboxamide functional groups, but the defining structural feature placing it in the ChemOnt hierarchy is the azo linkage between aromatic rings.",medium,"N-[4-(aminocarbonyl)phenyl]-4-[[1-[[(2,3-dihydro-2-oxo-1H-benzimidazol-5-yl)amino]carbonyl]-2-oxopropyl]azo]benzamide",370,0,16760,151
Organic compounds,Organic acids and derivatives,Carboxylic acids and derivatives,Carboxylic acid esters,Acrylic acid esters,"3-methyl-1,5-pentanediyl diacrylate is a diester formed from acrylic acid and 3-methyl-1,5-pentanediol, making it an acrylic acid ester (diacrylate). It falls under carboxylic acid esters within the carboxylic acids and derivatives class.",high,"3-methyl-1,5-pentanediyl diacrylate",322,0,16760,172
Organic compounds,Organoheterocyclic compounds,Azoles,NA,Thiazolidinethiones,"2-octyl-2H-isothiazol-3-one contains a five-membered ring with both nitrogen and sulfur atoms (an isothiazolone ring), which places it among organoheterocyclic azoles. The isothiazol-3-one core (with a thioamide/lactam-like sulfur-nitrogen-carbonyl arrangement) is best captured by thiazolidinethiones as the closest available direct parent, though it is technically an isothiazolone (a sulfur-nitrogen lactam).",low,2-octyl-2H-isothiazole-3-one,321,0,16760,207
Organic compounds,Benzenoids,Benzene and substituted derivatives,Azobenzenes,Azobenzenes,"This substance contains an azo group (-N=N-) linking two aromatic (benzene) rings, making it an azobenzene derivative. The molecule also bears nitro groups, a bromo substituent, acetamido group, methoxy group, and acetate ester groups, but the defining structural feature placing it in the taxonomy is the azo linkage between two benzene rings.",high,"2,2'-[[5-acetamido-4-[(2-bromo-4,6-dinitrophenyl)azo]-2-methoxyphenyl]imino]diethyl diacetate",354,0,16760,173
Organic compounds,Organoheterocyclic compounds,Triazinanes,"1,3,5-triazinanes","1,3,5-triazinanes","The compound contains a hexahydro-1,3,5-triazine (triazinane) ring with three hydroxyethyl substituents on the nitrogen atoms, making it a 1,3,5-triazinane derivative. The saturated triazine ring system places it firmly in the triazinane class.",high,"2,2',2''-(hexahydro-1,3,5-triazine-1,3,5-triyl)triethanol",338,0,16760,140
Organic compounds,Organosulfur compounds,Organic sulfonic acids and derivatives,Organic sulfonic acids and derivatives,Organic salts,"Sodium 2-propyne-1-sulfonate is the sodium salt of propargylsulfonic acid (HC≡C-CH2-SO3Na), featuring a sulfonate group on a propargyl chain. It is an organic sulfonate salt where the sodium counterion makes it an organic salt; the sulfonate functional group places it within organic sulfonic acids and derivatives.",medium,Sodium 2-propyne-1-sulphonate,317,0,16760,169
Organic compounds,Organic acids and derivatives,Carboxylic acids and derivatives,Carboxylic acid salts,Carboxylic acid salts,"Sodium undec-10-enoate is the sodium salt of undec-10-enoic acid (an 11-carbon terminal alkene fatty acid), making it an organic carboxylic acid salt. It fits within organic acids and derivatives → carboxylic acids and derivatives → carboxylic acid salts.",high,Sodium undec-10-enoate,314,0,16760,134
Organic compounds,Organosulfur compounds,Thiocarboxylic acids and derivatives,Thioamides,Thiocarbamic acid esters,"EPTC (S-ethyl dipropylthiocarbamate) is a thiocarbamate ester where the sulfur bears the ethyl group and the nitrogen bears two propyl groups, making it a thiocarbamic acid ester (specifically an S-ester of a carbamothioic acid). It belongs to the organosulfur compounds as a thiocarbamate derivative.",high,EPTC (ISO); S-ethyl dipropylthiocarbamate,323,0,16760,181
Organic compounds,Benzenoids,Benzene and substituted derivatives,Acetophenones,Acetophenones,"4'-Chloroacetophenone is a benzene ring bearing both a chloro substituent and an acetyl group; the acetyl-substituted benzene core makes it an acetophenone, and the chloro substituent places it within aryl chlorides/halides, but the most specific direct parent capturing the acetyl-benzene scaffold is Acetophenones.",high,4'-chloroacetophenone,312,0,16760,137
Organic compounds,Organic acids and derivatives,Carboxylic acids and derivatives,Carboxylic acid esters,Benzoic acid esters,"Oxydiethylene dibenzoate (diethylene glycol dibenzoate) is a diester formed from diethylene glycol and two benzoic acid molecules, making it a benzoic acid ester. It belongs to the carboxylic acid ester class within organic acids and derivatives.",high,Oxydiethylene dibenzoate,314,0,16760,159
Inorganic compounds,Miscellaneous inorganic compounds,Inorganic oxides,NA,Inorganic oxides,"Tungsten trioxide (WO3) is an inorganic compound consisting of tungsten and oxygen, classifying it as an inorganic oxide. It does not fit into the more specific salt or mixed metal categories.",high,Tungsten trioxide,309,0,16760,115
Organic compounds,Hydrocarbon derivatives,Organonitrogen compounds,Hydrazines and derivatives,Phenylhydrazines,"Phenylhydrazine hydrochloride is the hydrochloride salt of phenylhydrazine (C6H5-NH-NH2·HCl), which is an aryl-substituted hydrazine compound. The direct parent is phenylhydrazines, a subgroup of hydrazines and derivatives.",high,phenylhydrazine hydrochloride,313,0,16760,140
Organic compounds,Organophosphorus compounds,Organic phosphoric acids and derivatives,Organic phosphoric acids and derivatives,Aryl phosphotriesters,"Biphenyl-4,4'-diyl tetraphenyl bis(phosphate) is a bis-phosphate ester where the biphenyl diol acts as the central diol, and each phosphate is esterified with two phenyl groups, forming aryl phosphotriester linkages. This classifies it under organophosphorus compounds as aryl phosphotriesters.",high,"Biphenyl-4,4'-diyl tetraphenyl bis(phosphate)",323,0,16760,176
Organic compounds,Organometallic compounds,Metalloheterocyclic compounds,NA,Organosilicon compounds,"Dimethoxymethylvinylsilane is an organosilicon compound containing a silicon atom bonded to two methoxy groups, a methyl group, and a vinyl group. It fits within organometallic/organometalloid silicon chemistry, and the most specific applicable direct parent label available is 'Organosilicon compounds'.",medium,Dimethoxymethylvinylsilane,315,0,16760,158
Organic compounds,Organoheterocyclic compounds,Pyridines and derivatives,Halopyridines,Halopyridines,"The compound contains a pyridine ring with a chloromethyl substituent and a methoxypropoxy side chain, making it a halogenated pyridine derivative. The hydrochloride salt form does not change the core classification as a halopyridine.",medium,2-Chloromethyl-4-(3-methoxypropoxy)-3-methylpyridine hydrochloride,333,0,16760,127
Organic compounds,Organic nitrogen compounds,Organonitrogen compounds,Amines,Quaternary ammonium salts,"Chloromethylene dimethylammonium chloride (Vilsmeier reagent salt) contains a positively charged nitrogen bearing four substituents (two methyl groups, a chloromethylene carbon, and an implicit bond) paired with a chloride counterion, making it a quaternary ammonium salt. It is an organic nitrogen compound classified under organonitrogen compounds.",medium,Chloromethylene dimethylammonium chloride,317,0,16760,167
Organic compounds,Hydrocarbons,Saturated hydrocarbons,Cycloalkanes,Cycloalkanes,"Methylcyclohexane is a saturated cyclic hydrocarbon consisting of a cyclohexane ring with one methyl substituent, containing no double bonds, heteroatoms, or functional groups. It belongs to the cycloalkane family within saturated hydrocarbons.",high,methylcyclohexane,310,0,16760,130
Organic compounds,Hydrocarbon derivatives,Alcohols and polyols,Secondary alcohols,Secondary alcohols,"5-methylhept-2-en-4-ol is an organic molecule with a hydroxyl group attached to a secondary carbon (C4), making it a secondary alcohol. It is an unsaturated aliphatic compound derived from a hydrocarbon backbone.",high,5-methylhept-2-en-4-ol,317,0,16760,106
Organic compounds,Benzenoids,Benzene and substituted derivatives,Benzoic acids and derivatives,Phthalic anhydrides,"Benzene-1,2,4-tricarboxylic acid 1,2-anhydride (trimellitic anhydride) is a benzene ring bearing three carboxylic acid groups, two of which form a cyclic anhydride (phthalic anhydride moiety), placing it under phthalic anhydrides as the most specific parent.",high,"Benzene-1,2,4-tricarboxylic acid 1,2-anhydride",328,0,16760,172
NA,NA,NA,NA,NA,JSON parse error: Expecting value: line 1 column 1 (char 0),low,Dimexano,308,0,16760,300
Organic compounds,Organosulfur compounds,Dithiocarbamic acids and derivatives,Dithiocarbamic acid esters,Ethylene bisdithiocarbamates,"Maneb is a manganese ethylene bisdithiocarbamate fungicide, formed from the coordination of manganese with the dithiocarbamate groups of ethylenebis(dithiocarbamic acid), placing it firmly in the ethylene bisdithiocarbamate subgroup. Its core organic scaffold is a dithiocarbamate derivative, classifying it under organosulfur compounds and specifically dithiocarbamic acids and derivatives.",high,Maneb,307,0,16760,172
Organic compounds,Organoheterocyclic compounds,Pyridines and derivatives,Pyridines and derivatives,Methylpyridines,"2,6-dimethylpyridine is a pyridine ring substituted with methyl groups at the 2 and 6 positions, making it a methylpyridine (lutidine). It belongs to the organoheterocyclic compounds as a nitrogen-containing aromatic heterocycle.",high,"2,6-dimethylpyridine",315,0,16760,141
Organic compounds,Organic acids and derivatives,Carboxylic acids and derivatives,Carboxylic acid derivatives,Fatty amides,N-[3-(dimethylamino)propyl]dodecanamide is a long-chain fatty acid amide (lauric acid amide) with a dimethylaminopropyl group; the monoacetate is the acetate salt form. The core structure is best classified as a fatty amide under carboxylic acid derivatives.,medium,N-[3-(dimethylamino)propyl]dodecanamide monoacetate,327,0,16760,164
Inorganic compounds,Homogeneous non-metal compounds,Homogeneous other non-metal compounds,Halogen hydrides,Halogen hydrides,"Hydrogen chloride (HCl) is a binary compound of hydrogen and chlorine, both non-metals, making it an inorganic homogeneous non-metal compound classified as a halogen hydride. It does not contain carbon and thus is not an organic compound.",high,hydrogen chloride,307,0,16760,133
Organic compounds,Organic nitrogen compounds,Organonitrogen compounds,Amines,Quinonimines,"This compound contains a cyclohexadienone ring system with an imine substituent (the [4-(diethylamino)-2-methylphenyl]imino group) and an acetamide group, making it a quinonimine - a p-quinone imine derivative where the oxygen of a quinone is replaced by an imine nitrogen. The core structure is a 6-oxo-1,4-cyclohexadienyl ring bearing an imino group, characteristic of quinonimines.",medium,"N-[3-[[4-(diethylamino)-2-methylphenyl]imino]-6-oxo-1,4-cyclohexadienyl]acetamide",347,0,16760,193
Inorganic compounds,Mixed metal/non-metal compounds,Miscellaneous mixed metal/non-metals,NA,Miscellaneous mixed metal/non-metals,"Molybdenum disilicide (MoSi2) is an inorganic compound consisting of a transition metal (molybdenum) bonded to a metalloid (silicon), forming an intermetallic/silicide compound. It falls under mixed metal/non-metal compounds, and no more specific ChemOnt label exists for metal silicides beyond 'Miscellaneous mixed metal/non-metals'.",medium,Molybdenum disilicide,312,0,16760,167
Organic compounds,Organoheterocyclic compounds,Benzothiazoles,NA,Benzothiazoles,"Benzthiazuron is a urea herbicide containing a benzothiazole ring system substituted with a methylurea group. The core heterocyclic structure is a benzothiazole, making that the most specific applicable ChemOnt direct parent.",high,Benzthiazuron,311,0,16760,114
Organic compounds,Phenylpropanoids and polyketides,Furans,Nitrofurans,Nitrofurans,"5-nitrofuran-2-acrylaldehyde contains a furan ring with a nitro substituent at position 5 and an acrylaldehyde (propenal) chain at position 2, making it a nitrofuran derivative. The nitrofuran core is the most specific classifying feature.",medium,5-nitrofuran-2-acrylaldehyde,319,0,16760,160
Organic compounds,Benzenoids,Benzene and substituted derivatives,Phenol ethers,Phenol ethers,"4-phenoxyphenyl (RS)-2-(2-pyridyloxy)propyl ether is an organic compound featuring a diphenyl ether core with an additional pyridyloxypropyl ether substituent, making phenol ethers the most appropriate direct parent classification. The molecule consists of aromatic rings connected through ether linkages, which is characteristic of phenol ethers.",medium,4-phenoxyphenyl (RS)-2-(2- pyridyloxy)propyl ether,327,0,16760,169
Organic compounds,Organic acids and derivatives,Carboxylic acids and derivatives,"Amino acids, peptides, and analogues",N-acyl-alpha amino acids and derivatives,"N-9-Fluorenylmethoxycarbonyl-S-trityl-L-Cysteine is an Fmoc-protected cysteine derivative where the alpha-amino group is acylated with a carbamate (Fmoc) group and the thiol is protected with a trityl group, making it an N-acyl (carbamate) alpha amino acid derivative. It belongs to the L-cysteine family within the broader amino acid class.",high,N-9-Fluorenylmethoxycarbonyl-S-trityl-L-Cysteine,331,0,16760,203
Organic compounds,Lipids and lipid-like molecules,Glycerolipids,Diradylglycerols,"1-alkyl,3-acylglycerols","This substance is a glycerol ester where lauric acid (C12 fatty acid) is esterified at one position and two acetate groups are present on the propanediol backbone, making it a mixed acylglycerol derivative. It falls under glycerolipids as a diradylglycerol.",medium,"Lauric acid, ester with hydroxypropanediyl diacetate",322,0,16760,171
Organic compounds,Organoheterocyclic compounds,Azacyclic compounds,Piperazines,Piperazines,"Tert-butyl-dimethyl-piperazin-1-ylsilane contains a piperazine ring (a six-membered diazacyclic compound) with a tert-butyldimethylsilyl group attached to one nitrogen. The core heterocyclic scaffold is a piperazine, making that the most specific applicable classification.",medium,tert-butyl-dimethyl-piperazin-1-ylsilane,324,0,16760,169
Organic compounds,Benzenoids,Benzene and substituted derivatives,Benzyl cyanides,Benzyl cyanides,"Phenylacetonitrile (PhCH2CN) is a benzene ring bearing a cyanomethyl (-CH2CN) substituent, which classifies it as a benzyl cyanide. It falls under benzenoids as a substituted benzene derivative.",high,Phenylacetonitrile,312,0,16760,130
Organic compounds,Organosulfur compounds,Thiols,Alkylthiols,Alkylthiols,"Sodium 2-mercaptoethanolate is the sodium salt of 2-mercaptoethanol (HOCH2CH2SH), where the thiol proton is replaced by sodium, making it an organosulfur compound with an alkylthiolate character. It fits under thiols/alkylthiols as the core functional group is an aliphatic thiol (deprotonated form as sodium salt).",medium,Sodium 2-mercaptoethanolate,316,0,16760,181
Organic compounds,Organohalogen compounds,Organochlorides,Aryl halides,Aniline and substituted anilines,"The parent compound is a 2-amino-5-chlorophenyl derivative (an aryl chloride with a primary aromatic amine) bearing a trifluoromethyl gem-diol group, presented as a hydrochloride salt. The core structural feature is the substituted aniline (2-amino-5-chlorophenyl), making 'Aniline and substituted anilines' the most specific applicable direct parent.",medium,"1-(2-amino-5-chlorophenyl)-2,2,2-trifluoro-1,1-ethanediol, hydrochloride; [containing < 0,1 % 4-chloroaniline (EC No 203-401-0)]",368,0,16760,188
NA,NA,NA,NA,NA,JSON parse error: Expecting value: line 1 column 1 (char 0),low,Ethofumesate,310,0,16760,281
Organic compounds,Organic oxygen compounds,Organooxygen compounds,Alcohols and polyols,Organic alkali metal salts,"Sodium propan-2-olate (sodium isopropoxide) is the sodium salt of isopropanol, where sodium displaces the hydroxyl proton to form an alkoxide. It is best classified as an organic alkali metal salt (alkoxide), falling under organic oxygen compounds.",medium,Sodium propan-2-olate,313,0,16760,119
Inorganic compounds,Homogeneous metal compounds,Homogeneous post-transition metal compounds,NA,Homogeneous post-transition metal compounds,"Zinc powder/dust is elemental zinc (Zn), a post-transition metal in its pure elemental form. In ChemOnt, elemental metals are classified under homogeneous metal compounds, specifically homogeneous post-transition metal compounds for zinc.",medium,zinc powder — zinc dust (pyrophoric),313,0,16760,128
Organic compounds,Organic nitrogen compounds,Organonitrogen compounds,Guanidines,Guanidines,"Dinotefuran is a neonicotinoid insecticide containing a nitroguanidine pharmacophore; the core structure is a guanidine with N-methyl, N-nitro, and N-(tetrahydrofurylmethyl) substituents, placing it firmly in the guanidines class. The nitro group on the guanidine nitrogen is characteristic of nitroguanidine neonicotinoids.",high,dinotefuran (ISO); 1-methyl-2-nitro-3-(tetrahydro-3-furylmethyl)guanidine,342,0,16760,157
Organic compounds,Benzenoids,Benzene and substituted derivatives,Nitrobenzenes,Nitrophenols,"α,α,α-trifluoro-4-nitro-m-cresol is a benzene ring bearing a hydroxyl group (phenol), a nitro group, and a trifluoromethyl group (CF3 replacing the methyl of m-cresol). The most specific classification is as a nitrophenol, as it contains both the phenolic OH and a nitro substituent on the benzene ring.",high,"α,α,α-trifluoro-4-nitro-m-cresol",325,0,16760,181
Organic compounds,Organoheterocyclic compounds,Pyrrolidines,NA,Pyrrolidines,"4-benzyloxy-2-nitro-beta-pyrrolidinostyrene contains a pyrrolidine ring attached to a styrene (vinyl) group, with a benzyloxy substituent and a nitro group on the aromatic ring. The pyrrolidine heterocycle is the most defining structural feature for classification purposes.",medium,4-benzyloxy-2-nitro-beta-pyrrolidinostyrene,323,0,16760,153
Inorganic compounds,Inorganic salts,Alkaline earth metal salts,NA,Alkaline earth metal salts,Calcium tartrate is a salt formed from calcium (an alkaline earth metal) and tartaric acid. It is best classified as an alkaline earth metal salt within inorganic salts.,medium,Calcium tartrate,308,0,16760,98
Organic compounds,Organic nitrogen compounds,Organonitrogen compounds,Quaternary ammonium salts,Alkyldimethylbenzylammonium chlorides,"Benzyltrimethylammonium chloride is a quaternary ammonium salt consisting of a benzyl group and three methyl groups attached to a positively charged nitrogen, with a chloride counterion, fitting the alkyldimethylbenzylammonium chloride subclass.",high,Benzyltrimethylammonium chloride,316,0,16760,142
Organic compounds,Organosulfur compounds,Organic sulfate salts,NA,Azo compounds,"This substance contains an azo group (-N=N-) connecting a pyrazolone ring system to a substituted benzene ring, along with sulfonate/sulfate ester groups and a sodium salt. The core structural feature is the azo linkage, making it an azo compound; it also contains sulfonyloxy (sulfate ester) and sulfonic acid sodium salt moieties, but the azo group is the most defining direct parent classification available in the taxonomy.",medium,"p-[4,5-dihydro-4-[[2-methoxy-5-methyl-4-[[2-(sulphooxy)ethyl]sulphonyl]phenyl]azo]-3-methyl-5-oxo-1H-pyrazol-1-yl]benzenesulphonic acid, sodium salt",384,0,16760,181
Organic compounds,Organic acids and derivatives,Carboxylic acids and derivatives,Carboxylic acid esters,Acrylic acid esters,"2-Hydroxypropyl acrylate is an ester formed from acrylic acid (prop-2-enoic acid) and propylene glycol, making it an acrylate ester. It contains a vinyl/acrylate functional group and a hydroxyl group on the propyl chain.",high,2-hydroxypropylacrylate,314,0,16760,143
Inorganic compounds,Homogeneous non-metal compounds,Non-metal oxoanionic compounds,NA,Non-metal sulfates,"Sulfamidic acid (H2NSO3H, also called sulfamic acid) is an inorganic compound containing sulfur, nitrogen, oxygen, and hydrogen. It is best classified as a non-metal oxoanionic compound; structurally it is a sulfuric acid derivative where one hydroxyl is replaced by an amino group, placing it among non-metal sulfates/sulfonic-type species in the inorganic domain.",medium,sulfamidic acid,309,0,16760,164
Organic compounds,Organosulfur compounds,Thioethers,NA,Thioethers,"Thiocyclam (N,N-dimethyl-1,2,3-trithian-5-amine) is a cyclic polysulfide insecticide containing a 1,2,3-trithiane ring system with three consecutive sulfur atoms acting as thioether-type linkages. It is best classified as a thioether within organosulfur compounds.",medium,Thiocyclam,309,0,16760,165
Inorganic compounds,Inorganic salts,Alkali metal salts,Alkali metal fluorides,Alkali metal fluorides,"Lithium difluoro(oxalato)borate(1-) is a lithium salt containing fluoride and borate/oxalate components; as a lithium (alkali metal) salt with fluoride character, the closest matching taxonomy path is through inorganic salts → alkali metal salts → alkali metal fluorides. However, the compound also contains an organic oxalate ligand, making classification partially ambiguous, but the dominant inorganic salt framework with lithium and fluoride is best captured here.",low,Lithium difluoro(oxalato)borate(1-),320,0,16760,202
Organic compounds,Hydrocarbon derivatives,Organonitrogen compounds,Organic nitrates,Alkyl nitrates,"2-Ethylhexyl nitrate is an ester of nitric acid with 2-ethylhexanol, making it an organic nitrate. It falls under alkyl nitrates as it is a simple aliphatic alcohol esterified with nitric acid.",high,2-ethylhexyl nitrate,313,0,16760,113
Organic compounds,Benzenoids,Benzene and substituted derivatives,Phenol esters,p-Hydroxybenzoic acid alkyl esters,"2-hexyldecyl p-hydroxybenzoate is an ester of p-hydroxybenzoic acid (a para-substituted phenol) with a branched long-chain alcohol (2-hexyldecanol), making it a p-hydroxybenzoic acid alkyl ester (a paraben-type compound). This fits directly under the 'p-Hydroxybenzoic acid alkyl esters' direct parent.",high,2-hexyldecyl p-hydroxybenzoate,318,0,16760,175
Organic compounds,Benzenoids,Benzene and substituted derivatives,Benzophenones,Benzophenones,"This compound is a diaryl ketone (methanone) with two fluorinated phenyl rings (2,4-difluorophenyl and 4-fluorophenyl), making it a substituted benzophenone. Benzophenones are aryl-phenylketones belonging to the benzene and substituted derivatives class.",high,"(2,4-Difluorophenyl)(4-Fluorophenyl)methanone",327,0,16760,142
Inorganic compounds,Mixed metal/non-metal compounds,Miscellaneous mixed metal/non-metals,NA,Miscellaneous mixed metal/non-metals,"C.I. Pigment Red 104 is an inorganic mixed-metal salt pigment composed of lead chromate, lead molybdate, and lead sulfate — a complex inorganic compound containing multiple metal cations (Pb²⁺) with different oxoanions (chromate, molybdate, sulfate). It fits best under mixed metal/non-metal compounds, specifically the miscellaneous category as no more specific label covers this multi-anion lead salt mixture.",medium,C.I. Pigment Red 104 (or: lead chromate/molybdate/sulfate; C.I. No. 77605),338,0,16760,198
Organic compounds,Organosulfur compounds,Organic sulfonic acids and derivatives,Naphthalene sulfonic acids and derivatives,2-naphthalene sulfonic acids and derivatives,"This substance is a sodium salt of a naphthalenesulfonic acid derivative with an azo group (-N=N-) connecting a substituted naphthalene ring system to a chloro-phenoxyphenyl moiety, along with amino and hydroxy substituents. The core scaffold is a 2-naphthalenesulfonic acid, making it best classified under naphthalene sulfonic acids and derivatives.",medium,"2-Naphthalenesulfonic acid, 6-amino-5-[2-[5-chloro-2-(2-chlorophenoxy)phenyl]diazenyl]-4-hydroxy-, sodium salt (1:1)",360,0,16760,189
Organic compounds,Phenylpropanoids and polyketides,Terpenoids,Monoterpenoids,Monocyclic monoterpenoids,"L-Carvone is a naturally occurring monocyclic monoterpenoid ketone (p-mentha-6,8-dien-2-one) found in spearmint oil, containing a cyclohexenone ring with an isopropenyl substituent. It belongs to the menthane family of monocyclic monoterpenoids.",high,L-Carvone,310,0,16760,142
Organic compounds,Organic acids and derivatives,Carboxylic acids and derivatives,Carboxylic acid esters,Dialkyl ethers,"Diethyl sebacate is the diethyl ester of sebacic acid (decanedioic acid), making it a dicarboxylic acid diester. It consists of two ethyl ester groups on a 10-carbon chain, classifying it as a fatty acid ester and more specifically a dialkyl ester of a dicarboxylic acid. The most fitting direct parent from the available labels is 'Dialkyl ethers' is incorrect; the best available label is 'Fatty acid esters'.",medium,Diethyl sebacate,311,0,16760,179
Organic compounds,Organoheterocyclic compounds,Triazines,Triazinones,Triazinones,"Trazodone contains a triazolopyridine-fused ring system with a triazinone core, along with a chlorophenyl piperazine moiety; the most characteristic ring system placing it in ChemOnt is the triazinone (1,2,4-triazin-3-one) ring. It also contains a triazolopyridine component, but triazinone best captures the direct parent heterocycle.",medium,Trazodone,309,0,16760,157
Organic compounds,Organic nitrogen compounds,Azacyclic compounds,Pyrrolidines,Pyrrolidine-2-ones,"N-methylpyrrolidone (1-methyl-2-pyrrolidinone) is a cyclic amide (lactam) based on a five-membered nitrogen-containing ring with a ketone at position 2, making it a pyrrolidinone. It belongs to the pyrrolidines class within azacyclic compounds.",high,N-methylpyrrolidone,312,0,16760,147
Organic compounds,Benzenoids,Benzene and substituted derivatives,Phenol ethers,Phenol ethers,This compound is bisphenol A diglycidyl ether ring-opened with propanol — it contains two p-phenylene ether linkages (aryl ether/phenol ether motifs) connecting the isopropylidene-bridged bisphenol core to hydroxypropyl groups. The dominant structural feature is the aryl ether (phenol ether) connectivity.,medium,"1,1'-isopropylidenebis(p-phenyleneoxy)dipropan-2-ol",331,0,16760,142
Organic compounds,Lipids and lipid-like molecules,Prenol lipids,Monoterpenoids,Monocyclic monoterpenoids,"L-p-mentha-1(6),8-dien-2-one is a cyclic monoterpenoid ketone based on the p-menthane skeleton (a monocyclic monoterpene framework), making it a monocyclic monoterpenoid. It belongs to the prenol lipid superclass as a C10 isoprenoid-derived compound.",high,"L-p-mentha-1(6),8-dien-2-one",323,0,16760,158
Organic compounds,Organic acids and derivatives,Carboxylic acids and derivatives,Carboxylic acid esters,Enoate esters,"Acrylic acid n-butyl ester (n-butyl acrylate) is an ester of acrylic acid, which contains an alpha,beta-unsaturated carboxylate (enoate) functional group. This places it as an enoate ester within the carboxylic acid ester subclass.",high,"acrylic acid, n-butyl ester",315,0,16760,136
Organic compounds,Organosulfur compounds,Organic sulfonic acids and derivatives,Organosulfonic acids,Organosulfonic acids,"p-Toluenesulfonic acid (4-methylbenzenesulfonic acid) is an arylsulfonic acid, which falls under organosulfonic acids. The minor H2SO4 impurity does not change the primary classification of the substance.",high,p-toluenesulphonic acid (containing a maximum of 5 % H2SO4),326,0,16760,150
Organic compounds,Organoheterocyclic compounds,Lactams,Beta lactams,Cephalosporins,"Cefotaxime is a third-generation cephalosporin antibiotic containing a beta-lactam ring fused to a dihydrothiazine ring (the cephem core), with an aminothiazolyl side chain and a methoxyimino group. It fits squarely within the cephalosporins subgroup of beta-lactam antibiotics.",high,Cefotaxime,310,0,16760,140
Organic compounds,Organoheterocyclic compounds,Azacyclic compounds,Pyrrolidines,Pyrrolidine-2-ones,"N-methyl-2-pyrrolidone (1-methyl-2-pyrrolidinone) is a five-membered nitrogen-containing lactam (cyclic amide) with an N-methyl substituent, making it a pyrrolidin-2-one derivative. It fits directly into the pyrrolidin-2-one (Pyrrolidine-2-ones) class within the pyrrolidine subclass of azacyclic organoheterocyclic compounds.",high,N-methyl-2-pyrrolidone; 1-methyl-2-pyrrolidone,328,0,16760,172
Organic compounds,Organic nitrogen compounds,Azoles,NA,Azo compounds,"2,2'-Azobis[N-(2-hydroxyethyl)-2-methylpropionamide] contains a central N=N (azo) linkage connecting two 2-methylpropionamide groups each bearing a 2-hydroxyethyl substituent; the defining functional group is the azo (-N=N-) moiety, classifying it as an azo compound under organic nitrogen compounds.",medium,"2,2'-azobis[N-(2-hydroxyethyl)-2-methylpropionamide]",330,0,16760,140
Organic compounds,Benzenoids,Benzene and substituted derivatives,Phenols,Phenols,"Tert-butyl-4-methoxyphenol (BHA) is an aromatic compound featuring a benzene ring substituted with a hydroxyl group and a methoxy group, classifying it as a phenol within the benzenoid family. The methoxy substituent makes it an alkoxy phenol, but 'Phenols' is the most specific exact label available in the ChemOnt list.",high,tert-butyl-4-methoxyphenol,317,0,16760,153
Inorganic compounds,Inorganic salts,Lanthanide salts,Lanthanide nitrates,Lanthanide nitrates,"Lanthanum trinitrate is an inorganic salt formed from lanthanum (a lanthanide element) and nitrate anions, making it a lanthanide nitrate salt.",high,Lanthanum trinitrate,311,0,16760,101
Organic compounds,Lipids and lipid-like molecules,Fatty Acyls,Fatty acid esters,Fatty acid esters,"(Z)-dodec-9-enyl acetate is an ester formed from acetic acid and (Z)-dodec-9-en-1-ol, making it a fatty acid ester (wax-type ester with a long-chain fatty alcohol). It belongs to the Fatty Acyls class within lipids.",high,(Z)-dodec-9-enyl acetate,315,0,16760,132
Organic compounds,Organosilicon compounds,Organonitrogen compounds,Quaternary ammonium salts,Quaternary ammonium salts,"This substance is dimethyloctadecyl[3-(trimethoxysilyl)propyl]ammonium chloride, a quaternary ammonium salt with a trimethoxysilylpropyl group. The most defining functional group is the quaternary ammonium chloride salt, making 'Quaternary ammonium salts' the most specific applicable direct parent, while the compound also contains an organosilicon (trialkoxysilane) moiety.",medium,Dimethyloctadecyl[3-(trimethoxysilyl)propyl]ammonium chloride,330,0,16760,196
Organic compounds,Phenylpropanoids and polyketides,Coumarins and derivatives,NA,Pyrethroids,α-Cypermethrin is a synthetic pyrethroid insecticide consisting of a cyclopropanecarboxylate ester with a cyanohydrin moiety derived from 3-phenoxybenzaldehyde and a dichlorovinyl-substituted cyclopropane acid; pyrethroids are classified under phenylpropanoids and polyketides. The most specific applicable label is Pyrethroids.,high,"α-cypermethrin (ISO); racemate comprising (R)-α-cyano-3-phenoxybenzyl (1S, 3S)-3-(2,2-dichlorovinyl)-2,2-dimethylcyclopropanecarboxylate; (S)-α-cyano-3-phenoxybenzyl (1R, 3R)-3-(2,2-dichlorovinyl)-2,2-dimethylcyclopropanecarboxylate",420,0,16760,163
Organic compounds,Organohalogen compounds,Organofluorides,Alkyl fluorides,Fluorotelomer alcohols,"4,4,5,5,5-pentafluoropentan-1-ol is an organofluorine compound with a primary alcohol group and a perfluoroalkyl chain ending, making it a fluorotelomer alcohol. It fits the Organohalogen/Organofluorides/Alkyl fluorides hierarchy with fluorotelomer alcohols as the most specific class.",high,"4,4,5,5,5-pentafluoropentan-1-ol",325,0,16760,147
Organic compounds,Organic acids and derivatives,Carboxylic acids and derivatives,"Amino acids, peptides, and analogues",N-acyl-alpha amino acids and derivatives,"N,O-Dibenzoyltyrosine is a tyrosine derivative where both the amino group (N-benzoyl) and the phenolic hydroxyl (O-benzoyl) are acylated with benzoyl groups, making it an N-acylated alpha amino acid derivative. It retains the alpha amino acid backbone with carboxylic acid functionality.",high,"N,O-Dibenzoyltyrosine",316,0,16760,161
Organic compounds,Organic acids and derivatives,Carboxylic acids and derivatives,Carboxylic acid derivatives,Carbamate esters,"Ethyl N-(5-chloro-2-methyl-4-sulfamoyl-phenyl)carbamate contains an ethyl ester of a carbamic acid (urethane/carbamate ester linkage) attached to a substituted aniline ring bearing chloro, methyl, and sulfamoyl substituents. The defining functional group is the carbamate ester (–NH–C(=O)–O–ethyl), making 'Carbamate esters' the most specific direct parent.",high,ethyl N-(5-chloro-2-methyl-4-sulfamoyl-phenyl)carbamate,331,0,16760,190
Organic compounds,Hydrocarbons,Saturated hydrocarbons,Alkanes,Alkanes,"n-Hexane and its structural isomers (C6H14) are saturated, acyclic hydrocarbons (alkanes). The minor cyclohexane component is a cycloalkane, but the dominant components are straight-chain and branched alkanes, making 'Alkanes' the best fit for this mixture.",high,"n-hexane, incl. structural isomers up to 40% (cyclohexane < 3 %) List No. 925-292-5",341,0,16760,160
Organic compounds,Organic acids and derivatives,Carboxylic acids and derivatives,Dicarboxylic acids and derivatives,Enoate esters,"Dimethyl maleate is the dimethyl ester of maleic acid (cis-butenedioic acid), making it a dicarboxylic acid derivative. As an ester of an alpha,beta-unsaturated dicarboxylic acid, its most specific direct parent is enoate esters.",high,Dimethyl maleate,311,0,16760,135
NA,NA,NA,NA,NA,JSON parse error: Expecting value: line 1 column 1 (char 0),low,THBP,308,0,16760,299
Organic compounds,Organoheterocyclic compounds,Benzotriazoles,NA,Benzotriazoles,"UV-329 is 2-(2H-benzotriazol-2-yl)-4-(1,1,3,3-tetramethylbutyl)phenol, which contains a benzotriazole ring system (a benzene ring fused with a triazole) as its core heterocyclic moiety. The compound is classified as a benzotriazole UV absorber within the organoheterocyclic superclass.",high,"2-(2H-benzotriazol-2-yl)-4-(1,1,3,3-tetramethylbutyl)phenol (UV-329)",343,0,16760,183
Organic compounds,Benzenoids,Benzene and substituted derivatives,Phenols,Bisphenols,"2,2′,6,6′-Tetra-tert-butyl-4,4′-methylenediphenol is a compound consisting of two phenol rings connected by a methylene bridge, each ring bearing two tert-butyl substituents, which classifies it as a bisphenol (two hydroxyl-bearing benzene rings linked by a single carbon bridge).",high,"2,2′,6,6′-Tetra-tert-butyl-4,4′- methylenediphenol",335,0,16760,138
Organic compounds,Organosulfur compounds,Triazolopyrimidines,NA,Triazolopyrimidines,"Metosulam is a sulfonamide herbicide built on a [1,2,4]triazolo[1,5-a]pyrimidine core with a 2-sulfonamide group attached to a 2,6-dichloro-3-methylphenyl group; the defining bicyclic scaffold is a triazolopyrimidine. The sulfonamide functionality and overall connectivity best fit the Triazolopyrimidines class within the organosulfur superclass.",medium,"metosulam (ISO); N-(2,6-dichloro-3-methylphenyl)-5,7-dimethoxy[1,2,4]triazolo[1,5-a]pyrimidine-2-sulfonamide",363,0,16760,199
Organic compounds,Organoheterocyclic compounds,Benzoxazines,Benzoxazinones,Benzoxazinones,"7-methyl-2H-1,3-benzoxazine-2,4(3H)-dione is a benzoxazine ring system bearing two carbonyl groups (at positions 2 and 4), making it a benzoxazinone. It is a fused bicyclic heterocyclic organic compound containing both oxygen and nitrogen in the six-membered ring fused to benzene.",high,"7-methyl-2H-1,3-benzoxazine-2,4(3H)-dione",330,0,16760,149
Organic compounds,Organoheterocyclic compounds,Pyridines and derivatives,Pyridinecarboxylic acids and derivatives,Pyridinecarboxylic acids and derivatives,"Ethyl 2,6-dichloronicotinate is an ester of nicotinic acid (pyridine-3-carboxylic acid) with chlorine substituents at the 2 and 6 positions of the pyridine ring, making it a pyridinecarboxylic acid derivative. It belongs to the organoheterocyclic compounds superclass due to the nitrogen-containing aromatic ring.",high,"ethyl 2,6-dichloronicotinate",317,0,16760,193
NA,NA,NA,NA,NA,JSON parse error: Expecting value: line 1 column 1 (char 0),low,Serricornin,309,0,16760,300
Organic compounds,Organosulfur compounds,Organic disulfides,Thiuram disulfides,Thiuram disulfides,"Tetraethylthiuram disulfide (disulfiram) contains a disulfide bond flanked by two dithiocarbamate-derived nitrogen groups, making it a thiuram disulfide. It is an organic sulfur compound with the characteristic bis(diethylthiocarbamoyl) disulfide structure.",high,tetraethylthiuram disulfide,314,0,16760,143
Organic compounds,Organohalogen compounds,Vinyl halides,Vinyl chlorides,Vinyl chlorides,"1,1-Dichloroethene (vinylidene chloride) is an organochloride with two chlorine atoms attached to a vinyl carbon (CH2=CCl2), making it a vinyl chloride derivative. It fits within the vinyl halides class under organohalogen compounds.",high,"1,1-Dichloroethene",314,0,16760,117
Inorganic compounds,Mixed metal/non-metal compounds,Inorganic oxides,NA,Inorganic oxides,"Zinc oxide (ZnO) is an inorganic compound consisting of zinc (a transition metal) and oxygen, classifying it as an inorganic oxide. It falls under mixed metal/non-metal compounds as it contains both a metal (Zn) and a non-metal element (O).",high,Zinc oxide,307,0,16760,133
Organic compounds,Organic nitrogen compounds,Organonitrogen compounds,Quaternary ammonium salts,Quaternary ammonium salts,"This substance is a quaternary ammonium chloride salt with a dimethyl ammonium center bearing a long-chain fatty acid amide substituent (stearamidopropyl) and a tetradecyloxy acetate ester group, making it a classic quaternary ammonium salt. The chloride counterion confirms the salt nature.",high,Dimethyl[3-[(1-oxooctadecyl)amino]propyl][2-oxo-2-(tetradecyloxy)ethyl]ammonium chloride,347,0,16760,164
Organic compounds,Organohalogen compounds,Aryl halides,Aryl chlorides,Isocyanates,"4-Chloro-3-(trifluoromethyl)phenyl isocyanate is an aromatic compound bearing a chloro substituent on the ring (aryl chloride) and an isocyanate (-N=C=O) functional group attached to the phenyl ring. The most specific functional group descriptor is isocyanate, and aryl chloride captures the halogen substitution pattern.",medium,4-Chloro-3-(trifluoromethyl)phenyl isocyanate,326,0,16760,173
Organic compounds,Organic acids and derivatives,Carboxylic acids and derivatives,Lactones,Lactones,"Succinic anhydride is a cyclic anhydride formed from succinic acid, consisting of a five-membered ring with two carbonyl groups and one oxygen, classifying it as a cyclic dicarboxylic acid anhydride (lactone-type). In ChemOnt, cyclic anhydrides fall under Lactones within the carboxylic acids and derivatives hierarchy.",medium,succinic anhydride,310,0,16760,152
Organic compounds,Organic oxygen compounds,Organooxygen compounds,Alcohols and polyols,"1,2-diols","1,4-butanediol (HO-CH2-CH2-CH2-CH2-OH) is an organic compound with two hydroxyl groups on a four-carbon chain, classifying it as a diol. However, since the hydroxyls are on C1 and C4 (not vicinal), the best available direct parent from the taxonomy list is '1,2-diols' under alcohols and polyols, as no '1,4-diol' label exists; alternatively 'Alcohols and polyols' serves as subclass.",medium,"1,4-butanediol",312,0,16760,192
Organic compounds,Benzenoids,Benzene and substituted derivatives,Phenol ethers,Phenol ethers,"1,3-bis(2-hydroxyethoxy)benzene is a benzene ring with two oxyethanol substituents attached via ether linkages (phenyl-O-CH2CH2-OH), making it a phenol ether (aryl alkyl ether). The benzene core places it in benzenoids, and the ether oxygens linking the benzene to the alkyl chains classify it as a phenol ether.",high,"1,3-bis(2-hydroxyethoxy)benzene",319,0,16760,182
Organic compounds,Benzenoids,Benzene and substituted derivatives,Phenol ethers,Anisoles,"4-methoxyphenol (mequinol) is a benzene ring with a methoxy substituent and a hydroxyl group; the methoxy group on the benzene ring classifies it as an anisole (methoxybenzene derivative), which is a phenol ether subclass.",high,mequinol; 4-methoxyphenol; hydroquinone monomethyl ether,328,0,16760,131
Organic compounds,Organosulfur compounds,Organic sulfonic acids and derivatives,Sulfonyls,Organosulfonamides,"2-aminosulfonyl-N,N-dimethylnicotinamide contains a sulfonamide group (-SO2NH2) attached to a nicotinamide (pyridine-3-carboxamide) ring with N,N-dimethyl substitution. The sulfonamide functional group is the most defining feature, classifying it as an organosulfonamide.",medium,"2-aminosulfonyl-N,N-dimethylnicotinamide",323,0,16760,175
Organic compounds,Organohalogen compounds,Organofluorides,Vinyl fluorides,Vinyl fluorides,"Tetrafluoroethylene (CF2=CF2) is an organic compound with four fluorine atoms attached to a carbon-carbon double bond (ethylene backbone), making it a perfluorinated vinyl fluoride. It falls under organofluorides and specifically vinyl halides/fluorides due to the C=C bond with fluorine substituents.",high,Tetrafluoroethylene,312,0,16760,143
Inorganic compounds,Inorganic salts,Alkali metal salts,Alkali metal borates,Alkali metal borates,"Tetraboron disodium heptaoxide hydrate (borax) is an inorganic salt composed of sodium (an alkali metal) and a borate anion derived from boron oxide, making it an alkali metal borate. It is a well-known inorganic ionic compound with no organic carbon framework.",high,"tetraboron disodium heptaoxide, hydrate",318,0,16760,160
Organic compounds,Organic nitrogen compounds,Carboxylic acids and derivatives,Carboxylic acid derivatives,Acetamides,N-2-hydroxyethylacetamide (HOCH2CH2NHCOCH3) is an acetamide derivative where the nitrogen of acetamide is substituted with a 2-hydroxyethyl group. It belongs to the acetamide subclass of carboxylic acid derivatives.,high,N-2-hydroxyethylacetamide,316,0,16760,155
Organic compounds,Organoheterocyclic compounds,Azoles,Triazoles,Phenylpyrazoles,Metyltetraprole contains a 4-chlorophenyl-substituted pyrazole ring connected via an oxymethylene linker to a methylphenyl-tetrazolone moiety. The molecule is an organoheterocyclic compound featuring both pyrazole and tetrazole (azole) rings; the phenylpyrazole fragment is the most structurally defining direct parent available in the taxonomy.,medium,"1-[2-({[1-(4-chlorophenyl)-1H-pyrazol-3-yl]oxy}methyl)-3-methylphenyl]-4-methyl-1,4-dihydro-5H-tetrazol-5-one; metyltetraprole",375,0,16760,179
Organic compounds,Phenylpropanoids and polyketides,Coumarins and derivatives,Coumarins and derivatives,Coumarins and derivatives,"The substance is a 2H-1-benzopyran (chromene) with a carboxylic acid group and a cyclopropyl substituent at position 2, along with methoxy groups. The 2H-1-benzopyran-5-carboxylic acid core is a benzopyran/coumarin-type scaffold, classifying it under coumarins and derivatives.",medium,"2H-1-Benzopyran-5-carboxylic acid, 2-cyclopropyl-7,8-dimethoxy-",338,0,16760,161
Organic compounds,Organometallic compounds,Organotin compounds,Trialkyltins,Trialkyltins,"Fenbutatin oxide is bis[tris(2-methyl-2-phenylpropyl)tin] oxide, an organotin compound containing three alkyl groups (neophyl groups) attached to each tin atom with an oxide bridge between two tin centers, classifying it as a trialkyltin (oxide) compound.",high,Fenbutatin oxide,309,0,16760,158
Organic compounds,Organosulfur compounds,Sulfonyls,Sulfonylureas,"1,2,4-triazolopyrimidine-2-sulfonanilides","This compound is a sulfonanilide derivative of a [1,2,4]triazolo[1,5-a]pyrimidine with a sulfone linkage connecting the triazolopyrimidine ring to a difluoromethyl-substituted aniline. The specific ChemOnt label '1,2,4-triazolopyrimidine-2-sulfonanilides' directly captures this structural motif.",high,"2',6'-difluoro-5-methyl[1,2,4]triazolo[1,5-a]pyrimidine-2-sulfoanilide",344,0,16760,200
Organic compounds,Benzenoids,Benzene and substituted derivatives,Phenols,Hydroquinones,"Hydroquinone (1,4-dihydroxybenzene) is a benzene ring with two hydroxyl groups at the para positions, classifying it as a hydroquinone. It falls under phenols as a benzenoid compound with hydroxyl substituents.",high,hydroquinone,308,0,16760,125
Organic compounds,Hydrocarbon derivatives,Organooxygen compounds,Ethers,Vinyl halides,"Methyl vinyl ether (CH3-O-CH=CH2) is an organic compound containing a vinyl group bonded to an oxygen ether linkage, making it a vinyl ether. The most specific applicable label from the list for this enol ether structure would be under ethers, but 'Vinylogous esters' or 'Thioenol ethers' don't apply; the closest direct parent from the available list is 'Ethers' since 'vinyl ethers' is not explicitly listed.",medium,methyl vinyl ether,309,0,16760,179
Organic compounds,Organic acids and derivatives,Carboxylic acids and derivatives,Carboxylic acid salts,Phenoxyacetic acid derivatives,"Sodium phenoxyacetate is the sodium salt of phenoxyacetic acid (a phenyl ether of acetic acid), classifying it as a carboxylic acid salt. The hemihydrate designation refers to the hydration state and does not change the core chemical classification.",medium,Sodium phenoxyacetate hemihydrate,316,0,16760,155
Organic compounds,Lipids and lipid-like molecules,Fatty Acyls,Fatty amides,Fatty amides,"Docosanamide is the primary amide of docosanoic acid (behenic acid), a 22-carbon saturated straight-chain fatty acid, making it a fatty amide within the fatty acyls class of lipids.",high,Docosanamide,309,0,16760,120
Organic compounds,Organoheterocyclic compounds,Azoles,Imidazoles,Imidazoles,"The substance contains an imidazole ring connected via a methylene bridge to a 3-chlorophenyl group and a 1,2-diaminobenzene (benzenediamine) core; the dihydrochloride salt form is present, but the core heterocyclic scaffold is an imidazole. The most specific parent that applies across the full structure is the imidazole class.",medium,"4-[(3-chlorophenyl)(1H-imidazol-1-yl)methyl]-1,2-benzenediamine dihydrochloride",344,0,16760,179
Organic compounds,Organic nitrogen compounds,Organonitrogen compounds,Ureas,Ureas,"The substance is a disubstituted urea (N,N-dimethylurea connected to an isophorone-derived cyclohexyl group) with an additional N,N-dimethylcarbamoyl amino group, making ureas the most specific applicable classification. Both functional groups are urea-type linkages (N-CO-N).",high,"Urea,N'-[3-[[[(dimethylamino)carbonyl]amino]methyl]-3,5,5-trimethylcyclohexyl]-N,N-dimethyl-",352,0,16760,128
Organic compounds,Benzenoids,Benzene and substituted derivatives,Phenols,Phenols,"Phenol (C6H5OH) is a benzene ring with a hydroxyl group directly attached, making it the archetypal member of the phenols class within benzenoids. It is an organic compound classified under benzene and substituted derivatives at the class level.",high,Phenol,307,0,16760,121
Organic compounds,Organic acids and derivatives,Organic sulfonic acids and derivatives,Organic sulfonic acids and derivatives,Organic sulfonate salts,"Sodium 2-methylprop-2-ene-1-sulphonate is the sodium salt of 2-methylallylsulfonic acid (methallylsulfonic acid), containing a sulfonate group (-SO3Na) attached to an allylic carbon chain. It is an organic sulfonate salt, which is the most specific applicable category.",medium,Sodium 2-methylprop-2-ene-1-sulphonate,323,0,16760,166
Organic compounds,Organoheterocyclic compounds,Triazines,Triazinanes,Trioxanes,"This substance is a triazine-2,4,6-trione (isocyanurate) ring system with three 2,3-epoxypropyl substituents. The core is a 1,3,5-triazinane-2,4,6-trione (isocyanuric acid derivative), which falls under triazinanes; however, the trioxo (three carbonyl) pattern on the triazinane ring makes trioxanes the most specific direct parent for the isocyanurate core.",medium,"1,3,5-tris[(2S and 2R)-2,3-epoxypropyl]-1,3,5-triazine-2,4,6-(1H,3H,5H)-trione",357,0,16760,173
Organic compounds,Organic oxygen compounds,Organooxygen compounds,Ethers,Dialkyl ethers,"Bis(2-methoxyethyl) ether (diglyme) is an organic compound containing an ether linkage between two 2-methoxyethyl groups, making it a dialkyl ether. It belongs to the organooxygen compounds superclass.",high,bis(2-methoxyethyl) ether,316,0,16760,143
Organic compounds,Organohalogen compounds,Organobromides,Halohydrins,Bromohydrins,"2,3-Dibromopropan-1-ol contains both bromine substituents and a hydroxyl group on an aliphatic chain, making it a bromohydrin. It falls under organobromides within organohalogen compounds.",high,"2,3-dibromopropan-1-ol; 2,3-dibromo-1-propanol",331,0,16760,111
Inorganic compounds,Homogeneous non-metal compounds,Homogeneous other non-metal compounds,NA,Non-metal hydroxides,"Deuterium oxide (D2O, heavy water) is an inorganic compound composed solely of deuterium and oxygen, analogous to water (H2O). It falls under inorganic non-metal compounds, and as a non-metal hydroxide/oxide analog, the closest direct parent is Non-metal hydroxides.",medium,Deuterium oxide,309,0,16760,141
Organic compounds,Organoheterocyclic compounds,Azoles,Pyrazoles,Pyrazoles,"This substance contains a pyrazole ring core (1,4-disubstituted pyrazole with a hydroxyl and carboxylate group) bearing an azo linkage to sulfonatophenyl groups, with tetramethylammonium counterions. The dominant heterocyclic scaffold is a pyrazole, making it best classified under pyrazoles in the ChemOnt hierarchy.",medium,tris(tetramethylammonium) 5-hydroxy-1-(4-sulphonatophenyl)-4-(4-sulphonatophenylazo)pyrazole-3-carboxylate,356,0,16760,169
Organic compounds,Organoheterocyclic compounds,Lactones,NA,Phthalic anhydrides,"Phthalic anhydride is a cyclic anhydride formed from phthalic acid, consisting of a benzene ring fused with a five-membered anhydride (diacid anhydride/lactone) ring. It is best classified as a phthalic anhydride within the lactone class of organoheterocyclic compounds.",high,Phthalic anhydride,312,0,16760,145
Organic compounds,Lipids and lipid-like molecules,Steroids and steroid derivatives,Triterpenoids,Triterpene saponins,"Escin (aescin) is a complex mixture of triterpenoid saponins derived from horse chestnut (Aesculus hippocastanum), consisting of a pentacyclic triterpene aglycone (protoaescigenin or barringtogenol C) linked to oligosaccharide chains and acyl groups, classifying it as a triterpene saponin within the lipid/steroid-terpenoid hierarchy.",high,Escin,307,0,16760,176
Organic compounds,Organoheterocyclic compounds,Benzimidazoles,NA,Benzimidazoles,"This compound contains a benzimidazole core fused with a benzopyran (chromene) and pyridine ring system, along with a nitrile group and a diethylamino substituent. The central heterocyclic framework is most specifically classified as a benzimidazole derivative within the organoheterocyclic superclass.",medium,"3-(diethylamino)-7-oxo-7H-[1]benzopyrano[3',2':3,4]pyrido[1,2-a]benzimidazole-6-carbonitrile",356,0,16760,158
Organic compounds,Organic acids and derivatives,Carboxylic acids and derivatives,Dicarboxylic acids and derivatives,Dicarboxylic acids and derivatives,"Dipropylmalonic acid is malonic acid with two propyl substituents on the central carbon, making it a dicarboxylic acid (two carboxylic acid groups). It falls under dicarboxylic acids and derivatives as the most specific applicable subclass.",high,Dipropylmalonic acid,311,0,16760,136
Organic compounds,Hydrocarbon derivatives,Alcohols and polyols,Tertiary alcohols,Tertiary alcohols,"2-methylbut-3-en-2-ol is an organic compound containing a hydroxyl group attached to a tertiary carbon (the central carbon bears two methyl groups and a vinyl group), classifying it as a tertiary alcohol. It is a hydrocarbon derivative due to the oxygen-containing functional group.",high,2-methylbut-3-en-2-ol,317,0,16760,122
Organic compounds,Benzenoids,Benzene and substituted derivatives,NA,Benzenesulfonic acids and derivatives,"This substance is a triarylmethane dye (related to Acid Blue 9 / Brilliant Blue FCF) containing a central sp3 carbon connecting aryl rings, ethyl and benzyl amine substituents, and multiple sulfonate groups on benzyl rings. The dominant functional groups are benzenesulfonate/sulfonic acid moieties attached to benzene rings, placing it under benzenesulfonic acids and derivatives.",medium,"Dihydrogen (ethyl)[4-[4-[ethyl(3-sulphonatobenzyl)amino](4-hydroxy-2-sulphonatobenzhydrylidene]cyclohexa-2,5-dien-1-ylidene](3-sulphonatobenzyl)ammonium, disodium salt",387,0,16760,178
Organic compounds,Organic acids and derivatives,Carboxylic acids and derivatives,Carboxylic acid esters,Benzyl alcohol esters,"Adipic acid dibenzyl ester is a dicarboxylic acid ester formed from adipic acid and two benzyl alcohol moieties, making it a dicarboxylic acid ester with benzyl ester groups. The most specific applicable label from the list for benzyl-derived esters is 'Benzyl alcohol esters' (not present), so the best available is 'Fatty acid esters' — however, checking the list more carefully, 'Carboxylic acid esters' is the class and the direct parent should be 'Dicarboxylic acids and derivatives' at subclass level, with the ester being a benzyl ester.",medium,"adipic acid, dibenzyl ester",313,0,16760,223
Organic compounds,Hydrocarbons,Aromatic hydrocarbons,Polycyclic hydrocarbons,Polycyclic hydrocarbons,"Benzo[k]fluoranthene is a polycyclic aromatic hydrocarbon (PAH) consisting entirely of fused aromatic rings with no heteroatoms or substituents, classifying it as a polycyclic hydrocarbon within aromatic hydrocarbons.",high,Benzo[k]fluoranthene,313,0,16760,126
Organic compounds,Organic nitrogen compounds,Organonitrogen compounds,Hydroxamic acids,Hydroxamic acids,"N-hydroxyoctanamide is a fatty acid hydroxamic acid where the nitrogen of octanoic (caprylic) acid amide bears a hydroxyl group, making it a classic hydroxamic acid (RC(=O)NHOH). This places it under hydroxamic acids as the most specific direct parent.",high,N-hydroxyoctanamide,312,0,16760,131
Organic compounds,Lipids and lipid-like molecules,Fatty Acyls,Fatty alcohols,Secondary alcohols,"This compound is a secondary alcohol (the OH group is at C3 of the hexyl chain) attached to a trimethylcyclohexyl group. It fits best as a secondary alcohol within the lipid-like/fatty alcohol category, though its terpenoid-like cyclohexyl moiety makes it borderline; the secondary alcohol direct parent is the most precise available label.",medium,"rel-1-[(1R,6S)-2,2,6-trimethylcyclohexyl]hexan-3-ol",336,0,16760,167
Organic compounds,Organosulfur compounds,Organic sulfuric acids and derivatives,Sulfuric acid esters,Azo compounds,"This substance contains a naphthalene core with an azo group (-N=N-) linking to a phenyl sulfonyl ethyl sulfate moiety, along with amino and sulfonate groups. The azo linkage is the most defining structural feature for direct parent classification, though the molecule also contains sulfonate/sulfate ester groups; 'Azo compounds' best captures the core chromophore/functional identity.",medium,disodium 4-amino-3-[(4-{[2-(sulfonatooxy)ethyl]sulfonyl}phenyl)diazenyl]naphthalene-1-sulfonate,351,0,16760,179
Organic compounds,Organohalogen compounds,Vinyl halides,Vinyl bromides,Vinyl bromides,"2-bromo-3,3,3-trifluoroprop-1-ene contains a bromine atom attached to a vinyl (C=C) carbon, classifying it as a vinyl bromide. It also contains fluorine atoms on the terminal carbon (CF3 group), but the defining halogen on the double bond is bromine.",high,"2-bromo-3,3,3-trifluoroprop-1-ene",326,0,16760,140
Inorganic compounds,Inorganic salts,Alkali metal salts,NA,Alkali metal sulfites,"Dipotassium disulphite (potassium metabisulfite, K2S2O5) is an inorganic salt formed from two potassium (alkali metal) cations and the disulfite/metabisulfite anion, which is derived from sulfurous acid and classified under alkali metal sulfites in ChemOnt.",high,Dipotassium disulphite,313,0,16760,136
Organic compounds,Organoheterocyclic compounds,Azoles,Pyrazoles,Pyrazoles,"4-(1H-pyrazol-1-yl)piperidine hydrochloride consists of a piperidine ring substituted with a pyrazole ring at the 4-position, present as its hydrochloride salt. The pyrazole moiety is the most characteristically classified heterocyclic component, placing this compound under azoles/pyrazoles in the organoheterocyclic hierarchy.",medium,4-(1H-pyrazol-1-yl)piperidine hydrochloride,326,0,16760,157
Organic compounds,Lipids and lipid-like molecules,Fatty Acyls,Fatty amides,Primary carboxylic acid amides,"Behenamide (docosanamide) is the primary amide of behenic acid (docosanoic acid), a 22-carbon straight-chain saturated fatty acid. It belongs to the fatty amides subclass and is specifically a primary carboxylic acid amide.",high,behenamide,308,0,16760,123
Organic compounds,Phenylpropanoids and polyketides,Coumarins and derivatives,4-hydroxycoumarins,4-hydroxycoumarins,"Bromadiolone contains a 4-hydroxy-2H-chromen-2-one (4-hydroxycoumarin) core, which is the defining structural feature placing it in the coumarins and derivatives class under phenylpropanoids and polyketides. The 4-hydroxycoumarin subclass is the most specific applicable label.",high,bromadiolone (ISO); 3-[3-(4′-bromobiphenyl-4-yl)-3-hydroxy-1-phenylpropyl]-4-hydroxy-2H-chromen-2-one,358,0,16760,144
Organic compounds,Organoheterocyclic compounds,Azoles,Imidazolines,Imidazolines,"Oxymetazoline is an imidazoline derivative with a 4,5-dihydroimidazole ring substituted with a 2,4-dimethyl-6-tert-butylphenol group, classifying it as an organoheterocyclic azoline compound. The imidazoline (4,5-dihydroimidazole) ring system is its defining structural feature.",high,Oxymetazoline,310,0,16760,151
Organic compounds,Organic acids and derivatives,Carboxylic acids and derivatives,Carboxylic acid esters,p-Phthalate esters,"This substance is dipentyl phthalate (1,2-benzenedicarboxylic acid esterified with pentanol isomers), which is an ester of phthalic acid (1,2-benzenedicarboxylic acid). Phthalate esters fall under the direct parent category of p-Phthalate esters in ChemOnt, though technically this is an o-phthalate; however 'p-Phthalate esters' is the available label for phthalate diesters in the taxonomy.",medium,"1,2-Benzenedicarboxylic acid, dipentyl ester, branched and linear",328,0,16760,203
Organic compounds,Benzenoids,Benzene and substituted derivatives,Ketones,Aryl ketones,"Cyflumetofen is an acaricide containing a benzene ring with a trifluoromethyl group and a ketone functional group connecting aromatic and aliphatic portions; its core structure is best described as an aryl ketone (benzoylacetonitrile derivative). The compound has a benzoyl group attached to a substituted carbon, making aryl ketones the most appropriate direct parent.",medium,Cyflumetofen,310,0,16760,172
Organic compounds,Organometallic compounds,Organotransition metal compounds,NA,Organic metal salts,"This substance is the disodium salt of a manganese(II) complex with EDTA (ethylenediaminetetraacetate), where manganese is coordinated to the organic chelating ligand. It falls under organometallic/organotransition metal compounds as a metal-organic coordination complex, and most specifically as an organic metal salt (transition metal chelate with carboxylate ligands).",medium,"Disodium [[N,N'-ethylenebis[N-(carboxymethyl)glycinato]](4-)-N,N',O,O',ON,ON']manganate(2-)",353,0,16760,171
Organic compounds,Benzenoids,Naphthalenes,Naphthoquinones,Naphthoquinones,"Quinoclamine (2-amino-3-chloro-1,4-naphthoquinone) is a naphthoquinone derivative featuring a naphthalene ring system with two ketone groups at the 1 and 4 positions, an amino group at position 2, and a chloro substituent at position 3. It is best classified as a naphthoquinone within the naphthalene superstructure.",high,Quinoclamine,308,0,16760,185
NA,NA,NA,NA,NA,JSON parse error: Expecting value: line 1 column 1 (char 0),low,T001484,307,0,16760,300
Organic compounds,Organosulfur compounds,Thioamides,Thiocarbamic acid derivatives,Thiocarbamic acid esters,"Vernolate (S-propyl dipropylthiocarbamate) is a thiocarbamate herbicide where the carbonyl is linked to sulfur via an S-propyl ester and the nitrogen bears two propyl groups, making it a thiocarbamic acid ester (S-ester of a thiocarbamate).",high,vernolate (ISO); S-propyl dipropylthiocarbamate,322,0,16760,149
Organic compounds,Lipids and lipid-like molecules,Prenol lipids,Monoterpenoids,Bicyclic monoterpenoids,"This compound is a sesquiterpene-like alcohol featuring a cyclopentene ring with gem-dimethyl and methyl substituents connected to a butenol chain, consistent with a bicyclic monoterpenoid (campholenic-type) scaffold bearing an allylic alcohol. It is classified under prenol lipids as a bicyclic monoterpenoid.",medium,"2-methyl-4-(2,2,3-trimethyl-3-cyclopenten-1-yl)-2-buten-1-ol",340,0,16760,171
Organic compounds,Organoheterocyclic compounds,Benzimidazoles,NA,Benzimidazoles,"1,3-dihydro-5,6-diamino-2H-benzimidazol-2-one is a benzimidazole core with a 2-one (urea-like) moiety and two amino substituents on the benzene ring, fitting directly within the benzimidazoles class under organoheterocyclic compounds.",high,"1,3-dihydro-5,6-diamino-2H-benzimidazol-2-one",331,0,16760,134
Organic compounds,Hydrocarbon derivatives,Organonitrogen compounds,NA,Isocyanates,"4-methyl-m-phenylene diisocyanate (toluene-2,4-diisocyanate, TDI) is an aromatic organic compound bearing two isocyanate (-N=C=O) functional groups on a toluene ring, making isocyanates the most specific applicable classification. It falls under organonitrogen compounds as a hydrocarbon derivative.",high,4-methyl-m-phenylene diisocyanate,318,0,16760,166
Organic compounds,Lipids and lipid-like molecules,Steroids and steroid derivatives,Pregnane steroids,Pregnane steroids,"This substance is a pregnane-type steroid (20-carbon C21 steroid backbone with a pregn-4-en-3-one core), bearing a 17α-hydroxyl group, a 2-(hydroxymethylene) substituent, and a 20-ynyl group (ethynyl at C20), consistent with the pregnane steroid class. The most specific available ChemOnt label matching this scaffold is 'Pregnane steroids'.",high,17α-hydroxy-2-(hydroxymethylene)pregn-4-en-20-yn-3-one,331,0,16760,176
Organic compounds,Hydrocarbons,Aromatic hydrocarbons,NA,Indenes and isoindenes,"6-fluoro-2-methyl-3-(4-methylthiobenzyl)indene is an indene derivative featuring a fluorine substituent on the benzene ring, a methyl group on the five-membered ring, and a 4-(methylthio)benzyl substituent. The core scaffold is an indene (bicyclic compound with a benzene ring fused to a cyclopentadiene), placing it under Indenes and isoindenes. Note that the fluorine and thioether substituents are secondary features; the primary scaffold classification is the indene system.",medium,6-fluoro-2-methyl-3-(4-methylthiobenzyl)indene,327,0,16760,213
Organic compounds,Organic acids and derivatives,Carboxylic acids and derivatives,"Amino acids, peptides, and analogues","Amino acids, peptides, and analogues","Sodium calcium edetate is the sodium-calcium complex salt of ethylenediaminetetraacetic acid (EDTA), which is a polyaminocarboxylic acid. EDTA is best classified as an amino acid derivative (specifically a polyamino polycarboxylic acid), and as a metal chelate salt it falls under organic acids and derivatives with amino acid character.",medium,Sodium calcium edetate,310,0,16760,180
Organic compounds,Benzenoids,Benzene and substituted derivatives,Phenol ethers,Diphenylethers,"p-Phenoxybenzoic acid consists of a benzoic acid group para-substituted with a phenoxy group, forming a diaryl ether (diphenyl ether) scaffold with a carboxylic acid substituent. The ether linkage between two phenyl rings classifies it as a diphenyl ether derivative.",high,p-phenoxybenzoic acid,313,0,16760,131
Inorganic compounds,Homogeneous non-metal compounds,Homogeneous other non-metal compounds,NA,Homogeneous other non-metal compounds,"Carbon monoxide (CO) is a simple inorganic molecule composed of carbon and oxygen, two non-metal elements, with no organic carbon framework. It falls under homogeneous non-metal compounds as a pure non-metal compound.",medium,carbon monoxide,307,0,16760,123
Organic compounds,Organoheterocyclic compounds,Piperidines,Piperidines,Piperidines,"Piperidine is a six-membered saturated heterocyclic ring containing one nitrogen atom and five carbon atoms, which is the defining structure of the piperidine class. It fits squarely within organoheterocyclic compounds at the superclass level.",high,piperidine,308,0,16760,128
Organic compounds,Lipids and lipid-like molecules,Fatty Acyls,Fatty acid esters,Fatty acid esters,"Ascorbyl palmitate is an ester formed from ascorbic acid (vitamin C) and palmitic acid (a C16 fatty acid), making it a fatty acid ester within the fatty acyls class of lipids. The palmitate portion is a long-chain fatty acid esterified to the ascorbic acid moiety.",high,ascorbyl palmitate,309,0,16760,161
Organic compounds,Benzenoids,Benzene and substituted derivatives,Phenols,Resorcinols,"Resorcinol (1,3-benzenediol) is a dihydroxybenzene with two hydroxyl groups in meta positions on a benzene ring, which directly corresponds to the 'Resorcinols' classification in ChemOnt.",high,Resorcinol,309,0,16760,111
Organic compounds,Organic oxygen compounds,Oxacyclic compounds,Oxanes,Oxanes,"Both components are tetrahydropyran (oxane) ring systems bearing an acetoxy group and a propyl substituent. The core heterocyclic ring is an oxane (tetrahydro-2H-pyran), making Oxanes the most specific applicable direct parent for this mixture of cis/trans isomers.",high,A mixture of: trans-4-acetoxy-4-methyl-2-propyl-tetrahydro-2H-pyran; cis-4-acetoxy-4-methyl-2-propyl-tetrahydro-2H-pyran,364,0,16760,122
Organic compounds,Organic acids and derivatives,Carboxylic acids and derivatives,Carboxylic acid derivatives,Carbamate esters,"Iprovalicarb is a fungicide with a carbamate ester functional group (an isopropyl carbamate), making carbamate esters the most specific applicable classification. It contains an aromatic ring and amino acid-derived backbone but the defining functional group is the carbamate ester linkage.",high,Iprovalicarb,310,0,16760,128
Organic compounds,Hydrocarbon derivatives,Organohalogen compounds,Organochlorides,Phenoxyacetic acid derivatives,"Mecoprop is 2-(4-chloro-2-methylphenoxy)propionic acid, a chlorinated phenoxy propionic acid herbicide. It contains a chlorine-substituted phenoxy group attached to a propionic acid, making it an organochloride and specifically a phenoxyacetic acid derivative (phenoxypropanoic acid class falls under phenoxyacetic acid derivatives in ChemOnt).",medium,mecoprop (ISO); (RS)-2-(4-chloro-o-tolyloxy)propionic acid; [1]; 2-(4-chloro-2-methylphenoxy)propionic acid [2],356,0,16760,155
Organic compounds,Organohalogen compounds,Organochlorides,Vinyl chlorides,Pyrethroids,"Tefluthrin is a synthetic pyrethroid insecticide containing a cyclopropane carboxylate ester core with chlorine and fluorine substituents; it is classified as a pyrethroid in the phenylpropanoids/polyketides-related class but more precisely fits under pyrethroids as the direct parent. As an organohalogen compound with chloro-vinyl substituents, Organochlorides/Vinyl chlorides fits the class level.",medium,Tefluthrin,309,0,16760,157
Organic compounds,Organic oxygen compounds,Organooxygen compounds,Phenol ethers,Phenol ethers,"3,5-Diiodothyronine is a thyroid hormone consisting of a tyrosine-derived amino acid backbone with a diaryl ether linkage between two iodinated phenol rings, making it a phenol ether. It also bears an amino acid moiety and iodo substituents, but the defining structural feature at the direct parent level is the aryl ether (diphenyl ether) core.",medium,"3,5-diiodothyronine",315,0,16760,176
Organic compounds,Organoheterocyclic compounds,Epoxides,Epoxides,Epoxides,"1,6-hexanediol diglycidyl ether contains two glycidyl ether groups, each featuring a three-membered cyclic ether (epoxide/oxirane) ring, making epoxides the most specific applicable classification. The compound is an organic molecule with oxirane (epoxide) functional groups linked via ether bridges to a hexanediol backbone.",high,"1,6 hexanediol diglycidyl ether",319,0,16760,167
Organic compounds,Organonitrogen compounds,Organonitrogen compounds,NA,N-silyl compounds,"N-tert-Butyltrimethylsilylamine is an organic compound featuring a nitrogen atom directly bonded to a silicon atom (trimethylsilyl group), classifying it as an N-silyl compound within organonitrogen compounds.",high,N-tert-Butyltrimethylsilylamine,319,0,16760,107
Organic compounds,Hydrocarbons,Unsaturated hydrocarbons,Cyclic olefins,Cyclic olefins,"Cyclohexadeca-1,9-diene is a 16-membered carbocyclic ring containing two carbon-carbon double bonds, making it a cyclic, unsaturated hydrocarbon (cyclic olefin) with no heteroatoms or functional groups.",high,"cyclohexadeca-1,9-diene",316,0,16760,133
Organic compounds,Organic nitrogen compounds,Organonitrogen compounds,Amines,Primary aromatic amines,"o-Phenylenediamine dihydrochloride is the dihydrochloride salt of 1,2-diaminobenzene, which bears two primary aromatic amine groups on a benzene ring; as an organic compound with primary aromatic amine functionality, it best fits the primary aromatic amines direct parent category.",high,o-phenylenediamine dihydrochloride,317,0,16760,127
Organic compounds,Organosulfur compounds,Thioethers,NA,Thioethers,"Benfuracarb contains a sulfur atom linking two nitrogen-containing groups (an N-S-N sulfenyl-type linkage), and the core structural feature is an organosulfur thioether connecting a carbamate-derived nitrogen to an aminothio group. The benzofuran ring system and carbamate/ester functionalities are present, but the defining structural motif placing it in ChemOnt classification is the thioether (C-S-C or N-S-N) linkage characteristic of this pesticide class.",low,"benfuracarb (ISO); ethyl N-[2,3-dihydro-2,2-dimethylbenzofuran-7-yloxycarbonyl(methyl)aminothio]-N-isopropyl- β-alaninate",366,0,16760,200
Organic compounds,Organic acids and derivatives,Carboxylic acids and derivatives,NA,Organic salts,"Potassium 4,6-dinitro-o-cresolate is the potassium salt of DNOC (4,6-dinitro-2-methylphenol), where the phenolate oxygen forms a salt with potassium. As an organic salt of a phenol (phenoxide), it is best classified as an organic salt. The parent compound is a nitrophenol, but as a metal phenolate salt, the direct parent is organic salts.",medium,"potassium salt of DNOC; potassium 4,6-dinitro-o-cresolate",330,0,16760,169
Organic compounds,Lipids and lipid-like molecules,Steroids and steroid derivatives,Androgens and derivatives,Androgens and derivatives,"3-oxoandrost-4-ene-17β-carboxylic acid is a steroidal compound based on the androstane skeleton with a 3-oxo group and a delta-4 double bond, classifying it as an androgen/androgen derivative. The carboxylic acid at C-17 is a substituent on the androstane steroid core.",high,3-oxoandrost-4-ene-17β-carboxylic acid,324,0,16760,158
Inorganic compounds,Mixed metal/non-metal compounds,Miscellaneous mixed metal/non-metals,NA,Miscellaneous mixed metal/non-metals,"Lead styphnate is the lead salt of styphnic acid (2,4,6-trinitroresorcinol), where lead coordinates with the oxygen atoms of the resorcinol ring. As an inorganic lead salt of an organic acid, it fits best under mixed metal/non-metal compounds; however, it could also be considered an organic lead salt, but its primary classification as an inorganic explosive primary initiator places it in mixed metal/non-metal compounds.",low,"lead 2,4,6-trinitro-m-phenylene dioxide; lead 2,4,6-trinitroresorcinoxide; lead styphnate",343,0,16760,196
Organic compounds,Organohalogen compounds,Alkyl halides,Organobromides,Halomethanes,"Methyl bromide (CH3Br) is a simple organic compound consisting of a methyl group bonded to a bromine atom, making it an alkyl halide and specifically an organobromide. As a single-carbon bromomethane, it falls under the halomethanes direct parent category.",high,Methyl bromide,309,0,16760,134
Organic compounds,Organic nitrogen compounds,Organonitrogen compounds,Amines,Dialkylarylamines,"N,N'-bis(1,4-dimethylpentyl)-phenylenediamine is a p-phenylenediamine derivative where each nitrogen bears two alkyl substituents (one being the 1,4-dimethylpentyl group and one being the aryl ring nitrogen), making each amine a secondary alkyl-aryl amine; the compound is best described as a dialkylarylamine. The core structure is a benzene ring with two secondary amine groups substituted with branched alkyl chains.",medium,"N,N'-bis(1,4-dimethylpentyl)-phenylenediamine",326,0,16760,199
Organic compounds,Organic nitrogen compounds,Organonitrogen compounds,Nitriles,Nitriles,"Methacrylonitrile (2-methylpropenenitrile) is an organic compound containing a nitrile (C≡N) functional group attached to a vinyl/alkene carbon, classifying it as a nitrile under organonitrogen compounds.",high,Methacrylonitrile,312,0,16760,140
Organic compounds,Organic acids and derivatives,Carboxylic acids and derivatives,Carboxylic acid derivatives,Tertiary carboxylic acid amides,"The compound contains a central acetamide group (carboxylic acid derivative) where the nitrogen bears two substituents (a pyrazolyl ring and a thiophen-2-ylmethyl group), making it a tertiary carboxylic acid amide. The molecule also features a 4-methylphenoxy group connected via an ether linkage to the acetyl carbon, along with heteroaromatic rings (pyrazole and thiophene).",high,2-(4-methylphenoxy)-N-(1H-pyrazol-3-yl)-N-[(thiophen-2-yl)methyl]acetamide,345,0,16760,195
Inorganic compounds,Mixed metal/non-metal compounds,Inorganic oxides,NA,Inorganic oxides,"Chromium(III) oxide (Cr2O3) is an inorganic compound consisting of a transition metal (chromium) combined with oxygen, classifying it as an inorganic oxide. It does not contain carbon, so it falls under inorganic compounds.",high,C.I. Pigment Green 17 (or: chromium(III)oxide; C.I. No. 77288),334,0,16760,125
Organic compounds,Benzenoids,Benzene and substituted derivatives,Sulfonyls,Sulfones,"2-Chloro-1-methyl-4-(methylsulfonyl)-benzene is a benzene ring substituted with a chloro group, a methyl group, and a methylsulfonyl (methanesulfonyl) group; the most specific functional group is the sulfone (R-SO2-R') moiety. It also bears aryl halide and organochloride character, but the sulfone is the most defining direct parent.",medium,2-Chloro-1-methyl-4-(methylsulfonyl)-benzene,325,0,16760,153
Organic compounds,Organoheterocyclic compounds,Azoles,Tetrazoles,Phenyltetrazoles and derivatives,"5-phenyl-1H-tetrazole is a tetrazole ring (a five-membered ring containing four nitrogen atoms) substituted with a phenyl group at the 5-position, making it a phenyltetrazole derivative. It belongs to the azole class within organoheterocyclic compounds.",high,5-phenyl-1H-tetrazole,315,0,16760,138
Organic compounds,Organoheterocyclic compounds,Azacyclic compounds,Piperazines,Piperazines,2-piperazin-1-ylethanol is an organic compound containing a piperazine ring (a six-membered ring with two nitrogen atoms) substituted with a 2-hydroxyethyl group. The most specific classification is piperazines within azacyclic compounds.,high,2-piperazin-1-ylethanol,316,0,16760,122
Organic compounds,Organohalogen compounds,Organochlorides,Alkyl halides,Halomethanes,"Dichloromethane (CH2Cl2) is an organic compound containing two chlorine atoms attached to a single carbon (methane backbone), making it an organochloride and specifically a halomethane. It fits the alkyl halide class and the most specific direct parent is halomethanes.",high,dichloromethane; methylene chloride,314,0,16760,122
Inorganic compounds,Inorganic salts,Mixed metal/non-metal compounds,NA,Transition metal phosphates,"Tricopper bis(orthophosphate) is Cu3(PO4)2, an inorganic salt formed from copper (a transition metal) and phosphate anions, making it a transition metal phosphate. It fits under inorganic salts as a mixed metal/non-metal compound.",high,Tricopper bis(orthophosphate),314,0,16760,121
Organic compounds,Benzenoids,Benzene and substituted derivatives,Methoxybenzenes,Acyl chlorides,"3,4,5-Trimethoxybenzoyl chloride is a benzoic acid derivative where the carboxylic acid has been converted to an acyl chloride, and the benzene ring bears three methoxy substituents. While it is a methoxybenzene, the most specific functional group characterizing this molecule is the acyl chloride (acid chloride) moiety.",high,"3,4,5-trimethoxybenzoyl chloride",319,0,16760,170
Organic compounds,Lipids and lipid-like molecules,Fatty Acyls,NA,Pyrethroids,"This substance is lambda-cyhalothrin (or a related mixture), a synthetic pyrethroid insecticide composed of a cyclopropanecarboxylate ester with a cyano-3-phenoxybenzyl alcohol moiety and a trifluoromethyl/chloro-substituted propenyl group, fitting the pyrethroid class. Pyrethroids are classified under Fatty Acyls in ChemOnt due to their cyclopropane carboxylate ester structure.",high,"A mixture of: α-cyano-3-phenoxybenzyl (Z)-(1R,3R)-[(S)-3-(2-chloro-3,3,3-trifluoro-prop-1-enyl)]-2,2-dimethylcyclopropanecarboxylate; α-cyano-3-phenoxybenzyl (Z)-(1S,3S)-[(R)-3-(2-chloro-3,3,3-trifluoro-prop-1-enyl)]-2,2-dimethylcyclopropanecarboxylate",443,0,16760,200
Organic compounds,Organosilicon compounds,Siloxanes,Siloxanes,Siloxanes,"Decamethyltetrasiloxane is a linear siloxane composed of four silicon atoms connected by Si-O-Si linkages with methyl substituents, making it a classic siloxane compound. It fits directly under the Siloxanes class within organosilicon compounds.",high,Decamethyltetrasiloxane,314,0,16760,126
Organic compounds,Organohalogen compounds,Organochlorides,Aryl chlorides,Trifluoromethylbenzenes,"4-Chloro-α,α,α-trifluorotoluene (4-chlorobenzotrifluoride) is a benzene ring substituted with a chlorine atom and a trifluoromethyl group. It contains both an aryl chloride and a trifluoromethyl group on a benzene ring, making 'Trifluoromethylbenzenes' the most specific direct parent label.",high,"4-chloro-α,α,α-trifluorotoluene",322,0,16760,190
Organic compounds,Organic acids and derivatives,Carboxylic acids and derivatives,"Amino acids, peptides, and analogues",Glutamic acid and derivatives,"Tetrasodium N,N-bis(carboxylatomethyl)-L-glutamate is a tetrasodium salt of an N,N-diacetic acid derivative of L-glutamic acid, making it a glutamic acid derivative. The core structure is a glutamate amino acid with two carboxymethyl groups on the nitrogen, classifying it under amino acids and derivatives within carboxylic acids.",high,"Tetrasodium N,N-bis(carboxylatomethyl)-L-glutamate",327,0,16760,156
Inorganic compounds,Inorganic salts,Alkali metal salts,Alkali metal borates,Alkali metal borates,"Sodium peroxometaborate (NaBO3) is an inorganic salt composed of a sodium cation and a peroxoborate anion, classifying it as an alkali metal borate salt. It falls under inorganic salts as it is an ionic compound with no organic carbon framework.",high,sodium peroxometaborate,310,0,16760,155
Organic compounds,Benzenoids,Benzene and substituted derivatives,Biphenyls and derivatives,Biphenyls and derivatives,"The compound is a biphenyl derivative featuring a tert-butyl ester (carboxylate) on one ring and a bromomethyl group on the other ring. The core scaffold is a biphenyl system, making 'Biphenyls and derivatives' the most specific applicable parent in the ChemOnt taxonomy.",high,"1,1-dimethylethyl 4'-(bromomethyl)biphenyl-2-carboxylate",332,0,16760,160
Organic compounds,Organic acids and derivatives,Carboxylic acids and derivatives,Carboxylic acid esters,Enoate esters,"Dodecyl methacrylate is an ester of methacrylic acid (an alpha,beta-unsaturated carboxylic acid) and 1-dodecanol, making it an enoate ester (an ester of an alpha,beta-unsaturated acid). It falls under carboxylic acid esters within the carboxylic acids and derivatives class.",high,dodecyl methacrylate,312,0,16760,176
Organic compounds,Lipids and lipid-like molecules,Steroids and steroid derivatives,Steroids and steroid derivatives,Oxosteroids,"This compound is a steroidal ketone (17'-one) with a cyclopenta[a]phenanthrene core typical of steroids, an epoxy bridge (5,10-epoxy), and a spiro-fused 1,3-dioxolane ring (ketal protecting group). The core is a steroid with an oxo group, classifying it as an oxosteroid.",medium,"(5´R,8´S,10´R,13´S,14´S)-13´-methyl-1´,2´,6´,7´8´,12´,13´,14´,15´,16´-decahydro-17´H-spiro[1,3-dioxolane-2,3´-[5,10]epoxycyclopenta[a]phenantren]-17´-one",407,0,16760,178
Organic compounds,Benzenoids,Benzene and substituted derivatives,Phenols,Cyclohexylphenols,"This substance is a phenol (2,6-di-tert-butylphenol) with a trans-4-propylcyclohexyl substituent at the 4-position of the benzene ring, making it a cyclohexyl-substituted phenol. The core structure is a benzene ring bearing a hydroxyl group and cyclohexyl substituent, classifying it as a cyclohexylphenol.",high,"Phenol, 2,6-di-tert-butyl-, 4-(trans-4-propylcyclohexyl)-",336,0,16760,181
Organic compounds,Organosulfur compounds,Thioethers,Dialkylthioethers,Dialkylthioethers,"Thiodiglycol (2,2'-thiodiethanol) is a symmetric thioether with two hydroxyethyl groups connected via a sulfur atom, making it a dialkyl thioether. The hydroxyl groups are secondary features but the core classification is driven by the C-S-C thioether linkage.",high,"2,2'-thiodiethanol; thiodiglycol",320,0,16760,147
Organic compounds,Benzenoids,Benzene and substituted derivatives,Benzenesulfonic acids and derivatives,Aminobenzenesulfonamides,"Sulphanilic acid (4-aminobenzenesulfonic acid) is a benzene ring substituted with both an amino group (-NH2) at the para position and a sulfonic acid group (-SO3H). It belongs to the benzenesulfonic acids and derivatives class; however, considering the amino substitution on the benzene ring bearing a sulfonyl group, the most specific direct parent is aminobenzenesulfonamides — though strictly it is an aminobenzenesulfonic acid. The best available label is Aminobenzenesulfonamides as the most specific match for an amino-substituted benzenesulfonyl compound.",medium,sulphanilic acid; 4-aminobenzenesulphonic acid,322,0,16760,210
Organic compounds,Organic acids and derivatives,Carboxylic acids and derivatives,Acyl halides,Acyl chlorides,"Cyclobutanecarbonyl chloride is a cyclobutane ring bearing a carbonyl chloride (acid chloride) functional group, making it an acyl chloride — a subclass of acyl halides under carboxylic acid derivatives.",high,Cyclobutanecarbonyl chloride,315,0,16760,113
Organic compounds,Organonitrogen compounds,Organonitrogen compounds,NA,N-silyl compounds,"Silanamine, N,N-Disilyl (tris(trimethylsilyl)amine or similar N,N-disilylsilanamine) is an organosilicon compound where nitrogen is bonded to silicon atoms, classifying it as an N-silyl compound. It falls under organonitrogen compounds as the nitrogen atom is the heteroatom connecting the silyl groups.",medium,"Silanamine, N,N-Disilyl",317,0,16760,174
Organic compounds,Benzenoids,Naphthalenes,NA,Naphthalenes,"1,8-naphthylenediamine is a naphthalene derivative with two amino groups at the 1 and 8 positions of the naphthalene ring system. It falls under naphthalenes as a substituted naphthalene; while it is also an amine, the naphthalene core is the primary structural feature classified in ChemOnt.",medium,"1,8-naphthylenediamine",315,0,16760,132
Organic compounds,Organoheterocyclic compounds,Indoles and derivatives,Indoles and derivatives,Indoles and derivatives,"The substance is methyl 2-oxoindoline-6-carboxylate (an oxindole/2-oxoindoline), which is a bicyclic compound containing a benzene ring fused to a lactam (2-oxo-2,3-dihydroindole). This falls under indoles and derivatives in the organoheterocyclic compounds superclass.",medium,"2-Oxo-2,3-dihydro-1H-indol-6-carbonsäuremethylester",334,0,16760,154
Organic compounds,Benzenoids,Benzene and substituted derivatives,Phenols,Phenols,"4-tert-octylphenol (4-(1,1,3,3-tetramethylbutyl)phenol) is a benzene ring bearing a hydroxyl group (phenol) and a bulky tert-octyl substituent; it fits squarely within the phenols class of benzene and substituted derivatives.",high,"4-(1,1,3,3-tetramethylbutyl)phenol; 4-tert-octylphenol",335,0,16760,126
Organic compounds,Organoheterocyclic compounds,Azoles,Imidazoles,Imidazoles,"α-methyl-1H-imidazole-1-ethanol contains an imidazole ring (a five-membered nitrogen-containing heterocycle) with a 1-(1-hydroxyethyl) substituent on nitrogen, making it an imidazole derivative. The hydroxyl group is a secondary alcohol substituent but the core heterocyclic system places it in the imidazole class.",high,α-methyl-1H-imidazole-1-ethanol,321,0,16760,146
Organic compounds,Benzenoids,Benzene and substituted derivatives,Methoxybenzenes,Hydroxybenzaldehydes,"4-hydroxy-3,5-dimethoxybenzaldehyde (syringaldehyde) is a benzene ring bearing a hydroxyl group, two methoxy substituents, and an aldehyde group; the most specific descriptor is hydroxybenzaldehyde since the aldehyde on a hydroxylated benzene ring defines its direct parent class.",high,"4-hydroxy-3,5-dimethoxybenzaldehyde",321,0,16760,149
Organic compounds,Organic acids and derivatives,Organic sulfonic acids and derivatives,Organic sulfate salts,Organic sulfate salts,"This substance is a potassium salt of a sulfonate-bearing aromatic compound (benzenesulfonate group) with an amide-linked chain terminating in a methacrylamide. The anionic sulfonate group paired with potassium cation classifies it as an organic sulfonate/sulfate salt; however, the most fitting available label given the sulfonyl group on the benzene ring and the salt nature is 'Organic sulfate salts'. The compound contains a benzenesulfonate moiety forming a potassium salt, placing it under organic sulfonic acids and derivatives.",medium,Potassium 4-(11-methacrylamidoundecanamido)benzenesulfonate,329,0,16760,216
Organic compounds,Organic acids and derivatives,Carboxylic acids and derivatives,Carboxylic acid esters,Benzoic acid esters,"Nonylbenzoate is the ester of benzoic acid with nonanol (branched and linear mixture). This places it as a benzoic acid ester, which is a carboxylic acid ester under carboxylic acids and derivatives.",high,"Nonylbenzoate, branched and linear",315,0,16760,118
Inorganic compounds,Mixed metal/non-metal compounds,Post-transition metal oxoanionic compounds,Post-transition metal stannates,Post-transition metal stannates,"Disodium tin trioxide (Na2SnO3) is an inorganic salt composed of sodium cations and the stannate anion (SnO3^2-), where tin acts as a post-transition metal in an oxoanion. It falls under post-transition metal oxoanionic compounds as a stannate salt.",medium,Disodium tin trioxide,311,0,16760,154
Organic compounds,Hydrocarbon derivatives,Azobenzenes,NA,Azobenzenes,"This substance contains two azo (-N=N-) linkages connecting benzene rings (azobenzene motifs), along with sulfonyl, sulfonate, and dihydropyridine substituents. The dominant and most structurally defining feature is the azobenzene framework, making Azobenzenes the most appropriate direct parent classification.",medium,"Disodium {sulfonylbis[4,1-phenylenediazene-2,1-diyl(1-ethyl-6-hydroxy-4-methyl-2-oxo-1,2-dihydropyridine-5,3-diyl)]}dimethanesulfonate",378,0,16760,153
Organic compounds,Organic nitrogen compounds,Organonitrogen compounds,Nitramines,Nitramines,"2-(methylnitroamino)ethyl nitrate contains an N-nitroso/nitramine group (N-NO2) on the methylamino nitrogen and an organic nitrate ester on the ethyl chain. The dominant functional group is the nitramine (N-nitro), making 'Nitramines' the most specific applicable direct parent.",medium,2-(methylnitroamino)ethyl nitrate,316,0,16760,160
Organic compounds,Organosulfur compounds,Organic sulfonic acids and derivatives,Sulfonyls,Sulfonyls,"This substance contains a nonafluorobutylsulfonyl group (perfluoroalkylsulfonyl) attached via a nitrogen (sulfonamide linkage) and an acrylate ester group. The defining functional group is the sulfonyl/sulfonamide moiety from the perfluorobutylsulfonic acid derivative, placing it under organosulfur compounds and sulfonyls as the most specific direct parent available in the taxonomy.",medium,2-[methyl[(nonafluorobutyl)sulphonyl]amino]ethyl acrylate,331,0,16760,187
Organic compounds,Organic nitrogen compounds,Organonitrogen compounds,Amines,Tertiary amines,"Triisopropanolamine is tris(2-hydroxypropyl)amine, a tertiary amine where the nitrogen bears three 2-hydroxypropyl groups. It is an organic nitrogen compound classified as a tertiary amine.",high,triisopropanolamine,311,0,16760,107
Organic compounds,Organoheterocyclic compounds,Azoles,Pyrazoles,Pyrazoles,"This compound contains a 1-methylpyrazole ring bearing a sulfonamide group and a 2-methyl-2H-tetrazol-5-yl substituent. The core heterocyclic scaffold is a pyrazole (5-membered nitrogen-containing ring), making it best classified under azoles/pyrazoles in the organoheterocyclic superclass.",medium,"1H-Pyrazole-5-sulfonamide, 1-methyl-4-(2-methyl-2H-tetrazol-5-yl)-",344,0,16760,168
Organic compounds,Lipids and lipid-like molecules,Prenol lipids,Monoterpenoids,Pyrethroids,"Bioresmethrin is a synthetic pyrethroid insecticide derived from chrysanthemic acid (a monoterpenoid cyclopropane carboxylic acid) esterified with a benzyl furanmethanol, placing it firmly in the pyrethroid subclass of monoterpenoid-based lipids. It shares the characteristic cyclopropane carboxylate ester structure common to all pyrethroids.",high,Bioresmethrin,310,0,16760,180
Organic compounds,Benzenoids,Benzene and substituted derivatives,Benzoic acids and derivatives,Benzoic acid esters,"Methyl 4-bromomethyl-3-methoxybenzoate is a benzene ring bearing a methyl ester group (making it a benzoic acid ester), a methoxy substituent, and a bromomethyl substituent. The most defining functional group for classification is the benzoic acid methyl ester moiety.",high,Methyl 4-bromomethyl-3-methoxybenzoate,323,0,16760,165
Organic compounds,Organoheterocyclic compounds,Azacyclic compounds,Piperazines,Piperazines,"N,N'-bis(3-aminopropyl)piperazine contains a piperazine ring (a six-membered ring with two nitrogen atoms) substituted at both nitrogen atoms with 3-aminopropyl chains, making piperazines the most specific applicable class.",high,"N,N'-bis(3-aminopropyl)piperazine",321,0,16760,133
Organic compounds,Organoheterocyclic compounds,Azacyclic compounds,NA,Triazinones,"Troclosene sodium (sodium dichloroisocyanurate) is the sodium salt of dichloroisocyanuric acid, which is a chlorinated triazinetrione (isocyanurate). The core structure is a triazine ring with oxo substituents, classifying it as a triazinone; the dihydrate indicates water of crystallization but does not change the organic classification.",medium,"troclosene sodium, dihydrate",313,0,16760,143
Organic compounds,Organosulfur compounds,Sulfonyls,Sulfonylureas,Pyrimidinyl-2-sulfonylureas,Nicosulfuron is a sulfonylurea herbicide containing a pyrimidine ring connected via a sulfonylaminocarbonyl (sulfonylurea) bridge to a pyridine ring with dimethylcarbamoylmethoxy substituents. The pyrimidine-2-sulfonylurea moiety is the defining structural feature.,high,Nicosulfuron,310,0,16760,141
Organic compounds,Benzenoids,Benzene and substituted derivatives,Benzene and substituted derivatives,Aryl-aldehydes,β-methyl-3-(1-methylethyl)benzenepropanal is an aromatic aldehyde — a benzene ring bearing an isopropyl substituent and a propanal side chain with a beta-methyl group. The aldehyde functionality attached to the aryl-containing chain classifies it as an aryl-aldehyde within the benzenoid/benzene substituted derivatives hierarchy.,medium,β-methyl-3-(1-methylethyl)benzenepropanal,322,0,16760,178
Organic compounds,Organic nitrogen compounds,Organonitrogen compounds,Amines,Dialkylamines,"Cyclohexyl(methyl)amine is a secondary amine with two alkyl substituents (a cyclohexyl group and a methyl group) attached to the nitrogen atom, making it a dialkylamine. It contains no aromatic rings or other heteroatoms beyond the nitrogen.",high,Cyclohexyl(methyl)amine,315,0,16760,129
Organic compounds,Organic nitrogen compounds,Organonitrogen compounds,Amines,Monoalkylamines,"Amantadine hydrochloride is the hydrochloride salt of amantadine (1-adamantylamine), a primary aliphatic amine with a tricyclic adamantane scaffold. As a monoalkylamine salt, its direct parent is best described as monoalkylamines within the organonitrogen/amines hierarchy.",high,Amantadine hydrochloride,313,0,16760,145
Organic compounds,Organic oxygen compounds,Organooxygen compounds,Alcohols and polyols,"1,2-diols","Butane-2,3-diol is a four-carbon diol with two adjacent hydroxyl groups on carbons 2 and 3, making it a vicinal diol (1,2-diol). It is an organic oxygen compound classified under alcohols and polyols.",high,"Butane-2,3-diol",314,0,16760,118
Inorganic compounds,Mixed metal/non-metal compounds,Alkaline earth metal salts,Alkaline earth metal phosphonates,Alkaline earth metal phosphonates,"Calcium hydrogen phosphonate is a salt formed from calcium (alkaline earth metal) and phosphonate (HPO3^2-) anion, placing it among alkaline earth metal phosphonates. It is an inorganic compound containing a metal cation paired with a non-metal oxoanion.",medium,Calcium hydrogen phosphonate,309,0,16760,164
Organic compounds,Organoheterocyclic compounds,Indoles and derivatives,NA,Indoles and derivatives,"This substance contains a pyrrolo[2,3-b]pyridine (7-azaindole) core, which is an indole-type bicyclic heterocycle fused with a pyridine ring, making it an indole derivative. The molecule also bears a sulfonamide group, a dichlorobenzoyl group, and a difluorophenyl ketone, but the core heterocyclic scaffold best places it under indoles and derivatives.",medium,"1-Propanesulfonamide, N-[3-[[5-bromo-1-(2,6-dichlorobenzoyl)-1H-pyrrolo[2,3-b]pyridin-3-yl]carbonyl]-2,4-difluorophenyl]-",375,0,16760,185
Organic compounds,Organohalogen compounds,Aryl halides,Benzyl halides,Benzyl halides,"Benzal chloride (PhCHCl2) is a benzyl-type compound bearing two chlorine atoms on the benzylic carbon, making it a benzyl halide (geminal dichloride on the benzylic position). It belongs to the aryl halide/organohalogen family as it is an organic compound with chlorine substituents attached to a carbon adjacent to a benzene ring.",high,"α, α-dichlorotoluene; benzylidene chloride; benzal chloride",325,0,16760,172
Organic compounds,Benzenoids,Benzene and substituted derivatives,Phenols,Bisphenols,"4,4'-sulphonyldiphenol (bisphenol S) consists of two phenol rings connected via a sulfonyl (-SO2-) bridge, making it a bisphenol. It contains hydroxyl groups on both aromatic rings, classifying it under phenols and more specifically bisphenols.",high,"4,4'-sulphonyldiphenol",315,0,16760,135
Organic compounds,Organic acids and derivatives,Carboxylic acids and derivatives,Carboxylic acid salts,Carboxylic acid salts,"Sodium acrylate is the sodium salt of acrylic acid, formed by deprotonation of the carboxylic acid group. It belongs to the carboxylic acid salts category within organic acids and derivatives.",high,Sodium acrylate,310,0,16760,112
Organic compounds,Organoheterocyclic compounds,Imidazopyridines,NA,Imidazopyridines,"The compound contains an imidazo[1,2-a]pyridine bicyclic ring system fused from an imidazole and a pyridine ring, with an acetic acid side chain and tolyl substituent. Imidazopyridines is the most specific available class matching this core scaffold.",high,"2-[6-methyl-2-(4-methylphenyl)imidazo[1,2-a]pyridin-3-yl]acetic acid",344,0,16760,154
Organic compounds,Organoheterocyclic compounds,Azoles,Pyrazoles,Pyrazoles,Fenpyroximate is a pyrazole-containing acaricide/insecticide with the structure featuring a tert-butyl pyrazole core connected via an oxymethylene linker to a pyridine ring with a benzoyloxy group. The pyrazole ring is the defining heterocyclic feature that determines its direct parent classification.,high,Fenpyroximate,310,0,16760,159
Organic compounds,Organic acids and derivatives,Carboxylic acids and derivatives,Thiocarboxylic acids and derivatives,Thioesters,"O-2-naphthyl chlorothioformate is a thioformate ester where the sulfur bears a chlorine (it is a chlorothioformate, i.e., an acyl chloride of a thioformic acid ester). The compound has an O-aryl (naphthyl) thioester linkage, best classified as a thioester derivative under thiocarboxylic acids and derivatives. The closest available direct parent label is 'Thioesters'.",medium,O-2-naphthyl chlorothioformate,317,0,16760,202
Organic compounds,Organic acids and derivatives,Carboxylic acids and derivatives,Carboxylic acid esters,Methyl esters,"Methyl propionate (CH3CH2COOCH3) is an ester formed from propanoic acid and methanol, making it a methyl ester under carboxylic acid esters.",high,Methyl propionate,309,0,16760,105
Organic compounds,Organic acids and derivatives,Carboxylic acids and derivatives,"Amino acids, peptides, and analogues",N-acyl-alpha amino acids and derivatives,"This substance is a Boc-protected L-valine ester linked to a guanosine-derived nucleoside analog (valganciclovir-like structure). The core scaffold is an N-acyl (Boc-protected) alpha amino acid (L-valine) forming an ester, placing it within N-acyl-alpha amino acids and derivatives.",medium,"L-Valine, N-[(1,1-dimethylethoxy)carbonyl]-, 2-[(2-amino-1,6-dihydro-6-oxo-9H-purin-9-yl)methoxy]ethyl ester",366,0,16760,179
Organic compounds,Organoheterocyclic compounds,Pyridines and derivatives,Pyridinecarboxylic acids and derivatives,Pyridinecarboxylic acids and derivatives,Imazapyr is a herbicide containing a pyridine ring with a carboxylic acid group and an imidazolinone ring system; the pyridine carboxylic acid moiety is the most structurally defining feature in ChemOnt classification. The compound fits best under pyridinecarboxylic acids and derivatives as the direct parent.,medium,imazapyr,308,0,16760,150
Organic compounds,Organoheterocyclic compounds,Quinuclidines,Quinuclidines,Quinuclidines,"3-(chloromethyl)-1-azabicyclo[2.2.2]octane is a quinuclidine (1-azabicyclo[2.2.2]octane) core with a chloromethyl substituent, present as a hydrochloride salt. The core bicyclic structure with a bridgehead nitrogen classifies it as a quinuclidine derivative.",high,3-(chloromethyl)-1-azabicyclo[2.2.2]octane hydrochloride,331,0,16760,146
Organic compounds,Phenylpropanoids and polyketides,Vinylogous amides,"Benzoylcyclohexane-1,3-diones","Benzoylcyclohexane-1,3-diones","Mesotrione is 2-(2-nitro-4-methylsulfonylbenzoyl)-1,3-cyclohexanedione, a triketone herbicide featuring a benzoyl group attached to cyclohexane-1,3-dione, which directly classifies it as a benzoylcyclohexane-1,3-dione. The enol tautomer also supports a vinylogous amide character in the polyketide framework.",high,"mesotrione (ISO); 2-[4-(methylsulfonyl)-2-nitrobenzoyl]-1,3-cyclohexanedione",341,0,16760,192
Organic compounds,Organic acids and derivatives,Carboxylic acids and derivatives,NA,Organic salts,"1,4,7-triazocyclononane-1,4,7-triium sulfate is an organic salt consisting of the triprotonated 1,4,7-triazacyclononane (TACN) macrocycle paired with a sulfate counterion. The organic cation is an azacyclic compound, but at the salt level the best direct parent label available is 'Organic salts'.",medium,"1,4,7-triazocyclononane-1,4,7-triium sulfate",327,0,16760,175
Organic compounds,Lipids and lipid-like molecules,Fatty Acyls,Fatty aldehydes,Fatty aldehydes,"Oct-7-enal is an 8-carbon aliphatic aldehyde with a terminal double bond (at C7), classifying it as a fatty aldehyde within the Fatty Acyls class of lipids.",high,Oct-7-enal,310,0,16760,121
Organic compounds,Benzenoids,Benzene and substituted derivatives,Benzoic acids and derivatives,Benzoic acid esters,"Hexyl benzoate is an ester formed from benzoic acid and hexanol, making it a benzoic acid ester. It contains a benzene ring with a carboxylate ester functional group.",high,Hexyl benzoate,310,0,16760,118
Organic compounds,Organic acids and derivatives,Carboxylic acids and derivatives,Carboxylic acids and derivatives,Alpha hydroxy acids and derivatives,"(R)-2-acetoxy-2-phenylacetic acid is a phenylacetic acid derivative with an acetoxy group at the alpha carbon, making it an alpha-hydroxy acid derivative (the hydroxyl is protected as an acetate ester). It contains both a carboxylic acid and an ester functional group on the alpha carbon.",medium,(R)-2-acetoxy-2-phenylacetic acid,318,0,16760,164
Organic compounds,Benzenoids,Benzene and substituted derivatives,Phenol ethers,Phenol ethers,"2-Phenoxyethanol is an organic compound consisting of a benzene ring with an ethanol group attached via an ether oxygen (Ph-O-CH2CH2OH), making it a phenol ether. It fits within the benzenoids superclass as a substituted benzene derivative.",high,2-phenoxyethanol,311,0,16760,132
Organic compounds,Organic acids and derivatives,Carboxylic acids and derivatives,Carboxylic acid esters,Acrylic acid esters,"Ethyl acrylate is the ethyl ester of acrylic acid (prop-2-enoic acid), making it a carboxylic acid ester and specifically an acrylic acid ester. It contains the characteristic CH2=CH-COO- moiety.",high,Ethyl acrylate,311,0,16760,137
Organic compounds,Organic acids and derivatives,Carboxylic acids and derivatives,Carboxylic acid esters,Carboxylic acid esters,"2-Methoxyethyl acetate is an ester formed from acetic acid and 2-methoxyethanol, placing it within carboxylic acid esters under organic acids and derivatives. It contains an ether linkage as well, but the ester functional group is the most defining feature for classification.",high,2-methoxyethyl acetate,313,0,16760,132
Organic compounds,Organic oxygen compounds,Oxacyclic compounds,Cyclic ketones,Cyclic ketones,"Cyclohexanone is a six-membered carbocyclic ring containing a ketone functional group, making it a cyclic ketone. It is an organic compound containing oxygen in a ring-associated carbonyl group.",high,Cyclohexanone,310,0,16760,114
Organic compounds,Organohalogen compounds,Organochlorides,Aryl halides,Phenoxyacetic acid derivatives,"2,4,5-Trichlorophenoxyacetic acid is a chlorinated phenoxyacetic acid derivative, where a trichlorophenol is connected via an ether linkage to acetic acid. It is best classified as a phenoxyacetic acid derivative, and as an organochloride/aryl halide due to the chlorine substituents on the aromatic ring.",high,"2,4,5-T (ISO); 2,4,5-trichlorophenoxy acetic acid",330,0,16760,159
Organic compounds,Organic acids and derivatives,Carboxylic acids and derivatives,Carboxylic acid esters,Enoate esters,"Ethylene dimethacrylate is a diester formed from methacrylic acid (an alpha,beta-unsaturated carboxylic acid) and ethylene glycol, making it an enoate ester (acrylic/methacrylic acid ester). It belongs to the carboxylic acid esters subclass within organic acids and derivatives.",high,ethylene dimethacrylate,312,0,16760,171
Organic compounds,Organophosphorus compounds,Organic phosphoric acids and derivatives,Aryl phosphates,Aryl phosphates,"Phosphoric acid, diphenyl 2-ethylhexyl ester is a triester of phosphoric acid with two phenyl groups and one 2-ethylhexyl group, making it an aryl phosphate (phosphoric acid triester containing aryl substituents). It falls under organophosphorus compounds > organic phosphoric acids and derivatives > aryl phosphates.",high,"phosphoric acid, diphenyl 2-ethylhexyl ester",321,0,16760,152
Organic compounds,Lipids and lipid-like molecules,Prenol lipids,Terpenoids,Cyclic ketones,"This compound is (E)-1-(2,6,6-trimethyl-1,3-cyclohexadien-1-yl)-2-buten-1-one, a terpenoid-derived enone with a cyclohexadiene ring bearing the characteristic trimethyl substitution of ionone-type sesquiterpenoids. It is a cyclic ketone (enone) belonging to the prenol lipids/terpenoids class, with the most specific applicable direct parent being cyclic ketones (as an enone/vinylogous carbonyl on a terpenoid ring system).",medium,"(E)-1-(2,6,6-trimethyl-1,3-cyclohexadien-1-yl)-2-buten-1-one",341,0,16760,220
NA,NA,NA,NA,NA,JSON parse error: Expecting value: line 1 column 1 (char 0),low,Diethatyl  (-ethyl),312,0,16760,300
Organic compounds,Organic acids and derivatives,Carboxylic acids and derivatives,Carboxylic acid esters,Keto acids and derivatives,"N-butyl 4-oxopentanoate is the n-butyl ester of levulinic acid (4-oxopentanoic acid), which is a keto acid. It contains both an ester functional group and a ketone within the carbon chain, making it a keto acid derivative (specifically a delta-keto acid ester).",medium,N-butyl 4-oxopentanoate,316,0,16760,169
Organic compounds,Lipids and lipid-like molecules,Macrolides and analogues,Macrolides and analogues,Milbemycins,"This compound is a derivative of avermectin (specifically a 22,23-dihydroavermectin analog with cyclohexyl substitution), which belongs to the milbemycin/avermectin class of macrocyclic lactone natural products. Milbemycins are the closest ChemOnt label encompassing avermectin-type macrolide lactones.",medium,"(25S)-25-Cyclohexyl-5-O-demethyl-25-de(1-methylpropyl)-22,23-dihydroavermectin A1a",348,0,16760,179
Organic compounds,Organic nitrogen compounds,Organonitrogen compounds,Guanidines,Guanidines,"Guanidine (HN=C(NH2)2) is the simplest guanidine compound, containing the characteristic guanidinium functional group with a carbon atom doubly bonded to one nitrogen and singly bonded to two amino groups. It is classified under organic nitrogen compounds as a guanidine.",high,Guanidine,309,0,16760,124
Organic compounds,Organic nitrogen compounds,Azacyclic compounds,Pyrrolidines,Pyrrolidine-2-ones,"5-Ethenyl-2-pyrrolidinone is a five-membered nitrogen-containing ring (pyrrolidine) with a ketone at position 2 (making it a pyrrolidinone/lactam) and a vinyl substituent at position 5. The most specific applicable label is Pyrrolidine-2-ones, which directly describes the gamma-lactam core structure.",high,5-Ethenyl-2-pyrrolidinone,318,0,16760,147
Organic compounds,Organic oxygen compounds,Organooxygen compounds,Alcohols and polyols,"1,2-aminoalcohols","Oxydipropanol (dipropylene glycol) is 3,3'-oxydipropan-1-ol, a diether-diol molecule with two propanol units connected by an oxygen bridge. It contains ether and alcohol functional groups; as a polyol ether it best fits under organooxygen compounds. However, the most specific direct parent for a simple aliphatic diol with an ether linkage is closest to 'Alcohols and polyols' since no more specific label for glycol ethers is available.",medium,Oxydipropanol,310,0,16760,207
Organic compounds,Organophosphorus compounds,Organic phosphonic acids and derivatives,Phosphonic acid esters,Phosphonic acid diesters,"Bis(1,1-dimethylethyl) phosphonate is di-tert-butyl phosphonate, a phosphonic acid ester with two tert-butyl ester groups attached to the phosphorus atom, making it a phosphonic acid diester. It belongs to the organophosphorus compounds class under organic phosphonic acids and derivatives.",high,"Bis(1,1-dimethylethyl) phosphonate",319,0,16760,164
Organic compounds,Organoheterocyclic compounds,Pyridopyrimidines,NA,Pyridopyrimidines,"The compound contains a fused bicyclic ring system combining a pyridine and a pyrimidine ring (pyrido[2,3-d]pyrimidine scaffold), which is a pyridopyrimidine. It also has a chloro substituent, a cyclopentyl group, a methyl group, and a ketone (7-one), but the core heterocyclic system is best classified as a pyridopyrimidine.",high,"2-chloro-8-cyclopentyl-5-methyl-8H-pyrido[2,3-d]pyrimidin-7-one",341,0,16760,184
Inorganic compounds,Mixed metal/non-metal compounds,Post-transition metal salts,Post-transition metal chlorides,Post-transition metal chlorides,Tin dichloride (SnCl2) is an inorganic salt composed of tin (a post-transition metal) and chloride ions. It belongs to the post-transition metal chlorides class.,high,Tin dichloride,309,0,16760,118
Organic compounds,Organic nitrogen compounds,Organonitrogen compounds,Quaternary ammonium salts,Quaternary ammonium salts,"Behenamidopropyl-dimethyl-(dihydroxypropyl) ammonium chloride is a quaternary ammonium salt featuring a nitrogen atom bearing four organic substituents (a behenamidopropyl chain, two methyl groups, and a dihydroxypropyl group) with a chloride counter-ion. This structure is characteristic of quaternary ammonium salts.",high,behenamidopropyl-dimethyl-(dihydroxypropyl) ammonium chloride,329,0,16760,180
Organic compounds,Lipids and lipid-like molecules,Glycerolipids,Triradylcglycerols,Triacylglycerols,"Sorbitan trioleate is a sorbitan ester formed from sorbitol and three oleic acid chains. It closely resembles a triacylglycerol in its lipid-like, multi-fatty-acid ester structure, fitting best under glycerolipids/triacylglycerols in the ChemOnt hierarchy.",medium,sorbitan trioleate,310,0,16760,144
Organic compounds,Phenylpropanoids and polyketides,Anthracenes,NA,Anthraquinones,"1-amino-4-hydroxy-2-(2-phenoxyethoxy)anthraquinone is an anthraquinone derivative featuring the anthracene-9,10-dione core with amino, hydroxy, and phenoxyethoxy substituents. Anthraquinones fall under the anthracenes class within phenylpropanoids and polyketides.",high,1-amino-4-hydroxy-2-(2-phenoxyethoxy)anthraquinone,328,0,16760,169
Organic compounds,Organoheterocyclic compounds,Azoles,Triazoles,Triazoles,"Mefentrifluconazole is a triazole fungicide containing a 1H-1,2,4-triazole ring connected via a tertiary alcohol to a substituted phenyl ring bearing a chlorophenoxy group and a trifluoromethyl substituent. The core heterocyclic system is a triazole, making that the most specific applicable direct parent classification.",high,"(2RS)-2-[4-(4-chlorophenoxy)-2-(trifluoromethyl)phenyl]-1-(1H-1,2,4-triazol-1-yl)propan-2-ol; mefentrifluconazole",367,0,16760,169
Organic compounds,Organosulfur compounds,Organic sulfuric acids and derivatives,Sulfuric acid diesters,Benzenesulfonate esters,"2,6-dimethylphenyl 4-hydroxybenzenesulfonate is an ester formed between 4-hydroxybenzenesulfonic acid and 2,6-dimethylphenol, making it a benzenesulfonate ester (an aryl sulfonate ester). It falls under organic sulfuric acid derivatives as a sulfuric acid diester-type compound.",high,"2,6-dimethylphenyl 4-hydroxybenzenesulfonate",324,0,16760,182
Inorganic compounds,Inorganic salts,Miscellaneous inorganic compounds,NA,Inorganic salts,"Hydroxylamine hydrochloride (NH2OH·HCl) is the salt formed from hydroxylamine and hydrochloric acid, making it an inorganic salt. It does not fit neatly into the organic compound hierarchy as the parent species (hydroxylamine) is an inorganic nitrogen compound.",medium,hydroxylammonium chloride; hydroxylamine hydrochloride,319,0,16760,137
Organic compounds,Benzenoids,Benzene and substituted derivatives,NA,Quinonimines,"This compound is a cyclohexadienone bearing a phenylimine substituent (quinone imine structure), with an acetylamino group, chloro substituent, and a diethylaminomethylphenyl imino group. The core structure is a p-quinoneimine (4-imino-1-oxo-cyclohexa-2,5-diene), classifying it as a quinoneimine within benzenoid chemistry.",medium,"2-acetylamino-6-chloro-4-[(4-diethylamino)-2-methylphenyl-imino]-5-methyl-1-oxo-2,5-cyclohexadiene",356,0,16760,182
Organic compounds,Organic acids and derivatives,Carboxylic acids and derivatives,"Amino acids, peptides, and analogues","Amino acids, peptides, and analogues","Trans-cyclohexane-1,2-dinitrilotetraacetic acid (CDTA) is a polyaminocarboxylic acid chelating agent with a cyclohexane backbone bearing two nitrogen atoms each substituted with two acetic acid groups, making it an amino acid analogue/derivative. It fits best under amino acids, peptides, and analogues within the carboxylic acids and derivatives class.",medium,"trans-cyclohexane-1,2-dinitrilotetraacetic acid",323,0,16760,159
Organic compounds,Organoheterocyclic compounds,Quinolines and derivatives,Quinolones and derivatives,Quinolones and derivatives,"8-Chloro-2-quinolinone is a quinolinone (2-quinolinone core) with a chloro substituent at the 8-position, placing it firmly within the quinolones and derivatives class under organoheterocyclic compounds.",high,8-Chloro-2-quinolinone,316,0,16760,120
Organic compounds,Lipids and lipid-like molecules,Fatty Acyls,Fatty acid esters,Fatty acid esters,"Bis(2-ethylhexyl) adipate is a diester formed from adipic acid (a 6-carbon dicarboxylic acid) and two 2-ethylhexanol molecules, making it a fatty acid ester (dicarboxylic acid ester) classified under fatty acyls in the lipid kingdom.",high,Bis(2-ethylhexyl) adipate,317,0,16760,147
Organic compounds,Lipids and lipid-like molecules,Prenol lipids,Monoterpenoids,Bicyclic monoterpenoids,"DL-bornan-2-one (camphor) is a bicyclic monoterpenoid ketone derived from the bornane skeleton, consisting of a bicyclo[2.2.1]heptane (norbornane) framework with two methyl groups and a ketone at position 2, classifying it as a bicyclic monoterpenoid. It falls under prenol lipids as a terpenoid built from isoprene units.",high,DL-bornan-2-one,313,0,16760,175
Organic compounds,Organophosphorus compounds,Organic phosphines and derivatives,Organic phosphites,Organic phosphites,"This substance is a phosphite ester where a phosphorus atom is esterified with a 2,4,6-tri-tert-butylphenol and a 2-butyl-2-ethyl-1,3-propanediol, making it an organic phosphite (P(III) ester). It falls under organophosphorus compounds as an organic phosphite derivative.",high,"2,4,6-tri-tert-butylphenyl 2-butyl-2-ethyl-1,3-propanediolphosphite",342,0,16760,170
Organic compounds,"Nucleosides, nucleotides, and analogues",Purine nucleosides,Purine nucleosides,Purine nucleosides,"Adenosine is a purine nucleoside consisting of adenine (a purine base) linked to ribose via a glycosidic bond. It falls under the purine nucleosides class within nucleosides, nucleotides, and analogues.",high,Adenosine,308,0,16760,120
Organic compounds,Organic oxygen compounds,Organooxygen compounds,Carbohydrates and carbohydrate conjugates,O-glycosyl compounds,"Pentyl 6-deoxy-alpha-L-mannopyranoside is a glycoside where a pentyl (n-amyl) group is attached via an O-glycosidic bond to the anomeric carbon of 6-deoxy-L-mannose (L-rhamnose), making it an O-glycosyl compound. It falls within carbohydrates and carbohydrate conjugates as a monosaccharide glycoside.",high,Pentyl 6-deoxy-alpha-L-mannopyranoside,322,0,16760,177
Organic compounds,Organic acids and derivatives,Carboxylic acids and derivatives,Carboxylic acid esters,Carboxylic acid esters,"Ethyl isocyanoacetate (EtOOC-CH2-NC) contains an ester group (ethyl ester of isocyanoacetic acid) and an isocyano (isonitrile) group. The ester functionality is the primary classifiable feature in ChemOnt; while it also bears an isocyano group, the closest available direct parent in the taxonomy is carboxylic acid esters.",medium,Ethyl isocyanoacetate,313,0,16760,189
Organic compounds,Benzenoids,Benzene and substituted derivatives,Phenols,Aminophenols,"4-amino-2-(aminomethyl)phenol dihydrochloride is an organic compound featuring a benzene ring substituted with a hydroxyl group (phenol), an amino group, and an aminomethyl group; the core structure is best classified as an aminophenol. The dihydrochloride salt form does not change the fundamental organic classification.",medium,4-amino-2-(aminomethyl)phenol dihydrochloride,323,0,16760,146
Organic compounds,Hydrocarbons,Saturated hydrocarbons,Alkanes,Alkanes,"N-octane (C8H18) is a straight-chain saturated hydrocarbon (alkane) with eight carbon atoms, containing only carbon-carbon and carbon-hydrogen single bonds. It fits perfectly under the saturated hydrocarbons class as a simple alkane.",high,octane; n-octane,311,0,16760,123
Organic compounds,Organosulfur compounds,Sulfonyls,Sulfonyls,Organic sulfate salts,"Potassium-N-(4-toluenesulfonyl)-4-toluenesulfonamide is the potassium salt of a bis(4-toluenesulfonyl)amine (saccharin-related disulfonamide), containing two p-toluenesulfonyl groups linked via a nitrogen, making it an organosulfur compound. As a potassium salt of a sulfonamide anion, the most fitting direct parent is organic sulfate salts (organic sulfonyl-derived salt), though N,N-disubstituted sulfonamide potassium salt fits under organic sulfur salt framework.",low,Potassium-N-(4-toluenesulfonyl)-4-toluenesulfonamide,329,0,16760,226
Inorganic compounds,Mixed metal/non-metal compounds,Miscellaneous mixed metal/non-metals,NA,Miscellaneous mixed metal/non-metals,"Basic aluminum chloride (Al(OH)Cl2 or similar formula) is an inorganic compound containing a metal (aluminum) combined with both chloride (non-metal halide) and hydroxide groups, making it a mixed metal/non-metal compound that does not fit neatly into a specific salt subclass. It is best classified under miscellaneous mixed metal/non-metals.",medium,"Aluminum chloride, basic",310,0,16760,160
Organic compounds,Benzenoids,Benzene and substituted derivatives,Benzamides,Benzamides,"3-amino-4-methoxy-N-methylbenzamide is a benzamide derivative featuring an amino group and a methoxy group on the benzene ring with an N-methyl substituted amide functional group. The core structural motif is a benzamide (benzoic acid amide), making Benzamides the most specific applicable direct parent.",high,3-amino-4-methoxy-N-methylbenzamide,320,0,16760,132
Inorganic compounds,Mixed metal/non-metal compounds,Miscellaneous mixed metal/non-metals,NA,Miscellaneous mixed metal/non-metals,"Aluminium phosphide (AlP) is an inorganic binary compound consisting of a metal (aluminium) and a non-metal (phosphorus), classifying it as a mixed metal/non-metal compound. It does not fit neatly into more specific subclasses like metal alkyls or oxoanionic compounds, so it falls under miscellaneous mixed metal/non-metals.",medium,aluminium phosphide,308,0,16760,160
Organic compounds,Organic acids and derivatives,Carboxylic acids and derivatives,Carboxylic acid derivatives,Carbamate esters,"This substance is a 9-fluorenylmethyloxycarbonyl (Fmoc)-protected amino diol, where the core functional group is a carbamate ester (urethane) linkage connecting the fluorenylmethyl group via a carbonate-type nitrogen bond. The Fmoc group forms the carbamate ester, making 'Carbamate esters' the most specific applicable direct parent.",high,"9H-Fluoren-9-ylmethyl [(1R,2R)-(2-hydroxy-1-hydroxymethylpropyl)]carbamate",343,0,16760,186
Organic compounds,Benzenoids,Benzene and substituted derivatives,Benzenesulfonic acids and derivatives,Azobenzenes,"This substance contains two benzene rings connected by an azo (-N=N-) linkage, with sulfonic acid, amino, and sulfonylethyl substituents, making it an azobenzene derivative. The azo linkage between substituted benzene rings is the most defining structural feature classifying it as an azobenzene.",medium,"2,4-diamino-5-[4-[(2-sulfoxyl ethyl)sulfonyl]phenylazo]benzenesulfonic acid",340,0,16760,161
NA,NA,NA,NA,NA,JSON parse error: Expecting value: line 1 column 1 (char 0),low,Fosamine,307,0,16760,167
Organic compounds,Organoheterocyclic compounds,Epoxides,Epoxides,Epoxides,"Allyl glycidyl ether contains an epoxide (oxirane) ring connected via an ether linkage to an allyl group. The defining structural feature is the three-membered cyclic ether (epoxide), making it best classified under the Epoxides class.",high,"allyl glycidyl ether; allyl 2,3-epoxypropyl ether; prop-2-en-1-yl 2,3-epoxypropyl ether",349,0,16760,144
Inorganic compounds,Mixed metal/non-metal compounds,Transition metal salts,Transition metal sulfides,Transition metal sulfides,"Trinickel tetrasulfide (Ni3S4) is an inorganic compound consisting of nickel (a transition metal) and sulfur, classifying it as a transition metal sulfide. It falls under mixed metal/non-metal compounds as it contains both a metal (Ni) and a non-metal (S).",high,trinickel tetrasulfide,311,0,16760,143
Organic compounds,Organoheterocyclic compounds,Benzotriazoles,Benzotriazoles,Benzotriazoles,"Bumetrizole (UV-326) is 2-(2H-benzotriazol-2-yl)-4-(1,1,3,3-tetramethylbutyl)phenol, a UV stabilizer containing a benzotriazole core fused bicyclic ring system with a triazole ring fused to a benzene ring. It belongs to the benzotriazole class of organoheterocyclic compounds.",high,Bumetrizole (UV-326),313,0,16760,189
Organic compounds,Organohalogen compounds,Aryl halides,Halophenols,Nitrophenyl ethers,"Acifluorfen is a diphenyl ether herbicide containing a nitro group and a fluorine substituent on the phenyl rings, with a carboxylic acid group. It fits as a nitrophenyl ether (a phenyl ether with nitro substitution), and also contains aryl halide and halophenol characteristics, but the diphenyl ether with nitro group makes nitrophenyl ethers the most specific direct parent.",medium,Acifluorfen,310,0,16760,170
Organic compounds,Organic nitrogen compounds,Azacyclic compounds,Morpholines,Morpholines,"4-Acetylmorpholine is a morpholine ring (a six-membered ring containing both nitrogen and oxygen) with an acetyl group on the nitrogen, making it an N-acyl morpholine derivative classified under morpholines.",high,4-acetylmorpholine,311,0,16760,103
Organic compounds,Organoheterocyclic compounds,Quinazolines,Quinazolinamines,Quinazolinamines,"The substance contains a 4-amino-6,7-dimethoxyquinazoline core with a methylamino substituent, making quinazolinamine the most specific classification. It also contains an oxolane-2-carboxamide (tetrahydrofuran-2-carboxamide) side chain, but the quinazoline heterocycle is the dominant structural feature.",high,"N-[3-[(4-amino-6,7-dimethoxyquinazolin-2-yl)-methylamino]propyl]oxolane-2-carboxamide",349,0,16760,177
Organic compounds,Organosulfur compounds,Organic sulfonic acids and derivatives,Sulfonic acid esters,Organosulfonic acid esters,"This compound is a methanesulfonate (mesylate) ester of a tropane alcohol (8-methyl-8-azabicyclo[3.2.1]octan-3-ol), making it a sulfonic acid ester of an organosulfur compound. The methanesulfonate group (-OS(=O)(=O)CH3) classifies it as an organosulfonic acid ester.",high,(3-endo)-8-methyl-8-azabicyclo[3.2.1]oct-3-yl methanesulfonate,339,0,16760,186
Organic compounds,Organic nitrogen compounds,Organonitrogen compounds,Amines,Trialkylamines,"Trimethylamine is a tertiary amine with three methyl groups attached to a nitrogen atom, making it a trialkylamine. The '... %' suffix suggests a solution or mixture, but the core compound is trimethylamine.",high,tri-methylamine ... %,310,0,16760,139
Organic compounds,Hydrocarbons,Unsaturated hydrocarbons,Enynes,Enynes,"Oct-1-yne is a straight-chain 8-carbon hydrocarbon with a terminal triple bond (alkyne), making it an unsaturated hydrocarbon. It contains no heteroatoms or other functional groups, and the alkyne functional group places it in the Enynes category under unsaturated hydrocarbons.",medium,Oct-1-yne,310,0,16760,140
Organic compounds,Organophosphorus compounds,Organic phosphines and derivatives,Trialkylphosphites,Trialkylphosphites,"Tris(methylphenyl) phosphite is a phosphorous acid triester where three cresyl (methylphenyl) groups are esterified to phosphorus(III), making it a triaryl phosphite. The closest matching ChemOnt label under organophosphorus compounds is Trialkylphosphites, which covers triesters of phosphorous acid.",medium,Tris(methylphenyl) phosphite,315,0,16760,171
Organic compounds,Organoheterocyclic compounds,Azoles,Thiazoles,Thiazoles,"This substance contains a thiazole ring (2-aminothiazol-4-yl group) as the core heterocyclic feature, with a methoxyimino acetic acid side chain and a tritylamine protecting group. The thiazole ring is the most specific classifiable parent structure in ChemOnt.",medium,(Z)-2-Methoxymino-2-(2-(tritylamino)thiazol-4-yl)acetic acid,335,0,16760,153
Organic compounds,Organic nitrogen compounds,Organonitrogen compounds,Isocyanates,Isocyanates,"1,5-Diisocyanatopentane is a pentane chain with two isocyanate (-N=C=O) functional groups at positions 1 and 5, making it a diisocyanate compound classified under isocyanates. It is an organic nitrogen-containing compound.",high,"1,5-Diisocyanatopentane",317,0,16760,133
Organic compounds,Organic oxygen compounds,Organooxygen compounds,Acetals,Acetals,"This molecule contains a cyclohexenol scaffold with a tertiary alcohol and a but-1-yn-1-yl substituent bearing an ethoxyethoxy (acetal) group. The defining functional group is the acetal (1-ethoxyethoxy), making 'Acetals' the most specific applicable direct parent.",medium,1-(3-(1-ethoxyethoxy)but-1-yn-1-yl)-6-isopropyl-3-methylcyclohex-2-enol,346,0,16760,152
Organic compounds,Organic acids and derivatives,Carboxylic acids and derivatives,Hydroxy acids and derivatives,Alpha hydroxy acids and derivatives,"This substance is (2R)-2-(2-chlorophenyl)-2-hydroxyethanoic acid, a mandelic acid derivative bearing a chlorine substituent on the ortho position of the phenyl ring. It contains a carboxylic acid group with a hydroxyl group on the alpha carbon, classifying it as an alpha hydroxy acid.",high,(2R)-2-(2-chlorophenyl)-2-hydroxyethanoic acid,324,0,16760,147
Organic compounds,Organoheterocyclic compounds,Pyridines and derivatives,Methylpyridines,Methylpyridines,"2-Methylpyridine (alpha-picoline) is a pyridine ring with a methyl substituent at the 2-position, placing it squarely in the pyridines and derivatives class and the methylpyridines subclass/direct parent.",high,2-methylpyridine,311,0,16760,119
Organic compounds,Lipids and lipid-like molecules,Fatty Acyls,Fatty alcohols,Long-chain fatty alcohols,"Octadecan-1-ol (stearyl alcohol) is a straight-chain C18 primary alcohol, classifying it as a long-chain fatty alcohol within the lipid kingdom. It has no carbonyl group, making it a fatty alcohol rather than a fatty acid.",high,Octadecan-1-ol,312,0,16760,130
Organic compounds,Organic acids and derivatives,Carboxylic acids and derivatives,Carboxylic acid esters,Carboxylic acid esters,"This substance is an ethyl ester of a butanoic acid derivative bearing a methylsulfonyloxy (mesylate) group at the alpha position and a phenyl substituent, making it primarily a carboxylic acid ester. The core functional group classification places it as a carboxylic acid ester within the organic acids and derivatives hierarchy.",medium,"Benzenebutanoic acid, a-[(methylsulfonyl)oxy]-, ethyl ester, (R)-",333,0,16760,168
Organic compounds,Benzenoids,Benzene and substituted derivatives,Aniline and substituted anilines,Aniline and substituted anilines,"Both components are toluenediamine derivatives bearing methylthio substituents on a benzene ring, making them substituted anilines (aromatic amines). The mixture consists of two regioisomers of 2,4- and 2,6-diaminotoluene with dimethylthio groups, which are best classified as substituted anilines.",medium,"A mixture of: 3,5-dimethylthio-2,4-toluenediamine; 3,5-dimethylthio-2,6-toluenediamine",349,0,16760,179
Organic compounds,Organic oxygen compounds,Organooxygen compounds,Carbonyl compounds,Ketones,"Butanone (methyl ethyl ketone, CH3COCH2CH3) is a simple aliphatic ketone containing a carbonyl group flanked by two carbon substituents. It belongs to the ketone subclass of carbonyl compounds within organooxygen compounds.",high,Butanone,308,0,16760,124
Organic compounds,Organophosphorus compounds,Organic phosphines and derivatives,Tetraalkylphosphonium compounds,Tetraalkylphosphonium compounds,"Benzyltriphenylphosphonium chloride contains a quaternary phosphonium center bonded to a benzyl group and three phenyl groups, making it a tetraalkylphosphonium salt (with aryl substituents broadly fitting the tetrasubstituted phosphonium category). The chloride counterion makes it a phosphonium salt under the organophosphorus compounds superclass.",high,Benzyltriphenylphosphonium chloride,317,0,16760,182
Organic compounds,Hydrocarbons,Saturated hydrocarbons,Branched alkanes,Branched alkanes,"3,3-bis(methoxymethyl)-2,6-dimethylheptane contains methoxymethyl groups (ether-containing), but the core structure is a branched alkane. However, the methoxy groups make it an ether derivative, not a pure hydrocarbon. Reconsidering: this molecule contains ether linkages (C-O-C from methoxymethyl groups), so it falls under hydrocarbon derivatives as an organic oxygen compound, specifically a dialkyl ether.",medium,"3,3-bis(methoxymethyl)-2,6-dimethylheptane",326,0,16760,182
Organic compounds,Organoheterocyclic compounds,Oxathiolanes,NA,Oxathiolanes,"The compound is a spiro compound containing a 1,3-oxathiolane ring (five-membered ring with one oxygen and one sulfur) fused to a bicyclic azabicyclo[2.2.2]octane scaffold. The most specific applicable ChemOnt label is Oxathiolanes, which describes the key heterocyclic ring system present.",medium,"2'-methylspiro[4-azabicyclo[2.2.2]octane-2,5'-[1,3]oxathiolane]",341,0,16760,165
Organic compounds,Phenylpropanoids and polyketides,Flavonoids,NA,Phthalic anhydrides,"Benzophenone-3,3':4,4'-tetracarboxylic dianhydride contains two phthalic anhydride moieties connected via a carbonyl (benzophenone) bridge, making phthalic anhydrides the most specific applicable direct parent. It is an organic compound with benzenoid rings bearing anhydride functional groups.",medium,"Benzophenone-3,3':4,4'-tetracarboxylic dianhydride",328,0,16760,167
Organic compounds,Benzenoids,Benzene and substituted derivatives,Catechols,Catechols,"4-tert-butylcatechol is a benzene ring bearing two adjacent hydroxyl groups (catechol moiety) and a tert-butyl substituent, making it a catechol derivative. Catechols are benzenediols with ortho hydroxyl substitution, fitting within the benzene and substituted derivatives class.",high,4-tert-butylcatechol,315,0,16760,128
Organic compounds,Organic acids and derivatives,Carboxylic acids and derivatives,Carboxylic acids and derivatives,Phenoxyacetic acid derivatives,"MCPB (4-(4-chloro-2-methylphenoxy)butanoic acid) is an aryloxy carboxylic acid herbicide where a chloromethylphenoxy group is linked to a butyric acid chain, making it structurally related to phenoxyacetic acid derivatives (phenoxyalkanoic acids). It contains a chlorinated phenoxy group attached to a carboxylic acid via a butanoic acid chain.",medium,MCPB,308,0,16760,195
Organic compounds,Organic acids and derivatives,Carboxylic acids and derivatives,Carboxylic acid salts,Organic metal salts,"Zinc distearate is the zinc salt of stearic acid (octadecanoic acid), formed by the reaction of zinc with two stearate (fatty acid carboxylate) anions, making it an organic metal salt under carboxylic acid salts. It is an organometallic-like salt where zinc coordinates with two long-chain fatty acid carboxylate groups.",high,Zinc distearate,309,0,16760,157
Organic compounds,Hydrocarbon derivatives,Organohalogen compounds,Organochlorides,Benzyl chlorides,"1-(chlorophenylmethyl)-2-methylbenzene contains a benzyl chloride moiety (chlorine attached to a benzylic carbon connecting two aromatic rings), making it an organochloride best classified as a benzyl chloride. The compound is a diarylmethyl chloride where one ring bears a methyl substituent.",high,1-(chlorophenylmethyl)-2-methylbenzene,320,0,16760,162
Organic compounds,Organic acids and derivatives,Organic sulfonic acids and derivatives,Sulfonic acids and derivatives,Organosulfonic acids,"2-Acrylamido-2-methylpropanesulfonic acid (AMPS) contains a sulfonic acid group (-SO3H) attached to an organic carbon framework, classifying it as an organosulfonic acid. It also bears an acrylamide moiety, but the sulfonic acid group is the most characteristic functional group for ChemOnt classification.",high,2-acrylamido-2-methylpropanesulphonic acid,321,0,16760,168
Organic compounds,Organic acids and derivatives,Carboxylic acids and derivatives,Acyl halides,Acyl bromides,"Propionyl bromide (CH3CH2COBr) is a three-carbon acyl halide where the carbonyl group is bonded to a bromine atom, classifying it as an acyl bromide. Acyl bromides are a subclass of acyl halides, which fall under carboxylic acid derivatives.",high,Propionyl bromide,310,0,16760,142
Organic compounds,Organic acids and derivatives,Organic sulfonic acids and derivatives,Organic sulfonic acids and derivatives,Benzenesulfonate esters,"This substance is a disodium salt of a triphenylmethane-derived compound with three sulfonated phenylamine groups attached to a central carbocation-like methine framework, making it a sulfonated aromatic compound. The dominant functional groups are arylsulfonate salts (benzenesulfonate/sulfonatophenyl groups), classifying it best under organic sulfonic acids and derivatives with benzenesulfonate as the direct parent.",medium,"Disodium [[4-[bis[4-[(sulphonatophenyl)amino]phenyl]methylene]cyclohexa-2,5-dien-1-ylidene]amino]benzenesulphonate",359,0,16760,189
Organic compounds,Organoheterocyclic compounds,Azolidines,Imidazolidines,Hydantoins,"1,3-bis(hydroxymethyl)-5,5-dimethylimidazolidine-2,4-dione is a hydantoin (imidazolidine-2,4-dione) core with hydroxymethyl substituents on both nitrogens and two methyl groups at C5, placing it directly in the hydantoin class within the imidazolidine subclass of azolidines.",high,"1,3-bis(hydroxymethyl)-5,5-dimethylimidazolidine-2,4-dione",335,0,16760,157
Organic compounds,Lipids and lipid-like molecules,Fatty Acyls,Fatty acid esters,Fatty acid esters,"Sebacic acid diisooctyl ester is a diester formed from sebacic acid (a C10 dicarboxylic acid) and isooctanol. As a dicarboxylic acid ester with long aliphatic chains, it fits within the fatty acid esters category under lipids and lipid-like molecules.",medium,"sebacic acid, diisooctyl ester",316,0,16760,164
Organic compounds,Benzenoids,Benzene and substituted derivatives,Benzoic acids and derivatives,Phthalate esters,"Dimethoxyethyl phthalate is a diester of phthalic acid (1,2-benzenedicarboxylic acid) with 2-methoxyethanol, making it a phthalate ester — a subclass of benzoic acid derivatives within benzenoids. The direct parent 'p-Phthalate esters' is not listed but 'm-Phthalate esters' and 'p-Phthalate esters' are; however, the most fitting available label is not exact, so the best match among listed labels is 'Benzoic acids and derivatives' at subclass with direct_parent null since 'Phthalate esters' itself is not in the list.",medium,dimethoxyethylphthalate,314,0,16760,257
Organic compounds,Organosulfur compounds,Thiophenes,Thiophene carboxylic acids and derivatives,Thiophene carboxamides,"Silthiofam contains a thiophene ring with a carboxamide group at position 3, making it a thiophene carboxamide derivative. The trimethylsilyl group and allyl substituents are additional features but the core classification is driven by the thiophene carboxamide scaffold.",high,"silthiofam (ISO); N-allyl-4,5-dimethyl-2-(trimethylsilyl)thiophene-3-carboxamide",343,0,16760,131
Organic compounds,Organophosphorus compounds,Organic thiophosphoric acids and derivatives,Organic thiophosphoric acids and derivatives,Phenyl phenylphosphonothioates,"EPN (O-ethyl O-4-nitrophenyl phenylphosphonothioate) is an organophosphorus compound featuring a phenylphosphonothioate core with an ethyl ester and a 4-nitrophenyl ester, classifying it as a phenyl phenylphosphonothioate within the organic thiophosphoric acids and derivatives class.",high,O-ethyl O-4-nitrophenyl phenylphosphonothioate; EPN,327,0,16760,185
Organic compounds,Organic oxygen compounds,Organooxygen compounds,Ethers,Dialkyl ethers,"Ethylene glycol monomethyl ether (2-methoxyethanol, CH3-O-CH2-CH2-OH) contains both an ether linkage (methoxy group) and a hydroxyl group. As a dialkyl ether (the oxygen is flanked by two aliphatic carbon chains), the direct parent is best classified as 'Dialkyl ethers', and it falls under organooxygen compounds / ethers.",high,ethyleneglycol monomethyl ether,316,0,16760,183
Organic compounds,Hydrocarbons,Unsaturated hydrocarbons,Cyclic olefins,Cyclic olefins,Vinylcyclohexane (a cyclohexane ring with a vinyl substituent) is an organic hydrocarbon containing a carbon-carbon double bond as part of a cycloalkene/cyclic olefin system. It fits the unsaturated hydrocarbons superclass and cyclic olefins class.,medium,Vinylcyclohexane,312,0,16760,129
Organic compounds,Benzenoids,Benzene and substituted derivatives,Halobenzenes,Dichlorobenzenes,"p-Dichlorobenzene (1,4-dichlorobenzene) is a benzene ring substituted with two chlorine atoms at para positions, making it a dichlorobenzene within the halobenzenes class.",high,p-Dichlorobenzene,312,0,16760,107
Organic compounds,Benzenoids,Benzene and substituted derivatives,Benzoic acid esters,Benzoic acid esters,"Diallyl phthalate is an ester of phthalic acid (a benzenedicarboxylic acid) with two allyl alcohol groups, making it a benzoic acid ester derivative (specifically a phthalate ester). The core structure is a benzene ring bearing two ester substituents, classifying it under benzene and substituted derivatives.",high,"phthalic acid, diallyl ester",315,0,16760,141
Organic compounds,Benzenoids,Benzene and substituted derivatives,Nitrophenols,Nitrophenols,"Picric acid (2,4,6-trinitrophenol) is a benzene ring bearing three nitro groups and one hydroxyl group, making it a nitrophenol. It belongs to the benzenoids superclass as a substituted benzene derivative.",high,Picric acid,308,0,16760,113
Organic compounds,Organic oxygen compounds,Organooxygen compounds,Ethers,Polyethylene glycols,"Poly(oxy-1,2-ethanediyl), α-butyl-ω-hydroxy- is a butyl-capped polyethylene glycol (PEG), consisting of repeating ethylene oxide units with a butyl group at one end and a hydroxyl group at the other. This places it squarely in the polyethylene glycol category under organooxygen compounds.",high,"Poly(oxy-1,2-ethanediyl), α-butyl-ω-hydroxy-",330,0,16760,171
Organic compounds,Organic acids and derivatives,Carboxylic acids and derivatives,Carboxylic acid esters,Carboxylic acid esters,"Isopentyl formate (isoamyl formate) is an ester formed from formic acid and isoamyl alcohol, making it a carboxylic acid ester. It falls under organic acids and derivatives at the superclass level.",high,isopentyl formate,310,0,16760,130
Organic compounds,Hydrocarbon derivatives,Organooxygen compounds,Alcohols and polyols,"1,2-aminoalcohols","This compound is a beta-blocker-type structure containing a propanolamine backbone (1,2-aminoalcohol motif) with an aryloxy group, ether linkages, and an isopropylamino group. The core pharmacophoric feature is the 1,2-aminoalcohol (amino alcohol) unit on the propanol chain.",high,"2-Propanol, 1-[4-[[2-(1-methylethoxy)ethoxy]methyl]phenoxy]-3-[(1-methylethyl)amino]-",345,0,16760,172
Organic compounds,Hydrocarbon derivatives,Azobenzenes,Azobenzenes,Azobenzenes,"This substance is a complex azo dye containing multiple azo (-N=N-) linkages connecting aromatic rings including naphthalene and diaminophenyl groups, along with sulfonic acid and hydroxyl substituents. The defining structural feature is the multiple azo bonds connecting aromatic systems, classifying it as an azobenzene-type compound.",medium,"6-[(2,4-diaminophenyl)azo]-3-[[4-[[4-[[7-[(2,4-diaminophenyl)azo]-1-hydroxy-3-sulpho-2-naphthyl]azo]phenyl]amino]-3-sulphophenyl]azo]-4-hydroxynaphthalene-2-sulphonic acid",397,0,16760,143
Organic compounds,Organic nitrogen compounds,Organonitrogen compounds,Amides,Secondary carboxylic acid amides,"Dimoxystrobin is a strobilurin fungicide containing a methoxyimino acetamide core with a secondary amide (N-methylacetamide) group. The direct parent classification focuses on the carboxylic acid amide functionality, specifically a secondary carboxylic acid amide where the nitrogen bears one methyl substituent.",medium,"dimoxystrobin (ISO); (2E)-2-{2-[(2,5-dimethylphenoxy)methyl]phenyl}-2-(methoxyimino)-N-methylacetamide; (E)-2-(methoxyimino)-N-methyl-2-[a-(2,5-xylyloxy)-o-tolyl]acetamide ",392,0,16760,161
Organic compounds,Hydrocarbon derivatives,Azobenzenes,Azobenzenes,Azobenzenes,"4-(phenylazo)benzene-1,3-diamine contains a phenylazo group (-N=N-) connecting two benzene rings, making it an azobenzene derivative. The diamine substituents are secondary features on the azobenzene core.",high,"4-(phenylazo)benzene-1,3-diamine",320,0,16760,114
Organic compounds,Hydrocarbon derivatives,Azobenzenes,Azobenzenes,Azobenzenes,"This substance contains an azo group (-N=N-) connecting two benzene rings, making it an azobenzene derivative. It also contains sulfonic acid, sulfate ester, methoxy, and sulfonyl groups, but the most structurally defining feature is the azobenzene core.",medium,"4-[[2-[[2,5-dimethoxy-4-[[2-(sulphooxy)ethyl]sulphonyl]phenyl]azo]-1,3-dioxobutyl]amino]-5-methoxy-2-methylbenzenesulphonic acid, sodium salt",372,0,16760,148
Organic compounds,Organometallic compounds,Organometalloid compounds,Organoarsenic compounds,Organoarsenic compounds,"Merbromin (mercurochrome) is an organomercury compound containing a mercury atom bonded to a fluorescein-derived organic scaffold, along with bromine substituents. However, in ChemOnt 2.1 the most fitting available label for organomercury compounds under organometallics maps to organometalloid/organoarsenic area; more precisely it is an organotransition metal compound, but mercury compounds are classified under organometalloid or organometallic categories. Given the available labels, the best fit is under Organometallic compounds as an organotransition metal compound since mercury is a transition metal.",low,Merbromin,308,0,16760,228
Organic compounds,Organoheterocyclic compounds,Pyrrolidines,Pyrrolidines,Pyrrolidines,"This substance is a pyrrolidine ring system bearing two tert-butyl ester (Boc-protected) carboxylate groups and a vinylogous amide (enaminone) substituent. The core heterocyclic ring is a pyrrolidine, making Pyrrolidines the most specific applicable ChemOnt class.",medium,"di-tert-butyl (2S,3E)-3-[(dimethylamino)methylene]-4-oxopyrrolidine-1,2-dicarboxylate",348,0,16760,146
Organic compounds,Hydrocarbons,Saturated hydrocarbons,Cycloalkanes,Cycloalkanes,Cyclopentane is a simple cyclic saturated hydrocarbon (cycloalkane) consisting of a five-membered carbon ring with no substituents or unsaturation. It fits squarely within the saturated hydrocarbons class as a cycloalkane.,high,Cyclopentane,309,0,16760,128
Organic compounds,Organophosphorus compounds,Organic phosphonic acids and derivatives,Organic phosphonic acids and derivatives,Organic metal salts,"Sodium phenylphosphinate is the sodium salt of phenylphosphinic acid (PhP(O)(OH)H), placing it among organophosphorus compounds. As the sodium salt of an organic phosphinic acid, it is best classified as an organic metal salt (specifically an organic alkali metal salt).",medium,sodium phenylphosphinate,310,0,16760,157
Organic compounds,Organohalogen compounds,Organochlorides,Trihalomethanes,Trihalomethanes,"Chloroform (CHCl3) is an organic compound containing three chlorine atoms attached to a single carbon, classifying it as a trihalomethane and an organochloride.",high,Chloroform,308,0,16760,111
Inorganic compounds,Mixed metal/non-metal compounds,Transition metal oxoanionic compounds,Transition metal chromates,Transition metal chromates,"Lead chromate (PbCrO4) is an inorganic salt composed of a lead cation (Pb2+) and a chromate anion (CrO4^2-). Lead is a post-transition metal, but chromate is the defining oxoanion, and the compound is best classified under transition metal chromates as chromate salts.",medium,Lead chromate,307,0,16760,152
Organic compounds,Organohalogen compounds,Vinyl halides,Vinyl chlorides,Vinyl chlorides,"Trans-dichloroethylene (trans-1,2-dichloroethylene) is an organic compound with two chlorine atoms attached to a vinyl (ethylene) carbon framework, classifying it as a vinyl halide and specifically a vinyl chloride derivative.",high,trans-dichloroethylene,311,0,16760,120
Organic compounds,Organic nitrogen compounds,Lactams,NA,Lactams,"Both components in the mixture contain a cyclic amide (lactam) moiety within the spiro ring system (diazadispiro henicosane with an oxo group forming a lactam), along with ester linkages from the propionate fatty chains. The lactam structural feature is the most defining chemical class present in these molecules.",low,"A mixture of: dodecyl 3-(2,2,4,4-tetramethyl-21-oxo-7-oxa-3,20-diazadispiro(5.1.11.2)henicosan-20-yl)propionate; tetradecyl 3-(2,2,4,4-tetramethyl-21-oxo-7-oxa-3,20-diazadispiro(5.1.11.2)henicosan-20-yl)propionate",426,0,16760,150
Inorganic compounds,Inorganic salts,Transition metal salts,Transition metal sulfates,Transition metal sulfates,"Iron sulphate (FeSO4 or Fe2(SO4)3) is an inorganic salt formed from iron (a transition metal) and sulfate anion, classifying it as a transition metal sulfate within the inorganic salts hierarchy.",high,Iron sulphate,308,0,16760,126
Organic compounds,Benzenoids,Benzene and substituted derivatives,Phenols,Cresols,"Thymol (2-isopropyl-5-methylphenol) is a monohydroxybenzene with both a methyl and an isopropyl substituent on the ring, making it a substituted cresol (methylphenol derivative). It falls under the aromatic monoterpenoids/cresol category within phenols.",high,Thymol,308,0,16760,144
Organic compounds,Benzenoids,Benzene and substituted derivatives,Phenols,Phenols,"2,4-bis(dodecylthiomethyl)-6-methylphenol is an organic compound with a benzene ring bearing a hydroxyl group (phenol), two dodecylthiomethyl substituents at positions 2 and 4, and a methyl group at position 6. The defining structural feature is the phenolic hydroxyl group on the benzene ring.",high,"2,4-bis(dodecylthiomethyl)-6-methylphenol",325,0,16760,166
Organic compounds,Organophosphorus compounds,Organic thiophosphoric acids and derivatives,Organic thiophosphoric acids and derivatives,Thiophosphate diesters,"Demeton-S-methyl is an organophosphorus insecticide with the structure S-[2-(ethylthio)ethyl] O,O-dimethyl phosphorothioate, containing a phosphorothioate ester group (P=O with one sulfur in the ester linkage), classifying it as a thiophosphate diester. It belongs to the organothiophosphorus class within organophosphorus compounds.",high,Demeton-S-methyl,312,0,16760,166
Organic compounds,Organoheterocyclic compounds,Triazines,NA,"1,3,5-triazine-2,4-diamines","Benzoguanamine (6-phenyl-1,3,5-triazine-2,4-diamine) is a 1,3,5-triazine bearing two amino groups at positions 2 and 4 and a phenyl substituent at position 6, making it a 1,3,5-triazine-2,4-diamine. It belongs to the organoheterocyclic triazine family.",high,"6-phenyl-1,3,5-triazine-2,4-diyldiamine; 6-phenyl-1,3,5-triazine-2,4-diamine; benzoguanamine",356,0,16760,164
Organic compounds,Organoheterocyclic compounds,Dioxolanes,"1,3-dioxolanes","1,3-dioxolanes","The substance is a mixture of cis and trans isomers of a 1,3-dioxolane ring fused with a tetrahydronaphthalene (tetralin) substituent. The defining structural feature is the five-membered 1,3-dioxolane ring (a cyclic acetal/ketal), placing it in the 1,3-dioxolanes class.",high,"A mixture of: trans-2,4-dimethyl-2-(5,6,7,8-tetrahydro-5,5,8,8-tetramethyl-naphthalene-2-yl)-1,3-dioxolane; cis-2,4-dimethyl-2-(5,6,7,8-tetrahydro-5,5,8,8-tetramethyl-naphthalene-2-yl)-1,3-dioxolane",422,0,16760,182
Organic compounds,Organoheterocyclic compounds,Pyridines and derivatives,NA,Pyridines and derivatives,"The compound is an organic molecule featuring a pyridine ring substituted with a nitro-containing aryl group bearing isopropoxy and methyl substituents. The pyridine ring is the most defining heterocyclic feature, placing it in the pyridines and derivatives class.",high,4-(2-methyl-4-nitro-5-propan-2-yloxyphenyl)pyridine,332,0,16760,115
Organic compounds,Organoheterocyclic compounds,Pyridines and derivatives,Pyridinecarboxylic acids and derivatives,Pyridinecarboxylic acids,"Pyridine-2,3-dicarboxylic acid (quinolinic acid) is an organic heterocyclic compound containing a pyridine ring with two carboxylic acid substituents at positions 2 and 3, placing it in the pyridinecarboxylic acids category.",high,"Pyridine-2,3-dicarboxylic acid",319,0,16760,148
Organic compounds,Alkaloids and derivatives,Morphinans,Morphinans,Morphinans,"Morphine tartrate is a salt of morphine, which is a classic morphinan alkaloid derived from the opium poppy. As a tartrate salt of morphine, it retains the morphinan scaffold as its defining structural feature.",high,Morphine tartrate,309,0,16760,115
Organic compounds,Organoheterocyclic compounds,Furans,Furans,Furans,"Furfural (furan-2-carbaldehyde) is a furan ring bearing an aldehyde substituent at the 2-position, making it a member of the furans class within organoheterocyclic compounds. It is an organic compound based on a five-membered oxygen-containing aromatic heterocycle.",high,Furfural,308,0,16760,136
Organic compounds,Organohalogen compounds,Organofluorides,Fluorotelomer alcohols,Fluorotelomer alcohols,"2,2,3,3,4,4,5,5,6,6,7,7-dodecafluoroheptan-1-ol is a fluorotelomer alcohol (FTOH) consisting of a perfluorinated carbon chain with a terminal hydroxymethyl group, classifying it as an organofluoride and specifically a fluorotelomer alcohol.",high,"2,2,3,3,4,4,5,5,6,6,7,7-dodecafluoroheptan-1-ol",340,0,16760,145
Organic compounds,Organosulfur compounds,Organic sulfonic acids and derivatives,Organosulfonamides,Organosulfonamides,"This large azo dye molecule contains multiple sulfonamide (-SO2NH-) linkages connecting aromatic rings, pyrazole, and pyrimidine moieties, along with azo groups and sulfonate salt groups. The predominant and structurally defining functional groups are the sulfonamide bridges, classifying it as an organosulfonamide within the organic sulfonic acids and derivatives class.",medium,"Disodium 3,3'-[iminobis[sulfonyl-4,1-phenylene-(5-hydroxy-3-methylpyrazole-1,4-diyl)azo-4,1-phenylenesulfonylimino-(4-amino-6-hydroxypyrimidine-2,5-diyl)azo-4,1-phenylenesulfonylimino(4-amino-6-hydroxypyrimidine-2,5-diyl)azo]bis(benzenesulfonate)]",433,0,16760,179
Inorganic compounds,Inorganic salts,Non-metal oxoanionic compounds,Non-metal peroxodisulfates,Non-metal peroxodisulfates,"Ammonium persulfate ((NH4)2S2O8) is an inorganic salt composed of ammonium cations and the peroxodisulfate anion (S2O8^2-), which is a non-metal oxoanion. It fits under inorganic salts with a non-metal oxoanionic classification.",high,ammonium persulfate,310,0,16760,158
Organic compounds,Organoheterocyclic compounds,Azoles,Pyrazoles,Pyrazoles,"The substance contains a pyrazole ring (1-methyl-3-(trifluoromethyl)pyrazol-4-yl) as the dominant heterocyclic feature, with a difluoromethoxy substituent and a methylsulfonyl linker to an isoxazoline ring. The pyrazole ring system makes Pyrazoles the most appropriate direct parent classification in ChemOnt.",medium,"3-[5-(difluoromethoxy)-1-methyl-3-(trifluoromethyl)pyrazol-4-ylmethylsulfonyl]-4,5-dihydro-5,5-dimethyl-1,2-oxazole",369,0,16760,174
Inorganic compounds,Inorganic salts,Alkali metal salts,Alkali metal nitrides,Alkali metal nitrides,"Sodium azide (NaN3) is an inorganic salt composed of a sodium cation and an azide anion (N3-). It is classified as an alkali metal salt, and more specifically as an alkali metal nitride-type compound (azide being a nitrogen-based anion).",medium,sodium azide,307,0,16760,126
Inorganic compounds,Homogeneous non-metal compounds,Homogeneous other non-metal compounds,NA,Homogeneous other non-metal compounds,"Hydroxylamine (NH2OH) is an inorganic compound consisting only of nitrogen, oxygen, and hydrogen — non-metallic elements — with no carbon skeleton, placing it among homogeneous non-metal compounds. There is no more specific ChemOnt label that exactly matches hydroxylamine within the provided taxonomy.",medium,hydroxylamine …% [≤ 55 % in aqueous solution],322,0,16760,142
Organic compounds,Lipids and lipid-like molecules,Fatty Acyls,Fatty alcohols,Epoxides,"This substance is a glycidyl ether of oleyl alcohol ((Z)-octadec-9-en-1-ol), featuring an oxirane (epoxide) ring connected via an oxygen-methylene linker to a long-chain unsaturated alkyl chain. The most specific structural feature is the epoxide ring, making 'Epoxides' the direct parent.",medium,(Z)-[(octadec-9-enyloxy)methyl]oxirane,323,0,16760,168
Organic compounds,Organic acids and derivatives,Carboxylic acids and derivatives,Dicarboxylic acids and derivatives,Dicarboxylic acids and derivatives,"Glutaric acid (HOOC-(CH2)3-COOH) is a five-carbon aliphatic dicarboxylic acid, containing two carboxylic acid groups separated by a propylene chain. It belongs to the dicarboxylic acids and derivatives subclass within carboxylic acids.",high,Glutaric acid,309,0,16760,147
Organic compounds,Organosulfur compounds,Sulfonyls,Sulfonyl halides,Sulfonyl chlorides,"Dimethylsulfamoyl chloride is (CH3)2N-SO2-Cl, a sulfonyl chloride where the sulfur is bonded to a chlorine and a dimethylamino group. It contains the SO2-Cl functional group characteristic of sulfonyl chlorides.",high,dimethylsulfamoylchloride,315,0,16760,154
Organic compounds,Organic nitrogen compounds,Organonitrogen compounds,Amines,Aminals,"1,1-dimethoxytrimethylamine (also known as trimethyl orthoformate aminol or N,N-dimethylformamide dimethyl acetal) has the structure (CH3O)2CH-N(CH3)2, featuring a carbon bearing both two alkoxy groups and a nitrogen, which is characteristic of an aminal (a carbon bonded to both an oxygen and a nitrogen, specifically an orthoamide/aminal structure). It fits best as an aminal within organonitrogen compounds.",medium,"1,1-dimethoxytrimethylamine",316,0,16760,197
Organic compounds,Organic oxygen compounds,Organooxygen compounds,Carbonyl compounds,Ketones,"Butanone (ethyl methyl ketone, CH3COCH2CH3) is a simple aliphatic ketone with a carbonyl group flanked by two carbon substituents, placing it squarely in the ketone category within organic oxygen compounds.",high,butanone; ethyl methyl ketone,314,0,16760,108
Organic compounds,Organosulfur compounds,Sulfonyls,Sulfonylureas,Sulfonylureas,"Bupirimate is a pyrimidine fungicide containing a sulfonamide/sulfonylurea-like moiety with the structure 5-butyl-2-(ethylamino)-6-methylpyrimidin-4-yl dimethylsulfamate; however, it contains a sulfonate/sulfamate group on a pyrimidine ring. More precisely, bupirimate is a dimethylsulfamate ester of a hydroxypyrimidine, classifiable under sulfonyls/sulfonylurea-related organosulfur compounds. The defining feature is the sulfonamide (dimethylaminosulfonyl) group attached to a pyrimidine, best fitting Sulfonylureas at the direct parent level.",low,Bupirimate,309,0,16760,226
Organic compounds,Organometallic compounds,Organosilicon compounds,Trialkoxysilanes,Trialkoxysilanes,"N-[3-(triethoxysilyl)propyl]ethylenediamine contains a silicon atom bonded to three ethoxy groups (triethoxysilyl group) and a propyl chain with an ethylenediamine moiety, making it an organosilicon compound classified as a trialkoxysilane. The silicon center with three -OEt groups is the defining structural feature.",high,N-[3-(triethoxysilyl)propyl]ethylenediamine,324,0,16760,178
Organic compounds,Benzenoids,Naphthalenes,NA,Naphthalenecarboxamides,"This substance is a naphthamide (naphthalene carboxamide) featuring a hydroxyl group on the naphthalene ring, a carbamate (urethane) substituent, and a phenoxypropyl chain bearing two tert-amyl groups. The core functional group defining the direct parent is the naphthalenecarboxamide moiety.",medium,"N-[3-(2,4-di-(1,1-dimethyl-propyl)phenoxy)-propyl]-1-hydroxy-5-(2-methylpropyl-oxycarbonylamino)-naphthamide",357,0,16760,167
Organic compounds,Organic oxygen compounds,Organooxygen compounds,Carbonyl compounds,Ketones,"Methyl ethyl ketone (butan-2-one) is a simple aliphatic ketone with the structure CH3-CO-CH2CH3, containing a carbonyl group flanked by carbon substituents, which classifies it as a ketone within the organooxygen/carbonyl compound hierarchy.",high,methyl ethyl ketone (butan-2-one),317,0,16760,119
Organic compounds,Organic nitrogen compounds,Organonitrogen compounds,Amines,Trialkylamines,"3-aminopropyldimethylamine (N,N-dimethyl-1,3-propanediamine) contains a tertiary dimethylamino group and a primary amino group; the most specific classification focuses on the tertiary amine moiety (dimethylamino), making it a trialkylamine, while the primary amine end is also present but the direct parent reflects the most substituted nitrogen.",medium,3-aminopropyldimethylamine,315,0,16760,158
Organic compounds,Organic oxygen compounds,Oxacyclic compounds,Oligosaccharides,Oligosaccharides,"Cyclohexapentylose (alpha-dextrin) is alpha-cyclodextrin, a cyclic oligosaccharide composed of six glucose units linked by alpha-1,4-glycosidic bonds, making it a carbohydrate/oligosaccharide. It is an organic oxygen-containing cyclic compound best classified as an oligosaccharide.",high,cyclohexapentylose (α-dextrin),317,0,16760,152
Organic compounds,Organic acids and derivatives,Carboxylic acids and derivatives,Carboxylic acid esters,Enol esters,"Vinyl acetate (acetic acid, vinyl ester) is an ester formed from acetic acid and vinyl alcohol, where the ester oxygen is attached to a vinyl (alkenyl) group, making it an enol ester. It falls under carboxylic acid esters within the organic acids and derivatives superclass.",high,"acetic acid, vinyl ester",311,0,16760,130
Organic compounds,Organoheterocyclic compounds,Azoles,Triazoles,Triazoles,"Triadimenol is a triazole fungicide containing a 1,2,4-triazole ring system attached to a chlorophenyl group and a tert-butyl group with hydroxyl and ether functionalities. The defining structural feature is the triazole ring, making it a triazole compound within organoheterocyclic compounds.",high,Triadimenol,310,0,16760,144
NA,NA,NA,NA,NA,JSON parse error: Expecting value: line 1 column 1 (char 0),low,DADHP,308,0,16760,300
Organic compounds,Benzenoids,Benzene and substituted derivatives,Sulfones,Sulfones,"1-chloro-4-(methylsulfonyl)benzene is a benzene ring substituted with a chlorine atom and a methylsulfonyl (CH3SO2-) group, making it both an aryl chloride and a sulfone. The sulfonyl group (R-SO2-R') is the most specific functional group here, classifying it as a sulfone.",high,1-chloro-4-(methylsulphonyl)benzene,320,0,16760,165
Organic compounds,Organosulfur compounds,Organic disulfides,Dialkyldisulfides,Dialkyldisulfides,"Dimethyl disulfide (CH3-S-S-CH3) is an organic compound consisting of two methyl groups connected by a disulfide (S-S) bond, making it a dialkyl disulfide. It belongs to the organosulfur superclass and the organic disulfides class.",high,Dimethyl disulphide,312,0,16760,140
Organic compounds,Organic nitrogen compounds,Organonitrogen compounds,Aminoglycosides,Aminoglycosides,"Amikacin is a semi-synthetic aminoglycoside antibiotic derived from kanamycin A, consisting of a 2-deoxystreptamine core linked to amino sugars via glycosidic bonds, with multiple amino and hydroxyl groups characteristic of aminoglycosides.",high,Amikacin,309,0,16760,134
Inorganic compounds,Inorganic salts,Alkali metal salts,Alkali metal sulfates,Alkali metal sulfates,"Potassium hydrogensulphate (KHSO4) is an inorganic salt formed from potassium (an alkali metal) and the bisulfate anion (HSO4-), placing it within alkali metal sulfates. It is a monopotassium salt of sulfuric acid.",high,potassium hydrogensulphate,313,0,16760,141
Inorganic compounds,Inorganic salts,Non-metal oxoanionic compounds,Non-metal sulfites,Non-metal sulfites,"Sodium bisulfite (NaHSO3) is an inorganic salt formed from sodium and the bisulfite (hydrogen sulfite) anion, which is a sulfite-based oxoanion of a non-metal (sulfur). It fits within the non-metal oxoanionic compounds class and non-metal sulfites subclass.",high,sodium bisulfite,308,0,16760,148
Organic compounds,Organic nitrogen compounds,Organonitrogen compounds,Amines,Dialkylamines,"Tridecanamine, N-tridecyl- is a secondary amine consisting of two tridecyl (C13) alkyl chains attached to a nitrogen atom, making it a dialkylamine. The 'branched and linear' designation indicates it is a mixture/UVCB substance, but the core chemical class remains a dialkylamines.",high,"Tridecanamine, N-tridecyl-, branched and linear",321,0,16760,143
Organic compounds,Organosulfur compounds,Organic sulfonic acids and derivatives,Sulfonic acids and derivatives,Piperazines,"4-(2-hydroxyethyl)-1-piperazinepropanesulphonic acid (HEPPS) is a zwitterionic buffer containing a piperazine ring with a hydroxyethyl substituent and a propanesulfonic acid chain. The core heterocyclic ring is a piperazine, but the defining functional group is the sulfonic acid moiety, making it an organic sulfonic acid derivative; however, the most specific direct parent in the available taxonomy that captures the piperazine scaffold is Piperazines.",medium,4-(2-hydroxyethyl)-1-piperazinepropanesulphonic acid,326,0,16760,180
Organic compounds,Lipids and lipid-like molecules,Steroids and steroid derivatives,Vitamin D and derivatives,Vitamin D and derivatives,"Cholecalciferol (Vitamin D3) is a secosteroid derived from cholesterol via photolytic ring opening of the B ring, classifying it as a lipid/steroid derivative and specifically a Vitamin D compound.",high,Cholecalciferol,311,0,16760,124
Inorganic compounds,Inorganic salts,Transition metal salts,NA,Transition metal pyrophosphates,"Ferric pyrophosphate is an inorganic salt formed from iron(III) (a transition metal) and pyrophosphate anions, making it a transition metal pyrophosphate. It fits within the inorganic salts superclass as a transition metal salt.",high,Ferric pyrophosphate,311,16760,0,114
Organic compounds,Organoheterocyclic compounds,Heteroaromatic compounds,NA,Thiazoles,"The compound contains a 1,3-thiazole ring as its core heterocyclic scaffold, with a carboxylate ester substituent at position 5 and a methyl group at position 4, along with an aryl substituent bearing an aldehyde and isobutoxy group. The thiazole ring is the most specific and defining structural feature placing it in the heteroaromatic thiazole class.",high,"ethyl 2-[3-formyl-4-(2-methylpropoxy)phenyl]-4-methyl-1,3-thiazole-5-carboxylate",346,0,16760,175
NA,NA,NA,NA,NA,JSON parse error: Expecting value: line 1 column 1 (char 0),low,Tritosulfuron,310,0,16760,278
Organic compounds,Organic acids and derivatives,Carboxylic acids and derivatives,Carboxylic acid esters,Acrylic acid esters,"Tetramethylene dimethacrylate is the 1,4-butanediol diester of methacrylic acid (2-methylacrylic acid), making it a diester of an alpha,beta-unsaturated carboxylic acid (acrylic acid derivative). The most specific applicable label is 'Acrylic acid esters' as methacrylate esters fall under this category.",high,Tetramethylene dimethacrylate,315,0,16760,185
Organic compounds,Organosulfur compounds,Thiazolidines,NA,Thiazolidinethiones,"5-chloro-2-methyl-2H-isothiazol-3-one is an isothiazolone heterocycle containing a sulfur and nitrogen in a 5-membered ring with a carbonyl (lactam/thiolactone character) and a chloro substituent. The closest matching direct parent in the ChemOnt taxonomy for this isothiazolinone scaffold is Thiazolidinethiones, as the ring contains both sulfur and nitrogen with a thio/keto group, though isothiazolones are not perfectly represented; this is the best available match.",low,5-chloro-2-methyl-2H-isothiazol-3-one,326,0,16760,191
Organic compounds,Organic acids and derivatives,Carboxylic acids and derivatives,Lactones,Delta valerolactones,"6-butyltetrahydro-2H-pyran-2-one is a six-membered cyclic ester (lactone) formed from a hydroxy acid, making it a delta valerolactone (delta-lactone). The tetrahydropyran-2-one ring system with a butyl substituent fits this classification.",high,6-butyltetrahydro-2H-pyran-2-one,322,0,16760,133
Organic compounds,Organoheterocyclic compounds,Azoles,NA,Imidazolines,"2-ethyl-2,3-dihydro-2-methyl-1H-perimidine is a partially saturated bicyclic compound containing a fused naphthalene-imidazoline system. The core heterocyclic ring is a 2,3-dihydro-1H-imidazole (imidazoline), making 'Imidazolines' the most specific applicable direct parent in the ChemOnt taxonomy.",medium,"2-ethyl-2,3-dihydro-2-methyl-1H-perimidine",329,0,16760,184
Organic compounds,Phenylpropanoids and polyketides,Coumarins and derivatives,Gallic acids,Gallic acid and derivatives,"Propyl 3,4,5-trihydroxybenzoate is an ester of gallic acid (3,4,5-trihydroxybenzoic acid) with propanol, making it a gallic acid derivative (specifically propyl gallate). Gallic acid belongs to the phenylpropanoids/polyketides superclass.",high,"propyl 3,4,5-trihydroxybenzoate",320,0,16760,152
Inorganic compounds,Mixed metal/non-metal compounds,Transition metal salts,Transition metal sulfides,Transition metal sulfides,"Trinickel disulfide (Ni3S2) is an inorganic compound composed of nickel (a transition metal) and sulfur, classifying it as a transition metal sulfide. It is a mixed metal/non-metal compound within the inorganic compounds kingdom.",high,trinickel disulfide; nickel subsulfide,316,0,16760,131
Organic compounds,Organosulfur compounds,Organic sulfuric acids and derivatives,Sulfuric acid esters,Quaternary ammonium salts,"Trimethyloctylammonium methyl sulphate is a quaternary ammonium salt where the cation is trimethyloctylammonium and the anion is methyl sulfate; the most specific direct parent capturing the quaternary ammonium nature is Quaternary ammonium salts, while the sulfate ester component places it under organic sulfuric acids and derivatives.",medium,Trimethyloctylammonium methyl sulphate,318,0,16760,149
Organic compounds,Hydrocarbon derivatives,Organonitrogen compounds,Oximes,Aldoximes,"Butyraldehyde oxime is the oxime derivative of butyraldehyde (an aldehyde), formed by reaction with hydroxylamine, giving an aldoxime (R-CH=N-OH). It is an organic nitrogen compound classified as an aldoxime.",high,butyraldehyde oxime,311,0,16760,112
Organic compounds,Organic acids and derivatives,Carboxylic acids and derivatives,Tricarboxylic acids and derivatives,Tricarboxylic acids and derivatives,"Citric acid (2-hydroxypropane-1,2,3-tricarboxylic acid) contains three carboxylic acid groups and one hydroxyl group, making it a tricarboxylic acid. The anhydrous qualifier simply indicates the absence of water of crystallization, not a different chemical entity.",high,citric acid (anhydrous),311,0,16760,147
Organic compounds,Phenylpropanoids and polyketides,Flavonoids,Chalcones and dihydrochalcones,Benzophenones,"Oxybenzone (2-hydroxy-4-methoxybenzophenone) is a benzophenone derivative with a hydroxyl and methoxy substituted aromatic system. It is classified under benzophenones, which are diaryl ketones, fitting within the phenylpropanoids/polyketides branch as a flavonoid-related compound (benzophenone scaffold is closely related to chalcones/flavonoids).",medium,Oxybenzone,309,0,16760,163
Organic compounds,Organic oxygen compounds,Organooxygen compounds,Carbonyl compounds,Ketones,"Pentan-3-one (diethyl ketone) is a simple aliphatic ketone with the structure CH3CH2-CO-CH2CH3, containing a carbonyl group flanked by two carbon chains. It is classified as a ketone within the carbonyl compounds subclass of organooxygen compounds.",high,Pentan-3-one,311,0,16760,133
Organic compounds,Benzenoids,Benzene and substituted derivatives,Aniline and substituted anilines,Aniline and substituted anilines,"4-isopropylaniline is a benzene ring bearing an amino group (aniline) and an isopropyl substituent at the para position, making it a substituted aniline within the benzenoid class.",high,4-isopropylaniline,312,0,16760,115
Organic compounds,Organoheterocyclic compounds,Benzoxazines,NA,Benzoxazines,"The substance contains a 1,4-benzoxazine ring system (a benzene fused with an oxazine containing both O and N), specifically a 3-methyl-2,3-dihydro-1,4-benzoxazine, with a dichloroacetyl group on the nitrogen. The core heterocyclic structure is a benzoxazine, which is the most specific applicable ChemOnt class.",high,"(RS)-2,2-dichloro-1-(3-methyl-2,3-dihydro-4H-1,4-benzoxazin-4-yl)ethanone",349,0,16760,176
Organic compounds,Lipids and lipid-like molecules,Fatty Acyls,Fatty acids and conjugates,Medium-chain fatty acids,"Heptanoic acid (enanthic acid) is a 7-carbon straight-chain saturated fatty acid, which classifies it as a medium-chain fatty acid within the fatty acids and conjugates subclass of fatty acyls.",high,heptanoic acid,309,0,16760,124
Organic compounds,Phenylpropanoids and polyketides,Phenylpropanoids and polyketides,NA,Pyrethroids,"Cypermethrin is a synthetic pyrethroid insecticide, being an alpha-cyano-3-phenoxybenzyl ester of a cyclopropane carboxylic acid derivative, which classifies it as a pyrethroid. Pyrethroids fall under the phenylpropanoid/lipid-related classes in ChemOnt taxonomy.",high,"cypermethrin (ISO); α-cyano-3-phenoxybenzyl 3-(2,2-dichlorovinyl)-2,2-dimethylcyclopropanecarboxylate; cypermethrin cis/trans +/- 40/60",368,0,16760,143
Organic compounds,Organic nitrogen compounds,Organonitrogen compounds,Nitriles,Nitriles,"2-cyclohexylidene-2-phenylacetonitrile contains a nitrile (CN) group attached to a carbon bearing both a phenyl group and a cyclohexylidene (exocyclic alkene) substituent. The defining functional group is the nitrile, classifying it under organonitrogen compounds > nitriles.",high,2-cyclohexylidene-2-phenylacetonitrile,322,0,16760,161
Organic compounds,Organic oxygen compounds,Organooxygen compounds,Alcohols and polyols,Tertiary alcohols,"2-Methoxypropan-2-ol is an organic compound containing a tertiary alcohol group (the hydroxyl is attached to a carbon bearing three other carbon substituents) and an ether linkage (methoxy group). As the most specific classification, the tertiary alcohol functional group defines the direct parent.",high,2-Methoxypropan-2-ol,316,0,16760,133
Organic compounds,Benzenoids,Benzene and substituted derivatives,Phenols,Cumenes,4-cumylphenol (4-(2-phenylpropan-2-yl)phenol) is a benzene derivative bearing both a hydroxyl group (making it a phenol) and a cumyl substituent (isopropylbenzene moiety). The cumyl group classifies it under cumenes as the most specific direct parent.,medium,4-cumylphenol,311,0,16760,129
Organic compounds,Benzenoids,Benzene and substituted derivatives,Phenols,Xylenols,"2,3-xylenol is a dimethylphenol (xylenol) with methyl groups at the 2 and 3 positions of the benzene ring, making it a phenol and specifically a xylenol. It fits directly under the Xylenols direct parent category.",high,"2,3-xylenol",312,0,16760,134
Organic compounds,Organic acids and derivatives,Carboxylic acids and derivatives,Carboxylic acid salts,Organic transition metal salts,"Chromium acetate is a salt formed between chromium (a transition metal) and acetic acid (a carboxylic acid), making it an organic transition metal salt. The acetate anion is a carboxylate, placing it within carboxylic acid salts under organic acids and derivatives.",high,Chromium acetate,309,0,16760,155
Organic compounds,Benzenoids,Benzene and substituted derivatives,Benzoic acids and derivatives,p-Phthalate esters,"Diethyl phthalate is the diethyl ester of phthalic acid (benzene-1,2-dicarboxylic acid), making it a phthalate ester. However, phthalic acid is the ortho isomer; the ChemOnt list contains 'p-Phthalate esters' but not 'o-Phthalate esters' explicitly, yet 'p-Phthalate esters' is the closest available label for phthalate esters in the taxonomy. It falls under benzoic acids and derivatives as a dicarboxylic acid diester of benzene.",medium,Diethyl phthalate,312,0,16760,208
Organic compounds,Lipids and lipid-like molecules,Fatty Acyls,Fatty acid esters,Fatty acid methyl esters,"Methyl non-2-enoate is the methyl ester of non-2-enoic acid (a 9-carbon unsaturated fatty acid with a double bond at position 2), making it a fatty acid methyl ester within the fatty acyls class. It fits the lipids/fatty acyls hierarchy as an enoate ester derived from a medium-chain unsaturated fatty acid.",high,Methyl non-2-enoate,314,0,16760,182
Organic compounds,Organic acids and derivatives,Carboxylic acids and derivatives,Acyl halides,Acyl chlorides,"Propionyl chloride (CH3CH2COCl) is a three-carbon acyl chloride formed by replacing the hydroxyl group of propionic acid with a chlorine atom, making it an acyl halide and specifically an acyl chloride.",high,propionyl chloride,309,0,16760,114
Organic compounds,Organophosphorus compounds,Organic thiophosphoric acids and derivatives,Organic dithiophosphoric acids and derivatives,Dithiophosphate O-esters,"Sodium O,O-bis(methylphenyl) dithiophosphate is the sodium salt of a dithiophosphoric acid diester where both oxygen substituents are tolyl (methylphenyl) groups, placing it firmly among organic dithiophosphoric acid derivatives. The sodium counterion makes it a salt form of a dithiophosphate O,O-diester.",high,"Sodium O,O-bis(methylphenyl) dithiophosphate",323,0,16760,188
Organic compounds,Organic oxygen compounds,Organooxygen compounds,Alcohols and polyols,"1,2-diols","1,1'-oxydi-2-propanol (dipropylene glycol) consists of two propanol units linked by an ether oxygen, with secondary hydroxyl groups; it contains diol functionality and an ether linkage, but the dominant functional group classification in ChemOnt is the 1,2-diol pattern present in the structure. As a mixture of isomers of dipropylene glycol, the secondary alcohol/diol character is the most specific fitting parent.",medium,"1,1'-oxydi-2-propanol, mixture of isomers",322,0,16760,172
Organic compounds,Benzenoids,Benzene and substituted derivatives,Benzoic acid esters,p-Phthalate esters,"Diisodecyl phthalate is the diester of phthalic acid (benzene-1,2-dicarboxylic acid) with isodecanol, making it a phthalate ester. Phthalic acid is a benzenedicarboxylic acid, and its diesters fall under phthalate esters; the para isomer label is not correct but among the available labels 'p-Phthalate esters' is the closest phthalate ester category listed, though structurally this is an ortho phthalate (1,2-isomer). Given only p-Phthalate esters and m-Phthalate esters are listed, and none for ortho, the best available specific label is benzoic acid esters at the subclass level.",medium,diisodecylphthalate,313,0,16760,248
Organic compounds,Organoheterocyclic compounds,Benzoxepines,Dibenzoxepines,Dibenzoxepines,"Dibenz[b,e]oxepin-11(6H)-one is a tricyclic compound containing two benzene rings fused to a seven-membered oxygen-containing ring (oxepine), making it a dibenzoxepine. The ketone substituent at the 11-position is part of the core ring system.",high,"Dibenz[b,e]oxepin-11(6H)-one",322,0,16760,162
Organic compounds,Benzenoids,Benzene and substituted derivatives,Benzylamines,Benzylamines,"Benzylamine (PhCH2NH2) is a benzene ring with an aminomethyl substituent, classifying it as a benzene and substituted derivative; the most specific label is benzylamines, which directly describes primary amines bearing a benzyl group.",high,Benzylamine,308,0,16760,127
Organic compounds,Alkaloids and derivatives,Colchicines,NA,Cyclopropanecarboxylic acids and derivatives,"Colchicine is a naturally occurring alkaloid from Colchicum autumnale featuring a tropolone ring system fused to a trimethoxybenzene ring and an acetamide-containing seven-membered ring; it is classified as an alkaloid and derivative. The most specific available direct parent label in the provided ChemOnt list that applies is limited, but colchicine contains an acetamide (N-acyl amine) moiety and a tropone-like ring, though 'Tropones' is available in the class list.",medium,colchicine,308,0,16760,190
Organic compounds,Organic oxygen compounds,Organooxygen compounds,Ethers,Dialkyl ethers,"Dipropyl ether (n-propyl ether) consists of two propyl groups connected by an oxygen atom, making it a simple dialkyl ether. It contains no aromatic rings or other functional groups.",high,Dipropyl ether,310,0,16760,112
Inorganic compounds,Mixed metal/non-metal compounds,Post-transition metal salts,Post-transition metal chlorides,Post-transition metal chlorides,"Tin tetrachloride (SnCl4) is an inorganic compound consisting of tin (a post-transition metal) bonded to four chloride ions, classifying it as a post-transition metal chloride salt.",high,tin tetrachloride; stannic chloride,314,0,16760,111
Inorganic compounds,Inorganic salts,Alkali metal salts,Alkali metal borates,Alkali metal borates,"Boric acid sodium salt (NaBO2 or NaH2BO3) is an inorganic salt formed from sodium (an alkali metal) and borate (the conjugate base of boric acid), placing it squarely in the alkali metal borates category.",high,"boric acid (H3BO3), sodium salt (1:1)",320,0,16760,135
Organic compounds,Organic nitrogen compounds,Organonitrogen compounds,Amines,Dialkylamines,"4,4'-methylenebis(N,N-dimethylcyclohexanamine) consists of two N,N-dimethylcyclohexylamine units linked by a methylene bridge; each nitrogen bears two methyl groups and one cyclohexyl group, making each amine center a dialkylamine (secondary amine with two alkyl substituents on nitrogen, where N-methyl and N-cyclohexyl count as dialkyl). The compound is an organic nitrogen compound classified as a dialkylamine.",medium,"4,4'-methylenebis(N,N'-dimethylcyclohexanamine",326,0,16760,182
Organic compounds,Hydrocarbon derivatives,Organooxygen compounds,Carboxylic acids and derivatives,2-phenoxypropionic acid esters,"Octyl (R)-2-(4-chloro-2-methylphenoxy)propionate is an ester of 2-(4-chloro-2-methylphenoxy)propanoic acid with octanol, where the phenoxy group bears a chloro substituent — this fits the 2-phenoxypropionic acid esters category. The molecule contains a carboxylic acid ester linkage derived from a phenoxypropionic acid scaffold.",high,Octyl (R)-2-(4-chloro-2-methylphenoxy)propionate,326,0,16760,197
Organic compounds,Organoheterocyclic compounds,Azacyclic compounds,Piperazines,Piperazines,"Piperazine is a six-membered heterocyclic compound containing two nitrogen atoms. When combined with phosphoric acid as a salt/compound, the core structure remains piperazine-based, making it best classified under piperazines within azacyclic organoheterocyclic compounds.",medium,"Piperazine, compound with phosphoric acid",315,0,16760,136
Organic compounds,Organic nitrogen compounds,Organonitrogen compounds,Amines,Dialkylamines,"2-Aminobutane (sec-butylamine) is a secondary aliphatic amine with the structure CH3CH(NH2)CH2CH3, where the nitrogen bears two alkyl groups (methyl and ethyl via the chiral center). As a simple aliphatic amine with two carbon substituents on nitrogen it fits best as a dialkylamine.",high,2-Aminobutane (aka sec-butylamine),318,0,16760,163
Organic compounds,Organic oxygen compounds,Carbonyl compounds,Aldehydes,Short-chain aldehydes,"Propionaldehyde (propanal) is a 3-carbon aliphatic aldehyde, making it an organic oxygen compound with a carbonyl group. As a short-chain (C3) aldehyde, it best fits under 'Short-chain aldehydes' as the direct parent.",high,Propionaldehyde,310,0,16760,119
Organic compounds,Organic oxygen compounds,Organooxygen compounds,Alcohols and polyols,Sugar alcohols,"D-glucitol (sorbitol) is a six-carbon sugar alcohol derived from glucose, containing six hydroxyl groups on a straight-chain aliphatic backbone. It belongs to the sugar alcohols (polyols) class within organooxygen compounds.",high,D-glucitol (sorbitol),313,0,16760,108
Organic compounds,Organic nitrogen compounds,Organonitrogen compounds,Ureas,Ureas,"3-(3-acetyl-4-hydroxyphenyl)-1,1-diethylurea contains a urea functional group (-NH-C(=O)-N-) as its core structural feature, with a diethyl-substituted nitrogen and an aryl group bearing an acetyl and hydroxyl substituent. The urea moiety is the most defining functional group for classification.",high,"3-(3-acetyl-4-hydroxyphenyl)-1,1-diethylurea",327,0,16760,163
Organic compounds,Organic nitrogen compounds,Organonitrogen compounds,Quaternary ammonium salts,Quaternary ammonium salts,"This substance contains a quaternary ammonium center (dimethyl, dodecyl, and aminopropyl substituents on nitrogen, with positive charge) paired with a tosylate (p-toluenesulfonate) counterion, making it a quaternary ammonium salt. The tosylate anion is the counterion and the dominant ionic feature is the quaternary ammonium.",high,N-dodecyl-[3-(4-dimethylamino)benzamido)-propyl]dimethylammonium tosylate,337,0,16760,173
Organic compounds,Organoheterocyclic compounds,Epoxides,NA,Epoxides,"This substance is a bisphenol derivative (tetramethyl biphenyl) with two glycidyl ether groups — each being an oxirane (epoxide) linked via an oxymethylene bridge to the biphenyl oxygen. The defining functional groups are the two epoxide (oxirane) rings, making 'Epoxides' the most specific applicable ChemOnt class.",high,"2,2'-((3,3', 5,5'-tetramethyl-(1,1'-biphenyl)-4,4'-diyl)-bis(oxymethylene))-bis-oxirane",351,0,16760,165
Organic compounds,Organometallic compounds,NA,NA,Tris(ketoximino)silanes,"Methyltrisbutanoximosilane is an organosilicon compound bearing a methyl group and three butanoxime (ketoxime) substituents on silicon, making it a tris(ketoximino)silane. This class captures the defining structural feature of silicon bonded to three oxime groups.",medium,methyltrisbutanoximosilane,313,0,16760,149
Organic compounds,Organic acids and derivatives,Carboxylic acids and derivatives,"Amino acids, peptides, and analogues",Carboxylic acid salts,"This substance is a potassium salt of a Boc-protected spirocyclic amino acid (5-azaspiro[2.4]heptane-6-carboxylate), making it a carboxylic acid salt with an amino acid backbone. The potassium counterion and carboxylate anion classify it as an organic salt/carboxylic acid salt, while the overall structure is a protected amino acid derivative.",medium,potassium (6S)-5-(tert-butoxycarbonyl)-5-azaspiro[2.4]heptane-6-carboxylate,343,0,16760,190
Organic compounds,Organometallic compounds,Miscellaneous mixed metal/non-metals,Organosilicon compounds,Trialkoxysilanes,"Tris(2-methoxyethoxy)vinylsilane is an organosilicon compound containing a vinyl group and three 2-methoxyethoxy groups attached to silicon, making it a trialkoxysilane (vinyltrialkoxysilane). It fits within the organometallic/organosilicon framework as a trialkoxy-substituted silane.",medium,Tris(2-methoxyethoxy)vinylsilane,320,0,16760,178
Organic compounds,Organoheterocyclic compounds,Diazinanes,Barbituric acid derivatives,Barbituric acid derivatives,"Barbital (5,5-diethylbarbituric acid) is a classic barbiturate drug containing the barbituric acid core, which is a pyrimidine-2,4,6(1H,3H,5H)-trione (a diazinane/barbituric acid derivative). It is classified under organoheterocyclic compounds as a barbituric acid derivative.",high,Barbital,307,0,16760,160
Organic compounds,Benzenoids,Benzene and substituted derivatives,Phenols,Xylenols,"3,4-Xylenol is a dimethylphenol (specifically 3,4-dimethylphenol), which is a benzene ring bearing both a hydroxyl group and two methyl substituents, classifying it as a xylenol within the phenol subclass of benzenoids.",high,"3,4-xylenol",312,0,16760,123
Inorganic compounds,Inorganic salts,Alkali metal salts,Alkali metal oxoanionic compounds,Alkali metal oxoanionic compounds,Sodium carbonate (Na2CO3) is an inorganic salt composed of sodium (an alkali metal) and the carbonate oxoanion. It fits squarely within alkali metal oxoanionic compounds as the carbonate ion is an oxoanion of a non-metal.,high,Sodium carbonate,308,0,16760,129
Organic compounds,Hydrocarbon derivatives,Organic hydroperoxides,NA,Organic hydroperoxides,"The substance is 1-hydroperoxycyclohexyl 1-hydroxycyclohexyl peroxide, which contains a hydroperoxide (-OOH) group and a peroxide linkage (-O-O-), classifying it as an organic hydroperoxide/peroxide compound. It is an organic molecule based on cyclohexane rings with peroxide functionality.",medium,1-hydroperoxycyclohexyl 1-hydroxycyclohexyl peroxide; [≤ 91 % solution],336,0,16760,161
Organic compounds,Organohalogen compounds,Alkyl halides,Organochlorides,Alkyl chlorides,"3-chloropentane is an organic compound containing a chlorine atom attached to a secondary carbon of a pentane chain, making it an alkyl chloride (organochloride). It fits squarely within the alkyl halides class of organohalogen compounds.",high,3-chloropentane,310,0,16760,125
Organic compounds,Organic acids and derivatives,Carboxylic acids and derivatives,Carboxylic acid derivatives,Alpha amino acid esters,"Methyl 2-methoxy-2-[1-oxo-2-(propenyl)amino]acetate is an ester of an alpha-amino acid derivative, featuring a methyl ester at the alpha-carbon with a methoxy substituent and an amide linkage (N-acyl group with an allylamino portion), best classified as an alpha amino acid ester. The compound contains a carboxylic acid ester at the alpha position relative to a nitrogen-bearing carbon.",medium,Methyl 2-methoxy-2-[1-oxo-2-(propenyl)amino]acetate,331,0,16760,197
Organic compounds,Organosulfur compounds,Dithiocarbamic acids and derivatives,Dithiocarbamic acid esters,Ethylene bisdithiocarbamates,"Propineb is a polymeric zinc ethylene bisdithiocarbamate fungicide, where the dithiocarbamate groups are linked via propylene (1,2-propylenediamine) units coordinated with zinc, belonging to the EBDC (ethylene bisdithiocarbamate) class. It contains the characteristic -NH-CS-S- dithiocarbamate moieties bridged by an alkylene chain.",high,Propineb,308,0,16760,198
Organic compounds,Hydrocarbons,Saturated hydrocarbons,NA,Branched alkanes,"3-Ethyl-2-methylpentane is a branched-chain saturated hydrocarbon (alkane) with no functional groups, consisting entirely of carbon and hydrogen with single bonds only. It falls under branched alkanes within saturated hydrocarbons.",high,3-ethyl-2-methylpentane,315,0,16760,110
Organic compounds,Organoheterocyclic compounds,Diazines,Quinazolines,Quinazolines,2-(chloromethyl)-4-methylquinazoline is a quinazoline (a bicyclic diazine with a benzene ring fused to a pyrimidine ring) bearing a chloromethyl substituent at position 2 and a methyl group at position 4. The core heterocyclic scaffold places it in the quinazoline class under diazines.,high,2-(chloromethyl)-4-methylquinazoline,318,0,16760,141
Organic compounds,Organohalogen compounds,Vinyl halides,Vinyl chlorides,Vinyl chlorides,"Chloroethene (vinyl chloride) is an organic compound with a chlorine substituent on a vinyl (CH2=CH-) group, making it a vinyl chloride. It belongs to the organohalogen superclass.",high,Chloroethene,309,0,16760,114
Organic compounds,Benzenoids,Benzene and substituted derivatives,Nitrobenzenes,Nitrobenzenes,"Tecnazene is 1,2,4,5-tetrachloro-3-nitrobenzene, a benzene ring substituted with four chlorine atoms and one nitro group. The nitro group on the benzene ring makes it a nitrobenzene derivative, which is the most specific applicable direct parent.",high,"tecnazene (ISO); 1,2,4,5-tetrachloro-3-nitrobenzene",330,0,16760,137
Organic compounds,Organohalogen compounds,Organochlorides,Aryl chlorides,Chlorophenoxyacetates,"2,4-D (2,4-dichlorophenoxyacetic acid) is an organochloride herbicide featuring a dichlorophenoxy group attached to an acetic acid moiety, making it a chlorophenoxyacetate. It belongs to the aryl chlorides class within organochlorides.",high,"2,4-D",309,0,16760,131
Organic compounds,Organohalogen compounds,Organochlorides,Trialkylchlorosilanes,Trialkylchlorosilanes,"Trichloro(octadecyl)silane is an organosilicon compound bearing three chlorine substituents and one octadecyl (C18 alkyl) chain on the silicon atom, making it an organochloride and specifically a trialkylchlorosilane (organochlorosilane). It fits best under Organochlorides with the direct parent being Trialkylchlorosilanes.",high,Trichloro(octadecyl)silane,316,0,16760,169
Organic compounds,Organic acids and derivatives,Carboxylic acids and derivatives,Carboxylic acid derivatives,Carbamate esters,"Methyl N-butylcarbamate is a carbamate ester formed from carbamic acid with a butyl group on nitrogen and a methyl ester group, placing it firmly in the carbamate esters category. It contains the -NH-C(=O)-O-CH3 functional group characteristic of carbamate esters.",high,Methyl N-butylcarbamate,314,0,16760,147
Organic compounds,Organoheterocyclic compounds,Pyridines and derivatives,Halopyridines,2-halopyridines,"2-Bromopyridine is a pyridine ring with a bromine substituent at the 2-position, making it an organoheterocyclic compound classified as a halopyridine, and more specifically a 2-halopyridine.",high,2-bromopyridine,310,0,16760,115
Organic compounds,Organic acids and derivatives,Carboxylic acids and derivatives,Carboxylic acid esters,Carboxylic acid esters,"1,2-diacetoxybut-3-ene is a diester formed from acetic acid and a butenediol, making it a carboxylic acid ester. The molecule contains two acetate ester groups on a but-3-ene backbone.",high,"1,2-diacetoxybut-3-ene",319,0,16760,136
Organic compounds,Organosulfur compounds,Thioamides,Thioureas,Thioureas,Imidazolidine-2-thione is a cyclic compound containing a C=S group within a five-membered ring with two nitrogen atoms; it is a cyclic thiourea derivative where the thione tautomer predominates. The direct parent is best described as Thioureas given the N-C(=S)-N motif.,medium,Imidazolidine-2-thione (2-imidazoline-2-thiol),328,0,16760,143
Organic compounds,Organoheterocyclic compounds,Azoles,Oxadiazoles,Oxadiazoles,"Oxadiargyl contains a 1,3,4-oxadiazol-2(3H)-one ring system as its core heterocyclic moiety, classifying it within the oxadiazole subclass of azoles. The molecule also features a dichlorophenyl substituent with a propargyloxy group, but the defining ring system is the oxadiazolone.",high,"oxadiargyl (ISO); 3-[2,4-dichloro-5-(2-propynyloxy)phenyl]-5-(1,1-dimethylethyl)-1,3,4-oxadiazol-2(3H)-one",366,0,16760,146
Organic compounds,Organoheterocyclic compounds,Pyridines and derivatives,Pyridinium derivatives,Pyridinium derivatives,"1-Hexylpyridinium chloride is a quaternary nitrogen salt formed by N-alkylation of pyridine with a hexyl group, forming a pyridinium cation with a chloride counterion, which classifies it as a pyridinium derivative.",high,1-Hexylpyridinium chloride,315,0,16760,129
Organic compounds,Organic acids and derivatives,Carboxylic acids and derivatives,Alpha-halocarboxylic acids and derivatives,Alpha-halocarboxylic acids,"Chloroacetic acid (ClCH2COOH) is a carboxylic acid with a chlorine substituent on the alpha carbon, making it an alpha-halocarboxylic acid. It belongs to the broader category of alpha-halocarboxylic acids and derivatives within carboxylic acids.",high,chloroacetic acid,308,0,16760,149
Inorganic compounds,Inorganic salts,Alkali metal salts,Alkali metal borates,Alkali metal borates,"Disodium octaborate tetrahydrate (Na2B8O13·4H2O) is an inorganic salt formed from sodium (an alkali metal) and a polyborate anion, classifying it as an alkali metal borate salt. It contains no organic carbon framework, placing it firmly in inorganic compounds.",high,disodium octaborate tetrahydrate,314,0,16760,147
Organic compounds,Organic oxygen compounds,Organooxygen compounds,Ethers,Dialkyl ethers,"2-(Allyloxy)ethanol is an organic compound containing an ether linkage (allyloxy group, CH2=CH-CH2-O-) connected to an ethanol moiety. The ether group classifies it under dialkyl ethers (allylic C-O-C linkage), while the hydroxyl group is a secondary feature.",medium,2-(allyloxy)ethanol,312,0,16760,161
Organic compounds,Organic acids and derivatives,Carboxylic acids and derivatives,Carboxylic acid salts,Carboxylic acid salts,"Potassium (E,E)-hexa-2,4-dienoate (potassium sorbate) is the potassium salt of sorbic acid, a conjugated diene carboxylic acid. It is classified as a carboxylic acid salt under organic acids and derivatives.",high,"Potassium (E,E)-hexa-2,4-dienoate",323,0,16760,159
Organic compounds,Organic acids and derivatives,Carboxylic acids and derivatives,Carboxylic acid esters,Benzoic acid esters,"This compound is a diester of isophthalic acid (1,3-benzenedicarboxylic acid) with two 4-(ethenyloxy)butanol units, making it a benzoic acid ester (aromatic carboxylic acid ester). The core structure is an aromatic dicarboxylate ester, best classified under benzoic acid esters.",medium,"bis[4-(ethenyloxy)butyl] 1,3-benzenedicarboxylate",328,0,16760,177
Inorganic compounds,Mixed metal/non-metal compounds,Metal alkyl halides,NA,Other mixed metal/non-metal oxoanionic compounds,"Chromyl chloride (CrO2Cl2) is an inorganic compound containing chromium (a transition metal) bonded to both oxygen and chlorine atoms, making it a mixed metal/non-metal compound. It is best described as a transition metal oxychloride, which fits under mixed metal/non-metal oxoanionic compounds.",medium,chromyl dichloride; chromic oxychloride,316,0,16760,149
Organic compounds,Organic oxygen compounds,Organooxygen compounds,Carbonyl compounds,Short-chain aldehydes,"Glutaraldehyde (1,5-pentanedial) is a 5-carbon dialdehyde. It is an organic compound with two aldehyde carbonyl groups, classifying it as a short-chain aldehyde under carbonyl compounds.",high,"glutaral; glutaraldehyde; 1,5-pentanedial",323,0,16760,123
Organic compounds,Organophosphorus compounds,Organic thiophosphoric acids and derivatives,Organic thiophosphoric acids and derivatives,Thiophosphate triesters,"Quinalphos (O,O-diethyl O-quinoxalin-2-yl phosphorothioate) is an organophosphorus insecticide containing a phosphorothioate ester group (P=S with three O-ester linkages), classifying it as a thiophosphate triester. It contains a quinoxaline ring system but its primary classification is driven by the phosphorothioate functionality.",high,Quinalphos,308,0,16760,163
Organic compounds,Organophosphorus compounds,Organic thiophosphoric acids and derivatives,Organic thiophosphoric acids and derivatives,Thiophosphate triesters,"Fenchlorphos (also known as ronnel) is an organophosphate insecticide with the structure O,O-dimethyl O-(2,4,5-trichlorophenyl) phosphorothioate, making it a thiophosphate triester where the phosphorothioate group is esterified with two methyl groups and one aryl group. It belongs to the class of organic thiophosphoric acid derivatives, specifically a thiophosphate triester.",high,Fenchlorphos,310,0,16760,174
Organic compounds,Lipids and lipid-like molecules,Prenol lipids,Monoterpenoids,Monocyclic monoterpenoids,"2,4,6-trimethylcyclohex-3-ene-1-methanol is a cyclohexene derivative bearing three methyl substituents and a hydroxymethyl group, fitting the menthane-type monocyclic monoterpenoid skeleton (C10 terpenoid). It belongs to the prenol lipid superclass as a monoterpenoid with a monocyclic ring system.",high,"2,4,6-trimethylcyclohex-3-ene-1-methanol",327,0,16760,184
Organic compounds,Organoheterocyclic compounds,Pyridines and derivatives,Aminopyridines and derivatives,Aminopyridines and derivatives,"N-octylpyridin-4-amine is a pyridine ring bearing an octylamino substituent at the 4-position, making it an aminopyridine derivative. It belongs to the organoheterocyclic superclass with a nitrogen-containing aromatic ring.",high,N-octylpyridin-4-amine,317,0,16760,126
Organic compounds,Organic acids and derivatives,Carboxylic acids and derivatives,Carboxylic acid salts,Organic metal salts,"Ferrocholinate is the iron(III) salt of choline citrate (or iron-choline citrate complex), an organic metal salt where iron coordinates with the carboxylate groups of citric acid and choline. It falls under organic metal salts as it is an organic acid derivative forming a salt/complex with a transition metal (iron).",medium,Ferrocholinate,309,0,16760,165
Organic compounds,Organic oxygen compounds,Organooxygen compounds,Alcohols and polyols,Primary alcohols,"Allyl alcohol (prop-2-en-1-ol) is an organic compound containing a hydroxyl group on a primary carbon (CH2=CH-CH2OH), classifying it as a primary alcohol within organooxygen compounds.",high,Allyl alcohol,308,0,16760,117
